Condition,Subject,Session,Epoch_ID,Window,Label
Raw,sub-01,1,sub-01_ses-1_epoch-1,0,0
Raw,sub-01,1,sub-01_ses-1_epoch-1,1,0
Raw,sub-01,1,sub-01_ses-1_epoch-1,2,0
Raw,sub-01,1,sub-01_ses-1_epoch-1,3,0
Raw,sub-01,1,sub-01_ses-1_epoch-1,4,0
Raw,sub-01,1,sub-01_ses-1_epoch-1,5,0
Raw,sub-01,1,sub-01_ses-1_epoch-1,6,0
Raw,sub-01,1,sub-01_ses-1_epoch-1,7,0
Raw,sub-01,1,sub-01_ses-1_epoch-2,0,0
Raw,sub-01,1,sub-01_ses-1_epoch-2,1,0
Raw,sub-01,1,sub-01_ses-1_epoch-2,2,0
Raw,sub-01,1,sub-01_ses-1_epoch-2,3,0
Raw,sub-01,1,sub-01_ses-1_epoch-2,4,0
Raw,sub-01,1,sub-01_ses-1_epoch-2,5,0
Raw,sub-01,1,sub-01_ses-1_epoch-2,6,0
Raw,sub-01,1,sub-01_ses-1_epoch-2,7,0
Raw,sub-01,1,sub-01_ses-1_epoch-3,0,0
Raw,sub-01,1,sub-01_ses-1_epoch-3,1,0
Raw,sub-01,1,sub-01_ses-1_epoch-3,2,0
Raw,sub-01,1,sub-01_ses-1_epoch-3,3,0
Raw,sub-01,1,sub-01_ses-1_epoch-3,4,0
Raw,sub-01,1,sub-01_ses-1_epoch-3,5,0
Raw,sub-01,1,sub-01_ses-1_epoch-3,6,0
Raw,sub-01,1,sub-01_ses-1_epoch-3,7,0
Raw,sub-01,1,sub-01_ses-1_epoch-4,0,1
Raw,sub-01,1,sub-01_ses-1_epoch-4,1,1
Raw,sub-01,1,sub-01_ses-1_epoch-4,2,1
Raw,sub-01,1,sub-01_ses-1_epoch-4,3,1
Raw,sub-01,1,sub-01_ses-1_epoch-4,4,1
Raw,sub-01,1,sub-01_ses-1_epoch-4,5,1
Raw,sub-01,1,sub-01_ses-1_epoch-4,6,1
Raw,sub-01,1,sub-01_ses-1_epoch-5,0,0
Raw,sub-01,1,sub-01_ses-1_epoch-5,1,0
Raw,sub-01,1,sub-01_ses-1_epoch-5,2,0
Raw,sub-01,1,sub-01_ses-1_epoch-5,3,0
Raw,sub-01,1,sub-01_ses-1_epoch-5,4,0
Raw,sub-01,1,sub-01_ses-1_epoch-5,5,0
Raw,sub-01,1,sub-01_ses-1_epoch-5,6,0
Raw,sub-01,1,sub-01_ses-1_epoch-5,7,0
Raw,sub-01,1,sub-01_ses-1_epoch-6,0,1
Raw,sub-01,1,sub-01_ses-1_epoch-6,1,1
Raw,sub-01,1,sub-01_ses-1_epoch-6,2,1
Raw,sub-01,1,sub-01_ses-1_epoch-6,3,1
Raw,sub-01,1,sub-01_ses-1_epoch-6,4,1
Raw,sub-01,1,sub-01_ses-1_epoch-6,5,1
Raw,sub-01,1,sub-01_ses-1_epoch-6,6,1
Raw,sub-01,1,sub-01_ses-1_epoch-7,0,0
Raw,sub-01,1,sub-01_ses-1_epoch-7,1,0
Raw,sub-01,1,sub-01_ses-1_epoch-7,2,0
Raw,sub-01,1,sub-01_ses-1_epoch-7,3,0
Raw,sub-01,1,sub-01_ses-1_epoch-7,4,0
Raw,sub-01,1,sub-01_ses-1_epoch-7,5,0
Raw,sub-01,1,sub-01_ses-1_epoch-7,6,0
Raw,sub-01,1,sub-01_ses-1_epoch-7,7,0
Raw,sub-01,1,sub-01_ses-1_epoch-8,0,1
Raw,sub-01,1,sub-01_ses-1_epoch-8,1,1
Raw,sub-01,1,sub-01_ses-1_epoch-8,2,1
Raw,sub-01,1,sub-01_ses-1_epoch-8,3,1
Raw,sub-01,1,sub-01_ses-1_epoch-8,4,1
Raw,sub-01,1,sub-01_ses-1_epoch-8,5,1
Raw,sub-01,1,sub-01_ses-1_epoch-8,6,1
Raw,sub-01,1,sub-01_ses-1_epoch-9,0,0
Raw,sub-01,1,sub-01_ses-1_epoch-9,1,0
Raw,sub-01,1,sub-01_ses-1_epoch-9,2,0
Raw,sub-01,1,sub-01_ses-1_epoch-9,3,0
Raw,sub-01,1,sub-01_ses-1_epoch-9,4,0
Raw,sub-01,1,sub-01_ses-1_epoch-9,5,0
Raw,sub-01,1,sub-01_ses-1_epoch-9,6,0
Raw,sub-01,1,sub-01_ses-1_epoch-9,7,0
Raw,sub-01,1,sub-01_ses-1_epoch-10,0,1
Raw,sub-01,1,sub-01_ses-1_epoch-10,1,1
Raw,sub-01,1,sub-01_ses-1_epoch-10,2,1
Raw,sub-01,1,sub-01_ses-1_epoch-10,3,1
Raw,sub-01,1,sub-01_ses-1_epoch-10,4,1
Raw,sub-01,1,sub-01_ses-1_epoch-10,5,1
Raw,sub-01,1,sub-01_ses-1_epoch-10,6,1
Raw,sub-01,1,sub-01_ses-1_epoch-11,0,0
Raw,sub-01,1,sub-01_ses-1_epoch-11,1,0
Raw,sub-01,1,sub-01_ses-1_epoch-11,2,0
Raw,sub-01,1,sub-01_ses-1_epoch-11,3,0
Raw,sub-01,1,sub-01_ses-1_epoch-11,4,0
Raw,sub-01,1,sub-01_ses-1_epoch-11,5,0
Raw,sub-01,1,sub-01_ses-1_epoch-11,6,0
Raw,sub-01,1,sub-01_ses-1_epoch-11,7,0
Raw,sub-01,1,sub-01_ses-1_epoch-12,0,1
Raw,sub-01,1,sub-01_ses-1_epoch-12,1,1
Raw,sub-01,1,sub-01_ses-1_epoch-12,2,1
Raw,sub-01,1,sub-01_ses-1_epoch-12,3,1
Raw,sub-01,1,sub-01_ses-1_epoch-12,4,1
Raw,sub-01,1,sub-01_ses-1_epoch-12,5,1
Raw,sub-01,1,sub-01_ses-1_epoch-12,6,1
Raw,sub-01,1,sub-01_ses-1_epoch-13,0,0
Raw,sub-01,1,sub-01_ses-1_epoch-13,1,0
Raw,sub-01,1,sub-01_ses-1_epoch-13,2,0
Raw,sub-01,1,sub-01_ses-1_epoch-13,3,0
Raw,sub-01,1,sub-01_ses-1_epoch-13,4,0
Raw,sub-01,1,sub-01_ses-1_epoch-13,5,0
Raw,sub-01,1,sub-01_ses-1_epoch-13,6,0
Raw,sub-01,1,sub-01_ses-1_epoch-13,7,0
Raw,sub-01,1,sub-01_ses-1_epoch-14,0,1
Raw,sub-01,1,sub-01_ses-1_epoch-14,1,1
Raw,sub-01,1,sub-01_ses-1_epoch-14,2,1
Raw,sub-01,1,sub-01_ses-1_epoch-14,3,1
Raw,sub-01,1,sub-01_ses-1_epoch-14,4,1
Raw,sub-01,1,sub-01_ses-1_epoch-14,5,1
Raw,sub-01,1,sub-01_ses-1_epoch-14,6,1
Raw,sub-01,1,sub-01_ses-1_epoch-15,0,0
Raw,sub-01,1,sub-01_ses-1_epoch-15,1,0
Raw,sub-01,1,sub-01_ses-1_epoch-15,2,0
Raw,sub-01,1,sub-01_ses-1_epoch-15,3,0
Raw,sub-01,1,sub-01_ses-1_epoch-15,4,0
Raw,sub-01,1,sub-01_ses-1_epoch-15,5,0
Raw,sub-01,1,sub-01_ses-1_epoch-15,6,0
Raw,sub-01,1,sub-01_ses-1_epoch-15,7,0
Raw,sub-01,1,sub-01_ses-1_epoch-16,0,1
Raw,sub-01,1,sub-01_ses-1_epoch-16,1,1
Raw,sub-01,1,sub-01_ses-1_epoch-16,2,1
Raw,sub-01,1,sub-01_ses-1_epoch-16,3,1
Raw,sub-01,1,sub-01_ses-1_epoch-16,4,1
Raw,sub-01,1,sub-01_ses-1_epoch-16,5,1
Raw,sub-01,1,sub-01_ses-1_epoch-16,6,1
Raw,sub-01,1,sub-01_ses-1_epoch-17,0,0
Raw,sub-01,1,sub-01_ses-1_epoch-17,1,0
Raw,sub-01,1,sub-01_ses-1_epoch-17,2,0
Raw,sub-01,1,sub-01_ses-1_epoch-17,3,0
Raw,sub-01,1,sub-01_ses-1_epoch-17,4,0
Raw,sub-01,1,sub-01_ses-1_epoch-17,5,0
Raw,sub-01,1,sub-01_ses-1_epoch-17,6,0
Raw,sub-01,1,sub-01_ses-1_epoch-17,7,0
Raw,sub-01,1,sub-01_ses-1_epoch-18,0,1
Raw,sub-01,1,sub-01_ses-1_epoch-18,1,1
Raw,sub-01,1,sub-01_ses-1_epoch-18,2,1
Raw,sub-01,1,sub-01_ses-1_epoch-18,3,1
Raw,sub-01,1,sub-01_ses-1_epoch-18,4,1
Raw,sub-01,1,sub-01_ses-1_epoch-18,5,1
Raw,sub-01,1,sub-01_ses-1_epoch-18,6,1
Raw,sub-01,1,sub-01_ses-1_epoch-19,0,0
Raw,sub-01,1,sub-01_ses-1_epoch-19,1,0
Raw,sub-01,1,sub-01_ses-1_epoch-19,2,0
Raw,sub-01,1,sub-01_ses-1_epoch-19,3,0
Raw,sub-01,1,sub-01_ses-1_epoch-19,4,0
Raw,sub-01,1,sub-01_ses-1_epoch-19,5,0
Raw,sub-01,1,sub-01_ses-1_epoch-19,6,0
Raw,sub-01,1,sub-01_ses-1_epoch-19,7,0
Raw,sub-01,1,sub-01_ses-1_epoch-20,0,1
Raw,sub-01,1,sub-01_ses-1_epoch-20,1,1
Raw,sub-01,1,sub-01_ses-1_epoch-20,2,1
Raw,sub-01,1,sub-01_ses-1_epoch-20,3,1
Raw,sub-01,1,sub-01_ses-1_epoch-20,4,1
Raw,sub-01,1,sub-01_ses-1_epoch-20,5,1
Raw,sub-01,1,sub-01_ses-1_epoch-20,6,1
Raw,sub-01,1,sub-01_ses-1_epoch-21,0,0
Raw,sub-01,1,sub-01_ses-1_epoch-21,1,0
Raw,sub-01,1,sub-01_ses-1_epoch-21,2,0
Raw,sub-01,1,sub-01_ses-1_epoch-21,3,0
Raw,sub-01,1,sub-01_ses-1_epoch-21,4,0
Raw,sub-01,1,sub-01_ses-1_epoch-21,5,0
Raw,sub-01,1,sub-01_ses-1_epoch-21,6,0
Raw,sub-01,1,sub-01_ses-1_epoch-21,7,0
Raw,sub-01,1,sub-01_ses-1_epoch-22,0,1
Raw,sub-01,1,sub-01_ses-1_epoch-22,1,1
Raw,sub-01,1,sub-01_ses-1_epoch-22,2,1
Raw,sub-01,1,sub-01_ses-1_epoch-22,3,1
Raw,sub-01,1,sub-01_ses-1_epoch-22,4,1
Raw,sub-01,1,sub-01_ses-1_epoch-22,5,1
Raw,sub-01,1,sub-01_ses-1_epoch-22,6,1
Raw,sub-01,1,sub-01_ses-1_epoch-23,0,0
Raw,sub-01,1,sub-01_ses-1_epoch-23,1,0
Raw,sub-01,1,sub-01_ses-1_epoch-23,2,0
Raw,sub-01,1,sub-01_ses-1_epoch-23,3,0
Raw,sub-01,1,sub-01_ses-1_epoch-23,4,0
Raw,sub-01,1,sub-01_ses-1_epoch-23,5,0
Raw,sub-01,1,sub-01_ses-1_epoch-23,6,0
Raw,sub-01,1,sub-01_ses-1_epoch-23,7,0
Raw,sub-01,1,sub-01_ses-1_epoch-24,0,1
Raw,sub-01,1,sub-01_ses-1_epoch-24,1,1
Raw,sub-01,1,sub-01_ses-1_epoch-24,2,1
Raw,sub-01,1,sub-01_ses-1_epoch-24,3,1
Raw,sub-01,1,sub-01_ses-1_epoch-24,4,1
Raw,sub-01,1,sub-01_ses-1_epoch-24,5,1
Raw,sub-01,1,sub-01_ses-1_epoch-24,6,1
Raw,sub-01,1,sub-01_ses-1_epoch-25,0,0
Raw,sub-01,1,sub-01_ses-1_epoch-25,1,0
Raw,sub-01,1,sub-01_ses-1_epoch-25,2,0
Raw,sub-01,1,sub-01_ses-1_epoch-25,3,0
Raw,sub-01,1,sub-01_ses-1_epoch-25,4,0
Raw,sub-01,1,sub-01_ses-1_epoch-25,5,0
Raw,sub-01,1,sub-01_ses-1_epoch-25,6,0
Raw,sub-01,1,sub-01_ses-1_epoch-25,7,0
Raw,sub-01,1,sub-01_ses-1_epoch-26,0,1
Raw,sub-01,1,sub-01_ses-1_epoch-26,1,1
Raw,sub-01,1,sub-01_ses-1_epoch-26,2,1
Raw,sub-01,1,sub-01_ses-1_epoch-26,3,1
Raw,sub-01,1,sub-01_ses-1_epoch-26,4,1
Raw,sub-01,1,sub-01_ses-1_epoch-26,5,1
Raw,sub-01,1,sub-01_ses-1_epoch-26,6,1
Raw,sub-01,1,sub-01_ses-1_epoch-27,0,0
Raw,sub-01,1,sub-01_ses-1_epoch-27,1,0
Raw,sub-01,1,sub-01_ses-1_epoch-27,2,0
Raw,sub-01,1,sub-01_ses-1_epoch-27,3,0
Raw,sub-01,1,sub-01_ses-1_epoch-27,4,0
Raw,sub-01,1,sub-01_ses-1_epoch-27,5,0
Raw,sub-01,1,sub-01_ses-1_epoch-27,6,0
Raw,sub-01,1,sub-01_ses-1_epoch-27,7,0
Raw,sub-01,1,sub-01_ses-1_epoch-28,0,1
Raw,sub-01,1,sub-01_ses-1_epoch-28,1,1
Raw,sub-01,1,sub-01_ses-1_epoch-28,2,1
Raw,sub-01,1,sub-01_ses-1_epoch-28,3,1
Raw,sub-01,1,sub-01_ses-1_epoch-28,4,1
Raw,sub-01,1,sub-01_ses-1_epoch-28,5,1
Raw,sub-01,1,sub-01_ses-1_epoch-28,6,1
Raw,sub-01,1,sub-01_ses-1_epoch-29,0,0
Raw,sub-01,1,sub-01_ses-1_epoch-29,1,0
Raw,sub-01,1,sub-01_ses-1_epoch-29,2,0
Raw,sub-01,1,sub-01_ses-1_epoch-29,3,0
Raw,sub-01,1,sub-01_ses-1_epoch-29,4,0
Raw,sub-01,1,sub-01_ses-1_epoch-29,5,0
Raw,sub-01,1,sub-01_ses-1_epoch-29,6,0
Raw,sub-01,1,sub-01_ses-1_epoch-29,7,0
Raw,sub-01,1,sub-01_ses-1_epoch-30,0,1
Raw,sub-01,1,sub-01_ses-1_epoch-30,1,1
Raw,sub-01,1,sub-01_ses-1_epoch-30,2,1
Raw,sub-01,1,sub-01_ses-1_epoch-30,3,1
Raw,sub-01,1,sub-01_ses-1_epoch-30,4,1
Raw,sub-01,1,sub-01_ses-1_epoch-30,5,1
Raw,sub-01,1,sub-01_ses-1_epoch-30,6,1
Raw,sub-01,1,sub-01_ses-1_epoch-31,0,0
Raw,sub-01,1,sub-01_ses-1_epoch-31,1,0
Raw,sub-01,1,sub-01_ses-1_epoch-31,2,0
Raw,sub-01,1,sub-01_ses-1_epoch-31,3,0
Raw,sub-01,1,sub-01_ses-1_epoch-31,4,0
Raw,sub-01,1,sub-01_ses-1_epoch-31,5,0
Raw,sub-01,1,sub-01_ses-1_epoch-31,6,0
Raw,sub-01,1,sub-01_ses-1_epoch-31,7,0
Raw,sub-01,1,sub-01_ses-1_epoch-32,0,1
Raw,sub-01,1,sub-01_ses-1_epoch-32,1,1
Raw,sub-01,1,sub-01_ses-1_epoch-32,2,1
Raw,sub-01,1,sub-01_ses-1_epoch-32,3,1
Raw,sub-01,1,sub-01_ses-1_epoch-32,4,1
Raw,sub-01,1,sub-01_ses-1_epoch-32,5,1
Raw,sub-01,1,sub-01_ses-1_epoch-32,6,1
Raw,sub-01,1,sub-01_ses-1_epoch-33,0,0
Raw,sub-01,1,sub-01_ses-1_epoch-33,1,0
Raw,sub-01,1,sub-01_ses-1_epoch-33,2,0
Raw,sub-01,1,sub-01_ses-1_epoch-33,3,0
Raw,sub-01,1,sub-01_ses-1_epoch-33,4,0
Raw,sub-01,1,sub-01_ses-1_epoch-33,5,0
Raw,sub-01,1,sub-01_ses-1_epoch-33,6,0
Raw,sub-01,1,sub-01_ses-1_epoch-33,7,0
Raw,sub-01,1,sub-01_ses-1_epoch-34,0,1
Raw,sub-01,1,sub-01_ses-1_epoch-34,1,1
Raw,sub-01,1,sub-01_ses-1_epoch-34,2,1
Raw,sub-01,1,sub-01_ses-1_epoch-34,3,1
Raw,sub-01,1,sub-01_ses-1_epoch-34,4,1
Raw,sub-01,1,sub-01_ses-1_epoch-34,5,1
Raw,sub-01,1,sub-01_ses-1_epoch-34,6,1
Raw,sub-01,1,sub-01_ses-1_epoch-35,0,0
Raw,sub-01,1,sub-01_ses-1_epoch-35,1,0
Raw,sub-01,1,sub-01_ses-1_epoch-35,2,0
Raw,sub-01,1,sub-01_ses-1_epoch-35,3,0
Raw,sub-01,1,sub-01_ses-1_epoch-35,4,0
Raw,sub-01,1,sub-01_ses-1_epoch-35,5,0
Raw,sub-01,1,sub-01_ses-1_epoch-35,6,0
Raw,sub-01,1,sub-01_ses-1_epoch-35,7,0
Raw,sub-01,1,sub-01_ses-1_epoch-36,0,1
Raw,sub-01,1,sub-01_ses-1_epoch-36,1,1
Raw,sub-01,1,sub-01_ses-1_epoch-36,2,1
Raw,sub-01,1,sub-01_ses-1_epoch-36,3,1
Raw,sub-01,1,sub-01_ses-1_epoch-36,4,1
Raw,sub-01,1,sub-01_ses-1_epoch-36,5,1
Raw,sub-01,1,sub-01_ses-1_epoch-36,6,1
Raw,sub-01,1,sub-01_ses-1_epoch-37,0,0
Raw,sub-01,1,sub-01_ses-1_epoch-37,1,0
Raw,sub-01,1,sub-01_ses-1_epoch-37,2,0
Raw,sub-01,1,sub-01_ses-1_epoch-37,3,0
Raw,sub-01,1,sub-01_ses-1_epoch-37,4,0
Raw,sub-01,1,sub-01_ses-1_epoch-37,5,0
Raw,sub-01,1,sub-01_ses-1_epoch-37,6,0
Raw,sub-01,1,sub-01_ses-1_epoch-37,7,0
Raw,sub-01,1,sub-01_ses-1_epoch-38,0,1
Raw,sub-01,1,sub-01_ses-1_epoch-38,1,1
Raw,sub-01,1,sub-01_ses-1_epoch-38,2,1
Raw,sub-01,1,sub-01_ses-1_epoch-38,3,1
Raw,sub-01,1,sub-01_ses-1_epoch-38,4,1
Raw,sub-01,1,sub-01_ses-1_epoch-38,5,1
Raw,sub-01,1,sub-01_ses-1_epoch-38,6,1
Raw,sub-01,1,sub-01_ses-1_epoch-39,0,0
Raw,sub-01,1,sub-01_ses-1_epoch-39,1,0
Raw,sub-01,1,sub-01_ses-1_epoch-39,2,0
Raw,sub-01,1,sub-01_ses-1_epoch-39,3,0
Raw,sub-01,1,sub-01_ses-1_epoch-39,4,0
Raw,sub-01,1,sub-01_ses-1_epoch-39,5,0
Raw,sub-01,1,sub-01_ses-1_epoch-39,6,0
Raw,sub-01,1,sub-01_ses-1_epoch-39,7,0
Raw,sub-01,1,sub-01_ses-1_epoch-40,0,1
Raw,sub-01,1,sub-01_ses-1_epoch-40,1,1
Raw,sub-01,1,sub-01_ses-1_epoch-40,2,1
Raw,sub-01,1,sub-01_ses-1_epoch-40,3,1
Raw,sub-01,1,sub-01_ses-1_epoch-40,4,1
Raw,sub-01,1,sub-01_ses-1_epoch-40,5,1
Raw,sub-01,1,sub-01_ses-1_epoch-40,6,1
Raw,sub-01,1,sub-01_ses-1_epoch-41,0,0
Raw,sub-01,1,sub-01_ses-1_epoch-41,1,0
Raw,sub-01,1,sub-01_ses-1_epoch-41,2,0
Raw,sub-01,1,sub-01_ses-1_epoch-41,3,0
Raw,sub-01,1,sub-01_ses-1_epoch-41,4,0
Raw,sub-01,1,sub-01_ses-1_epoch-41,5,0
Raw,sub-01,1,sub-01_ses-1_epoch-41,6,0
Raw,sub-01,1,sub-01_ses-1_epoch-41,7,0
Raw,sub-01,1,sub-01_ses-1_epoch-42,0,1
Raw,sub-01,1,sub-01_ses-1_epoch-42,1,1
Raw,sub-01,1,sub-01_ses-1_epoch-42,2,1
Raw,sub-01,1,sub-01_ses-1_epoch-42,3,1
Raw,sub-01,1,sub-01_ses-1_epoch-42,4,1
Raw,sub-01,1,sub-01_ses-1_epoch-42,5,1
Raw,sub-01,1,sub-01_ses-1_epoch-42,6,1
Raw,sub-01,1,sub-01_ses-1_epoch-43,0,0
Raw,sub-01,1,sub-01_ses-1_epoch-43,1,0
Raw,sub-01,1,sub-01_ses-1_epoch-43,2,0
Raw,sub-01,1,sub-01_ses-1_epoch-43,3,0
Raw,sub-01,1,sub-01_ses-1_epoch-43,4,0
Raw,sub-01,1,sub-01_ses-1_epoch-43,5,0
Raw,sub-01,1,sub-01_ses-1_epoch-43,6,0
Raw,sub-01,1,sub-01_ses-1_epoch-43,7,0
Raw,sub-01,1,sub-01_ses-1_epoch-44,0,1
Raw,sub-01,1,sub-01_ses-1_epoch-44,1,1
Raw,sub-01,1,sub-01_ses-1_epoch-44,2,1
Raw,sub-01,1,sub-01_ses-1_epoch-44,3,1
Raw,sub-01,1,sub-01_ses-1_epoch-44,4,1
Raw,sub-01,1,sub-01_ses-1_epoch-44,5,1
Raw,sub-01,1,sub-01_ses-1_epoch-44,6,1
Raw,sub-01,1,sub-01_ses-1_epoch-45,0,0
Raw,sub-01,1,sub-01_ses-1_epoch-45,1,0
Raw,sub-01,1,sub-01_ses-1_epoch-45,2,0
Raw,sub-01,1,sub-01_ses-1_epoch-45,3,0
Raw,sub-01,1,sub-01_ses-1_epoch-45,4,0
Raw,sub-01,1,sub-01_ses-1_epoch-45,5,0
Raw,sub-01,1,sub-01_ses-1_epoch-45,6,0
Raw,sub-01,1,sub-01_ses-1_epoch-45,7,0
Raw,sub-01,1,sub-01_ses-1_epoch-46,0,1
Raw,sub-01,1,sub-01_ses-1_epoch-46,1,1
Raw,sub-01,1,sub-01_ses-1_epoch-46,2,1
Raw,sub-01,1,sub-01_ses-1_epoch-46,3,1
Raw,sub-01,1,sub-01_ses-1_epoch-46,4,1
Raw,sub-01,1,sub-01_ses-1_epoch-46,5,1
Raw,sub-01,1,sub-01_ses-1_epoch-46,6,1
Raw,sub-01,1,sub-01_ses-1_epoch-47,0,0
Raw,sub-01,1,sub-01_ses-1_epoch-47,1,0
Raw,sub-01,1,sub-01_ses-1_epoch-47,2,0
Raw,sub-01,1,sub-01_ses-1_epoch-47,3,0
Raw,sub-01,1,sub-01_ses-1_epoch-47,4,0
Raw,sub-01,1,sub-01_ses-1_epoch-47,5,0
Raw,sub-01,1,sub-01_ses-1_epoch-47,6,0
Raw,sub-01,1,sub-01_ses-1_epoch-47,7,0
Raw,sub-01,1,sub-01_ses-1_epoch-48,0,1
Raw,sub-01,1,sub-01_ses-1_epoch-48,1,1
Raw,sub-01,1,sub-01_ses-1_epoch-48,2,1
Raw,sub-01,1,sub-01_ses-1_epoch-48,3,1
Raw,sub-01,1,sub-01_ses-1_epoch-48,4,1
Raw,sub-01,1,sub-01_ses-1_epoch-48,5,1
Raw,sub-01,1,sub-01_ses-1_epoch-48,6,1
Raw,sub-01,1,sub-01_ses-1_epoch-49,0,0
Raw,sub-01,1,sub-01_ses-1_epoch-49,1,0
Raw,sub-01,1,sub-01_ses-1_epoch-49,2,0
Raw,sub-01,1,sub-01_ses-1_epoch-49,3,0
Raw,sub-01,1,sub-01_ses-1_epoch-49,4,0
Raw,sub-01,1,sub-01_ses-1_epoch-49,5,0
Raw,sub-01,1,sub-01_ses-1_epoch-49,6,0
Raw,sub-01,1,sub-01_ses-1_epoch-49,7,0
Raw,sub-01,1,sub-01_ses-1_epoch-50,0,1
Raw,sub-01,1,sub-01_ses-1_epoch-50,1,1
Raw,sub-01,1,sub-01_ses-1_epoch-50,2,1
Raw,sub-01,1,sub-01_ses-1_epoch-50,3,1
Raw,sub-01,1,sub-01_ses-1_epoch-50,4,1
Raw,sub-01,1,sub-01_ses-1_epoch-50,5,1
Raw,sub-01,1,sub-01_ses-1_epoch-50,6,1
Raw,sub-01,1,sub-01_ses-1_epoch-51,0,0
Raw,sub-01,1,sub-01_ses-1_epoch-51,1,0
Raw,sub-01,1,sub-01_ses-1_epoch-51,2,0
Raw,sub-01,1,sub-01_ses-1_epoch-51,3,0
Raw,sub-01,1,sub-01_ses-1_epoch-51,4,0
Raw,sub-01,1,sub-01_ses-1_epoch-51,5,0
Raw,sub-01,1,sub-01_ses-1_epoch-51,6,0
Raw,sub-01,1,sub-01_ses-1_epoch-51,7,0
Raw,sub-01,1,sub-01_ses-1_epoch-52,0,1
Raw,sub-01,1,sub-01_ses-1_epoch-52,1,1
Raw,sub-01,1,sub-01_ses-1_epoch-52,2,1
Raw,sub-01,1,sub-01_ses-1_epoch-52,3,1
Raw,sub-01,1,sub-01_ses-1_epoch-52,4,1
Raw,sub-01,1,sub-01_ses-1_epoch-52,5,1
Raw,sub-01,1,sub-01_ses-1_epoch-52,6,1
Raw,sub-01,1,sub-01_ses-1_epoch-53,0,0
Raw,sub-01,1,sub-01_ses-1_epoch-53,1,0
Raw,sub-01,1,sub-01_ses-1_epoch-53,2,0
Raw,sub-01,1,sub-01_ses-1_epoch-53,3,0
Raw,sub-01,1,sub-01_ses-1_epoch-53,4,0
Raw,sub-01,1,sub-01_ses-1_epoch-53,5,0
Raw,sub-01,1,sub-01_ses-1_epoch-53,6,0
Raw,sub-01,1,sub-01_ses-1_epoch-53,7,0
Raw,sub-01,1,sub-01_ses-1_epoch-54,0,1
Raw,sub-01,1,sub-01_ses-1_epoch-54,1,1
Raw,sub-01,1,sub-01_ses-1_epoch-54,2,1
Raw,sub-01,1,sub-01_ses-1_epoch-54,3,1
Raw,sub-01,1,sub-01_ses-1_epoch-54,4,1
Raw,sub-01,1,sub-01_ses-1_epoch-54,5,1
Raw,sub-01,1,sub-01_ses-1_epoch-54,6,1
Raw,sub-01,1,sub-01_ses-1_epoch-55,0,0
Raw,sub-01,1,sub-01_ses-1_epoch-55,1,0
Raw,sub-01,1,sub-01_ses-1_epoch-55,2,0
Raw,sub-01,1,sub-01_ses-1_epoch-55,3,0
Raw,sub-01,1,sub-01_ses-1_epoch-55,4,0
Raw,sub-01,1,sub-01_ses-1_epoch-55,5,0
Raw,sub-01,1,sub-01_ses-1_epoch-55,6,0
Raw,sub-01,1,sub-01_ses-1_epoch-55,7,0
Raw,sub-01,1,sub-01_ses-1_epoch-56,0,0
Raw,sub-01,1,sub-01_ses-1_epoch-56,1,0
Raw,sub-01,1,sub-01_ses-1_epoch-56,2,0
Raw,sub-01,1,sub-01_ses-1_epoch-56,3,0
Raw,sub-01,1,sub-01_ses-1_epoch-56,4,0
Raw,sub-01,1,sub-01_ses-1_epoch-56,5,0
Raw,sub-01,1,sub-01_ses-1_epoch-56,6,0
Raw,sub-01,1,sub-01_ses-1_epoch-56,7,0
ICA-cleaned,sub-01,1,sub-01_ses-1_epoch-1,0,0
ICA-cleaned,sub-01,1,sub-01_ses-1_epoch-1,1,0
ICA-cleaned,sub-01,1,sub-01_ses-1_epoch-1,2,0
ICA-cleaned,sub-01,1,sub-01_ses-1_epoch-1,3,0
ICA-cleaned,sub-01,1,sub-01_ses-1_epoch-1,4,0
ICA-cleaned,sub-01,1,sub-01_ses-1_epoch-1,5,0
ICA-cleaned,sub-01,1,sub-01_ses-1_epoch-1,6,0
ICA-cleaned,sub-01,1,sub-01_ses-1_epoch-1,7,0
ICA-cleaned,sub-01,1,sub-01_ses-1_epoch-2,0,0
ICA-cleaned,sub-01,1,sub-01_ses-1_epoch-2,1,0
ICA-cleaned,sub-01,1,sub-01_ses-1_epoch-2,2,0
ICA-cleaned,sub-01,1,sub-01_ses-1_epoch-2,3,0
ICA-cleaned,sub-01,1,sub-01_ses-1_epoch-2,4,0
ICA-cleaned,sub-01,1,sub-01_ses-1_epoch-2,5,0
ICA-cleaned,sub-01,1,sub-01_ses-1_epoch-2,6,0
ICA-cleaned,sub-01,1,sub-01_ses-1_epoch-2,7,0
ICA-cleaned,sub-01,1,sub-01_ses-1_epoch-3,0,0
ICA-cleaned,sub-01,1,sub-01_ses-1_epoch-3,1,0
ICA-cleaned,sub-01,1,sub-01_ses-1_epoch-3,2,0
ICA-cleaned,sub-01,1,sub-01_ses-1_epoch-3,3,0
ICA-cleaned,sub-01,1,sub-01_ses-1_epoch-3,4,0
ICA-cleaned,sub-01,1,sub-01_ses-1_epoch-3,5,0
ICA-cleaned,sub-01,1,sub-01_ses-1_epoch-3,6,0
ICA-cleaned,sub-01,1,sub-01_ses-1_epoch-3,7,0
ICA-cleaned,sub-01,1,sub-01_ses-1_epoch-4,0,1
ICA-cleaned,sub-01,1,sub-01_ses-1_epoch-4,1,1
ICA-cleaned,sub-01,1,sub-01_ses-1_epoch-4,2,1
ICA-cleaned,sub-01,1,sub-01_ses-1_epoch-4,3,1
ICA-cleaned,sub-01,1,sub-01_ses-1_epoch-4,4,1
ICA-cleaned,sub-01,1,sub-01_ses-1_epoch-4,5,1
ICA-cleaned,sub-01,1,sub-01_ses-1_epoch-4,6,1
ICA-cleaned,sub-01,1,sub-01_ses-1_epoch-5,0,0
ICA-cleaned,sub-01,1,sub-01_ses-1_epoch-5,1,0
ICA-cleaned,sub-01,1,sub-01_ses-1_epoch-5,2,0
ICA-cleaned,sub-01,1,sub-01_ses-1_epoch-5,3,0
ICA-cleaned,sub-01,1,sub-01_ses-1_epoch-5,4,0
ICA-cleaned,sub-01,1,sub-01_ses-1_epoch-5,5,0
ICA-cleaned,sub-01,1,sub-01_ses-1_epoch-5,6,0
ICA-cleaned,sub-01,1,sub-01_ses-1_epoch-5,7,0
ICA-cleaned,sub-01,1,sub-01_ses-1_epoch-6,0,1
ICA-cleaned,sub-01,1,sub-01_ses-1_epoch-6,1,1
ICA-cleaned,sub-01,1,sub-01_ses-1_epoch-6,2,1
ICA-cleaned,sub-01,1,sub-01_ses-1_epoch-6,3,1
ICA-cleaned,sub-01,1,sub-01_ses-1_epoch-6,4,1
ICA-cleaned,sub-01,1,sub-01_ses-1_epoch-6,5,1
ICA-cleaned,sub-01,1,sub-01_ses-1_epoch-6,6,1
ICA-cleaned,sub-01,1,sub-01_ses-1_epoch-7,0,0
ICA-cleaned,sub-01,1,sub-01_ses-1_epoch-7,1,0
ICA-cleaned,sub-01,1,sub-01_ses-1_epoch-7,2,0
ICA-cleaned,sub-01,1,sub-01_ses-1_epoch-7,3,0
ICA-cleaned,sub-01,1,sub-01_ses-1_epoch-7,4,0
ICA-cleaned,sub-01,1,sub-01_ses-1_epoch-7,5,0
ICA-cleaned,sub-01,1,sub-01_ses-1_epoch-7,6,0
ICA-cleaned,sub-01,1,sub-01_ses-1_epoch-7,7,0
ICA-cleaned,sub-01,1,sub-01_ses-1_epoch-8,0,1
ICA-cleaned,sub-01,1,sub-01_ses-1_epoch-8,1,1
ICA-cleaned,sub-01,1,sub-01_ses-1_epoch-8,2,1
ICA-cleaned,sub-01,1,sub-01_ses-1_epoch-8,3,1
ICA-cleaned,sub-01,1,sub-01_ses-1_epoch-8,4,1
ICA-cleaned,sub-01,1,sub-01_ses-1_epoch-8,5,1
ICA-cleaned,sub-01,1,sub-01_ses-1_epoch-8,6,1
ICA-cleaned,sub-01,1,sub-01_ses-1_epoch-9,0,0
ICA-cleaned,sub-01,1,sub-01_ses-1_epoch-9,1,0
ICA-cleaned,sub-01,1,sub-01_ses-1_epoch-9,2,0
ICA-cleaned,sub-01,1,sub-01_ses-1_epoch-9,3,0
ICA-cleaned,sub-01,1,sub-01_ses-1_epoch-9,4,0
ICA-cleaned,sub-01,1,sub-01_ses-1_epoch-9,5,0
ICA-cleaned,sub-01,1,sub-01_ses-1_epoch-9,6,0
ICA-cleaned,sub-01,1,sub-01_ses-1_epoch-9,7,0
ICA-cleaned,sub-01,1,sub-01_ses-1_epoch-10,0,1
ICA-cleaned,sub-01,1,sub-01_ses-1_epoch-10,1,1
ICA-cleaned,sub-01,1,sub-01_ses-1_epoch-10,2,1
ICA-cleaned,sub-01,1,sub-01_ses-1_epoch-10,3,1
ICA-cleaned,sub-01,1,sub-01_ses-1_epoch-10,4,1
ICA-cleaned,sub-01,1,sub-01_ses-1_epoch-10,5,1
ICA-cleaned,sub-01,1,sub-01_ses-1_epoch-10,6,1
ICA-cleaned,sub-01,1,sub-01_ses-1_epoch-11,0,0
ICA-cleaned,sub-01,1,sub-01_ses-1_epoch-11,1,0
ICA-cleaned,sub-01,1,sub-01_ses-1_epoch-11,2,0
ICA-cleaned,sub-01,1,sub-01_ses-1_epoch-11,3,0
ICA-cleaned,sub-01,1,sub-01_ses-1_epoch-11,4,0
ICA-cleaned,sub-01,1,sub-01_ses-1_epoch-11,5,0
ICA-cleaned,sub-01,1,sub-01_ses-1_epoch-11,6,0
ICA-cleaned,sub-01,1,sub-01_ses-1_epoch-11,7,0
ICA-cleaned,sub-01,1,sub-01_ses-1_epoch-12,0,1
ICA-cleaned,sub-01,1,sub-01_ses-1_epoch-12,1,1
ICA-cleaned,sub-01,1,sub-01_ses-1_epoch-12,2,1
ICA-cleaned,sub-01,1,sub-01_ses-1_epoch-12,3,1
ICA-cleaned,sub-01,1,sub-01_ses-1_epoch-12,4,1
ICA-cleaned,sub-01,1,sub-01_ses-1_epoch-12,5,1
ICA-cleaned,sub-01,1,sub-01_ses-1_epoch-12,6,1
ICA-cleaned,sub-01,1,sub-01_ses-1_epoch-13,0,0
ICA-cleaned,sub-01,1,sub-01_ses-1_epoch-13,1,0
ICA-cleaned,sub-01,1,sub-01_ses-1_epoch-13,2,0
ICA-cleaned,sub-01,1,sub-01_ses-1_epoch-13,3,0
ICA-cleaned,sub-01,1,sub-01_ses-1_epoch-13,4,0
ICA-cleaned,sub-01,1,sub-01_ses-1_epoch-13,5,0
ICA-cleaned,sub-01,1,sub-01_ses-1_epoch-13,6,0
ICA-cleaned,sub-01,1,sub-01_ses-1_epoch-13,7,0
ICA-cleaned,sub-01,1,sub-01_ses-1_epoch-14,0,1
ICA-cleaned,sub-01,1,sub-01_ses-1_epoch-14,1,1
ICA-cleaned,sub-01,1,sub-01_ses-1_epoch-14,2,1
ICA-cleaned,sub-01,1,sub-01_ses-1_epoch-14,3,1
ICA-cleaned,sub-01,1,sub-01_ses-1_epoch-14,4,1
ICA-cleaned,sub-01,1,sub-01_ses-1_epoch-14,5,1
ICA-cleaned,sub-01,1,sub-01_ses-1_epoch-14,6,1
ICA-cleaned,sub-01,1,sub-01_ses-1_epoch-15,0,0
ICA-cleaned,sub-01,1,sub-01_ses-1_epoch-15,1,0
ICA-cleaned,sub-01,1,sub-01_ses-1_epoch-15,2,0
ICA-cleaned,sub-01,1,sub-01_ses-1_epoch-15,3,0
ICA-cleaned,sub-01,1,sub-01_ses-1_epoch-15,4,0
ICA-cleaned,sub-01,1,sub-01_ses-1_epoch-15,5,0
ICA-cleaned,sub-01,1,sub-01_ses-1_epoch-15,6,0
ICA-cleaned,sub-01,1,sub-01_ses-1_epoch-15,7,0
ICA-cleaned,sub-01,1,sub-01_ses-1_epoch-16,0,1
ICA-cleaned,sub-01,1,sub-01_ses-1_epoch-16,1,1
ICA-cleaned,sub-01,1,sub-01_ses-1_epoch-16,2,1
ICA-cleaned,sub-01,1,sub-01_ses-1_epoch-16,3,1
ICA-cleaned,sub-01,1,sub-01_ses-1_epoch-16,4,1
ICA-cleaned,sub-01,1,sub-01_ses-1_epoch-16,5,1
ICA-cleaned,sub-01,1,sub-01_ses-1_epoch-16,6,1
ICA-cleaned,sub-01,1,sub-01_ses-1_epoch-17,0,0
ICA-cleaned,sub-01,1,sub-01_ses-1_epoch-17,1,0
ICA-cleaned,sub-01,1,sub-01_ses-1_epoch-17,2,0
ICA-cleaned,sub-01,1,sub-01_ses-1_epoch-17,3,0
ICA-cleaned,sub-01,1,sub-01_ses-1_epoch-17,4,0
ICA-cleaned,sub-01,1,sub-01_ses-1_epoch-17,5,0
ICA-cleaned,sub-01,1,sub-01_ses-1_epoch-17,6,0
ICA-cleaned,sub-01,1,sub-01_ses-1_epoch-17,7,0
ICA-cleaned,sub-01,1,sub-01_ses-1_epoch-18,0,1
ICA-cleaned,sub-01,1,sub-01_ses-1_epoch-18,1,1
ICA-cleaned,sub-01,1,sub-01_ses-1_epoch-18,2,1
ICA-cleaned,sub-01,1,sub-01_ses-1_epoch-18,3,1
ICA-cleaned,sub-01,1,sub-01_ses-1_epoch-18,4,1
ICA-cleaned,sub-01,1,sub-01_ses-1_epoch-18,5,1
ICA-cleaned,sub-01,1,sub-01_ses-1_epoch-18,6,1
ICA-cleaned,sub-01,1,sub-01_ses-1_epoch-19,0,0
ICA-cleaned,sub-01,1,sub-01_ses-1_epoch-19,1,0
ICA-cleaned,sub-01,1,sub-01_ses-1_epoch-19,2,0
ICA-cleaned,sub-01,1,sub-01_ses-1_epoch-19,3,0
ICA-cleaned,sub-01,1,sub-01_ses-1_epoch-19,4,0
ICA-cleaned,sub-01,1,sub-01_ses-1_epoch-19,5,0
ICA-cleaned,sub-01,1,sub-01_ses-1_epoch-19,6,0
ICA-cleaned,sub-01,1,sub-01_ses-1_epoch-19,7,0
ICA-cleaned,sub-01,1,sub-01_ses-1_epoch-20,0,1
ICA-cleaned,sub-01,1,sub-01_ses-1_epoch-20,1,1
ICA-cleaned,sub-01,1,sub-01_ses-1_epoch-20,2,1
ICA-cleaned,sub-01,1,sub-01_ses-1_epoch-20,3,1
ICA-cleaned,sub-01,1,sub-01_ses-1_epoch-20,4,1
ICA-cleaned,sub-01,1,sub-01_ses-1_epoch-20,5,1
ICA-cleaned,sub-01,1,sub-01_ses-1_epoch-20,6,1
ICA-cleaned,sub-01,1,sub-01_ses-1_epoch-21,0,0
ICA-cleaned,sub-01,1,sub-01_ses-1_epoch-21,1,0
ICA-cleaned,sub-01,1,sub-01_ses-1_epoch-21,2,0
ICA-cleaned,sub-01,1,sub-01_ses-1_epoch-21,3,0
ICA-cleaned,sub-01,1,sub-01_ses-1_epoch-21,4,0
ICA-cleaned,sub-01,1,sub-01_ses-1_epoch-21,5,0
ICA-cleaned,sub-01,1,sub-01_ses-1_epoch-21,6,0
ICA-cleaned,sub-01,1,sub-01_ses-1_epoch-21,7,0
ICA-cleaned,sub-01,1,sub-01_ses-1_epoch-22,0,1
ICA-cleaned,sub-01,1,sub-01_ses-1_epoch-22,1,1
ICA-cleaned,sub-01,1,sub-01_ses-1_epoch-22,2,1
ICA-cleaned,sub-01,1,sub-01_ses-1_epoch-22,3,1
ICA-cleaned,sub-01,1,sub-01_ses-1_epoch-22,4,1
ICA-cleaned,sub-01,1,sub-01_ses-1_epoch-22,5,1
ICA-cleaned,sub-01,1,sub-01_ses-1_epoch-22,6,1
ICA-cleaned,sub-01,1,sub-01_ses-1_epoch-23,0,0
ICA-cleaned,sub-01,1,sub-01_ses-1_epoch-23,1,0
ICA-cleaned,sub-01,1,sub-01_ses-1_epoch-23,2,0
ICA-cleaned,sub-01,1,sub-01_ses-1_epoch-23,3,0
ICA-cleaned,sub-01,1,sub-01_ses-1_epoch-23,4,0
ICA-cleaned,sub-01,1,sub-01_ses-1_epoch-23,5,0
ICA-cleaned,sub-01,1,sub-01_ses-1_epoch-23,6,0
ICA-cleaned,sub-01,1,sub-01_ses-1_epoch-23,7,0
ICA-cleaned,sub-01,1,sub-01_ses-1_epoch-24,0,1
ICA-cleaned,sub-01,1,sub-01_ses-1_epoch-24,1,1
ICA-cleaned,sub-01,1,sub-01_ses-1_epoch-24,2,1
ICA-cleaned,sub-01,1,sub-01_ses-1_epoch-24,3,1
ICA-cleaned,sub-01,1,sub-01_ses-1_epoch-24,4,1
ICA-cleaned,sub-01,1,sub-01_ses-1_epoch-24,5,1
ICA-cleaned,sub-01,1,sub-01_ses-1_epoch-24,6,1
ICA-cleaned,sub-01,1,sub-01_ses-1_epoch-25,0,0
ICA-cleaned,sub-01,1,sub-01_ses-1_epoch-25,1,0
ICA-cleaned,sub-01,1,sub-01_ses-1_epoch-25,2,0
ICA-cleaned,sub-01,1,sub-01_ses-1_epoch-25,3,0
ICA-cleaned,sub-01,1,sub-01_ses-1_epoch-25,4,0
ICA-cleaned,sub-01,1,sub-01_ses-1_epoch-25,5,0
ICA-cleaned,sub-01,1,sub-01_ses-1_epoch-25,6,0
ICA-cleaned,sub-01,1,sub-01_ses-1_epoch-25,7,0
ICA-cleaned,sub-01,1,sub-01_ses-1_epoch-26,0,1
ICA-cleaned,sub-01,1,sub-01_ses-1_epoch-26,1,1
ICA-cleaned,sub-01,1,sub-01_ses-1_epoch-26,2,1
ICA-cleaned,sub-01,1,sub-01_ses-1_epoch-26,3,1
ICA-cleaned,sub-01,1,sub-01_ses-1_epoch-26,4,1
ICA-cleaned,sub-01,1,sub-01_ses-1_epoch-26,5,1
ICA-cleaned,sub-01,1,sub-01_ses-1_epoch-26,6,1
ICA-cleaned,sub-01,1,sub-01_ses-1_epoch-27,0,0
ICA-cleaned,sub-01,1,sub-01_ses-1_epoch-27,1,0
ICA-cleaned,sub-01,1,sub-01_ses-1_epoch-27,2,0
ICA-cleaned,sub-01,1,sub-01_ses-1_epoch-27,3,0
ICA-cleaned,sub-01,1,sub-01_ses-1_epoch-27,4,0
ICA-cleaned,sub-01,1,sub-01_ses-1_epoch-27,5,0
ICA-cleaned,sub-01,1,sub-01_ses-1_epoch-27,6,0
ICA-cleaned,sub-01,1,sub-01_ses-1_epoch-27,7,0
ICA-cleaned,sub-01,1,sub-01_ses-1_epoch-28,0,1
ICA-cleaned,sub-01,1,sub-01_ses-1_epoch-28,1,1
ICA-cleaned,sub-01,1,sub-01_ses-1_epoch-28,2,1
ICA-cleaned,sub-01,1,sub-01_ses-1_epoch-28,3,1
ICA-cleaned,sub-01,1,sub-01_ses-1_epoch-28,4,1
ICA-cleaned,sub-01,1,sub-01_ses-1_epoch-28,5,1
ICA-cleaned,sub-01,1,sub-01_ses-1_epoch-28,6,1
ICA-cleaned,sub-01,1,sub-01_ses-1_epoch-29,0,0
ICA-cleaned,sub-01,1,sub-01_ses-1_epoch-29,1,0
ICA-cleaned,sub-01,1,sub-01_ses-1_epoch-29,2,0
ICA-cleaned,sub-01,1,sub-01_ses-1_epoch-29,3,0
ICA-cleaned,sub-01,1,sub-01_ses-1_epoch-29,4,0
ICA-cleaned,sub-01,1,sub-01_ses-1_epoch-29,5,0
ICA-cleaned,sub-01,1,sub-01_ses-1_epoch-29,6,0
ICA-cleaned,sub-01,1,sub-01_ses-1_epoch-29,7,0
ICA-cleaned,sub-01,1,sub-01_ses-1_epoch-30,0,1
ICA-cleaned,sub-01,1,sub-01_ses-1_epoch-30,1,1
ICA-cleaned,sub-01,1,sub-01_ses-1_epoch-30,2,1
ICA-cleaned,sub-01,1,sub-01_ses-1_epoch-30,3,1
ICA-cleaned,sub-01,1,sub-01_ses-1_epoch-30,4,1
ICA-cleaned,sub-01,1,sub-01_ses-1_epoch-30,5,1
ICA-cleaned,sub-01,1,sub-01_ses-1_epoch-30,6,1
ICA-cleaned,sub-01,1,sub-01_ses-1_epoch-31,0,0
ICA-cleaned,sub-01,1,sub-01_ses-1_epoch-31,1,0
ICA-cleaned,sub-01,1,sub-01_ses-1_epoch-31,2,0
ICA-cleaned,sub-01,1,sub-01_ses-1_epoch-31,3,0
ICA-cleaned,sub-01,1,sub-01_ses-1_epoch-31,4,0
ICA-cleaned,sub-01,1,sub-01_ses-1_epoch-31,5,0
ICA-cleaned,sub-01,1,sub-01_ses-1_epoch-31,6,0
ICA-cleaned,sub-01,1,sub-01_ses-1_epoch-31,7,0
ICA-cleaned,sub-01,1,sub-01_ses-1_epoch-32,0,1
ICA-cleaned,sub-01,1,sub-01_ses-1_epoch-32,1,1
ICA-cleaned,sub-01,1,sub-01_ses-1_epoch-32,2,1
ICA-cleaned,sub-01,1,sub-01_ses-1_epoch-32,3,1
ICA-cleaned,sub-01,1,sub-01_ses-1_epoch-32,4,1
ICA-cleaned,sub-01,1,sub-01_ses-1_epoch-32,5,1
ICA-cleaned,sub-01,1,sub-01_ses-1_epoch-32,6,1
ICA-cleaned,sub-01,1,sub-01_ses-1_epoch-33,0,0
ICA-cleaned,sub-01,1,sub-01_ses-1_epoch-33,1,0
ICA-cleaned,sub-01,1,sub-01_ses-1_epoch-33,2,0
ICA-cleaned,sub-01,1,sub-01_ses-1_epoch-33,3,0
ICA-cleaned,sub-01,1,sub-01_ses-1_epoch-33,4,0
ICA-cleaned,sub-01,1,sub-01_ses-1_epoch-33,5,0
ICA-cleaned,sub-01,1,sub-01_ses-1_epoch-33,6,0
ICA-cleaned,sub-01,1,sub-01_ses-1_epoch-33,7,0
ICA-cleaned,sub-01,1,sub-01_ses-1_epoch-34,0,1
ICA-cleaned,sub-01,1,sub-01_ses-1_epoch-34,1,1
ICA-cleaned,sub-01,1,sub-01_ses-1_epoch-34,2,1
ICA-cleaned,sub-01,1,sub-01_ses-1_epoch-34,3,1
ICA-cleaned,sub-01,1,sub-01_ses-1_epoch-34,4,1
ICA-cleaned,sub-01,1,sub-01_ses-1_epoch-34,5,1
ICA-cleaned,sub-01,1,sub-01_ses-1_epoch-34,6,1
ICA-cleaned,sub-01,1,sub-01_ses-1_epoch-35,0,0
ICA-cleaned,sub-01,1,sub-01_ses-1_epoch-35,1,0
ICA-cleaned,sub-01,1,sub-01_ses-1_epoch-35,2,0
ICA-cleaned,sub-01,1,sub-01_ses-1_epoch-35,3,0
ICA-cleaned,sub-01,1,sub-01_ses-1_epoch-35,4,0
ICA-cleaned,sub-01,1,sub-01_ses-1_epoch-35,5,0
ICA-cleaned,sub-01,1,sub-01_ses-1_epoch-35,6,0
ICA-cleaned,sub-01,1,sub-01_ses-1_epoch-35,7,0
ICA-cleaned,sub-01,1,sub-01_ses-1_epoch-36,0,1
ICA-cleaned,sub-01,1,sub-01_ses-1_epoch-36,1,1
ICA-cleaned,sub-01,1,sub-01_ses-1_epoch-36,2,1
ICA-cleaned,sub-01,1,sub-01_ses-1_epoch-36,3,1
ICA-cleaned,sub-01,1,sub-01_ses-1_epoch-36,4,1
ICA-cleaned,sub-01,1,sub-01_ses-1_epoch-36,5,1
ICA-cleaned,sub-01,1,sub-01_ses-1_epoch-36,6,1
ICA-cleaned,sub-01,1,sub-01_ses-1_epoch-37,0,0
ICA-cleaned,sub-01,1,sub-01_ses-1_epoch-37,1,0
ICA-cleaned,sub-01,1,sub-01_ses-1_epoch-37,2,0
ICA-cleaned,sub-01,1,sub-01_ses-1_epoch-37,3,0
ICA-cleaned,sub-01,1,sub-01_ses-1_epoch-37,4,0
ICA-cleaned,sub-01,1,sub-01_ses-1_epoch-37,5,0
ICA-cleaned,sub-01,1,sub-01_ses-1_epoch-37,6,0
ICA-cleaned,sub-01,1,sub-01_ses-1_epoch-37,7,0
ICA-cleaned,sub-01,1,sub-01_ses-1_epoch-38,0,1
ICA-cleaned,sub-01,1,sub-01_ses-1_epoch-38,1,1
ICA-cleaned,sub-01,1,sub-01_ses-1_epoch-38,2,1
ICA-cleaned,sub-01,1,sub-01_ses-1_epoch-38,3,1
ICA-cleaned,sub-01,1,sub-01_ses-1_epoch-38,4,1
ICA-cleaned,sub-01,1,sub-01_ses-1_epoch-38,5,1
ICA-cleaned,sub-01,1,sub-01_ses-1_epoch-38,6,1
ICA-cleaned,sub-01,1,sub-01_ses-1_epoch-39,0,0
ICA-cleaned,sub-01,1,sub-01_ses-1_epoch-39,1,0
ICA-cleaned,sub-01,1,sub-01_ses-1_epoch-39,2,0
ICA-cleaned,sub-01,1,sub-01_ses-1_epoch-39,3,0
ICA-cleaned,sub-01,1,sub-01_ses-1_epoch-39,4,0
ICA-cleaned,sub-01,1,sub-01_ses-1_epoch-39,5,0
ICA-cleaned,sub-01,1,sub-01_ses-1_epoch-39,6,0
ICA-cleaned,sub-01,1,sub-01_ses-1_epoch-39,7,0
ICA-cleaned,sub-01,1,sub-01_ses-1_epoch-40,0,1
ICA-cleaned,sub-01,1,sub-01_ses-1_epoch-40,1,1
ICA-cleaned,sub-01,1,sub-01_ses-1_epoch-40,2,1
ICA-cleaned,sub-01,1,sub-01_ses-1_epoch-40,3,1
ICA-cleaned,sub-01,1,sub-01_ses-1_epoch-40,4,1
ICA-cleaned,sub-01,1,sub-01_ses-1_epoch-40,5,1
ICA-cleaned,sub-01,1,sub-01_ses-1_epoch-40,6,1
ICA-cleaned,sub-01,1,sub-01_ses-1_epoch-41,0,0
ICA-cleaned,sub-01,1,sub-01_ses-1_epoch-41,1,0
ICA-cleaned,sub-01,1,sub-01_ses-1_epoch-41,2,0
ICA-cleaned,sub-01,1,sub-01_ses-1_epoch-41,3,0
ICA-cleaned,sub-01,1,sub-01_ses-1_epoch-41,4,0
ICA-cleaned,sub-01,1,sub-01_ses-1_epoch-41,5,0
ICA-cleaned,sub-01,1,sub-01_ses-1_epoch-41,6,0
ICA-cleaned,sub-01,1,sub-01_ses-1_epoch-41,7,0
ICA-cleaned,sub-01,1,sub-01_ses-1_epoch-42,0,1
ICA-cleaned,sub-01,1,sub-01_ses-1_epoch-42,1,1
ICA-cleaned,sub-01,1,sub-01_ses-1_epoch-42,2,1
ICA-cleaned,sub-01,1,sub-01_ses-1_epoch-42,3,1
ICA-cleaned,sub-01,1,sub-01_ses-1_epoch-42,4,1
ICA-cleaned,sub-01,1,sub-01_ses-1_epoch-42,5,1
ICA-cleaned,sub-01,1,sub-01_ses-1_epoch-42,6,1
ICA-cleaned,sub-01,1,sub-01_ses-1_epoch-43,0,0
ICA-cleaned,sub-01,1,sub-01_ses-1_epoch-43,1,0
ICA-cleaned,sub-01,1,sub-01_ses-1_epoch-43,2,0
ICA-cleaned,sub-01,1,sub-01_ses-1_epoch-43,3,0
ICA-cleaned,sub-01,1,sub-01_ses-1_epoch-43,4,0
ICA-cleaned,sub-01,1,sub-01_ses-1_epoch-43,5,0
ICA-cleaned,sub-01,1,sub-01_ses-1_epoch-43,6,0
ICA-cleaned,sub-01,1,sub-01_ses-1_epoch-43,7,0
ICA-cleaned,sub-01,1,sub-01_ses-1_epoch-44,0,1
ICA-cleaned,sub-01,1,sub-01_ses-1_epoch-44,1,1
ICA-cleaned,sub-01,1,sub-01_ses-1_epoch-44,2,1
ICA-cleaned,sub-01,1,sub-01_ses-1_epoch-44,3,1
ICA-cleaned,sub-01,1,sub-01_ses-1_epoch-44,4,1
ICA-cleaned,sub-01,1,sub-01_ses-1_epoch-44,5,1
ICA-cleaned,sub-01,1,sub-01_ses-1_epoch-44,6,1
ICA-cleaned,sub-01,1,sub-01_ses-1_epoch-45,0,0
ICA-cleaned,sub-01,1,sub-01_ses-1_epoch-45,1,0
ICA-cleaned,sub-01,1,sub-01_ses-1_epoch-45,2,0
ICA-cleaned,sub-01,1,sub-01_ses-1_epoch-45,3,0
ICA-cleaned,sub-01,1,sub-01_ses-1_epoch-45,4,0
ICA-cleaned,sub-01,1,sub-01_ses-1_epoch-45,5,0
ICA-cleaned,sub-01,1,sub-01_ses-1_epoch-45,6,0
ICA-cleaned,sub-01,1,sub-01_ses-1_epoch-45,7,0
ICA-cleaned,sub-01,1,sub-01_ses-1_epoch-46,0,1
ICA-cleaned,sub-01,1,sub-01_ses-1_epoch-46,1,1
ICA-cleaned,sub-01,1,sub-01_ses-1_epoch-46,2,1
ICA-cleaned,sub-01,1,sub-01_ses-1_epoch-46,3,1
ICA-cleaned,sub-01,1,sub-01_ses-1_epoch-46,4,1
ICA-cleaned,sub-01,1,sub-01_ses-1_epoch-46,5,1
ICA-cleaned,sub-01,1,sub-01_ses-1_epoch-46,6,1
ICA-cleaned,sub-01,1,sub-01_ses-1_epoch-47,0,0
ICA-cleaned,sub-01,1,sub-01_ses-1_epoch-47,1,0
ICA-cleaned,sub-01,1,sub-01_ses-1_epoch-47,2,0
ICA-cleaned,sub-01,1,sub-01_ses-1_epoch-47,3,0
ICA-cleaned,sub-01,1,sub-01_ses-1_epoch-47,4,0
ICA-cleaned,sub-01,1,sub-01_ses-1_epoch-47,5,0
ICA-cleaned,sub-01,1,sub-01_ses-1_epoch-47,6,0
ICA-cleaned,sub-01,1,sub-01_ses-1_epoch-47,7,0
ICA-cleaned,sub-01,1,sub-01_ses-1_epoch-48,0,1
ICA-cleaned,sub-01,1,sub-01_ses-1_epoch-48,1,1
ICA-cleaned,sub-01,1,sub-01_ses-1_epoch-48,2,1
ICA-cleaned,sub-01,1,sub-01_ses-1_epoch-48,3,1
ICA-cleaned,sub-01,1,sub-01_ses-1_epoch-48,4,1
ICA-cleaned,sub-01,1,sub-01_ses-1_epoch-48,5,1
ICA-cleaned,sub-01,1,sub-01_ses-1_epoch-48,6,1
ICA-cleaned,sub-01,1,sub-01_ses-1_epoch-49,0,0
ICA-cleaned,sub-01,1,sub-01_ses-1_epoch-49,1,0
ICA-cleaned,sub-01,1,sub-01_ses-1_epoch-49,2,0
ICA-cleaned,sub-01,1,sub-01_ses-1_epoch-49,3,0
ICA-cleaned,sub-01,1,sub-01_ses-1_epoch-49,4,0
ICA-cleaned,sub-01,1,sub-01_ses-1_epoch-49,5,0
ICA-cleaned,sub-01,1,sub-01_ses-1_epoch-49,6,0
ICA-cleaned,sub-01,1,sub-01_ses-1_epoch-49,7,0
ICA-cleaned,sub-01,1,sub-01_ses-1_epoch-50,0,1
ICA-cleaned,sub-01,1,sub-01_ses-1_epoch-50,1,1
ICA-cleaned,sub-01,1,sub-01_ses-1_epoch-50,2,1
ICA-cleaned,sub-01,1,sub-01_ses-1_epoch-50,3,1
ICA-cleaned,sub-01,1,sub-01_ses-1_epoch-50,4,1
ICA-cleaned,sub-01,1,sub-01_ses-1_epoch-50,5,1
ICA-cleaned,sub-01,1,sub-01_ses-1_epoch-50,6,1
ICA-cleaned,sub-01,1,sub-01_ses-1_epoch-51,0,0
ICA-cleaned,sub-01,1,sub-01_ses-1_epoch-51,1,0
ICA-cleaned,sub-01,1,sub-01_ses-1_epoch-51,2,0
ICA-cleaned,sub-01,1,sub-01_ses-1_epoch-51,3,0
ICA-cleaned,sub-01,1,sub-01_ses-1_epoch-51,4,0
ICA-cleaned,sub-01,1,sub-01_ses-1_epoch-51,5,0
ICA-cleaned,sub-01,1,sub-01_ses-1_epoch-51,6,0
ICA-cleaned,sub-01,1,sub-01_ses-1_epoch-51,7,0
ICA-cleaned,sub-01,1,sub-01_ses-1_epoch-52,0,1
ICA-cleaned,sub-01,1,sub-01_ses-1_epoch-52,1,1
ICA-cleaned,sub-01,1,sub-01_ses-1_epoch-52,2,1
ICA-cleaned,sub-01,1,sub-01_ses-1_epoch-52,3,1
ICA-cleaned,sub-01,1,sub-01_ses-1_epoch-52,4,1
ICA-cleaned,sub-01,1,sub-01_ses-1_epoch-52,5,1
ICA-cleaned,sub-01,1,sub-01_ses-1_epoch-52,6,1
ICA-cleaned,sub-01,1,sub-01_ses-1_epoch-53,0,0
ICA-cleaned,sub-01,1,sub-01_ses-1_epoch-53,1,0
ICA-cleaned,sub-01,1,sub-01_ses-1_epoch-53,2,0
ICA-cleaned,sub-01,1,sub-01_ses-1_epoch-53,3,0
ICA-cleaned,sub-01,1,sub-01_ses-1_epoch-53,4,0
ICA-cleaned,sub-01,1,sub-01_ses-1_epoch-53,5,0
ICA-cleaned,sub-01,1,sub-01_ses-1_epoch-53,6,0
ICA-cleaned,sub-01,1,sub-01_ses-1_epoch-53,7,0
ICA-cleaned,sub-01,1,sub-01_ses-1_epoch-54,0,1
ICA-cleaned,sub-01,1,sub-01_ses-1_epoch-54,1,1
ICA-cleaned,sub-01,1,sub-01_ses-1_epoch-54,2,1
ICA-cleaned,sub-01,1,sub-01_ses-1_epoch-54,3,1
ICA-cleaned,sub-01,1,sub-01_ses-1_epoch-54,4,1
ICA-cleaned,sub-01,1,sub-01_ses-1_epoch-54,5,1
ICA-cleaned,sub-01,1,sub-01_ses-1_epoch-54,6,1
ICA-cleaned,sub-01,1,sub-01_ses-1_epoch-55,0,0
ICA-cleaned,sub-01,1,sub-01_ses-1_epoch-55,1,0
ICA-cleaned,sub-01,1,sub-01_ses-1_epoch-55,2,0
ICA-cleaned,sub-01,1,sub-01_ses-1_epoch-55,3,0
ICA-cleaned,sub-01,1,sub-01_ses-1_epoch-55,4,0
ICA-cleaned,sub-01,1,sub-01_ses-1_epoch-55,5,0
ICA-cleaned,sub-01,1,sub-01_ses-1_epoch-55,6,0
ICA-cleaned,sub-01,1,sub-01_ses-1_epoch-55,7,0
ICA-cleaned,sub-01,1,sub-01_ses-1_epoch-56,0,0
ICA-cleaned,sub-01,1,sub-01_ses-1_epoch-56,1,0
ICA-cleaned,sub-01,1,sub-01_ses-1_epoch-56,2,0
ICA-cleaned,sub-01,1,sub-01_ses-1_epoch-56,3,0
ICA-cleaned,sub-01,1,sub-01_ses-1_epoch-56,4,0
ICA-cleaned,sub-01,1,sub-01_ses-1_epoch-56,5,0
ICA-cleaned,sub-01,1,sub-01_ses-1_epoch-56,6,0
ICA-cleaned,sub-01,1,sub-01_ses-1_epoch-56,7,0
Raw,sub-01,2,sub-01_ses-2_epoch-1,0,0
Raw,sub-01,2,sub-01_ses-2_epoch-1,1,0
Raw,sub-01,2,sub-01_ses-2_epoch-1,2,0
Raw,sub-01,2,sub-01_ses-2_epoch-1,3,0
Raw,sub-01,2,sub-01_ses-2_epoch-1,4,0
Raw,sub-01,2,sub-01_ses-2_epoch-1,5,0
Raw,sub-01,2,sub-01_ses-2_epoch-1,6,0
Raw,sub-01,2,sub-01_ses-2_epoch-1,7,0
Raw,sub-01,2,sub-01_ses-2_epoch-2,0,0
Raw,sub-01,2,sub-01_ses-2_epoch-2,1,0
Raw,sub-01,2,sub-01_ses-2_epoch-2,2,0
Raw,sub-01,2,sub-01_ses-2_epoch-2,3,0
Raw,sub-01,2,sub-01_ses-2_epoch-2,4,0
Raw,sub-01,2,sub-01_ses-2_epoch-2,5,0
Raw,sub-01,2,sub-01_ses-2_epoch-2,6,0
Raw,sub-01,2,sub-01_ses-2_epoch-2,7,0
Raw,sub-01,2,sub-01_ses-2_epoch-3,0,0
Raw,sub-01,2,sub-01_ses-2_epoch-3,1,0
Raw,sub-01,2,sub-01_ses-2_epoch-3,2,0
Raw,sub-01,2,sub-01_ses-2_epoch-3,3,0
Raw,sub-01,2,sub-01_ses-2_epoch-3,4,0
Raw,sub-01,2,sub-01_ses-2_epoch-3,5,0
Raw,sub-01,2,sub-01_ses-2_epoch-3,6,0
Raw,sub-01,2,sub-01_ses-2_epoch-3,7,0
Raw,sub-01,2,sub-01_ses-2_epoch-4,0,1
Raw,sub-01,2,sub-01_ses-2_epoch-4,1,1
Raw,sub-01,2,sub-01_ses-2_epoch-4,2,1
Raw,sub-01,2,sub-01_ses-2_epoch-4,3,1
Raw,sub-01,2,sub-01_ses-2_epoch-4,4,1
Raw,sub-01,2,sub-01_ses-2_epoch-4,5,1
Raw,sub-01,2,sub-01_ses-2_epoch-4,6,1
Raw,sub-01,2,sub-01_ses-2_epoch-5,0,0
Raw,sub-01,2,sub-01_ses-2_epoch-5,1,0
Raw,sub-01,2,sub-01_ses-2_epoch-5,2,0
Raw,sub-01,2,sub-01_ses-2_epoch-5,3,0
Raw,sub-01,2,sub-01_ses-2_epoch-5,4,0
Raw,sub-01,2,sub-01_ses-2_epoch-5,5,0
Raw,sub-01,2,sub-01_ses-2_epoch-5,6,0
Raw,sub-01,2,sub-01_ses-2_epoch-5,7,0
Raw,sub-01,2,sub-01_ses-2_epoch-6,0,1
Raw,sub-01,2,sub-01_ses-2_epoch-6,1,1
Raw,sub-01,2,sub-01_ses-2_epoch-6,2,1
Raw,sub-01,2,sub-01_ses-2_epoch-6,3,1
Raw,sub-01,2,sub-01_ses-2_epoch-6,4,1
Raw,sub-01,2,sub-01_ses-2_epoch-6,5,1
Raw,sub-01,2,sub-01_ses-2_epoch-6,6,1
Raw,sub-01,2,sub-01_ses-2_epoch-7,0,0
Raw,sub-01,2,sub-01_ses-2_epoch-7,1,0
Raw,sub-01,2,sub-01_ses-2_epoch-7,2,0
Raw,sub-01,2,sub-01_ses-2_epoch-7,3,0
Raw,sub-01,2,sub-01_ses-2_epoch-7,4,0
Raw,sub-01,2,sub-01_ses-2_epoch-7,5,0
Raw,sub-01,2,sub-01_ses-2_epoch-7,6,0
Raw,sub-01,2,sub-01_ses-2_epoch-7,7,0
Raw,sub-01,2,sub-01_ses-2_epoch-8,0,1
Raw,sub-01,2,sub-01_ses-2_epoch-8,1,1
Raw,sub-01,2,sub-01_ses-2_epoch-8,2,1
Raw,sub-01,2,sub-01_ses-2_epoch-8,3,1
Raw,sub-01,2,sub-01_ses-2_epoch-8,4,1
Raw,sub-01,2,sub-01_ses-2_epoch-8,5,1
Raw,sub-01,2,sub-01_ses-2_epoch-8,6,1
Raw,sub-01,2,sub-01_ses-2_epoch-9,0,0
Raw,sub-01,2,sub-01_ses-2_epoch-9,1,0
Raw,sub-01,2,sub-01_ses-2_epoch-9,2,0
Raw,sub-01,2,sub-01_ses-2_epoch-9,3,0
Raw,sub-01,2,sub-01_ses-2_epoch-9,4,0
Raw,sub-01,2,sub-01_ses-2_epoch-9,5,0
Raw,sub-01,2,sub-01_ses-2_epoch-9,6,0
Raw,sub-01,2,sub-01_ses-2_epoch-9,7,0
Raw,sub-01,2,sub-01_ses-2_epoch-10,0,1
Raw,sub-01,2,sub-01_ses-2_epoch-10,1,1
Raw,sub-01,2,sub-01_ses-2_epoch-10,2,1
Raw,sub-01,2,sub-01_ses-2_epoch-10,3,1
Raw,sub-01,2,sub-01_ses-2_epoch-10,4,1
Raw,sub-01,2,sub-01_ses-2_epoch-10,5,1
Raw,sub-01,2,sub-01_ses-2_epoch-10,6,1
Raw,sub-01,2,sub-01_ses-2_epoch-11,0,0
Raw,sub-01,2,sub-01_ses-2_epoch-11,1,0
Raw,sub-01,2,sub-01_ses-2_epoch-11,2,0
Raw,sub-01,2,sub-01_ses-2_epoch-11,3,0
Raw,sub-01,2,sub-01_ses-2_epoch-11,4,0
Raw,sub-01,2,sub-01_ses-2_epoch-11,5,0
Raw,sub-01,2,sub-01_ses-2_epoch-11,6,0
Raw,sub-01,2,sub-01_ses-2_epoch-11,7,0
Raw,sub-01,2,sub-01_ses-2_epoch-12,0,1
Raw,sub-01,2,sub-01_ses-2_epoch-12,1,1
Raw,sub-01,2,sub-01_ses-2_epoch-12,2,1
Raw,sub-01,2,sub-01_ses-2_epoch-12,3,1
Raw,sub-01,2,sub-01_ses-2_epoch-12,4,1
Raw,sub-01,2,sub-01_ses-2_epoch-12,5,1
Raw,sub-01,2,sub-01_ses-2_epoch-12,6,1
Raw,sub-01,2,sub-01_ses-2_epoch-13,0,0
Raw,sub-01,2,sub-01_ses-2_epoch-13,1,0
Raw,sub-01,2,sub-01_ses-2_epoch-13,2,0
Raw,sub-01,2,sub-01_ses-2_epoch-13,3,0
Raw,sub-01,2,sub-01_ses-2_epoch-13,4,0
Raw,sub-01,2,sub-01_ses-2_epoch-13,5,0
Raw,sub-01,2,sub-01_ses-2_epoch-13,6,0
Raw,sub-01,2,sub-01_ses-2_epoch-13,7,0
Raw,sub-01,2,sub-01_ses-2_epoch-14,0,1
Raw,sub-01,2,sub-01_ses-2_epoch-14,1,1
Raw,sub-01,2,sub-01_ses-2_epoch-14,2,1
Raw,sub-01,2,sub-01_ses-2_epoch-14,3,1
Raw,sub-01,2,sub-01_ses-2_epoch-14,4,1
Raw,sub-01,2,sub-01_ses-2_epoch-14,5,1
Raw,sub-01,2,sub-01_ses-2_epoch-14,6,1
Raw,sub-01,2,sub-01_ses-2_epoch-15,0,0
Raw,sub-01,2,sub-01_ses-2_epoch-15,1,0
Raw,sub-01,2,sub-01_ses-2_epoch-15,2,0
Raw,sub-01,2,sub-01_ses-2_epoch-15,3,0
Raw,sub-01,2,sub-01_ses-2_epoch-15,4,0
Raw,sub-01,2,sub-01_ses-2_epoch-15,5,0
Raw,sub-01,2,sub-01_ses-2_epoch-15,6,0
Raw,sub-01,2,sub-01_ses-2_epoch-15,7,0
Raw,sub-01,2,sub-01_ses-2_epoch-16,0,1
Raw,sub-01,2,sub-01_ses-2_epoch-16,1,1
Raw,sub-01,2,sub-01_ses-2_epoch-16,2,1
Raw,sub-01,2,sub-01_ses-2_epoch-16,3,1
Raw,sub-01,2,sub-01_ses-2_epoch-16,4,1
Raw,sub-01,2,sub-01_ses-2_epoch-16,5,1
Raw,sub-01,2,sub-01_ses-2_epoch-16,6,1
Raw,sub-01,2,sub-01_ses-2_epoch-17,0,0
Raw,sub-01,2,sub-01_ses-2_epoch-17,1,0
Raw,sub-01,2,sub-01_ses-2_epoch-17,2,0
Raw,sub-01,2,sub-01_ses-2_epoch-17,3,0
Raw,sub-01,2,sub-01_ses-2_epoch-17,4,0
Raw,sub-01,2,sub-01_ses-2_epoch-17,5,0
Raw,sub-01,2,sub-01_ses-2_epoch-17,6,0
Raw,sub-01,2,sub-01_ses-2_epoch-17,7,0
Raw,sub-01,2,sub-01_ses-2_epoch-18,0,1
Raw,sub-01,2,sub-01_ses-2_epoch-18,1,1
Raw,sub-01,2,sub-01_ses-2_epoch-18,2,1
Raw,sub-01,2,sub-01_ses-2_epoch-18,3,1
Raw,sub-01,2,sub-01_ses-2_epoch-18,4,1
Raw,sub-01,2,sub-01_ses-2_epoch-18,5,1
Raw,sub-01,2,sub-01_ses-2_epoch-18,6,1
Raw,sub-01,2,sub-01_ses-2_epoch-19,0,0
Raw,sub-01,2,sub-01_ses-2_epoch-19,1,0
Raw,sub-01,2,sub-01_ses-2_epoch-19,2,0
Raw,sub-01,2,sub-01_ses-2_epoch-19,3,0
Raw,sub-01,2,sub-01_ses-2_epoch-19,4,0
Raw,sub-01,2,sub-01_ses-2_epoch-19,5,0
Raw,sub-01,2,sub-01_ses-2_epoch-19,6,0
Raw,sub-01,2,sub-01_ses-2_epoch-19,7,0
Raw,sub-01,2,sub-01_ses-2_epoch-20,0,1
Raw,sub-01,2,sub-01_ses-2_epoch-20,1,1
Raw,sub-01,2,sub-01_ses-2_epoch-20,2,1
Raw,sub-01,2,sub-01_ses-2_epoch-20,3,1
Raw,sub-01,2,sub-01_ses-2_epoch-20,4,1
Raw,sub-01,2,sub-01_ses-2_epoch-20,5,1
Raw,sub-01,2,sub-01_ses-2_epoch-20,6,1
Raw,sub-01,2,sub-01_ses-2_epoch-21,0,0
Raw,sub-01,2,sub-01_ses-2_epoch-21,1,0
Raw,sub-01,2,sub-01_ses-2_epoch-21,2,0
Raw,sub-01,2,sub-01_ses-2_epoch-21,3,0
Raw,sub-01,2,sub-01_ses-2_epoch-21,4,0
Raw,sub-01,2,sub-01_ses-2_epoch-21,5,0
Raw,sub-01,2,sub-01_ses-2_epoch-21,6,0
Raw,sub-01,2,sub-01_ses-2_epoch-21,7,0
Raw,sub-01,2,sub-01_ses-2_epoch-22,0,1
Raw,sub-01,2,sub-01_ses-2_epoch-22,1,1
Raw,sub-01,2,sub-01_ses-2_epoch-22,2,1
Raw,sub-01,2,sub-01_ses-2_epoch-22,3,1
Raw,sub-01,2,sub-01_ses-2_epoch-22,4,1
Raw,sub-01,2,sub-01_ses-2_epoch-22,5,1
Raw,sub-01,2,sub-01_ses-2_epoch-22,6,1
Raw,sub-01,2,sub-01_ses-2_epoch-23,0,0
Raw,sub-01,2,sub-01_ses-2_epoch-23,1,0
Raw,sub-01,2,sub-01_ses-2_epoch-23,2,0
Raw,sub-01,2,sub-01_ses-2_epoch-23,3,0
Raw,sub-01,2,sub-01_ses-2_epoch-23,4,0
Raw,sub-01,2,sub-01_ses-2_epoch-23,5,0
Raw,sub-01,2,sub-01_ses-2_epoch-23,6,0
Raw,sub-01,2,sub-01_ses-2_epoch-23,7,0
Raw,sub-01,2,sub-01_ses-2_epoch-24,0,1
Raw,sub-01,2,sub-01_ses-2_epoch-24,1,1
Raw,sub-01,2,sub-01_ses-2_epoch-24,2,1
Raw,sub-01,2,sub-01_ses-2_epoch-24,3,1
Raw,sub-01,2,sub-01_ses-2_epoch-24,4,1
Raw,sub-01,2,sub-01_ses-2_epoch-24,5,1
Raw,sub-01,2,sub-01_ses-2_epoch-24,6,1
Raw,sub-01,2,sub-01_ses-2_epoch-25,0,0
Raw,sub-01,2,sub-01_ses-2_epoch-25,1,0
Raw,sub-01,2,sub-01_ses-2_epoch-25,2,0
Raw,sub-01,2,sub-01_ses-2_epoch-25,3,0
Raw,sub-01,2,sub-01_ses-2_epoch-25,4,0
Raw,sub-01,2,sub-01_ses-2_epoch-25,5,0
Raw,sub-01,2,sub-01_ses-2_epoch-25,6,0
Raw,sub-01,2,sub-01_ses-2_epoch-25,7,0
Raw,sub-01,2,sub-01_ses-2_epoch-26,0,1
Raw,sub-01,2,sub-01_ses-2_epoch-26,1,1
Raw,sub-01,2,sub-01_ses-2_epoch-26,2,1
Raw,sub-01,2,sub-01_ses-2_epoch-26,3,1
Raw,sub-01,2,sub-01_ses-2_epoch-26,4,1
Raw,sub-01,2,sub-01_ses-2_epoch-26,5,1
Raw,sub-01,2,sub-01_ses-2_epoch-26,6,1
Raw,sub-01,2,sub-01_ses-2_epoch-27,0,0
Raw,sub-01,2,sub-01_ses-2_epoch-27,1,0
Raw,sub-01,2,sub-01_ses-2_epoch-27,2,0
Raw,sub-01,2,sub-01_ses-2_epoch-27,3,0
Raw,sub-01,2,sub-01_ses-2_epoch-27,4,0
Raw,sub-01,2,sub-01_ses-2_epoch-27,5,0
Raw,sub-01,2,sub-01_ses-2_epoch-27,6,0
Raw,sub-01,2,sub-01_ses-2_epoch-27,7,0
Raw,sub-01,2,sub-01_ses-2_epoch-28,0,1
Raw,sub-01,2,sub-01_ses-2_epoch-28,1,1
Raw,sub-01,2,sub-01_ses-2_epoch-28,2,1
Raw,sub-01,2,sub-01_ses-2_epoch-28,3,1
Raw,sub-01,2,sub-01_ses-2_epoch-28,4,1
Raw,sub-01,2,sub-01_ses-2_epoch-28,5,1
Raw,sub-01,2,sub-01_ses-2_epoch-28,6,1
Raw,sub-01,2,sub-01_ses-2_epoch-29,0,0
Raw,sub-01,2,sub-01_ses-2_epoch-29,1,0
Raw,sub-01,2,sub-01_ses-2_epoch-29,2,0
Raw,sub-01,2,sub-01_ses-2_epoch-29,3,0
Raw,sub-01,2,sub-01_ses-2_epoch-29,4,0
Raw,sub-01,2,sub-01_ses-2_epoch-29,5,0
Raw,sub-01,2,sub-01_ses-2_epoch-29,6,0
Raw,sub-01,2,sub-01_ses-2_epoch-29,7,0
Raw,sub-01,2,sub-01_ses-2_epoch-30,0,1
Raw,sub-01,2,sub-01_ses-2_epoch-30,1,1
Raw,sub-01,2,sub-01_ses-2_epoch-30,2,1
Raw,sub-01,2,sub-01_ses-2_epoch-30,3,1
Raw,sub-01,2,sub-01_ses-2_epoch-30,4,1
Raw,sub-01,2,sub-01_ses-2_epoch-30,5,1
Raw,sub-01,2,sub-01_ses-2_epoch-30,6,1
Raw,sub-01,2,sub-01_ses-2_epoch-31,0,0
Raw,sub-01,2,sub-01_ses-2_epoch-31,1,0
Raw,sub-01,2,sub-01_ses-2_epoch-31,2,0
Raw,sub-01,2,sub-01_ses-2_epoch-31,3,0
Raw,sub-01,2,sub-01_ses-2_epoch-31,4,0
Raw,sub-01,2,sub-01_ses-2_epoch-31,5,0
Raw,sub-01,2,sub-01_ses-2_epoch-31,6,0
Raw,sub-01,2,sub-01_ses-2_epoch-31,7,0
Raw,sub-01,2,sub-01_ses-2_epoch-32,0,1
Raw,sub-01,2,sub-01_ses-2_epoch-32,1,1
Raw,sub-01,2,sub-01_ses-2_epoch-32,2,1
Raw,sub-01,2,sub-01_ses-2_epoch-32,3,1
Raw,sub-01,2,sub-01_ses-2_epoch-32,4,1
Raw,sub-01,2,sub-01_ses-2_epoch-32,5,1
Raw,sub-01,2,sub-01_ses-2_epoch-32,6,1
Raw,sub-01,2,sub-01_ses-2_epoch-33,0,0
Raw,sub-01,2,sub-01_ses-2_epoch-33,1,0
Raw,sub-01,2,sub-01_ses-2_epoch-33,2,0
Raw,sub-01,2,sub-01_ses-2_epoch-33,3,0
Raw,sub-01,2,sub-01_ses-2_epoch-33,4,0
Raw,sub-01,2,sub-01_ses-2_epoch-33,5,0
Raw,sub-01,2,sub-01_ses-2_epoch-33,6,0
Raw,sub-01,2,sub-01_ses-2_epoch-33,7,0
Raw,sub-01,2,sub-01_ses-2_epoch-34,0,1
Raw,sub-01,2,sub-01_ses-2_epoch-34,1,1
Raw,sub-01,2,sub-01_ses-2_epoch-34,2,1
Raw,sub-01,2,sub-01_ses-2_epoch-34,3,1
Raw,sub-01,2,sub-01_ses-2_epoch-34,4,1
Raw,sub-01,2,sub-01_ses-2_epoch-34,5,1
Raw,sub-01,2,sub-01_ses-2_epoch-34,6,1
Raw,sub-01,2,sub-01_ses-2_epoch-35,0,0
Raw,sub-01,2,sub-01_ses-2_epoch-35,1,0
Raw,sub-01,2,sub-01_ses-2_epoch-35,2,0
Raw,sub-01,2,sub-01_ses-2_epoch-35,3,0
Raw,sub-01,2,sub-01_ses-2_epoch-35,4,0
Raw,sub-01,2,sub-01_ses-2_epoch-35,5,0
Raw,sub-01,2,sub-01_ses-2_epoch-35,6,0
Raw,sub-01,2,sub-01_ses-2_epoch-35,7,0
Raw,sub-01,2,sub-01_ses-2_epoch-36,0,1
Raw,sub-01,2,sub-01_ses-2_epoch-36,1,1
Raw,sub-01,2,sub-01_ses-2_epoch-36,2,1
Raw,sub-01,2,sub-01_ses-2_epoch-36,3,1
Raw,sub-01,2,sub-01_ses-2_epoch-36,4,1
Raw,sub-01,2,sub-01_ses-2_epoch-36,5,1
Raw,sub-01,2,sub-01_ses-2_epoch-36,6,1
Raw,sub-01,2,sub-01_ses-2_epoch-37,0,0
Raw,sub-01,2,sub-01_ses-2_epoch-37,1,0
Raw,sub-01,2,sub-01_ses-2_epoch-37,2,0
Raw,sub-01,2,sub-01_ses-2_epoch-37,3,0
Raw,sub-01,2,sub-01_ses-2_epoch-37,4,0
Raw,sub-01,2,sub-01_ses-2_epoch-37,5,0
Raw,sub-01,2,sub-01_ses-2_epoch-37,6,0
Raw,sub-01,2,sub-01_ses-2_epoch-37,7,0
Raw,sub-01,2,sub-01_ses-2_epoch-38,0,1
Raw,sub-01,2,sub-01_ses-2_epoch-38,1,1
Raw,sub-01,2,sub-01_ses-2_epoch-38,2,1
Raw,sub-01,2,sub-01_ses-2_epoch-38,3,1
Raw,sub-01,2,sub-01_ses-2_epoch-38,4,1
Raw,sub-01,2,sub-01_ses-2_epoch-38,5,1
Raw,sub-01,2,sub-01_ses-2_epoch-38,6,1
Raw,sub-01,2,sub-01_ses-2_epoch-39,0,0
Raw,sub-01,2,sub-01_ses-2_epoch-39,1,0
Raw,sub-01,2,sub-01_ses-2_epoch-39,2,0
Raw,sub-01,2,sub-01_ses-2_epoch-39,3,0
Raw,sub-01,2,sub-01_ses-2_epoch-39,4,0
Raw,sub-01,2,sub-01_ses-2_epoch-39,5,0
Raw,sub-01,2,sub-01_ses-2_epoch-39,6,0
Raw,sub-01,2,sub-01_ses-2_epoch-39,7,0
Raw,sub-01,2,sub-01_ses-2_epoch-40,0,1
Raw,sub-01,2,sub-01_ses-2_epoch-40,1,1
Raw,sub-01,2,sub-01_ses-2_epoch-40,2,1
Raw,sub-01,2,sub-01_ses-2_epoch-40,3,1
Raw,sub-01,2,sub-01_ses-2_epoch-40,4,1
Raw,sub-01,2,sub-01_ses-2_epoch-40,5,1
Raw,sub-01,2,sub-01_ses-2_epoch-40,6,1
Raw,sub-01,2,sub-01_ses-2_epoch-41,0,0
Raw,sub-01,2,sub-01_ses-2_epoch-41,1,0
Raw,sub-01,2,sub-01_ses-2_epoch-41,2,0
Raw,sub-01,2,sub-01_ses-2_epoch-41,3,0
Raw,sub-01,2,sub-01_ses-2_epoch-41,4,0
Raw,sub-01,2,sub-01_ses-2_epoch-41,5,0
Raw,sub-01,2,sub-01_ses-2_epoch-41,6,0
Raw,sub-01,2,sub-01_ses-2_epoch-41,7,0
Raw,sub-01,2,sub-01_ses-2_epoch-42,0,0
Raw,sub-01,2,sub-01_ses-2_epoch-42,1,0
Raw,sub-01,2,sub-01_ses-2_epoch-42,2,0
Raw,sub-01,2,sub-01_ses-2_epoch-42,3,0
Raw,sub-01,2,sub-01_ses-2_epoch-42,4,0
Raw,sub-01,2,sub-01_ses-2_epoch-42,5,0
Raw,sub-01,2,sub-01_ses-2_epoch-42,6,0
Raw,sub-01,2,sub-01_ses-2_epoch-42,7,0
ICA-cleaned,sub-01,2,sub-01_ses-2_epoch-1,0,0
ICA-cleaned,sub-01,2,sub-01_ses-2_epoch-1,1,0
ICA-cleaned,sub-01,2,sub-01_ses-2_epoch-1,2,0
ICA-cleaned,sub-01,2,sub-01_ses-2_epoch-1,3,0
ICA-cleaned,sub-01,2,sub-01_ses-2_epoch-1,4,0
ICA-cleaned,sub-01,2,sub-01_ses-2_epoch-1,5,0
ICA-cleaned,sub-01,2,sub-01_ses-2_epoch-1,6,0
ICA-cleaned,sub-01,2,sub-01_ses-2_epoch-1,7,0
ICA-cleaned,sub-01,2,sub-01_ses-2_epoch-2,0,0
ICA-cleaned,sub-01,2,sub-01_ses-2_epoch-2,1,0
ICA-cleaned,sub-01,2,sub-01_ses-2_epoch-2,2,0
ICA-cleaned,sub-01,2,sub-01_ses-2_epoch-2,3,0
ICA-cleaned,sub-01,2,sub-01_ses-2_epoch-2,4,0
ICA-cleaned,sub-01,2,sub-01_ses-2_epoch-2,5,0
ICA-cleaned,sub-01,2,sub-01_ses-2_epoch-2,6,0
ICA-cleaned,sub-01,2,sub-01_ses-2_epoch-2,7,0
ICA-cleaned,sub-01,2,sub-01_ses-2_epoch-3,0,0
ICA-cleaned,sub-01,2,sub-01_ses-2_epoch-3,1,0
ICA-cleaned,sub-01,2,sub-01_ses-2_epoch-3,2,0
ICA-cleaned,sub-01,2,sub-01_ses-2_epoch-3,3,0
ICA-cleaned,sub-01,2,sub-01_ses-2_epoch-3,4,0
ICA-cleaned,sub-01,2,sub-01_ses-2_epoch-3,5,0
ICA-cleaned,sub-01,2,sub-01_ses-2_epoch-3,6,0
ICA-cleaned,sub-01,2,sub-01_ses-2_epoch-3,7,0
ICA-cleaned,sub-01,2,sub-01_ses-2_epoch-4,0,1
ICA-cleaned,sub-01,2,sub-01_ses-2_epoch-4,1,1
ICA-cleaned,sub-01,2,sub-01_ses-2_epoch-4,2,1
ICA-cleaned,sub-01,2,sub-01_ses-2_epoch-4,3,1
ICA-cleaned,sub-01,2,sub-01_ses-2_epoch-4,4,1
ICA-cleaned,sub-01,2,sub-01_ses-2_epoch-4,5,1
ICA-cleaned,sub-01,2,sub-01_ses-2_epoch-4,6,1
ICA-cleaned,sub-01,2,sub-01_ses-2_epoch-5,0,0
ICA-cleaned,sub-01,2,sub-01_ses-2_epoch-5,1,0
ICA-cleaned,sub-01,2,sub-01_ses-2_epoch-5,2,0
ICA-cleaned,sub-01,2,sub-01_ses-2_epoch-5,3,0
ICA-cleaned,sub-01,2,sub-01_ses-2_epoch-5,4,0
ICA-cleaned,sub-01,2,sub-01_ses-2_epoch-5,5,0
ICA-cleaned,sub-01,2,sub-01_ses-2_epoch-5,6,0
ICA-cleaned,sub-01,2,sub-01_ses-2_epoch-5,7,0
ICA-cleaned,sub-01,2,sub-01_ses-2_epoch-6,0,1
ICA-cleaned,sub-01,2,sub-01_ses-2_epoch-6,1,1
ICA-cleaned,sub-01,2,sub-01_ses-2_epoch-6,2,1
ICA-cleaned,sub-01,2,sub-01_ses-2_epoch-6,3,1
ICA-cleaned,sub-01,2,sub-01_ses-2_epoch-6,4,1
ICA-cleaned,sub-01,2,sub-01_ses-2_epoch-6,5,1
ICA-cleaned,sub-01,2,sub-01_ses-2_epoch-6,6,1
ICA-cleaned,sub-01,2,sub-01_ses-2_epoch-7,0,0
ICA-cleaned,sub-01,2,sub-01_ses-2_epoch-7,1,0
ICA-cleaned,sub-01,2,sub-01_ses-2_epoch-7,2,0
ICA-cleaned,sub-01,2,sub-01_ses-2_epoch-7,3,0
ICA-cleaned,sub-01,2,sub-01_ses-2_epoch-7,4,0
ICA-cleaned,sub-01,2,sub-01_ses-2_epoch-7,5,0
ICA-cleaned,sub-01,2,sub-01_ses-2_epoch-7,6,0
ICA-cleaned,sub-01,2,sub-01_ses-2_epoch-7,7,0
ICA-cleaned,sub-01,2,sub-01_ses-2_epoch-8,0,1
ICA-cleaned,sub-01,2,sub-01_ses-2_epoch-8,1,1
ICA-cleaned,sub-01,2,sub-01_ses-2_epoch-8,2,1
ICA-cleaned,sub-01,2,sub-01_ses-2_epoch-8,3,1
ICA-cleaned,sub-01,2,sub-01_ses-2_epoch-8,4,1
ICA-cleaned,sub-01,2,sub-01_ses-2_epoch-8,5,1
ICA-cleaned,sub-01,2,sub-01_ses-2_epoch-8,6,1
ICA-cleaned,sub-01,2,sub-01_ses-2_epoch-9,0,0
ICA-cleaned,sub-01,2,sub-01_ses-2_epoch-9,1,0
ICA-cleaned,sub-01,2,sub-01_ses-2_epoch-9,2,0
ICA-cleaned,sub-01,2,sub-01_ses-2_epoch-9,3,0
ICA-cleaned,sub-01,2,sub-01_ses-2_epoch-9,4,0
ICA-cleaned,sub-01,2,sub-01_ses-2_epoch-9,5,0
ICA-cleaned,sub-01,2,sub-01_ses-2_epoch-9,6,0
ICA-cleaned,sub-01,2,sub-01_ses-2_epoch-9,7,0
ICA-cleaned,sub-01,2,sub-01_ses-2_epoch-10,0,1
ICA-cleaned,sub-01,2,sub-01_ses-2_epoch-10,1,1
ICA-cleaned,sub-01,2,sub-01_ses-2_epoch-10,2,1
ICA-cleaned,sub-01,2,sub-01_ses-2_epoch-10,3,1
ICA-cleaned,sub-01,2,sub-01_ses-2_epoch-10,4,1
ICA-cleaned,sub-01,2,sub-01_ses-2_epoch-10,5,1
ICA-cleaned,sub-01,2,sub-01_ses-2_epoch-10,6,1
ICA-cleaned,sub-01,2,sub-01_ses-2_epoch-11,0,0
ICA-cleaned,sub-01,2,sub-01_ses-2_epoch-11,1,0
ICA-cleaned,sub-01,2,sub-01_ses-2_epoch-11,2,0
ICA-cleaned,sub-01,2,sub-01_ses-2_epoch-11,3,0
ICA-cleaned,sub-01,2,sub-01_ses-2_epoch-11,4,0
ICA-cleaned,sub-01,2,sub-01_ses-2_epoch-11,5,0
ICA-cleaned,sub-01,2,sub-01_ses-2_epoch-11,6,0
ICA-cleaned,sub-01,2,sub-01_ses-2_epoch-11,7,0
ICA-cleaned,sub-01,2,sub-01_ses-2_epoch-12,0,1
ICA-cleaned,sub-01,2,sub-01_ses-2_epoch-12,1,1
ICA-cleaned,sub-01,2,sub-01_ses-2_epoch-12,2,1
ICA-cleaned,sub-01,2,sub-01_ses-2_epoch-12,3,1
ICA-cleaned,sub-01,2,sub-01_ses-2_epoch-12,4,1
ICA-cleaned,sub-01,2,sub-01_ses-2_epoch-12,5,1
ICA-cleaned,sub-01,2,sub-01_ses-2_epoch-12,6,1
ICA-cleaned,sub-01,2,sub-01_ses-2_epoch-13,0,0
ICA-cleaned,sub-01,2,sub-01_ses-2_epoch-13,1,0
ICA-cleaned,sub-01,2,sub-01_ses-2_epoch-13,2,0
ICA-cleaned,sub-01,2,sub-01_ses-2_epoch-13,3,0
ICA-cleaned,sub-01,2,sub-01_ses-2_epoch-13,4,0
ICA-cleaned,sub-01,2,sub-01_ses-2_epoch-13,5,0
ICA-cleaned,sub-01,2,sub-01_ses-2_epoch-13,6,0
ICA-cleaned,sub-01,2,sub-01_ses-2_epoch-13,7,0
ICA-cleaned,sub-01,2,sub-01_ses-2_epoch-14,0,1
ICA-cleaned,sub-01,2,sub-01_ses-2_epoch-14,1,1
ICA-cleaned,sub-01,2,sub-01_ses-2_epoch-14,2,1
ICA-cleaned,sub-01,2,sub-01_ses-2_epoch-14,3,1
ICA-cleaned,sub-01,2,sub-01_ses-2_epoch-14,4,1
ICA-cleaned,sub-01,2,sub-01_ses-2_epoch-14,5,1
ICA-cleaned,sub-01,2,sub-01_ses-2_epoch-14,6,1
ICA-cleaned,sub-01,2,sub-01_ses-2_epoch-15,0,0
ICA-cleaned,sub-01,2,sub-01_ses-2_epoch-15,1,0
ICA-cleaned,sub-01,2,sub-01_ses-2_epoch-15,2,0
ICA-cleaned,sub-01,2,sub-01_ses-2_epoch-15,3,0
ICA-cleaned,sub-01,2,sub-01_ses-2_epoch-15,4,0
ICA-cleaned,sub-01,2,sub-01_ses-2_epoch-15,5,0
ICA-cleaned,sub-01,2,sub-01_ses-2_epoch-15,6,0
ICA-cleaned,sub-01,2,sub-01_ses-2_epoch-15,7,0
ICA-cleaned,sub-01,2,sub-01_ses-2_epoch-16,0,1
ICA-cleaned,sub-01,2,sub-01_ses-2_epoch-16,1,1
ICA-cleaned,sub-01,2,sub-01_ses-2_epoch-16,2,1
ICA-cleaned,sub-01,2,sub-01_ses-2_epoch-16,3,1
ICA-cleaned,sub-01,2,sub-01_ses-2_epoch-16,4,1
ICA-cleaned,sub-01,2,sub-01_ses-2_epoch-16,5,1
ICA-cleaned,sub-01,2,sub-01_ses-2_epoch-16,6,1
ICA-cleaned,sub-01,2,sub-01_ses-2_epoch-17,0,0
ICA-cleaned,sub-01,2,sub-01_ses-2_epoch-17,1,0
ICA-cleaned,sub-01,2,sub-01_ses-2_epoch-17,2,0
ICA-cleaned,sub-01,2,sub-01_ses-2_epoch-17,3,0
ICA-cleaned,sub-01,2,sub-01_ses-2_epoch-17,4,0
ICA-cleaned,sub-01,2,sub-01_ses-2_epoch-17,5,0
ICA-cleaned,sub-01,2,sub-01_ses-2_epoch-17,6,0
ICA-cleaned,sub-01,2,sub-01_ses-2_epoch-17,7,0
ICA-cleaned,sub-01,2,sub-01_ses-2_epoch-18,0,1
ICA-cleaned,sub-01,2,sub-01_ses-2_epoch-18,1,1
ICA-cleaned,sub-01,2,sub-01_ses-2_epoch-18,2,1
ICA-cleaned,sub-01,2,sub-01_ses-2_epoch-18,3,1
ICA-cleaned,sub-01,2,sub-01_ses-2_epoch-18,4,1
ICA-cleaned,sub-01,2,sub-01_ses-2_epoch-18,5,1
ICA-cleaned,sub-01,2,sub-01_ses-2_epoch-18,6,1
ICA-cleaned,sub-01,2,sub-01_ses-2_epoch-19,0,0
ICA-cleaned,sub-01,2,sub-01_ses-2_epoch-19,1,0
ICA-cleaned,sub-01,2,sub-01_ses-2_epoch-19,2,0
ICA-cleaned,sub-01,2,sub-01_ses-2_epoch-19,3,0
ICA-cleaned,sub-01,2,sub-01_ses-2_epoch-19,4,0
ICA-cleaned,sub-01,2,sub-01_ses-2_epoch-19,5,0
ICA-cleaned,sub-01,2,sub-01_ses-2_epoch-19,6,0
ICA-cleaned,sub-01,2,sub-01_ses-2_epoch-19,7,0
ICA-cleaned,sub-01,2,sub-01_ses-2_epoch-20,0,1
ICA-cleaned,sub-01,2,sub-01_ses-2_epoch-20,1,1
ICA-cleaned,sub-01,2,sub-01_ses-2_epoch-20,2,1
ICA-cleaned,sub-01,2,sub-01_ses-2_epoch-20,3,1
ICA-cleaned,sub-01,2,sub-01_ses-2_epoch-20,4,1
ICA-cleaned,sub-01,2,sub-01_ses-2_epoch-20,5,1
ICA-cleaned,sub-01,2,sub-01_ses-2_epoch-20,6,1
ICA-cleaned,sub-01,2,sub-01_ses-2_epoch-21,0,0
ICA-cleaned,sub-01,2,sub-01_ses-2_epoch-21,1,0
ICA-cleaned,sub-01,2,sub-01_ses-2_epoch-21,2,0
ICA-cleaned,sub-01,2,sub-01_ses-2_epoch-21,3,0
ICA-cleaned,sub-01,2,sub-01_ses-2_epoch-21,4,0
ICA-cleaned,sub-01,2,sub-01_ses-2_epoch-21,5,0
ICA-cleaned,sub-01,2,sub-01_ses-2_epoch-21,6,0
ICA-cleaned,sub-01,2,sub-01_ses-2_epoch-21,7,0
ICA-cleaned,sub-01,2,sub-01_ses-2_epoch-22,0,1
ICA-cleaned,sub-01,2,sub-01_ses-2_epoch-22,1,1
ICA-cleaned,sub-01,2,sub-01_ses-2_epoch-22,2,1
ICA-cleaned,sub-01,2,sub-01_ses-2_epoch-22,3,1
ICA-cleaned,sub-01,2,sub-01_ses-2_epoch-22,4,1
ICA-cleaned,sub-01,2,sub-01_ses-2_epoch-22,5,1
ICA-cleaned,sub-01,2,sub-01_ses-2_epoch-22,6,1
ICA-cleaned,sub-01,2,sub-01_ses-2_epoch-23,0,0
ICA-cleaned,sub-01,2,sub-01_ses-2_epoch-23,1,0
ICA-cleaned,sub-01,2,sub-01_ses-2_epoch-23,2,0
ICA-cleaned,sub-01,2,sub-01_ses-2_epoch-23,3,0
ICA-cleaned,sub-01,2,sub-01_ses-2_epoch-23,4,0
ICA-cleaned,sub-01,2,sub-01_ses-2_epoch-23,5,0
ICA-cleaned,sub-01,2,sub-01_ses-2_epoch-23,6,0
ICA-cleaned,sub-01,2,sub-01_ses-2_epoch-23,7,0
ICA-cleaned,sub-01,2,sub-01_ses-2_epoch-24,0,1
ICA-cleaned,sub-01,2,sub-01_ses-2_epoch-24,1,1
ICA-cleaned,sub-01,2,sub-01_ses-2_epoch-24,2,1
ICA-cleaned,sub-01,2,sub-01_ses-2_epoch-24,3,1
ICA-cleaned,sub-01,2,sub-01_ses-2_epoch-24,4,1
ICA-cleaned,sub-01,2,sub-01_ses-2_epoch-24,5,1
ICA-cleaned,sub-01,2,sub-01_ses-2_epoch-24,6,1
ICA-cleaned,sub-01,2,sub-01_ses-2_epoch-25,0,0
ICA-cleaned,sub-01,2,sub-01_ses-2_epoch-25,1,0
ICA-cleaned,sub-01,2,sub-01_ses-2_epoch-25,2,0
ICA-cleaned,sub-01,2,sub-01_ses-2_epoch-25,3,0
ICA-cleaned,sub-01,2,sub-01_ses-2_epoch-25,4,0
ICA-cleaned,sub-01,2,sub-01_ses-2_epoch-25,5,0
ICA-cleaned,sub-01,2,sub-01_ses-2_epoch-25,6,0
ICA-cleaned,sub-01,2,sub-01_ses-2_epoch-25,7,0
ICA-cleaned,sub-01,2,sub-01_ses-2_epoch-26,0,1
ICA-cleaned,sub-01,2,sub-01_ses-2_epoch-26,1,1
ICA-cleaned,sub-01,2,sub-01_ses-2_epoch-26,2,1
ICA-cleaned,sub-01,2,sub-01_ses-2_epoch-26,3,1
ICA-cleaned,sub-01,2,sub-01_ses-2_epoch-26,4,1
ICA-cleaned,sub-01,2,sub-01_ses-2_epoch-26,5,1
ICA-cleaned,sub-01,2,sub-01_ses-2_epoch-26,6,1
ICA-cleaned,sub-01,2,sub-01_ses-2_epoch-27,0,0
ICA-cleaned,sub-01,2,sub-01_ses-2_epoch-27,1,0
ICA-cleaned,sub-01,2,sub-01_ses-2_epoch-27,2,0
ICA-cleaned,sub-01,2,sub-01_ses-2_epoch-27,3,0
ICA-cleaned,sub-01,2,sub-01_ses-2_epoch-27,4,0
ICA-cleaned,sub-01,2,sub-01_ses-2_epoch-27,5,0
ICA-cleaned,sub-01,2,sub-01_ses-2_epoch-27,6,0
ICA-cleaned,sub-01,2,sub-01_ses-2_epoch-27,7,0
ICA-cleaned,sub-01,2,sub-01_ses-2_epoch-28,0,1
ICA-cleaned,sub-01,2,sub-01_ses-2_epoch-28,1,1
ICA-cleaned,sub-01,2,sub-01_ses-2_epoch-28,2,1
ICA-cleaned,sub-01,2,sub-01_ses-2_epoch-28,3,1
ICA-cleaned,sub-01,2,sub-01_ses-2_epoch-28,4,1
ICA-cleaned,sub-01,2,sub-01_ses-2_epoch-28,5,1
ICA-cleaned,sub-01,2,sub-01_ses-2_epoch-28,6,1
ICA-cleaned,sub-01,2,sub-01_ses-2_epoch-29,0,0
ICA-cleaned,sub-01,2,sub-01_ses-2_epoch-29,1,0
ICA-cleaned,sub-01,2,sub-01_ses-2_epoch-29,2,0
ICA-cleaned,sub-01,2,sub-01_ses-2_epoch-29,3,0
ICA-cleaned,sub-01,2,sub-01_ses-2_epoch-29,4,0
ICA-cleaned,sub-01,2,sub-01_ses-2_epoch-29,5,0
ICA-cleaned,sub-01,2,sub-01_ses-2_epoch-29,6,0
ICA-cleaned,sub-01,2,sub-01_ses-2_epoch-29,7,0
ICA-cleaned,sub-01,2,sub-01_ses-2_epoch-30,0,1
ICA-cleaned,sub-01,2,sub-01_ses-2_epoch-30,1,1
ICA-cleaned,sub-01,2,sub-01_ses-2_epoch-30,2,1
ICA-cleaned,sub-01,2,sub-01_ses-2_epoch-30,3,1
ICA-cleaned,sub-01,2,sub-01_ses-2_epoch-30,4,1
ICA-cleaned,sub-01,2,sub-01_ses-2_epoch-30,5,1
ICA-cleaned,sub-01,2,sub-01_ses-2_epoch-30,6,1
ICA-cleaned,sub-01,2,sub-01_ses-2_epoch-31,0,0
ICA-cleaned,sub-01,2,sub-01_ses-2_epoch-31,1,0
ICA-cleaned,sub-01,2,sub-01_ses-2_epoch-31,2,0
ICA-cleaned,sub-01,2,sub-01_ses-2_epoch-31,3,0
ICA-cleaned,sub-01,2,sub-01_ses-2_epoch-31,4,0
ICA-cleaned,sub-01,2,sub-01_ses-2_epoch-31,5,0
ICA-cleaned,sub-01,2,sub-01_ses-2_epoch-31,6,0
ICA-cleaned,sub-01,2,sub-01_ses-2_epoch-31,7,0
ICA-cleaned,sub-01,2,sub-01_ses-2_epoch-32,0,1
ICA-cleaned,sub-01,2,sub-01_ses-2_epoch-32,1,1
ICA-cleaned,sub-01,2,sub-01_ses-2_epoch-32,2,1
ICA-cleaned,sub-01,2,sub-01_ses-2_epoch-32,3,1
ICA-cleaned,sub-01,2,sub-01_ses-2_epoch-32,4,1
ICA-cleaned,sub-01,2,sub-01_ses-2_epoch-32,5,1
ICA-cleaned,sub-01,2,sub-01_ses-2_epoch-32,6,1
ICA-cleaned,sub-01,2,sub-01_ses-2_epoch-33,0,0
ICA-cleaned,sub-01,2,sub-01_ses-2_epoch-33,1,0
ICA-cleaned,sub-01,2,sub-01_ses-2_epoch-33,2,0
ICA-cleaned,sub-01,2,sub-01_ses-2_epoch-33,3,0
ICA-cleaned,sub-01,2,sub-01_ses-2_epoch-33,4,0
ICA-cleaned,sub-01,2,sub-01_ses-2_epoch-33,5,0
ICA-cleaned,sub-01,2,sub-01_ses-2_epoch-33,6,0
ICA-cleaned,sub-01,2,sub-01_ses-2_epoch-33,7,0
ICA-cleaned,sub-01,2,sub-01_ses-2_epoch-34,0,1
ICA-cleaned,sub-01,2,sub-01_ses-2_epoch-34,1,1
ICA-cleaned,sub-01,2,sub-01_ses-2_epoch-34,2,1
ICA-cleaned,sub-01,2,sub-01_ses-2_epoch-34,3,1
ICA-cleaned,sub-01,2,sub-01_ses-2_epoch-34,4,1
ICA-cleaned,sub-01,2,sub-01_ses-2_epoch-34,5,1
ICA-cleaned,sub-01,2,sub-01_ses-2_epoch-34,6,1
ICA-cleaned,sub-01,2,sub-01_ses-2_epoch-35,0,0
ICA-cleaned,sub-01,2,sub-01_ses-2_epoch-35,1,0
ICA-cleaned,sub-01,2,sub-01_ses-2_epoch-35,2,0
ICA-cleaned,sub-01,2,sub-01_ses-2_epoch-35,3,0
ICA-cleaned,sub-01,2,sub-01_ses-2_epoch-35,4,0
ICA-cleaned,sub-01,2,sub-01_ses-2_epoch-35,5,0
ICA-cleaned,sub-01,2,sub-01_ses-2_epoch-35,6,0
ICA-cleaned,sub-01,2,sub-01_ses-2_epoch-35,7,0
ICA-cleaned,sub-01,2,sub-01_ses-2_epoch-36,0,1
ICA-cleaned,sub-01,2,sub-01_ses-2_epoch-36,1,1
ICA-cleaned,sub-01,2,sub-01_ses-2_epoch-36,2,1
ICA-cleaned,sub-01,2,sub-01_ses-2_epoch-36,3,1
ICA-cleaned,sub-01,2,sub-01_ses-2_epoch-36,4,1
ICA-cleaned,sub-01,2,sub-01_ses-2_epoch-36,5,1
ICA-cleaned,sub-01,2,sub-01_ses-2_epoch-36,6,1
ICA-cleaned,sub-01,2,sub-01_ses-2_epoch-37,0,0
ICA-cleaned,sub-01,2,sub-01_ses-2_epoch-37,1,0
ICA-cleaned,sub-01,2,sub-01_ses-2_epoch-37,2,0
ICA-cleaned,sub-01,2,sub-01_ses-2_epoch-37,3,0
ICA-cleaned,sub-01,2,sub-01_ses-2_epoch-37,4,0
ICA-cleaned,sub-01,2,sub-01_ses-2_epoch-37,5,0
ICA-cleaned,sub-01,2,sub-01_ses-2_epoch-37,6,0
ICA-cleaned,sub-01,2,sub-01_ses-2_epoch-37,7,0
ICA-cleaned,sub-01,2,sub-01_ses-2_epoch-38,0,1
ICA-cleaned,sub-01,2,sub-01_ses-2_epoch-38,1,1
ICA-cleaned,sub-01,2,sub-01_ses-2_epoch-38,2,1
ICA-cleaned,sub-01,2,sub-01_ses-2_epoch-38,3,1
ICA-cleaned,sub-01,2,sub-01_ses-2_epoch-38,4,1
ICA-cleaned,sub-01,2,sub-01_ses-2_epoch-38,5,1
ICA-cleaned,sub-01,2,sub-01_ses-2_epoch-38,6,1
ICA-cleaned,sub-01,2,sub-01_ses-2_epoch-39,0,0
ICA-cleaned,sub-01,2,sub-01_ses-2_epoch-39,1,0
ICA-cleaned,sub-01,2,sub-01_ses-2_epoch-39,2,0
ICA-cleaned,sub-01,2,sub-01_ses-2_epoch-39,3,0
ICA-cleaned,sub-01,2,sub-01_ses-2_epoch-39,4,0
ICA-cleaned,sub-01,2,sub-01_ses-2_epoch-39,5,0
ICA-cleaned,sub-01,2,sub-01_ses-2_epoch-39,6,0
ICA-cleaned,sub-01,2,sub-01_ses-2_epoch-39,7,0
ICA-cleaned,sub-01,2,sub-01_ses-2_epoch-40,0,1
ICA-cleaned,sub-01,2,sub-01_ses-2_epoch-40,1,1
ICA-cleaned,sub-01,2,sub-01_ses-2_epoch-40,2,1
ICA-cleaned,sub-01,2,sub-01_ses-2_epoch-40,3,1
ICA-cleaned,sub-01,2,sub-01_ses-2_epoch-40,4,1
ICA-cleaned,sub-01,2,sub-01_ses-2_epoch-40,5,1
ICA-cleaned,sub-01,2,sub-01_ses-2_epoch-40,6,1
ICA-cleaned,sub-01,2,sub-01_ses-2_epoch-41,0,0
ICA-cleaned,sub-01,2,sub-01_ses-2_epoch-41,1,0
ICA-cleaned,sub-01,2,sub-01_ses-2_epoch-41,2,0
ICA-cleaned,sub-01,2,sub-01_ses-2_epoch-41,3,0
ICA-cleaned,sub-01,2,sub-01_ses-2_epoch-41,4,0
ICA-cleaned,sub-01,2,sub-01_ses-2_epoch-41,5,0
ICA-cleaned,sub-01,2,sub-01_ses-2_epoch-41,6,0
ICA-cleaned,sub-01,2,sub-01_ses-2_epoch-41,7,0
ICA-cleaned,sub-01,2,sub-01_ses-2_epoch-42,0,0
ICA-cleaned,sub-01,2,sub-01_ses-2_epoch-42,1,0
ICA-cleaned,sub-01,2,sub-01_ses-2_epoch-42,2,0
ICA-cleaned,sub-01,2,sub-01_ses-2_epoch-42,3,0
ICA-cleaned,sub-01,2,sub-01_ses-2_epoch-42,4,0
ICA-cleaned,sub-01,2,sub-01_ses-2_epoch-42,5,0
ICA-cleaned,sub-01,2,sub-01_ses-2_epoch-42,6,0
ICA-cleaned,sub-01,2,sub-01_ses-2_epoch-42,7,0
Raw,sub-01,3,sub-01_ses-3_epoch-1,0,0
Raw,sub-01,3,sub-01_ses-3_epoch-1,1,0
Raw,sub-01,3,sub-01_ses-3_epoch-1,2,0
Raw,sub-01,3,sub-01_ses-3_epoch-1,3,0
Raw,sub-01,3,sub-01_ses-3_epoch-1,4,0
Raw,sub-01,3,sub-01_ses-3_epoch-1,5,0
Raw,sub-01,3,sub-01_ses-3_epoch-1,6,0
Raw,sub-01,3,sub-01_ses-3_epoch-1,7,0
Raw,sub-01,3,sub-01_ses-3_epoch-2,0,0
Raw,sub-01,3,sub-01_ses-3_epoch-2,1,0
Raw,sub-01,3,sub-01_ses-3_epoch-2,2,0
Raw,sub-01,3,sub-01_ses-3_epoch-2,3,0
Raw,sub-01,3,sub-01_ses-3_epoch-2,4,0
Raw,sub-01,3,sub-01_ses-3_epoch-2,5,0
Raw,sub-01,3,sub-01_ses-3_epoch-2,6,0
Raw,sub-01,3,sub-01_ses-3_epoch-2,7,0
Raw,sub-01,3,sub-01_ses-3_epoch-3,0,0
Raw,sub-01,3,sub-01_ses-3_epoch-3,1,0
Raw,sub-01,3,sub-01_ses-3_epoch-3,2,0
Raw,sub-01,3,sub-01_ses-3_epoch-3,3,0
Raw,sub-01,3,sub-01_ses-3_epoch-3,4,0
Raw,sub-01,3,sub-01_ses-3_epoch-3,5,0
Raw,sub-01,3,sub-01_ses-3_epoch-3,6,0
Raw,sub-01,3,sub-01_ses-3_epoch-3,7,0
Raw,sub-01,3,sub-01_ses-3_epoch-4,0,1
Raw,sub-01,3,sub-01_ses-3_epoch-4,1,1
Raw,sub-01,3,sub-01_ses-3_epoch-4,2,1
Raw,sub-01,3,sub-01_ses-3_epoch-4,3,1
Raw,sub-01,3,sub-01_ses-3_epoch-4,4,1
Raw,sub-01,3,sub-01_ses-3_epoch-4,5,1
Raw,sub-01,3,sub-01_ses-3_epoch-4,6,1
Raw,sub-01,3,sub-01_ses-3_epoch-5,0,0
Raw,sub-01,3,sub-01_ses-3_epoch-5,1,0
Raw,sub-01,3,sub-01_ses-3_epoch-5,2,0
Raw,sub-01,3,sub-01_ses-3_epoch-5,3,0
Raw,sub-01,3,sub-01_ses-3_epoch-5,4,0
Raw,sub-01,3,sub-01_ses-3_epoch-5,5,0
Raw,sub-01,3,sub-01_ses-3_epoch-5,6,0
Raw,sub-01,3,sub-01_ses-3_epoch-5,7,0
Raw,sub-01,3,sub-01_ses-3_epoch-6,0,1
Raw,sub-01,3,sub-01_ses-3_epoch-6,1,1
Raw,sub-01,3,sub-01_ses-3_epoch-6,2,1
Raw,sub-01,3,sub-01_ses-3_epoch-6,3,1
Raw,sub-01,3,sub-01_ses-3_epoch-6,4,1
Raw,sub-01,3,sub-01_ses-3_epoch-6,5,1
Raw,sub-01,3,sub-01_ses-3_epoch-6,6,1
Raw,sub-01,3,sub-01_ses-3_epoch-7,0,0
Raw,sub-01,3,sub-01_ses-3_epoch-7,1,0
Raw,sub-01,3,sub-01_ses-3_epoch-7,2,0
Raw,sub-01,3,sub-01_ses-3_epoch-7,3,0
Raw,sub-01,3,sub-01_ses-3_epoch-7,4,0
Raw,sub-01,3,sub-01_ses-3_epoch-7,5,0
Raw,sub-01,3,sub-01_ses-3_epoch-7,6,0
Raw,sub-01,3,sub-01_ses-3_epoch-7,7,0
Raw,sub-01,3,sub-01_ses-3_epoch-8,0,1
Raw,sub-01,3,sub-01_ses-3_epoch-8,1,1
Raw,sub-01,3,sub-01_ses-3_epoch-8,2,1
Raw,sub-01,3,sub-01_ses-3_epoch-8,3,1
Raw,sub-01,3,sub-01_ses-3_epoch-8,4,1
Raw,sub-01,3,sub-01_ses-3_epoch-8,5,1
Raw,sub-01,3,sub-01_ses-3_epoch-8,6,1
Raw,sub-01,3,sub-01_ses-3_epoch-9,0,0
Raw,sub-01,3,sub-01_ses-3_epoch-9,1,0
Raw,sub-01,3,sub-01_ses-3_epoch-9,2,0
Raw,sub-01,3,sub-01_ses-3_epoch-9,3,0
Raw,sub-01,3,sub-01_ses-3_epoch-9,4,0
Raw,sub-01,3,sub-01_ses-3_epoch-9,5,0
Raw,sub-01,3,sub-01_ses-3_epoch-9,6,0
Raw,sub-01,3,sub-01_ses-3_epoch-9,7,0
Raw,sub-01,3,sub-01_ses-3_epoch-10,0,1
Raw,sub-01,3,sub-01_ses-3_epoch-10,1,1
Raw,sub-01,3,sub-01_ses-3_epoch-10,2,1
Raw,sub-01,3,sub-01_ses-3_epoch-10,3,1
Raw,sub-01,3,sub-01_ses-3_epoch-10,4,1
Raw,sub-01,3,sub-01_ses-3_epoch-10,5,1
Raw,sub-01,3,sub-01_ses-3_epoch-10,6,1
Raw,sub-01,3,sub-01_ses-3_epoch-11,0,0
Raw,sub-01,3,sub-01_ses-3_epoch-11,1,0
Raw,sub-01,3,sub-01_ses-3_epoch-11,2,0
Raw,sub-01,3,sub-01_ses-3_epoch-11,3,0
Raw,sub-01,3,sub-01_ses-3_epoch-11,4,0
Raw,sub-01,3,sub-01_ses-3_epoch-11,5,0
Raw,sub-01,3,sub-01_ses-3_epoch-11,6,0
Raw,sub-01,3,sub-01_ses-3_epoch-11,7,0
Raw,sub-01,3,sub-01_ses-3_epoch-12,0,1
Raw,sub-01,3,sub-01_ses-3_epoch-12,1,1
Raw,sub-01,3,sub-01_ses-3_epoch-12,2,1
Raw,sub-01,3,sub-01_ses-3_epoch-12,3,1
Raw,sub-01,3,sub-01_ses-3_epoch-12,4,1
Raw,sub-01,3,sub-01_ses-3_epoch-12,5,1
Raw,sub-01,3,sub-01_ses-3_epoch-12,6,1
Raw,sub-01,3,sub-01_ses-3_epoch-13,0,0
Raw,sub-01,3,sub-01_ses-3_epoch-13,1,0
Raw,sub-01,3,sub-01_ses-3_epoch-13,2,0
Raw,sub-01,3,sub-01_ses-3_epoch-13,3,0
Raw,sub-01,3,sub-01_ses-3_epoch-13,4,0
Raw,sub-01,3,sub-01_ses-3_epoch-13,5,0
Raw,sub-01,3,sub-01_ses-3_epoch-13,6,0
Raw,sub-01,3,sub-01_ses-3_epoch-13,7,0
Raw,sub-01,3,sub-01_ses-3_epoch-14,0,1
Raw,sub-01,3,sub-01_ses-3_epoch-14,1,1
Raw,sub-01,3,sub-01_ses-3_epoch-14,2,1
Raw,sub-01,3,sub-01_ses-3_epoch-14,3,1
Raw,sub-01,3,sub-01_ses-3_epoch-14,4,1
Raw,sub-01,3,sub-01_ses-3_epoch-14,5,1
Raw,sub-01,3,sub-01_ses-3_epoch-14,6,1
Raw,sub-01,3,sub-01_ses-3_epoch-15,0,0
Raw,sub-01,3,sub-01_ses-3_epoch-15,1,0
Raw,sub-01,3,sub-01_ses-3_epoch-15,2,0
Raw,sub-01,3,sub-01_ses-3_epoch-15,3,0
Raw,sub-01,3,sub-01_ses-3_epoch-15,4,0
Raw,sub-01,3,sub-01_ses-3_epoch-15,5,0
Raw,sub-01,3,sub-01_ses-3_epoch-15,6,0
Raw,sub-01,3,sub-01_ses-3_epoch-15,7,0
Raw,sub-01,3,sub-01_ses-3_epoch-16,0,1
Raw,sub-01,3,sub-01_ses-3_epoch-16,1,1
Raw,sub-01,3,sub-01_ses-3_epoch-16,2,1
Raw,sub-01,3,sub-01_ses-3_epoch-16,3,1
Raw,sub-01,3,sub-01_ses-3_epoch-16,4,1
Raw,sub-01,3,sub-01_ses-3_epoch-16,5,1
Raw,sub-01,3,sub-01_ses-3_epoch-16,6,1
Raw,sub-01,3,sub-01_ses-3_epoch-17,0,0
Raw,sub-01,3,sub-01_ses-3_epoch-17,1,0
Raw,sub-01,3,sub-01_ses-3_epoch-17,2,0
Raw,sub-01,3,sub-01_ses-3_epoch-17,3,0
Raw,sub-01,3,sub-01_ses-3_epoch-17,4,0
Raw,sub-01,3,sub-01_ses-3_epoch-17,5,0
Raw,sub-01,3,sub-01_ses-3_epoch-17,6,0
Raw,sub-01,3,sub-01_ses-3_epoch-17,7,0
Raw,sub-01,3,sub-01_ses-3_epoch-18,0,1
Raw,sub-01,3,sub-01_ses-3_epoch-18,1,1
Raw,sub-01,3,sub-01_ses-3_epoch-18,2,1
Raw,sub-01,3,sub-01_ses-3_epoch-18,3,1
Raw,sub-01,3,sub-01_ses-3_epoch-18,4,1
Raw,sub-01,3,sub-01_ses-3_epoch-18,5,1
Raw,sub-01,3,sub-01_ses-3_epoch-18,6,1
Raw,sub-01,3,sub-01_ses-3_epoch-19,0,1
Raw,sub-01,3,sub-01_ses-3_epoch-19,1,1
Raw,sub-01,3,sub-01_ses-3_epoch-19,2,1
Raw,sub-01,3,sub-01_ses-3_epoch-19,3,1
Raw,sub-01,3,sub-01_ses-3_epoch-19,4,1
Raw,sub-01,3,sub-01_ses-3_epoch-19,5,1
Raw,sub-01,3,sub-01_ses-3_epoch-19,6,1
Raw,sub-01,3,sub-01_ses-3_epoch-20,0,0
Raw,sub-01,3,sub-01_ses-3_epoch-20,1,0
Raw,sub-01,3,sub-01_ses-3_epoch-20,2,0
Raw,sub-01,3,sub-01_ses-3_epoch-20,3,0
Raw,sub-01,3,sub-01_ses-3_epoch-20,4,0
Raw,sub-01,3,sub-01_ses-3_epoch-20,5,0
Raw,sub-01,3,sub-01_ses-3_epoch-20,6,0
Raw,sub-01,3,sub-01_ses-3_epoch-20,7,0
Raw,sub-01,3,sub-01_ses-3_epoch-21,0,0
Raw,sub-01,3,sub-01_ses-3_epoch-21,1,0
Raw,sub-01,3,sub-01_ses-3_epoch-21,2,0
Raw,sub-01,3,sub-01_ses-3_epoch-21,3,0
Raw,sub-01,3,sub-01_ses-3_epoch-21,4,0
Raw,sub-01,3,sub-01_ses-3_epoch-21,5,0
Raw,sub-01,3,sub-01_ses-3_epoch-21,6,0
Raw,sub-01,3,sub-01_ses-3_epoch-21,7,0
Raw,sub-01,3,sub-01_ses-3_epoch-22,0,1
Raw,sub-01,3,sub-01_ses-3_epoch-22,1,1
Raw,sub-01,3,sub-01_ses-3_epoch-22,2,1
Raw,sub-01,3,sub-01_ses-3_epoch-22,3,1
Raw,sub-01,3,sub-01_ses-3_epoch-22,4,1
Raw,sub-01,3,sub-01_ses-3_epoch-22,5,1
Raw,sub-01,3,sub-01_ses-3_epoch-22,6,1
Raw,sub-01,3,sub-01_ses-3_epoch-23,0,0
Raw,sub-01,3,sub-01_ses-3_epoch-23,1,0
Raw,sub-01,3,sub-01_ses-3_epoch-23,2,0
Raw,sub-01,3,sub-01_ses-3_epoch-23,3,0
Raw,sub-01,3,sub-01_ses-3_epoch-23,4,0
Raw,sub-01,3,sub-01_ses-3_epoch-23,5,0
Raw,sub-01,3,sub-01_ses-3_epoch-23,6,0
Raw,sub-01,3,sub-01_ses-3_epoch-23,7,0
Raw,sub-01,3,sub-01_ses-3_epoch-24,0,1
Raw,sub-01,3,sub-01_ses-3_epoch-24,1,1
Raw,sub-01,3,sub-01_ses-3_epoch-24,2,1
Raw,sub-01,3,sub-01_ses-3_epoch-24,3,1
Raw,sub-01,3,sub-01_ses-3_epoch-24,4,1
Raw,sub-01,3,sub-01_ses-3_epoch-24,5,1
Raw,sub-01,3,sub-01_ses-3_epoch-24,6,1
Raw,sub-01,3,sub-01_ses-3_epoch-25,0,0
Raw,sub-01,3,sub-01_ses-3_epoch-25,1,0
Raw,sub-01,3,sub-01_ses-3_epoch-25,2,0
Raw,sub-01,3,sub-01_ses-3_epoch-25,3,0
Raw,sub-01,3,sub-01_ses-3_epoch-25,4,0
Raw,sub-01,3,sub-01_ses-3_epoch-25,5,0
Raw,sub-01,3,sub-01_ses-3_epoch-25,6,0
Raw,sub-01,3,sub-01_ses-3_epoch-25,7,0
Raw,sub-01,3,sub-01_ses-3_epoch-26,0,0
Raw,sub-01,3,sub-01_ses-3_epoch-26,1,0
Raw,sub-01,3,sub-01_ses-3_epoch-26,2,0
Raw,sub-01,3,sub-01_ses-3_epoch-26,3,0
Raw,sub-01,3,sub-01_ses-3_epoch-26,4,0
Raw,sub-01,3,sub-01_ses-3_epoch-26,5,0
Raw,sub-01,3,sub-01_ses-3_epoch-26,6,0
Raw,sub-01,3,sub-01_ses-3_epoch-26,7,0
Raw,sub-01,3,sub-01_ses-3_epoch-27,0,1
Raw,sub-01,3,sub-01_ses-3_epoch-27,1,1
Raw,sub-01,3,sub-01_ses-3_epoch-27,2,1
Raw,sub-01,3,sub-01_ses-3_epoch-27,3,1
Raw,sub-01,3,sub-01_ses-3_epoch-27,4,1
Raw,sub-01,3,sub-01_ses-3_epoch-27,5,1
Raw,sub-01,3,sub-01_ses-3_epoch-27,6,1
Raw,sub-01,3,sub-01_ses-3_epoch-28,0,0
Raw,sub-01,3,sub-01_ses-3_epoch-28,1,0
Raw,sub-01,3,sub-01_ses-3_epoch-28,2,0
Raw,sub-01,3,sub-01_ses-3_epoch-28,3,0
Raw,sub-01,3,sub-01_ses-3_epoch-28,4,0
Raw,sub-01,3,sub-01_ses-3_epoch-28,5,0
Raw,sub-01,3,sub-01_ses-3_epoch-28,6,0
Raw,sub-01,3,sub-01_ses-3_epoch-28,7,0
Raw,sub-01,3,sub-01_ses-3_epoch-29,0,1
Raw,sub-01,3,sub-01_ses-3_epoch-29,1,1
Raw,sub-01,3,sub-01_ses-3_epoch-29,2,1
Raw,sub-01,3,sub-01_ses-3_epoch-29,3,1
Raw,sub-01,3,sub-01_ses-3_epoch-29,4,1
Raw,sub-01,3,sub-01_ses-3_epoch-29,5,1
Raw,sub-01,3,sub-01_ses-3_epoch-29,6,1
Raw,sub-01,3,sub-01_ses-3_epoch-30,0,0
Raw,sub-01,3,sub-01_ses-3_epoch-30,1,0
Raw,sub-01,3,sub-01_ses-3_epoch-30,2,0
Raw,sub-01,3,sub-01_ses-3_epoch-30,3,0
Raw,sub-01,3,sub-01_ses-3_epoch-30,4,0
Raw,sub-01,3,sub-01_ses-3_epoch-30,5,0
Raw,sub-01,3,sub-01_ses-3_epoch-30,6,0
Raw,sub-01,3,sub-01_ses-3_epoch-30,7,0
Raw,sub-01,3,sub-01_ses-3_epoch-31,0,0
Raw,sub-01,3,sub-01_ses-3_epoch-31,1,0
Raw,sub-01,3,sub-01_ses-3_epoch-31,2,0
Raw,sub-01,3,sub-01_ses-3_epoch-31,3,0
Raw,sub-01,3,sub-01_ses-3_epoch-31,4,0
Raw,sub-01,3,sub-01_ses-3_epoch-31,5,0
Raw,sub-01,3,sub-01_ses-3_epoch-31,6,0
Raw,sub-01,3,sub-01_ses-3_epoch-31,7,0
Raw,sub-01,3,sub-01_ses-3_epoch-32,0,1
Raw,sub-01,3,sub-01_ses-3_epoch-32,1,1
Raw,sub-01,3,sub-01_ses-3_epoch-32,2,1
Raw,sub-01,3,sub-01_ses-3_epoch-32,3,1
Raw,sub-01,3,sub-01_ses-3_epoch-32,4,1
Raw,sub-01,3,sub-01_ses-3_epoch-32,5,1
Raw,sub-01,3,sub-01_ses-3_epoch-32,6,1
Raw,sub-01,3,sub-01_ses-3_epoch-33,0,0
Raw,sub-01,3,sub-01_ses-3_epoch-33,1,0
Raw,sub-01,3,sub-01_ses-3_epoch-33,2,0
Raw,sub-01,3,sub-01_ses-3_epoch-33,3,0
Raw,sub-01,3,sub-01_ses-3_epoch-33,4,0
Raw,sub-01,3,sub-01_ses-3_epoch-33,5,0
Raw,sub-01,3,sub-01_ses-3_epoch-33,6,0
Raw,sub-01,3,sub-01_ses-3_epoch-33,7,0
Raw,sub-01,3,sub-01_ses-3_epoch-34,0,0
Raw,sub-01,3,sub-01_ses-3_epoch-34,1,0
Raw,sub-01,3,sub-01_ses-3_epoch-34,2,0
Raw,sub-01,3,sub-01_ses-3_epoch-34,3,0
Raw,sub-01,3,sub-01_ses-3_epoch-34,4,0
Raw,sub-01,3,sub-01_ses-3_epoch-34,5,0
Raw,sub-01,3,sub-01_ses-3_epoch-34,6,0
Raw,sub-01,3,sub-01_ses-3_epoch-34,7,0
Raw,sub-01,3,sub-01_ses-3_epoch-35,0,1
Raw,sub-01,3,sub-01_ses-3_epoch-35,1,1
Raw,sub-01,3,sub-01_ses-3_epoch-35,2,1
Raw,sub-01,3,sub-01_ses-3_epoch-35,3,1
Raw,sub-01,3,sub-01_ses-3_epoch-35,4,1
Raw,sub-01,3,sub-01_ses-3_epoch-35,5,1
Raw,sub-01,3,sub-01_ses-3_epoch-35,6,1
Raw,sub-01,3,sub-01_ses-3_epoch-36,0,0
Raw,sub-01,3,sub-01_ses-3_epoch-36,1,0
Raw,sub-01,3,sub-01_ses-3_epoch-36,2,0
Raw,sub-01,3,sub-01_ses-3_epoch-36,3,0
Raw,sub-01,3,sub-01_ses-3_epoch-36,4,0
Raw,sub-01,3,sub-01_ses-3_epoch-36,5,0
Raw,sub-01,3,sub-01_ses-3_epoch-36,6,0
Raw,sub-01,3,sub-01_ses-3_epoch-36,7,0
Raw,sub-01,3,sub-01_ses-3_epoch-37,0,1
Raw,sub-01,3,sub-01_ses-3_epoch-37,1,1
Raw,sub-01,3,sub-01_ses-3_epoch-37,2,1
Raw,sub-01,3,sub-01_ses-3_epoch-37,3,1
Raw,sub-01,3,sub-01_ses-3_epoch-37,4,1
Raw,sub-01,3,sub-01_ses-3_epoch-37,5,1
Raw,sub-01,3,sub-01_ses-3_epoch-37,6,1
Raw,sub-01,3,sub-01_ses-3_epoch-38,0,0
Raw,sub-01,3,sub-01_ses-3_epoch-38,1,0
Raw,sub-01,3,sub-01_ses-3_epoch-38,2,0
Raw,sub-01,3,sub-01_ses-3_epoch-38,3,0
Raw,sub-01,3,sub-01_ses-3_epoch-38,4,0
Raw,sub-01,3,sub-01_ses-3_epoch-38,5,0
Raw,sub-01,3,sub-01_ses-3_epoch-38,6,0
Raw,sub-01,3,sub-01_ses-3_epoch-38,7,0
Raw,sub-01,3,sub-01_ses-3_epoch-39,0,0
Raw,sub-01,3,sub-01_ses-3_epoch-39,1,0
Raw,sub-01,3,sub-01_ses-3_epoch-39,2,0
Raw,sub-01,3,sub-01_ses-3_epoch-39,3,0
Raw,sub-01,3,sub-01_ses-3_epoch-39,4,0
Raw,sub-01,3,sub-01_ses-3_epoch-39,5,0
Raw,sub-01,3,sub-01_ses-3_epoch-39,6,0
Raw,sub-01,3,sub-01_ses-3_epoch-39,7,0
Raw,sub-01,3,sub-01_ses-3_epoch-40,0,0
Raw,sub-01,3,sub-01_ses-3_epoch-40,1,0
Raw,sub-01,3,sub-01_ses-3_epoch-40,2,0
Raw,sub-01,3,sub-01_ses-3_epoch-40,3,0
Raw,sub-01,3,sub-01_ses-3_epoch-40,4,0
Raw,sub-01,3,sub-01_ses-3_epoch-40,5,0
Raw,sub-01,3,sub-01_ses-3_epoch-40,6,0
Raw,sub-01,3,sub-01_ses-3_epoch-40,7,0
Raw,sub-01,3,sub-01_ses-3_epoch-41,0,1
Raw,sub-01,3,sub-01_ses-3_epoch-41,1,1
Raw,sub-01,3,sub-01_ses-3_epoch-41,2,1
Raw,sub-01,3,sub-01_ses-3_epoch-41,3,1
Raw,sub-01,3,sub-01_ses-3_epoch-41,4,1
Raw,sub-01,3,sub-01_ses-3_epoch-41,5,1
Raw,sub-01,3,sub-01_ses-3_epoch-41,6,1
Raw,sub-01,3,sub-01_ses-3_epoch-42,0,0
Raw,sub-01,3,sub-01_ses-3_epoch-42,1,0
Raw,sub-01,3,sub-01_ses-3_epoch-42,2,0
Raw,sub-01,3,sub-01_ses-3_epoch-42,3,0
Raw,sub-01,3,sub-01_ses-3_epoch-42,4,0
Raw,sub-01,3,sub-01_ses-3_epoch-42,5,0
Raw,sub-01,3,sub-01_ses-3_epoch-42,6,0
Raw,sub-01,3,sub-01_ses-3_epoch-42,7,0
Raw,sub-01,3,sub-01_ses-3_epoch-43,0,1
Raw,sub-01,3,sub-01_ses-3_epoch-43,1,1
Raw,sub-01,3,sub-01_ses-3_epoch-43,2,1
Raw,sub-01,3,sub-01_ses-3_epoch-43,3,1
Raw,sub-01,3,sub-01_ses-3_epoch-43,4,1
Raw,sub-01,3,sub-01_ses-3_epoch-43,5,1
Raw,sub-01,3,sub-01_ses-3_epoch-43,6,1
Raw,sub-01,3,sub-01_ses-3_epoch-44,0,0
Raw,sub-01,3,sub-01_ses-3_epoch-44,1,0
Raw,sub-01,3,sub-01_ses-3_epoch-44,2,0
Raw,sub-01,3,sub-01_ses-3_epoch-44,3,0
Raw,sub-01,3,sub-01_ses-3_epoch-44,4,0
Raw,sub-01,3,sub-01_ses-3_epoch-44,5,0
Raw,sub-01,3,sub-01_ses-3_epoch-44,6,0
Raw,sub-01,3,sub-01_ses-3_epoch-44,7,0
Raw,sub-01,3,sub-01_ses-3_epoch-45,0,1
Raw,sub-01,3,sub-01_ses-3_epoch-45,1,1
Raw,sub-01,3,sub-01_ses-3_epoch-45,2,1
Raw,sub-01,3,sub-01_ses-3_epoch-45,3,1
Raw,sub-01,3,sub-01_ses-3_epoch-45,4,1
Raw,sub-01,3,sub-01_ses-3_epoch-45,5,1
Raw,sub-01,3,sub-01_ses-3_epoch-45,6,1
Raw,sub-01,3,sub-01_ses-3_epoch-46,0,0
Raw,sub-01,3,sub-01_ses-3_epoch-46,1,0
Raw,sub-01,3,sub-01_ses-3_epoch-46,2,0
Raw,sub-01,3,sub-01_ses-3_epoch-46,3,0
Raw,sub-01,3,sub-01_ses-3_epoch-46,4,0
Raw,sub-01,3,sub-01_ses-3_epoch-46,5,0
Raw,sub-01,3,sub-01_ses-3_epoch-46,6,0
Raw,sub-01,3,sub-01_ses-3_epoch-46,7,0
Raw,sub-01,3,sub-01_ses-3_epoch-47,0,1
Raw,sub-01,3,sub-01_ses-3_epoch-47,1,1
Raw,sub-01,3,sub-01_ses-3_epoch-47,2,1
Raw,sub-01,3,sub-01_ses-3_epoch-47,3,1
Raw,sub-01,3,sub-01_ses-3_epoch-47,4,1
Raw,sub-01,3,sub-01_ses-3_epoch-47,5,1
Raw,sub-01,3,sub-01_ses-3_epoch-47,6,1
Raw,sub-01,3,sub-01_ses-3_epoch-48,0,0
Raw,sub-01,3,sub-01_ses-3_epoch-48,1,0
Raw,sub-01,3,sub-01_ses-3_epoch-48,2,0
Raw,sub-01,3,sub-01_ses-3_epoch-48,3,0
Raw,sub-01,3,sub-01_ses-3_epoch-48,4,0
Raw,sub-01,3,sub-01_ses-3_epoch-48,5,0
Raw,sub-01,3,sub-01_ses-3_epoch-48,6,0
Raw,sub-01,3,sub-01_ses-3_epoch-48,7,0
Raw,sub-01,3,sub-01_ses-3_epoch-49,0,1
Raw,sub-01,3,sub-01_ses-3_epoch-49,1,1
Raw,sub-01,3,sub-01_ses-3_epoch-49,2,1
Raw,sub-01,3,sub-01_ses-3_epoch-49,3,1
Raw,sub-01,3,sub-01_ses-3_epoch-49,4,1
Raw,sub-01,3,sub-01_ses-3_epoch-49,5,1
Raw,sub-01,3,sub-01_ses-3_epoch-49,6,1
Raw,sub-01,3,sub-01_ses-3_epoch-50,0,0
Raw,sub-01,3,sub-01_ses-3_epoch-50,1,0
Raw,sub-01,3,sub-01_ses-3_epoch-50,2,0
Raw,sub-01,3,sub-01_ses-3_epoch-50,3,0
Raw,sub-01,3,sub-01_ses-3_epoch-50,4,0
Raw,sub-01,3,sub-01_ses-3_epoch-50,5,0
Raw,sub-01,3,sub-01_ses-3_epoch-50,6,0
Raw,sub-01,3,sub-01_ses-3_epoch-50,7,0
Raw,sub-01,3,sub-01_ses-3_epoch-51,0,1
Raw,sub-01,3,sub-01_ses-3_epoch-51,1,1
Raw,sub-01,3,sub-01_ses-3_epoch-51,2,1
Raw,sub-01,3,sub-01_ses-3_epoch-51,3,1
Raw,sub-01,3,sub-01_ses-3_epoch-51,4,1
Raw,sub-01,3,sub-01_ses-3_epoch-51,5,1
Raw,sub-01,3,sub-01_ses-3_epoch-51,6,1
Raw,sub-01,3,sub-01_ses-3_epoch-52,0,0
Raw,sub-01,3,sub-01_ses-3_epoch-52,1,0
Raw,sub-01,3,sub-01_ses-3_epoch-52,2,0
Raw,sub-01,3,sub-01_ses-3_epoch-52,3,0
Raw,sub-01,3,sub-01_ses-3_epoch-52,4,0
Raw,sub-01,3,sub-01_ses-3_epoch-52,5,0
Raw,sub-01,3,sub-01_ses-3_epoch-52,6,0
Raw,sub-01,3,sub-01_ses-3_epoch-52,7,0
Raw,sub-01,3,sub-01_ses-3_epoch-53,0,1
Raw,sub-01,3,sub-01_ses-3_epoch-53,1,1
Raw,sub-01,3,sub-01_ses-3_epoch-53,2,1
Raw,sub-01,3,sub-01_ses-3_epoch-53,3,1
Raw,sub-01,3,sub-01_ses-3_epoch-53,4,1
Raw,sub-01,3,sub-01_ses-3_epoch-53,5,1
Raw,sub-01,3,sub-01_ses-3_epoch-53,6,1
Raw,sub-01,3,sub-01_ses-3_epoch-54,0,0
Raw,sub-01,3,sub-01_ses-3_epoch-54,1,0
Raw,sub-01,3,sub-01_ses-3_epoch-54,2,0
Raw,sub-01,3,sub-01_ses-3_epoch-54,3,0
Raw,sub-01,3,sub-01_ses-3_epoch-54,4,0
Raw,sub-01,3,sub-01_ses-3_epoch-54,5,0
Raw,sub-01,3,sub-01_ses-3_epoch-54,6,0
Raw,sub-01,3,sub-01_ses-3_epoch-54,7,0
Raw,sub-01,3,sub-01_ses-3_epoch-55,0,1
Raw,sub-01,3,sub-01_ses-3_epoch-55,1,1
Raw,sub-01,3,sub-01_ses-3_epoch-55,2,1
Raw,sub-01,3,sub-01_ses-3_epoch-55,3,1
Raw,sub-01,3,sub-01_ses-3_epoch-55,4,1
Raw,sub-01,3,sub-01_ses-3_epoch-55,5,1
Raw,sub-01,3,sub-01_ses-3_epoch-55,6,1
Raw,sub-01,3,sub-01_ses-3_epoch-56,0,0
Raw,sub-01,3,sub-01_ses-3_epoch-56,1,0
Raw,sub-01,3,sub-01_ses-3_epoch-56,2,0
Raw,sub-01,3,sub-01_ses-3_epoch-56,3,0
Raw,sub-01,3,sub-01_ses-3_epoch-56,4,0
Raw,sub-01,3,sub-01_ses-3_epoch-56,5,0
Raw,sub-01,3,sub-01_ses-3_epoch-56,6,0
Raw,sub-01,3,sub-01_ses-3_epoch-56,7,0
Raw,sub-01,3,sub-01_ses-3_epoch-57,0,1
Raw,sub-01,3,sub-01_ses-3_epoch-57,1,1
Raw,sub-01,3,sub-01_ses-3_epoch-57,2,1
Raw,sub-01,3,sub-01_ses-3_epoch-57,3,1
Raw,sub-01,3,sub-01_ses-3_epoch-57,4,1
Raw,sub-01,3,sub-01_ses-3_epoch-57,5,1
Raw,sub-01,3,sub-01_ses-3_epoch-57,6,1
Raw,sub-01,3,sub-01_ses-3_epoch-58,0,0
Raw,sub-01,3,sub-01_ses-3_epoch-58,1,0
Raw,sub-01,3,sub-01_ses-3_epoch-58,2,0
Raw,sub-01,3,sub-01_ses-3_epoch-58,3,0
Raw,sub-01,3,sub-01_ses-3_epoch-58,4,0
Raw,sub-01,3,sub-01_ses-3_epoch-58,5,0
Raw,sub-01,3,sub-01_ses-3_epoch-58,6,0
Raw,sub-01,3,sub-01_ses-3_epoch-58,7,0
Raw,sub-01,3,sub-01_ses-3_epoch-59,0,0
Raw,sub-01,3,sub-01_ses-3_epoch-59,1,0
Raw,sub-01,3,sub-01_ses-3_epoch-59,2,0
Raw,sub-01,3,sub-01_ses-3_epoch-59,3,0
Raw,sub-01,3,sub-01_ses-3_epoch-59,4,0
Raw,sub-01,3,sub-01_ses-3_epoch-59,5,0
Raw,sub-01,3,sub-01_ses-3_epoch-59,6,0
Raw,sub-01,3,sub-01_ses-3_epoch-59,7,0
ICA-cleaned,sub-01,3,sub-01_ses-3_epoch-1,0,0
ICA-cleaned,sub-01,3,sub-01_ses-3_epoch-1,1,0
ICA-cleaned,sub-01,3,sub-01_ses-3_epoch-1,2,0
ICA-cleaned,sub-01,3,sub-01_ses-3_epoch-1,3,0
ICA-cleaned,sub-01,3,sub-01_ses-3_epoch-1,4,0
ICA-cleaned,sub-01,3,sub-01_ses-3_epoch-1,5,0
ICA-cleaned,sub-01,3,sub-01_ses-3_epoch-1,6,0
ICA-cleaned,sub-01,3,sub-01_ses-3_epoch-1,7,0
ICA-cleaned,sub-01,3,sub-01_ses-3_epoch-2,0,0
ICA-cleaned,sub-01,3,sub-01_ses-3_epoch-2,1,0
ICA-cleaned,sub-01,3,sub-01_ses-3_epoch-2,2,0
ICA-cleaned,sub-01,3,sub-01_ses-3_epoch-2,3,0
ICA-cleaned,sub-01,3,sub-01_ses-3_epoch-2,4,0
ICA-cleaned,sub-01,3,sub-01_ses-3_epoch-2,5,0
ICA-cleaned,sub-01,3,sub-01_ses-3_epoch-2,6,0
ICA-cleaned,sub-01,3,sub-01_ses-3_epoch-2,7,0
ICA-cleaned,sub-01,3,sub-01_ses-3_epoch-3,0,0
ICA-cleaned,sub-01,3,sub-01_ses-3_epoch-3,1,0
ICA-cleaned,sub-01,3,sub-01_ses-3_epoch-3,2,0
ICA-cleaned,sub-01,3,sub-01_ses-3_epoch-3,3,0
ICA-cleaned,sub-01,3,sub-01_ses-3_epoch-3,4,0
ICA-cleaned,sub-01,3,sub-01_ses-3_epoch-3,5,0
ICA-cleaned,sub-01,3,sub-01_ses-3_epoch-3,6,0
ICA-cleaned,sub-01,3,sub-01_ses-3_epoch-3,7,0
ICA-cleaned,sub-01,3,sub-01_ses-3_epoch-4,0,1
ICA-cleaned,sub-01,3,sub-01_ses-3_epoch-4,1,1
ICA-cleaned,sub-01,3,sub-01_ses-3_epoch-4,2,1
ICA-cleaned,sub-01,3,sub-01_ses-3_epoch-4,3,1
ICA-cleaned,sub-01,3,sub-01_ses-3_epoch-4,4,1
ICA-cleaned,sub-01,3,sub-01_ses-3_epoch-4,5,1
ICA-cleaned,sub-01,3,sub-01_ses-3_epoch-4,6,1
ICA-cleaned,sub-01,3,sub-01_ses-3_epoch-5,0,0
ICA-cleaned,sub-01,3,sub-01_ses-3_epoch-5,1,0
ICA-cleaned,sub-01,3,sub-01_ses-3_epoch-5,2,0
ICA-cleaned,sub-01,3,sub-01_ses-3_epoch-5,3,0
ICA-cleaned,sub-01,3,sub-01_ses-3_epoch-5,4,0
ICA-cleaned,sub-01,3,sub-01_ses-3_epoch-5,5,0
ICA-cleaned,sub-01,3,sub-01_ses-3_epoch-5,6,0
ICA-cleaned,sub-01,3,sub-01_ses-3_epoch-5,7,0
ICA-cleaned,sub-01,3,sub-01_ses-3_epoch-6,0,1
ICA-cleaned,sub-01,3,sub-01_ses-3_epoch-6,1,1
ICA-cleaned,sub-01,3,sub-01_ses-3_epoch-6,2,1
ICA-cleaned,sub-01,3,sub-01_ses-3_epoch-6,3,1
ICA-cleaned,sub-01,3,sub-01_ses-3_epoch-6,4,1
ICA-cleaned,sub-01,3,sub-01_ses-3_epoch-6,5,1
ICA-cleaned,sub-01,3,sub-01_ses-3_epoch-6,6,1
ICA-cleaned,sub-01,3,sub-01_ses-3_epoch-7,0,0
ICA-cleaned,sub-01,3,sub-01_ses-3_epoch-7,1,0
ICA-cleaned,sub-01,3,sub-01_ses-3_epoch-7,2,0
ICA-cleaned,sub-01,3,sub-01_ses-3_epoch-7,3,0
ICA-cleaned,sub-01,3,sub-01_ses-3_epoch-7,4,0
ICA-cleaned,sub-01,3,sub-01_ses-3_epoch-7,5,0
ICA-cleaned,sub-01,3,sub-01_ses-3_epoch-7,6,0
ICA-cleaned,sub-01,3,sub-01_ses-3_epoch-7,7,0
ICA-cleaned,sub-01,3,sub-01_ses-3_epoch-8,0,1
ICA-cleaned,sub-01,3,sub-01_ses-3_epoch-8,1,1
ICA-cleaned,sub-01,3,sub-01_ses-3_epoch-8,2,1
ICA-cleaned,sub-01,3,sub-01_ses-3_epoch-8,3,1
ICA-cleaned,sub-01,3,sub-01_ses-3_epoch-8,4,1
ICA-cleaned,sub-01,3,sub-01_ses-3_epoch-8,5,1
ICA-cleaned,sub-01,3,sub-01_ses-3_epoch-8,6,1
ICA-cleaned,sub-01,3,sub-01_ses-3_epoch-9,0,0
ICA-cleaned,sub-01,3,sub-01_ses-3_epoch-9,1,0
ICA-cleaned,sub-01,3,sub-01_ses-3_epoch-9,2,0
ICA-cleaned,sub-01,3,sub-01_ses-3_epoch-9,3,0
ICA-cleaned,sub-01,3,sub-01_ses-3_epoch-9,4,0
ICA-cleaned,sub-01,3,sub-01_ses-3_epoch-9,5,0
ICA-cleaned,sub-01,3,sub-01_ses-3_epoch-9,6,0
ICA-cleaned,sub-01,3,sub-01_ses-3_epoch-9,7,0
ICA-cleaned,sub-01,3,sub-01_ses-3_epoch-10,0,1
ICA-cleaned,sub-01,3,sub-01_ses-3_epoch-10,1,1
ICA-cleaned,sub-01,3,sub-01_ses-3_epoch-10,2,1
ICA-cleaned,sub-01,3,sub-01_ses-3_epoch-10,3,1
ICA-cleaned,sub-01,3,sub-01_ses-3_epoch-10,4,1
ICA-cleaned,sub-01,3,sub-01_ses-3_epoch-10,5,1
ICA-cleaned,sub-01,3,sub-01_ses-3_epoch-10,6,1
ICA-cleaned,sub-01,3,sub-01_ses-3_epoch-11,0,0
ICA-cleaned,sub-01,3,sub-01_ses-3_epoch-11,1,0
ICA-cleaned,sub-01,3,sub-01_ses-3_epoch-11,2,0
ICA-cleaned,sub-01,3,sub-01_ses-3_epoch-11,3,0
ICA-cleaned,sub-01,3,sub-01_ses-3_epoch-11,4,0
ICA-cleaned,sub-01,3,sub-01_ses-3_epoch-11,5,0
ICA-cleaned,sub-01,3,sub-01_ses-3_epoch-11,6,0
ICA-cleaned,sub-01,3,sub-01_ses-3_epoch-11,7,0
ICA-cleaned,sub-01,3,sub-01_ses-3_epoch-12,0,1
ICA-cleaned,sub-01,3,sub-01_ses-3_epoch-12,1,1
ICA-cleaned,sub-01,3,sub-01_ses-3_epoch-12,2,1
ICA-cleaned,sub-01,3,sub-01_ses-3_epoch-12,3,1
ICA-cleaned,sub-01,3,sub-01_ses-3_epoch-12,4,1
ICA-cleaned,sub-01,3,sub-01_ses-3_epoch-12,5,1
ICA-cleaned,sub-01,3,sub-01_ses-3_epoch-12,6,1
ICA-cleaned,sub-01,3,sub-01_ses-3_epoch-13,0,0
ICA-cleaned,sub-01,3,sub-01_ses-3_epoch-13,1,0
ICA-cleaned,sub-01,3,sub-01_ses-3_epoch-13,2,0
ICA-cleaned,sub-01,3,sub-01_ses-3_epoch-13,3,0
ICA-cleaned,sub-01,3,sub-01_ses-3_epoch-13,4,0
ICA-cleaned,sub-01,3,sub-01_ses-3_epoch-13,5,0
ICA-cleaned,sub-01,3,sub-01_ses-3_epoch-13,6,0
ICA-cleaned,sub-01,3,sub-01_ses-3_epoch-13,7,0
ICA-cleaned,sub-01,3,sub-01_ses-3_epoch-14,0,1
ICA-cleaned,sub-01,3,sub-01_ses-3_epoch-14,1,1
ICA-cleaned,sub-01,3,sub-01_ses-3_epoch-14,2,1
ICA-cleaned,sub-01,3,sub-01_ses-3_epoch-14,3,1
ICA-cleaned,sub-01,3,sub-01_ses-3_epoch-14,4,1
ICA-cleaned,sub-01,3,sub-01_ses-3_epoch-14,5,1
ICA-cleaned,sub-01,3,sub-01_ses-3_epoch-14,6,1
ICA-cleaned,sub-01,3,sub-01_ses-3_epoch-15,0,0
ICA-cleaned,sub-01,3,sub-01_ses-3_epoch-15,1,0
ICA-cleaned,sub-01,3,sub-01_ses-3_epoch-15,2,0
ICA-cleaned,sub-01,3,sub-01_ses-3_epoch-15,3,0
ICA-cleaned,sub-01,3,sub-01_ses-3_epoch-15,4,0
ICA-cleaned,sub-01,3,sub-01_ses-3_epoch-15,5,0
ICA-cleaned,sub-01,3,sub-01_ses-3_epoch-15,6,0
ICA-cleaned,sub-01,3,sub-01_ses-3_epoch-15,7,0
ICA-cleaned,sub-01,3,sub-01_ses-3_epoch-16,0,1
ICA-cleaned,sub-01,3,sub-01_ses-3_epoch-16,1,1
ICA-cleaned,sub-01,3,sub-01_ses-3_epoch-16,2,1
ICA-cleaned,sub-01,3,sub-01_ses-3_epoch-16,3,1
ICA-cleaned,sub-01,3,sub-01_ses-3_epoch-16,4,1
ICA-cleaned,sub-01,3,sub-01_ses-3_epoch-16,5,1
ICA-cleaned,sub-01,3,sub-01_ses-3_epoch-16,6,1
ICA-cleaned,sub-01,3,sub-01_ses-3_epoch-17,0,0
ICA-cleaned,sub-01,3,sub-01_ses-3_epoch-17,1,0
ICA-cleaned,sub-01,3,sub-01_ses-3_epoch-17,2,0
ICA-cleaned,sub-01,3,sub-01_ses-3_epoch-17,3,0
ICA-cleaned,sub-01,3,sub-01_ses-3_epoch-17,4,0
ICA-cleaned,sub-01,3,sub-01_ses-3_epoch-17,5,0
ICA-cleaned,sub-01,3,sub-01_ses-3_epoch-17,6,0
ICA-cleaned,sub-01,3,sub-01_ses-3_epoch-17,7,0
ICA-cleaned,sub-01,3,sub-01_ses-3_epoch-18,0,1
ICA-cleaned,sub-01,3,sub-01_ses-3_epoch-18,1,1
ICA-cleaned,sub-01,3,sub-01_ses-3_epoch-18,2,1
ICA-cleaned,sub-01,3,sub-01_ses-3_epoch-18,3,1
ICA-cleaned,sub-01,3,sub-01_ses-3_epoch-18,4,1
ICA-cleaned,sub-01,3,sub-01_ses-3_epoch-18,5,1
ICA-cleaned,sub-01,3,sub-01_ses-3_epoch-18,6,1
ICA-cleaned,sub-01,3,sub-01_ses-3_epoch-19,0,1
ICA-cleaned,sub-01,3,sub-01_ses-3_epoch-19,1,1
ICA-cleaned,sub-01,3,sub-01_ses-3_epoch-19,2,1
ICA-cleaned,sub-01,3,sub-01_ses-3_epoch-19,3,1
ICA-cleaned,sub-01,3,sub-01_ses-3_epoch-19,4,1
ICA-cleaned,sub-01,3,sub-01_ses-3_epoch-19,5,1
ICA-cleaned,sub-01,3,sub-01_ses-3_epoch-19,6,1
ICA-cleaned,sub-01,3,sub-01_ses-3_epoch-20,0,0
ICA-cleaned,sub-01,3,sub-01_ses-3_epoch-20,1,0
ICA-cleaned,sub-01,3,sub-01_ses-3_epoch-20,2,0
ICA-cleaned,sub-01,3,sub-01_ses-3_epoch-20,3,0
ICA-cleaned,sub-01,3,sub-01_ses-3_epoch-20,4,0
ICA-cleaned,sub-01,3,sub-01_ses-3_epoch-20,5,0
ICA-cleaned,sub-01,3,sub-01_ses-3_epoch-20,6,0
ICA-cleaned,sub-01,3,sub-01_ses-3_epoch-20,7,0
ICA-cleaned,sub-01,3,sub-01_ses-3_epoch-21,0,0
ICA-cleaned,sub-01,3,sub-01_ses-3_epoch-21,1,0
ICA-cleaned,sub-01,3,sub-01_ses-3_epoch-21,2,0
ICA-cleaned,sub-01,3,sub-01_ses-3_epoch-21,3,0
ICA-cleaned,sub-01,3,sub-01_ses-3_epoch-21,4,0
ICA-cleaned,sub-01,3,sub-01_ses-3_epoch-21,5,0
ICA-cleaned,sub-01,3,sub-01_ses-3_epoch-21,6,0
ICA-cleaned,sub-01,3,sub-01_ses-3_epoch-21,7,0
ICA-cleaned,sub-01,3,sub-01_ses-3_epoch-22,0,1
ICA-cleaned,sub-01,3,sub-01_ses-3_epoch-22,1,1
ICA-cleaned,sub-01,3,sub-01_ses-3_epoch-22,2,1
ICA-cleaned,sub-01,3,sub-01_ses-3_epoch-22,3,1
ICA-cleaned,sub-01,3,sub-01_ses-3_epoch-22,4,1
ICA-cleaned,sub-01,3,sub-01_ses-3_epoch-22,5,1
ICA-cleaned,sub-01,3,sub-01_ses-3_epoch-22,6,1
ICA-cleaned,sub-01,3,sub-01_ses-3_epoch-23,0,0
ICA-cleaned,sub-01,3,sub-01_ses-3_epoch-23,1,0
ICA-cleaned,sub-01,3,sub-01_ses-3_epoch-23,2,0
ICA-cleaned,sub-01,3,sub-01_ses-3_epoch-23,3,0
ICA-cleaned,sub-01,3,sub-01_ses-3_epoch-23,4,0
ICA-cleaned,sub-01,3,sub-01_ses-3_epoch-23,5,0
ICA-cleaned,sub-01,3,sub-01_ses-3_epoch-23,6,0
ICA-cleaned,sub-01,3,sub-01_ses-3_epoch-23,7,0
ICA-cleaned,sub-01,3,sub-01_ses-3_epoch-24,0,1
ICA-cleaned,sub-01,3,sub-01_ses-3_epoch-24,1,1
ICA-cleaned,sub-01,3,sub-01_ses-3_epoch-24,2,1
ICA-cleaned,sub-01,3,sub-01_ses-3_epoch-24,3,1
ICA-cleaned,sub-01,3,sub-01_ses-3_epoch-24,4,1
ICA-cleaned,sub-01,3,sub-01_ses-3_epoch-24,5,1
ICA-cleaned,sub-01,3,sub-01_ses-3_epoch-24,6,1
ICA-cleaned,sub-01,3,sub-01_ses-3_epoch-25,0,0
ICA-cleaned,sub-01,3,sub-01_ses-3_epoch-25,1,0
ICA-cleaned,sub-01,3,sub-01_ses-3_epoch-25,2,0
ICA-cleaned,sub-01,3,sub-01_ses-3_epoch-25,3,0
ICA-cleaned,sub-01,3,sub-01_ses-3_epoch-25,4,0
ICA-cleaned,sub-01,3,sub-01_ses-3_epoch-25,5,0
ICA-cleaned,sub-01,3,sub-01_ses-3_epoch-25,6,0
ICA-cleaned,sub-01,3,sub-01_ses-3_epoch-25,7,0
ICA-cleaned,sub-01,3,sub-01_ses-3_epoch-26,0,0
ICA-cleaned,sub-01,3,sub-01_ses-3_epoch-26,1,0
ICA-cleaned,sub-01,3,sub-01_ses-3_epoch-26,2,0
ICA-cleaned,sub-01,3,sub-01_ses-3_epoch-26,3,0
ICA-cleaned,sub-01,3,sub-01_ses-3_epoch-26,4,0
ICA-cleaned,sub-01,3,sub-01_ses-3_epoch-26,5,0
ICA-cleaned,sub-01,3,sub-01_ses-3_epoch-26,6,0
ICA-cleaned,sub-01,3,sub-01_ses-3_epoch-26,7,0
ICA-cleaned,sub-01,3,sub-01_ses-3_epoch-27,0,1
ICA-cleaned,sub-01,3,sub-01_ses-3_epoch-27,1,1
ICA-cleaned,sub-01,3,sub-01_ses-3_epoch-27,2,1
ICA-cleaned,sub-01,3,sub-01_ses-3_epoch-27,3,1
ICA-cleaned,sub-01,3,sub-01_ses-3_epoch-27,4,1
ICA-cleaned,sub-01,3,sub-01_ses-3_epoch-27,5,1
ICA-cleaned,sub-01,3,sub-01_ses-3_epoch-27,6,1
ICA-cleaned,sub-01,3,sub-01_ses-3_epoch-28,0,0
ICA-cleaned,sub-01,3,sub-01_ses-3_epoch-28,1,0
ICA-cleaned,sub-01,3,sub-01_ses-3_epoch-28,2,0
ICA-cleaned,sub-01,3,sub-01_ses-3_epoch-28,3,0
ICA-cleaned,sub-01,3,sub-01_ses-3_epoch-28,4,0
ICA-cleaned,sub-01,3,sub-01_ses-3_epoch-28,5,0
ICA-cleaned,sub-01,3,sub-01_ses-3_epoch-28,6,0
ICA-cleaned,sub-01,3,sub-01_ses-3_epoch-28,7,0
ICA-cleaned,sub-01,3,sub-01_ses-3_epoch-29,0,1
ICA-cleaned,sub-01,3,sub-01_ses-3_epoch-29,1,1
ICA-cleaned,sub-01,3,sub-01_ses-3_epoch-29,2,1
ICA-cleaned,sub-01,3,sub-01_ses-3_epoch-29,3,1
ICA-cleaned,sub-01,3,sub-01_ses-3_epoch-29,4,1
ICA-cleaned,sub-01,3,sub-01_ses-3_epoch-29,5,1
ICA-cleaned,sub-01,3,sub-01_ses-3_epoch-29,6,1
ICA-cleaned,sub-01,3,sub-01_ses-3_epoch-30,0,0
ICA-cleaned,sub-01,3,sub-01_ses-3_epoch-30,1,0
ICA-cleaned,sub-01,3,sub-01_ses-3_epoch-30,2,0
ICA-cleaned,sub-01,3,sub-01_ses-3_epoch-30,3,0
ICA-cleaned,sub-01,3,sub-01_ses-3_epoch-30,4,0
ICA-cleaned,sub-01,3,sub-01_ses-3_epoch-30,5,0
ICA-cleaned,sub-01,3,sub-01_ses-3_epoch-30,6,0
ICA-cleaned,sub-01,3,sub-01_ses-3_epoch-30,7,0
ICA-cleaned,sub-01,3,sub-01_ses-3_epoch-31,0,0
ICA-cleaned,sub-01,3,sub-01_ses-3_epoch-31,1,0
ICA-cleaned,sub-01,3,sub-01_ses-3_epoch-31,2,0
ICA-cleaned,sub-01,3,sub-01_ses-3_epoch-31,3,0
ICA-cleaned,sub-01,3,sub-01_ses-3_epoch-31,4,0
ICA-cleaned,sub-01,3,sub-01_ses-3_epoch-31,5,0
ICA-cleaned,sub-01,3,sub-01_ses-3_epoch-31,6,0
ICA-cleaned,sub-01,3,sub-01_ses-3_epoch-31,7,0
ICA-cleaned,sub-01,3,sub-01_ses-3_epoch-32,0,1
ICA-cleaned,sub-01,3,sub-01_ses-3_epoch-32,1,1
ICA-cleaned,sub-01,3,sub-01_ses-3_epoch-32,2,1
ICA-cleaned,sub-01,3,sub-01_ses-3_epoch-32,3,1
ICA-cleaned,sub-01,3,sub-01_ses-3_epoch-32,4,1
ICA-cleaned,sub-01,3,sub-01_ses-3_epoch-32,5,1
ICA-cleaned,sub-01,3,sub-01_ses-3_epoch-32,6,1
ICA-cleaned,sub-01,3,sub-01_ses-3_epoch-33,0,0
ICA-cleaned,sub-01,3,sub-01_ses-3_epoch-33,1,0
ICA-cleaned,sub-01,3,sub-01_ses-3_epoch-33,2,0
ICA-cleaned,sub-01,3,sub-01_ses-3_epoch-33,3,0
ICA-cleaned,sub-01,3,sub-01_ses-3_epoch-33,4,0
ICA-cleaned,sub-01,3,sub-01_ses-3_epoch-33,5,0
ICA-cleaned,sub-01,3,sub-01_ses-3_epoch-33,6,0
ICA-cleaned,sub-01,3,sub-01_ses-3_epoch-33,7,0
ICA-cleaned,sub-01,3,sub-01_ses-3_epoch-34,0,0
ICA-cleaned,sub-01,3,sub-01_ses-3_epoch-34,1,0
ICA-cleaned,sub-01,3,sub-01_ses-3_epoch-34,2,0
ICA-cleaned,sub-01,3,sub-01_ses-3_epoch-34,3,0
ICA-cleaned,sub-01,3,sub-01_ses-3_epoch-34,4,0
ICA-cleaned,sub-01,3,sub-01_ses-3_epoch-34,5,0
ICA-cleaned,sub-01,3,sub-01_ses-3_epoch-34,6,0
ICA-cleaned,sub-01,3,sub-01_ses-3_epoch-34,7,0
ICA-cleaned,sub-01,3,sub-01_ses-3_epoch-35,0,1
ICA-cleaned,sub-01,3,sub-01_ses-3_epoch-35,1,1
ICA-cleaned,sub-01,3,sub-01_ses-3_epoch-35,2,1
ICA-cleaned,sub-01,3,sub-01_ses-3_epoch-35,3,1
ICA-cleaned,sub-01,3,sub-01_ses-3_epoch-35,4,1
ICA-cleaned,sub-01,3,sub-01_ses-3_epoch-35,5,1
ICA-cleaned,sub-01,3,sub-01_ses-3_epoch-35,6,1
ICA-cleaned,sub-01,3,sub-01_ses-3_epoch-36,0,0
ICA-cleaned,sub-01,3,sub-01_ses-3_epoch-36,1,0
ICA-cleaned,sub-01,3,sub-01_ses-3_epoch-36,2,0
ICA-cleaned,sub-01,3,sub-01_ses-3_epoch-36,3,0
ICA-cleaned,sub-01,3,sub-01_ses-3_epoch-36,4,0
ICA-cleaned,sub-01,3,sub-01_ses-3_epoch-36,5,0
ICA-cleaned,sub-01,3,sub-01_ses-3_epoch-36,6,0
ICA-cleaned,sub-01,3,sub-01_ses-3_epoch-36,7,0
ICA-cleaned,sub-01,3,sub-01_ses-3_epoch-37,0,1
ICA-cleaned,sub-01,3,sub-01_ses-3_epoch-37,1,1
ICA-cleaned,sub-01,3,sub-01_ses-3_epoch-37,2,1
ICA-cleaned,sub-01,3,sub-01_ses-3_epoch-37,3,1
ICA-cleaned,sub-01,3,sub-01_ses-3_epoch-37,4,1
ICA-cleaned,sub-01,3,sub-01_ses-3_epoch-37,5,1
ICA-cleaned,sub-01,3,sub-01_ses-3_epoch-37,6,1
ICA-cleaned,sub-01,3,sub-01_ses-3_epoch-38,0,0
ICA-cleaned,sub-01,3,sub-01_ses-3_epoch-38,1,0
ICA-cleaned,sub-01,3,sub-01_ses-3_epoch-38,2,0
ICA-cleaned,sub-01,3,sub-01_ses-3_epoch-38,3,0
ICA-cleaned,sub-01,3,sub-01_ses-3_epoch-38,4,0
ICA-cleaned,sub-01,3,sub-01_ses-3_epoch-38,5,0
ICA-cleaned,sub-01,3,sub-01_ses-3_epoch-38,6,0
ICA-cleaned,sub-01,3,sub-01_ses-3_epoch-38,7,0
ICA-cleaned,sub-01,3,sub-01_ses-3_epoch-39,0,0
ICA-cleaned,sub-01,3,sub-01_ses-3_epoch-39,1,0
ICA-cleaned,sub-01,3,sub-01_ses-3_epoch-39,2,0
ICA-cleaned,sub-01,3,sub-01_ses-3_epoch-39,3,0
ICA-cleaned,sub-01,3,sub-01_ses-3_epoch-39,4,0
ICA-cleaned,sub-01,3,sub-01_ses-3_epoch-39,5,0
ICA-cleaned,sub-01,3,sub-01_ses-3_epoch-39,6,0
ICA-cleaned,sub-01,3,sub-01_ses-3_epoch-39,7,0
ICA-cleaned,sub-01,3,sub-01_ses-3_epoch-40,0,0
ICA-cleaned,sub-01,3,sub-01_ses-3_epoch-40,1,0
ICA-cleaned,sub-01,3,sub-01_ses-3_epoch-40,2,0
ICA-cleaned,sub-01,3,sub-01_ses-3_epoch-40,3,0
ICA-cleaned,sub-01,3,sub-01_ses-3_epoch-40,4,0
ICA-cleaned,sub-01,3,sub-01_ses-3_epoch-40,5,0
ICA-cleaned,sub-01,3,sub-01_ses-3_epoch-40,6,0
ICA-cleaned,sub-01,3,sub-01_ses-3_epoch-40,7,0
ICA-cleaned,sub-01,3,sub-01_ses-3_epoch-41,0,1
ICA-cleaned,sub-01,3,sub-01_ses-3_epoch-41,1,1
ICA-cleaned,sub-01,3,sub-01_ses-3_epoch-41,2,1
ICA-cleaned,sub-01,3,sub-01_ses-3_epoch-41,3,1
ICA-cleaned,sub-01,3,sub-01_ses-3_epoch-41,4,1
ICA-cleaned,sub-01,3,sub-01_ses-3_epoch-41,5,1
ICA-cleaned,sub-01,3,sub-01_ses-3_epoch-41,6,1
ICA-cleaned,sub-01,3,sub-01_ses-3_epoch-42,0,0
ICA-cleaned,sub-01,3,sub-01_ses-3_epoch-42,1,0
ICA-cleaned,sub-01,3,sub-01_ses-3_epoch-42,2,0
ICA-cleaned,sub-01,3,sub-01_ses-3_epoch-42,3,0
ICA-cleaned,sub-01,3,sub-01_ses-3_epoch-42,4,0
ICA-cleaned,sub-01,3,sub-01_ses-3_epoch-42,5,0
ICA-cleaned,sub-01,3,sub-01_ses-3_epoch-42,6,0
ICA-cleaned,sub-01,3,sub-01_ses-3_epoch-42,7,0
ICA-cleaned,sub-01,3,sub-01_ses-3_epoch-43,0,1
ICA-cleaned,sub-01,3,sub-01_ses-3_epoch-43,1,1
ICA-cleaned,sub-01,3,sub-01_ses-3_epoch-43,2,1
ICA-cleaned,sub-01,3,sub-01_ses-3_epoch-43,3,1
ICA-cleaned,sub-01,3,sub-01_ses-3_epoch-43,4,1
ICA-cleaned,sub-01,3,sub-01_ses-3_epoch-43,5,1
ICA-cleaned,sub-01,3,sub-01_ses-3_epoch-43,6,1
ICA-cleaned,sub-01,3,sub-01_ses-3_epoch-44,0,0
ICA-cleaned,sub-01,3,sub-01_ses-3_epoch-44,1,0
ICA-cleaned,sub-01,3,sub-01_ses-3_epoch-44,2,0
ICA-cleaned,sub-01,3,sub-01_ses-3_epoch-44,3,0
ICA-cleaned,sub-01,3,sub-01_ses-3_epoch-44,4,0
ICA-cleaned,sub-01,3,sub-01_ses-3_epoch-44,5,0
ICA-cleaned,sub-01,3,sub-01_ses-3_epoch-44,6,0
ICA-cleaned,sub-01,3,sub-01_ses-3_epoch-44,7,0
ICA-cleaned,sub-01,3,sub-01_ses-3_epoch-45,0,1
ICA-cleaned,sub-01,3,sub-01_ses-3_epoch-45,1,1
ICA-cleaned,sub-01,3,sub-01_ses-3_epoch-45,2,1
ICA-cleaned,sub-01,3,sub-01_ses-3_epoch-45,3,1
ICA-cleaned,sub-01,3,sub-01_ses-3_epoch-45,4,1
ICA-cleaned,sub-01,3,sub-01_ses-3_epoch-45,5,1
ICA-cleaned,sub-01,3,sub-01_ses-3_epoch-45,6,1
ICA-cleaned,sub-01,3,sub-01_ses-3_epoch-46,0,0
ICA-cleaned,sub-01,3,sub-01_ses-3_epoch-46,1,0
ICA-cleaned,sub-01,3,sub-01_ses-3_epoch-46,2,0
ICA-cleaned,sub-01,3,sub-01_ses-3_epoch-46,3,0
ICA-cleaned,sub-01,3,sub-01_ses-3_epoch-46,4,0
ICA-cleaned,sub-01,3,sub-01_ses-3_epoch-46,5,0
ICA-cleaned,sub-01,3,sub-01_ses-3_epoch-46,6,0
ICA-cleaned,sub-01,3,sub-01_ses-3_epoch-46,7,0
ICA-cleaned,sub-01,3,sub-01_ses-3_epoch-47,0,1
ICA-cleaned,sub-01,3,sub-01_ses-3_epoch-47,1,1
ICA-cleaned,sub-01,3,sub-01_ses-3_epoch-47,2,1
ICA-cleaned,sub-01,3,sub-01_ses-3_epoch-47,3,1
ICA-cleaned,sub-01,3,sub-01_ses-3_epoch-47,4,1
ICA-cleaned,sub-01,3,sub-01_ses-3_epoch-47,5,1
ICA-cleaned,sub-01,3,sub-01_ses-3_epoch-47,6,1
ICA-cleaned,sub-01,3,sub-01_ses-3_epoch-48,0,0
ICA-cleaned,sub-01,3,sub-01_ses-3_epoch-48,1,0
ICA-cleaned,sub-01,3,sub-01_ses-3_epoch-48,2,0
ICA-cleaned,sub-01,3,sub-01_ses-3_epoch-48,3,0
ICA-cleaned,sub-01,3,sub-01_ses-3_epoch-48,4,0
ICA-cleaned,sub-01,3,sub-01_ses-3_epoch-48,5,0
ICA-cleaned,sub-01,3,sub-01_ses-3_epoch-48,6,0
ICA-cleaned,sub-01,3,sub-01_ses-3_epoch-48,7,0
ICA-cleaned,sub-01,3,sub-01_ses-3_epoch-49,0,1
ICA-cleaned,sub-01,3,sub-01_ses-3_epoch-49,1,1
ICA-cleaned,sub-01,3,sub-01_ses-3_epoch-49,2,1
ICA-cleaned,sub-01,3,sub-01_ses-3_epoch-49,3,1
ICA-cleaned,sub-01,3,sub-01_ses-3_epoch-49,4,1
ICA-cleaned,sub-01,3,sub-01_ses-3_epoch-49,5,1
ICA-cleaned,sub-01,3,sub-01_ses-3_epoch-49,6,1
ICA-cleaned,sub-01,3,sub-01_ses-3_epoch-50,0,0
ICA-cleaned,sub-01,3,sub-01_ses-3_epoch-50,1,0
ICA-cleaned,sub-01,3,sub-01_ses-3_epoch-50,2,0
ICA-cleaned,sub-01,3,sub-01_ses-3_epoch-50,3,0
ICA-cleaned,sub-01,3,sub-01_ses-3_epoch-50,4,0
ICA-cleaned,sub-01,3,sub-01_ses-3_epoch-50,5,0
ICA-cleaned,sub-01,3,sub-01_ses-3_epoch-50,6,0
ICA-cleaned,sub-01,3,sub-01_ses-3_epoch-50,7,0
ICA-cleaned,sub-01,3,sub-01_ses-3_epoch-51,0,1
ICA-cleaned,sub-01,3,sub-01_ses-3_epoch-51,1,1
ICA-cleaned,sub-01,3,sub-01_ses-3_epoch-51,2,1
ICA-cleaned,sub-01,3,sub-01_ses-3_epoch-51,3,1
ICA-cleaned,sub-01,3,sub-01_ses-3_epoch-51,4,1
ICA-cleaned,sub-01,3,sub-01_ses-3_epoch-51,5,1
ICA-cleaned,sub-01,3,sub-01_ses-3_epoch-51,6,1
ICA-cleaned,sub-01,3,sub-01_ses-3_epoch-52,0,0
ICA-cleaned,sub-01,3,sub-01_ses-3_epoch-52,1,0
ICA-cleaned,sub-01,3,sub-01_ses-3_epoch-52,2,0
ICA-cleaned,sub-01,3,sub-01_ses-3_epoch-52,3,0
ICA-cleaned,sub-01,3,sub-01_ses-3_epoch-52,4,0
ICA-cleaned,sub-01,3,sub-01_ses-3_epoch-52,5,0
ICA-cleaned,sub-01,3,sub-01_ses-3_epoch-52,6,0
ICA-cleaned,sub-01,3,sub-01_ses-3_epoch-52,7,0
ICA-cleaned,sub-01,3,sub-01_ses-3_epoch-53,0,1
ICA-cleaned,sub-01,3,sub-01_ses-3_epoch-53,1,1
ICA-cleaned,sub-01,3,sub-01_ses-3_epoch-53,2,1
ICA-cleaned,sub-01,3,sub-01_ses-3_epoch-53,3,1
ICA-cleaned,sub-01,3,sub-01_ses-3_epoch-53,4,1
ICA-cleaned,sub-01,3,sub-01_ses-3_epoch-53,5,1
ICA-cleaned,sub-01,3,sub-01_ses-3_epoch-53,6,1
ICA-cleaned,sub-01,3,sub-01_ses-3_epoch-54,0,0
ICA-cleaned,sub-01,3,sub-01_ses-3_epoch-54,1,0
ICA-cleaned,sub-01,3,sub-01_ses-3_epoch-54,2,0
ICA-cleaned,sub-01,3,sub-01_ses-3_epoch-54,3,0
ICA-cleaned,sub-01,3,sub-01_ses-3_epoch-54,4,0
ICA-cleaned,sub-01,3,sub-01_ses-3_epoch-54,5,0
ICA-cleaned,sub-01,3,sub-01_ses-3_epoch-54,6,0
ICA-cleaned,sub-01,3,sub-01_ses-3_epoch-54,7,0
ICA-cleaned,sub-01,3,sub-01_ses-3_epoch-55,0,1
ICA-cleaned,sub-01,3,sub-01_ses-3_epoch-55,1,1
ICA-cleaned,sub-01,3,sub-01_ses-3_epoch-55,2,1
ICA-cleaned,sub-01,3,sub-01_ses-3_epoch-55,3,1
ICA-cleaned,sub-01,3,sub-01_ses-3_epoch-55,4,1
ICA-cleaned,sub-01,3,sub-01_ses-3_epoch-55,5,1
ICA-cleaned,sub-01,3,sub-01_ses-3_epoch-55,6,1
ICA-cleaned,sub-01,3,sub-01_ses-3_epoch-56,0,0
ICA-cleaned,sub-01,3,sub-01_ses-3_epoch-56,1,0
ICA-cleaned,sub-01,3,sub-01_ses-3_epoch-56,2,0
ICA-cleaned,sub-01,3,sub-01_ses-3_epoch-56,3,0
ICA-cleaned,sub-01,3,sub-01_ses-3_epoch-56,4,0
ICA-cleaned,sub-01,3,sub-01_ses-3_epoch-56,5,0
ICA-cleaned,sub-01,3,sub-01_ses-3_epoch-56,6,0
ICA-cleaned,sub-01,3,sub-01_ses-3_epoch-56,7,0
ICA-cleaned,sub-01,3,sub-01_ses-3_epoch-57,0,1
ICA-cleaned,sub-01,3,sub-01_ses-3_epoch-57,1,1
ICA-cleaned,sub-01,3,sub-01_ses-3_epoch-57,2,1
ICA-cleaned,sub-01,3,sub-01_ses-3_epoch-57,3,1
ICA-cleaned,sub-01,3,sub-01_ses-3_epoch-57,4,1
ICA-cleaned,sub-01,3,sub-01_ses-3_epoch-57,5,1
ICA-cleaned,sub-01,3,sub-01_ses-3_epoch-57,6,1
ICA-cleaned,sub-01,3,sub-01_ses-3_epoch-58,0,0
ICA-cleaned,sub-01,3,sub-01_ses-3_epoch-58,1,0
ICA-cleaned,sub-01,3,sub-01_ses-3_epoch-58,2,0
ICA-cleaned,sub-01,3,sub-01_ses-3_epoch-58,3,0
ICA-cleaned,sub-01,3,sub-01_ses-3_epoch-58,4,0
ICA-cleaned,sub-01,3,sub-01_ses-3_epoch-58,5,0
ICA-cleaned,sub-01,3,sub-01_ses-3_epoch-58,6,0
ICA-cleaned,sub-01,3,sub-01_ses-3_epoch-58,7,0
ICA-cleaned,sub-01,3,sub-01_ses-3_epoch-59,0,0
ICA-cleaned,sub-01,3,sub-01_ses-3_epoch-59,1,0
ICA-cleaned,sub-01,3,sub-01_ses-3_epoch-59,2,0
ICA-cleaned,sub-01,3,sub-01_ses-3_epoch-59,3,0
ICA-cleaned,sub-01,3,sub-01_ses-3_epoch-59,4,0
ICA-cleaned,sub-01,3,sub-01_ses-3_epoch-59,5,0
ICA-cleaned,sub-01,3,sub-01_ses-3_epoch-59,6,0
ICA-cleaned,sub-01,3,sub-01_ses-3_epoch-59,7,0
Raw,sub-01,4,sub-01_ses-4_epoch-1,0,0
Raw,sub-01,4,sub-01_ses-4_epoch-1,1,0
Raw,sub-01,4,sub-01_ses-4_epoch-1,2,0
Raw,sub-01,4,sub-01_ses-4_epoch-1,3,0
Raw,sub-01,4,sub-01_ses-4_epoch-1,4,0
Raw,sub-01,4,sub-01_ses-4_epoch-1,5,0
Raw,sub-01,4,sub-01_ses-4_epoch-1,6,0
Raw,sub-01,4,sub-01_ses-4_epoch-1,7,0
Raw,sub-01,4,sub-01_ses-4_epoch-2,0,0
Raw,sub-01,4,sub-01_ses-4_epoch-2,1,0
Raw,sub-01,4,sub-01_ses-4_epoch-2,2,0
Raw,sub-01,4,sub-01_ses-4_epoch-2,3,0
Raw,sub-01,4,sub-01_ses-4_epoch-2,4,0
Raw,sub-01,4,sub-01_ses-4_epoch-2,5,0
Raw,sub-01,4,sub-01_ses-4_epoch-2,6,0
Raw,sub-01,4,sub-01_ses-4_epoch-2,7,0
Raw,sub-01,4,sub-01_ses-4_epoch-3,0,0
Raw,sub-01,4,sub-01_ses-4_epoch-3,1,0
Raw,sub-01,4,sub-01_ses-4_epoch-3,2,0
Raw,sub-01,4,sub-01_ses-4_epoch-3,3,0
Raw,sub-01,4,sub-01_ses-4_epoch-3,4,0
Raw,sub-01,4,sub-01_ses-4_epoch-3,5,0
Raw,sub-01,4,sub-01_ses-4_epoch-3,6,0
Raw,sub-01,4,sub-01_ses-4_epoch-3,7,0
Raw,sub-01,4,sub-01_ses-4_epoch-4,0,1
Raw,sub-01,4,sub-01_ses-4_epoch-4,1,1
Raw,sub-01,4,sub-01_ses-4_epoch-4,2,1
Raw,sub-01,4,sub-01_ses-4_epoch-4,3,1
Raw,sub-01,4,sub-01_ses-4_epoch-4,4,1
Raw,sub-01,4,sub-01_ses-4_epoch-4,5,1
Raw,sub-01,4,sub-01_ses-4_epoch-4,6,1
Raw,sub-01,4,sub-01_ses-4_epoch-5,0,0
Raw,sub-01,4,sub-01_ses-4_epoch-5,1,0
Raw,sub-01,4,sub-01_ses-4_epoch-5,2,0
Raw,sub-01,4,sub-01_ses-4_epoch-5,3,0
Raw,sub-01,4,sub-01_ses-4_epoch-5,4,0
Raw,sub-01,4,sub-01_ses-4_epoch-5,5,0
Raw,sub-01,4,sub-01_ses-4_epoch-5,6,0
Raw,sub-01,4,sub-01_ses-4_epoch-5,7,0
Raw,sub-01,4,sub-01_ses-4_epoch-6,0,1
Raw,sub-01,4,sub-01_ses-4_epoch-6,1,1
Raw,sub-01,4,sub-01_ses-4_epoch-6,2,1
Raw,sub-01,4,sub-01_ses-4_epoch-6,3,1
Raw,sub-01,4,sub-01_ses-4_epoch-6,4,1
Raw,sub-01,4,sub-01_ses-4_epoch-6,5,1
Raw,sub-01,4,sub-01_ses-4_epoch-6,6,1
Raw,sub-01,4,sub-01_ses-4_epoch-7,0,1
Raw,sub-01,4,sub-01_ses-4_epoch-7,1,1
Raw,sub-01,4,sub-01_ses-4_epoch-7,2,1
Raw,sub-01,4,sub-01_ses-4_epoch-7,3,1
Raw,sub-01,4,sub-01_ses-4_epoch-7,4,1
Raw,sub-01,4,sub-01_ses-4_epoch-7,5,1
Raw,sub-01,4,sub-01_ses-4_epoch-7,6,1
Raw,sub-01,4,sub-01_ses-4_epoch-8,0,0
Raw,sub-01,4,sub-01_ses-4_epoch-8,1,0
Raw,sub-01,4,sub-01_ses-4_epoch-8,2,0
Raw,sub-01,4,sub-01_ses-4_epoch-8,3,0
Raw,sub-01,4,sub-01_ses-4_epoch-8,4,0
Raw,sub-01,4,sub-01_ses-4_epoch-8,5,0
Raw,sub-01,4,sub-01_ses-4_epoch-8,6,0
Raw,sub-01,4,sub-01_ses-4_epoch-8,7,0
Raw,sub-01,4,sub-01_ses-4_epoch-9,0,0
Raw,sub-01,4,sub-01_ses-4_epoch-9,1,0
Raw,sub-01,4,sub-01_ses-4_epoch-9,2,0
Raw,sub-01,4,sub-01_ses-4_epoch-9,3,0
Raw,sub-01,4,sub-01_ses-4_epoch-9,4,0
Raw,sub-01,4,sub-01_ses-4_epoch-9,5,0
Raw,sub-01,4,sub-01_ses-4_epoch-9,6,0
Raw,sub-01,4,sub-01_ses-4_epoch-9,7,0
Raw,sub-01,4,sub-01_ses-4_epoch-10,0,1
Raw,sub-01,4,sub-01_ses-4_epoch-10,1,1
Raw,sub-01,4,sub-01_ses-4_epoch-10,2,1
Raw,sub-01,4,sub-01_ses-4_epoch-10,3,1
Raw,sub-01,4,sub-01_ses-4_epoch-10,4,1
Raw,sub-01,4,sub-01_ses-4_epoch-10,5,1
Raw,sub-01,4,sub-01_ses-4_epoch-10,6,1
Raw,sub-01,4,sub-01_ses-4_epoch-11,0,0
Raw,sub-01,4,sub-01_ses-4_epoch-11,1,0
Raw,sub-01,4,sub-01_ses-4_epoch-11,2,0
Raw,sub-01,4,sub-01_ses-4_epoch-11,3,0
Raw,sub-01,4,sub-01_ses-4_epoch-11,4,0
Raw,sub-01,4,sub-01_ses-4_epoch-11,5,0
Raw,sub-01,4,sub-01_ses-4_epoch-11,6,0
Raw,sub-01,4,sub-01_ses-4_epoch-11,7,0
Raw,sub-01,4,sub-01_ses-4_epoch-12,0,1
Raw,sub-01,4,sub-01_ses-4_epoch-12,1,1
Raw,sub-01,4,sub-01_ses-4_epoch-12,2,1
Raw,sub-01,4,sub-01_ses-4_epoch-12,3,1
Raw,sub-01,4,sub-01_ses-4_epoch-12,4,1
Raw,sub-01,4,sub-01_ses-4_epoch-12,5,1
Raw,sub-01,4,sub-01_ses-4_epoch-12,6,1
Raw,sub-01,4,sub-01_ses-4_epoch-13,0,0
Raw,sub-01,4,sub-01_ses-4_epoch-13,1,0
Raw,sub-01,4,sub-01_ses-4_epoch-13,2,0
Raw,sub-01,4,sub-01_ses-4_epoch-13,3,0
Raw,sub-01,4,sub-01_ses-4_epoch-13,4,0
Raw,sub-01,4,sub-01_ses-4_epoch-13,5,0
Raw,sub-01,4,sub-01_ses-4_epoch-13,6,0
Raw,sub-01,4,sub-01_ses-4_epoch-13,7,0
Raw,sub-01,4,sub-01_ses-4_epoch-14,0,1
Raw,sub-01,4,sub-01_ses-4_epoch-14,1,1
Raw,sub-01,4,sub-01_ses-4_epoch-14,2,1
Raw,sub-01,4,sub-01_ses-4_epoch-14,3,1
Raw,sub-01,4,sub-01_ses-4_epoch-14,4,1
Raw,sub-01,4,sub-01_ses-4_epoch-14,5,1
Raw,sub-01,4,sub-01_ses-4_epoch-14,6,1
Raw,sub-01,4,sub-01_ses-4_epoch-15,0,0
Raw,sub-01,4,sub-01_ses-4_epoch-15,1,0
Raw,sub-01,4,sub-01_ses-4_epoch-15,2,0
Raw,sub-01,4,sub-01_ses-4_epoch-15,3,0
Raw,sub-01,4,sub-01_ses-4_epoch-15,4,0
Raw,sub-01,4,sub-01_ses-4_epoch-15,5,0
Raw,sub-01,4,sub-01_ses-4_epoch-15,6,0
Raw,sub-01,4,sub-01_ses-4_epoch-15,7,0
Raw,sub-01,4,sub-01_ses-4_epoch-16,0,1
Raw,sub-01,4,sub-01_ses-4_epoch-16,1,1
Raw,sub-01,4,sub-01_ses-4_epoch-16,2,1
Raw,sub-01,4,sub-01_ses-4_epoch-16,3,1
Raw,sub-01,4,sub-01_ses-4_epoch-16,4,1
Raw,sub-01,4,sub-01_ses-4_epoch-16,5,1
Raw,sub-01,4,sub-01_ses-4_epoch-16,6,1
Raw,sub-01,4,sub-01_ses-4_epoch-17,0,0
Raw,sub-01,4,sub-01_ses-4_epoch-17,1,0
Raw,sub-01,4,sub-01_ses-4_epoch-17,2,0
Raw,sub-01,4,sub-01_ses-4_epoch-17,3,0
Raw,sub-01,4,sub-01_ses-4_epoch-17,4,0
Raw,sub-01,4,sub-01_ses-4_epoch-17,5,0
Raw,sub-01,4,sub-01_ses-4_epoch-17,6,0
Raw,sub-01,4,sub-01_ses-4_epoch-17,7,0
Raw,sub-01,4,sub-01_ses-4_epoch-18,0,1
Raw,sub-01,4,sub-01_ses-4_epoch-18,1,1
Raw,sub-01,4,sub-01_ses-4_epoch-18,2,1
Raw,sub-01,4,sub-01_ses-4_epoch-18,3,1
Raw,sub-01,4,sub-01_ses-4_epoch-18,4,1
Raw,sub-01,4,sub-01_ses-4_epoch-18,5,1
Raw,sub-01,4,sub-01_ses-4_epoch-18,6,1
Raw,sub-01,4,sub-01_ses-4_epoch-19,0,0
Raw,sub-01,4,sub-01_ses-4_epoch-19,1,0
Raw,sub-01,4,sub-01_ses-4_epoch-19,2,0
Raw,sub-01,4,sub-01_ses-4_epoch-19,3,0
Raw,sub-01,4,sub-01_ses-4_epoch-19,4,0
Raw,sub-01,4,sub-01_ses-4_epoch-19,5,0
Raw,sub-01,4,sub-01_ses-4_epoch-19,6,0
Raw,sub-01,4,sub-01_ses-4_epoch-19,7,0
Raw,sub-01,4,sub-01_ses-4_epoch-20,0,1
Raw,sub-01,4,sub-01_ses-4_epoch-20,1,1
Raw,sub-01,4,sub-01_ses-4_epoch-20,2,1
Raw,sub-01,4,sub-01_ses-4_epoch-20,3,1
Raw,sub-01,4,sub-01_ses-4_epoch-20,4,1
Raw,sub-01,4,sub-01_ses-4_epoch-20,5,1
Raw,sub-01,4,sub-01_ses-4_epoch-20,6,1
Raw,sub-01,4,sub-01_ses-4_epoch-21,0,0
Raw,sub-01,4,sub-01_ses-4_epoch-21,1,0
Raw,sub-01,4,sub-01_ses-4_epoch-21,2,0
Raw,sub-01,4,sub-01_ses-4_epoch-21,3,0
Raw,sub-01,4,sub-01_ses-4_epoch-21,4,0
Raw,sub-01,4,sub-01_ses-4_epoch-21,5,0
Raw,sub-01,4,sub-01_ses-4_epoch-21,6,0
Raw,sub-01,4,sub-01_ses-4_epoch-21,7,0
Raw,sub-01,4,sub-01_ses-4_epoch-22,0,1
Raw,sub-01,4,sub-01_ses-4_epoch-22,1,1
Raw,sub-01,4,sub-01_ses-4_epoch-22,2,1
Raw,sub-01,4,sub-01_ses-4_epoch-22,3,1
Raw,sub-01,4,sub-01_ses-4_epoch-22,4,1
Raw,sub-01,4,sub-01_ses-4_epoch-22,5,1
Raw,sub-01,4,sub-01_ses-4_epoch-22,6,1
Raw,sub-01,4,sub-01_ses-4_epoch-23,0,0
Raw,sub-01,4,sub-01_ses-4_epoch-23,1,0
Raw,sub-01,4,sub-01_ses-4_epoch-23,2,0
Raw,sub-01,4,sub-01_ses-4_epoch-23,3,0
Raw,sub-01,4,sub-01_ses-4_epoch-23,4,0
Raw,sub-01,4,sub-01_ses-4_epoch-23,5,0
Raw,sub-01,4,sub-01_ses-4_epoch-23,6,0
Raw,sub-01,4,sub-01_ses-4_epoch-23,7,0
Raw,sub-01,4,sub-01_ses-4_epoch-24,0,1
Raw,sub-01,4,sub-01_ses-4_epoch-24,1,1
Raw,sub-01,4,sub-01_ses-4_epoch-24,2,1
Raw,sub-01,4,sub-01_ses-4_epoch-24,3,1
Raw,sub-01,4,sub-01_ses-4_epoch-24,4,1
Raw,sub-01,4,sub-01_ses-4_epoch-24,5,1
Raw,sub-01,4,sub-01_ses-4_epoch-24,6,1
Raw,sub-01,4,sub-01_ses-4_epoch-25,0,0
Raw,sub-01,4,sub-01_ses-4_epoch-25,1,0
Raw,sub-01,4,sub-01_ses-4_epoch-25,2,0
Raw,sub-01,4,sub-01_ses-4_epoch-25,3,0
Raw,sub-01,4,sub-01_ses-4_epoch-25,4,0
Raw,sub-01,4,sub-01_ses-4_epoch-25,5,0
Raw,sub-01,4,sub-01_ses-4_epoch-25,6,0
Raw,sub-01,4,sub-01_ses-4_epoch-25,7,0
Raw,sub-01,4,sub-01_ses-4_epoch-26,0,1
Raw,sub-01,4,sub-01_ses-4_epoch-26,1,1
Raw,sub-01,4,sub-01_ses-4_epoch-26,2,1
Raw,sub-01,4,sub-01_ses-4_epoch-26,3,1
Raw,sub-01,4,sub-01_ses-4_epoch-26,4,1
Raw,sub-01,4,sub-01_ses-4_epoch-26,5,1
Raw,sub-01,4,sub-01_ses-4_epoch-26,6,1
Raw,sub-01,4,sub-01_ses-4_epoch-27,0,0
Raw,sub-01,4,sub-01_ses-4_epoch-27,1,0
Raw,sub-01,4,sub-01_ses-4_epoch-27,2,0
Raw,sub-01,4,sub-01_ses-4_epoch-27,3,0
Raw,sub-01,4,sub-01_ses-4_epoch-27,4,0
Raw,sub-01,4,sub-01_ses-4_epoch-27,5,0
Raw,sub-01,4,sub-01_ses-4_epoch-27,6,0
Raw,sub-01,4,sub-01_ses-4_epoch-27,7,0
Raw,sub-01,4,sub-01_ses-4_epoch-28,0,1
Raw,sub-01,4,sub-01_ses-4_epoch-28,1,1
Raw,sub-01,4,sub-01_ses-4_epoch-28,2,1
Raw,sub-01,4,sub-01_ses-4_epoch-28,3,1
Raw,sub-01,4,sub-01_ses-4_epoch-28,4,1
Raw,sub-01,4,sub-01_ses-4_epoch-28,5,1
Raw,sub-01,4,sub-01_ses-4_epoch-28,6,1
Raw,sub-01,4,sub-01_ses-4_epoch-29,0,0
Raw,sub-01,4,sub-01_ses-4_epoch-29,1,0
Raw,sub-01,4,sub-01_ses-4_epoch-29,2,0
Raw,sub-01,4,sub-01_ses-4_epoch-29,3,0
Raw,sub-01,4,sub-01_ses-4_epoch-29,4,0
Raw,sub-01,4,sub-01_ses-4_epoch-29,5,0
Raw,sub-01,4,sub-01_ses-4_epoch-29,6,0
Raw,sub-01,4,sub-01_ses-4_epoch-29,7,0
Raw,sub-01,4,sub-01_ses-4_epoch-30,0,1
Raw,sub-01,4,sub-01_ses-4_epoch-30,1,1
Raw,sub-01,4,sub-01_ses-4_epoch-30,2,1
Raw,sub-01,4,sub-01_ses-4_epoch-30,3,1
Raw,sub-01,4,sub-01_ses-4_epoch-30,4,1
Raw,sub-01,4,sub-01_ses-4_epoch-30,5,1
Raw,sub-01,4,sub-01_ses-4_epoch-30,6,1
Raw,sub-01,4,sub-01_ses-4_epoch-31,0,0
Raw,sub-01,4,sub-01_ses-4_epoch-31,1,0
Raw,sub-01,4,sub-01_ses-4_epoch-31,2,0
Raw,sub-01,4,sub-01_ses-4_epoch-31,3,0
Raw,sub-01,4,sub-01_ses-4_epoch-31,4,0
Raw,sub-01,4,sub-01_ses-4_epoch-31,5,0
Raw,sub-01,4,sub-01_ses-4_epoch-31,6,0
Raw,sub-01,4,sub-01_ses-4_epoch-31,7,0
Raw,sub-01,4,sub-01_ses-4_epoch-32,0,1
Raw,sub-01,4,sub-01_ses-4_epoch-32,1,1
Raw,sub-01,4,sub-01_ses-4_epoch-32,2,1
Raw,sub-01,4,sub-01_ses-4_epoch-32,3,1
Raw,sub-01,4,sub-01_ses-4_epoch-32,4,1
Raw,sub-01,4,sub-01_ses-4_epoch-32,5,1
Raw,sub-01,4,sub-01_ses-4_epoch-32,6,1
Raw,sub-01,4,sub-01_ses-4_epoch-33,0,0
Raw,sub-01,4,sub-01_ses-4_epoch-33,1,0
Raw,sub-01,4,sub-01_ses-4_epoch-33,2,0
Raw,sub-01,4,sub-01_ses-4_epoch-33,3,0
Raw,sub-01,4,sub-01_ses-4_epoch-33,4,0
Raw,sub-01,4,sub-01_ses-4_epoch-33,5,0
Raw,sub-01,4,sub-01_ses-4_epoch-33,6,0
Raw,sub-01,4,sub-01_ses-4_epoch-33,7,0
Raw,sub-01,4,sub-01_ses-4_epoch-34,0,1
Raw,sub-01,4,sub-01_ses-4_epoch-34,1,1
Raw,sub-01,4,sub-01_ses-4_epoch-34,2,1
Raw,sub-01,4,sub-01_ses-4_epoch-34,3,1
Raw,sub-01,4,sub-01_ses-4_epoch-34,4,1
Raw,sub-01,4,sub-01_ses-4_epoch-34,5,1
Raw,sub-01,4,sub-01_ses-4_epoch-34,6,1
Raw,sub-01,4,sub-01_ses-4_epoch-35,0,0
Raw,sub-01,4,sub-01_ses-4_epoch-35,1,0
Raw,sub-01,4,sub-01_ses-4_epoch-35,2,0
Raw,sub-01,4,sub-01_ses-4_epoch-35,3,0
Raw,sub-01,4,sub-01_ses-4_epoch-35,4,0
Raw,sub-01,4,sub-01_ses-4_epoch-35,5,0
Raw,sub-01,4,sub-01_ses-4_epoch-35,6,0
Raw,sub-01,4,sub-01_ses-4_epoch-35,7,0
Raw,sub-01,4,sub-01_ses-4_epoch-36,0,1
Raw,sub-01,4,sub-01_ses-4_epoch-36,1,1
Raw,sub-01,4,sub-01_ses-4_epoch-36,2,1
Raw,sub-01,4,sub-01_ses-4_epoch-36,3,1
Raw,sub-01,4,sub-01_ses-4_epoch-36,4,1
Raw,sub-01,4,sub-01_ses-4_epoch-36,5,1
Raw,sub-01,4,sub-01_ses-4_epoch-36,6,1
Raw,sub-01,4,sub-01_ses-4_epoch-37,0,0
Raw,sub-01,4,sub-01_ses-4_epoch-37,1,0
Raw,sub-01,4,sub-01_ses-4_epoch-37,2,0
Raw,sub-01,4,sub-01_ses-4_epoch-37,3,0
Raw,sub-01,4,sub-01_ses-4_epoch-37,4,0
Raw,sub-01,4,sub-01_ses-4_epoch-37,5,0
Raw,sub-01,4,sub-01_ses-4_epoch-37,6,0
Raw,sub-01,4,sub-01_ses-4_epoch-37,7,0
Raw,sub-01,4,sub-01_ses-4_epoch-38,0,1
Raw,sub-01,4,sub-01_ses-4_epoch-38,1,1
Raw,sub-01,4,sub-01_ses-4_epoch-38,2,1
Raw,sub-01,4,sub-01_ses-4_epoch-38,3,1
Raw,sub-01,4,sub-01_ses-4_epoch-38,4,1
Raw,sub-01,4,sub-01_ses-4_epoch-38,5,1
Raw,sub-01,4,sub-01_ses-4_epoch-38,6,1
Raw,sub-01,4,sub-01_ses-4_epoch-39,0,0
Raw,sub-01,4,sub-01_ses-4_epoch-39,1,0
Raw,sub-01,4,sub-01_ses-4_epoch-39,2,0
Raw,sub-01,4,sub-01_ses-4_epoch-39,3,0
Raw,sub-01,4,sub-01_ses-4_epoch-39,4,0
Raw,sub-01,4,sub-01_ses-4_epoch-39,5,0
Raw,sub-01,4,sub-01_ses-4_epoch-39,6,0
Raw,sub-01,4,sub-01_ses-4_epoch-39,7,0
Raw,sub-01,4,sub-01_ses-4_epoch-40,0,1
Raw,sub-01,4,sub-01_ses-4_epoch-40,1,1
Raw,sub-01,4,sub-01_ses-4_epoch-40,2,1
Raw,sub-01,4,sub-01_ses-4_epoch-40,3,1
Raw,sub-01,4,sub-01_ses-4_epoch-40,4,1
Raw,sub-01,4,sub-01_ses-4_epoch-40,5,1
Raw,sub-01,4,sub-01_ses-4_epoch-40,6,1
Raw,sub-01,4,sub-01_ses-4_epoch-41,0,0
Raw,sub-01,4,sub-01_ses-4_epoch-41,1,0
Raw,sub-01,4,sub-01_ses-4_epoch-41,2,0
Raw,sub-01,4,sub-01_ses-4_epoch-41,3,0
Raw,sub-01,4,sub-01_ses-4_epoch-41,4,0
Raw,sub-01,4,sub-01_ses-4_epoch-41,5,0
Raw,sub-01,4,sub-01_ses-4_epoch-41,6,0
Raw,sub-01,4,sub-01_ses-4_epoch-41,7,0
Raw,sub-01,4,sub-01_ses-4_epoch-42,0,1
Raw,sub-01,4,sub-01_ses-4_epoch-42,1,1
Raw,sub-01,4,sub-01_ses-4_epoch-42,2,1
Raw,sub-01,4,sub-01_ses-4_epoch-42,3,1
Raw,sub-01,4,sub-01_ses-4_epoch-42,4,1
Raw,sub-01,4,sub-01_ses-4_epoch-42,5,1
Raw,sub-01,4,sub-01_ses-4_epoch-42,6,1
Raw,sub-01,4,sub-01_ses-4_epoch-43,0,0
Raw,sub-01,4,sub-01_ses-4_epoch-43,1,0
Raw,sub-01,4,sub-01_ses-4_epoch-43,2,0
Raw,sub-01,4,sub-01_ses-4_epoch-43,3,0
Raw,sub-01,4,sub-01_ses-4_epoch-43,4,0
Raw,sub-01,4,sub-01_ses-4_epoch-43,5,0
Raw,sub-01,4,sub-01_ses-4_epoch-43,6,0
Raw,sub-01,4,sub-01_ses-4_epoch-43,7,0
Raw,sub-01,4,sub-01_ses-4_epoch-44,0,1
Raw,sub-01,4,sub-01_ses-4_epoch-44,1,1
Raw,sub-01,4,sub-01_ses-4_epoch-44,2,1
Raw,sub-01,4,sub-01_ses-4_epoch-44,3,1
Raw,sub-01,4,sub-01_ses-4_epoch-44,4,1
Raw,sub-01,4,sub-01_ses-4_epoch-44,5,1
Raw,sub-01,4,sub-01_ses-4_epoch-44,6,1
Raw,sub-01,4,sub-01_ses-4_epoch-45,0,0
Raw,sub-01,4,sub-01_ses-4_epoch-45,1,0
Raw,sub-01,4,sub-01_ses-4_epoch-45,2,0
Raw,sub-01,4,sub-01_ses-4_epoch-45,3,0
Raw,sub-01,4,sub-01_ses-4_epoch-45,4,0
Raw,sub-01,4,sub-01_ses-4_epoch-45,5,0
Raw,sub-01,4,sub-01_ses-4_epoch-45,6,0
Raw,sub-01,4,sub-01_ses-4_epoch-45,7,0
Raw,sub-01,4,sub-01_ses-4_epoch-46,0,1
Raw,sub-01,4,sub-01_ses-4_epoch-46,1,1
Raw,sub-01,4,sub-01_ses-4_epoch-46,2,1
Raw,sub-01,4,sub-01_ses-4_epoch-46,3,1
Raw,sub-01,4,sub-01_ses-4_epoch-46,4,1
Raw,sub-01,4,sub-01_ses-4_epoch-46,5,1
Raw,sub-01,4,sub-01_ses-4_epoch-46,6,1
Raw,sub-01,4,sub-01_ses-4_epoch-47,0,0
Raw,sub-01,4,sub-01_ses-4_epoch-47,1,0
Raw,sub-01,4,sub-01_ses-4_epoch-47,2,0
Raw,sub-01,4,sub-01_ses-4_epoch-47,3,0
Raw,sub-01,4,sub-01_ses-4_epoch-47,4,0
Raw,sub-01,4,sub-01_ses-4_epoch-47,5,0
Raw,sub-01,4,sub-01_ses-4_epoch-47,6,0
Raw,sub-01,4,sub-01_ses-4_epoch-47,7,0
Raw,sub-01,4,sub-01_ses-4_epoch-48,0,1
Raw,sub-01,4,sub-01_ses-4_epoch-48,1,1
Raw,sub-01,4,sub-01_ses-4_epoch-48,2,1
Raw,sub-01,4,sub-01_ses-4_epoch-48,3,1
Raw,sub-01,4,sub-01_ses-4_epoch-48,4,1
Raw,sub-01,4,sub-01_ses-4_epoch-48,5,1
Raw,sub-01,4,sub-01_ses-4_epoch-48,6,1
Raw,sub-01,4,sub-01_ses-4_epoch-49,0,0
Raw,sub-01,4,sub-01_ses-4_epoch-49,1,0
Raw,sub-01,4,sub-01_ses-4_epoch-49,2,0
Raw,sub-01,4,sub-01_ses-4_epoch-49,3,0
Raw,sub-01,4,sub-01_ses-4_epoch-49,4,0
Raw,sub-01,4,sub-01_ses-4_epoch-49,5,0
Raw,sub-01,4,sub-01_ses-4_epoch-49,6,0
Raw,sub-01,4,sub-01_ses-4_epoch-49,7,0
Raw,sub-01,4,sub-01_ses-4_epoch-50,0,0
Raw,sub-01,4,sub-01_ses-4_epoch-50,1,0
Raw,sub-01,4,sub-01_ses-4_epoch-50,2,0
Raw,sub-01,4,sub-01_ses-4_epoch-50,3,0
Raw,sub-01,4,sub-01_ses-4_epoch-50,4,0
Raw,sub-01,4,sub-01_ses-4_epoch-50,5,0
Raw,sub-01,4,sub-01_ses-4_epoch-50,6,0
Raw,sub-01,4,sub-01_ses-4_epoch-50,7,0
ICA-cleaned,sub-01,4,sub-01_ses-4_epoch-1,0,0
ICA-cleaned,sub-01,4,sub-01_ses-4_epoch-1,1,0
ICA-cleaned,sub-01,4,sub-01_ses-4_epoch-1,2,0
ICA-cleaned,sub-01,4,sub-01_ses-4_epoch-1,3,0
ICA-cleaned,sub-01,4,sub-01_ses-4_epoch-1,4,0
ICA-cleaned,sub-01,4,sub-01_ses-4_epoch-1,5,0
ICA-cleaned,sub-01,4,sub-01_ses-4_epoch-1,6,0
ICA-cleaned,sub-01,4,sub-01_ses-4_epoch-1,7,0
ICA-cleaned,sub-01,4,sub-01_ses-4_epoch-2,0,0
ICA-cleaned,sub-01,4,sub-01_ses-4_epoch-2,1,0
ICA-cleaned,sub-01,4,sub-01_ses-4_epoch-2,2,0
ICA-cleaned,sub-01,4,sub-01_ses-4_epoch-2,3,0
ICA-cleaned,sub-01,4,sub-01_ses-4_epoch-2,4,0
ICA-cleaned,sub-01,4,sub-01_ses-4_epoch-2,5,0
ICA-cleaned,sub-01,4,sub-01_ses-4_epoch-2,6,0
ICA-cleaned,sub-01,4,sub-01_ses-4_epoch-2,7,0
ICA-cleaned,sub-01,4,sub-01_ses-4_epoch-3,0,0
ICA-cleaned,sub-01,4,sub-01_ses-4_epoch-3,1,0
ICA-cleaned,sub-01,4,sub-01_ses-4_epoch-3,2,0
ICA-cleaned,sub-01,4,sub-01_ses-4_epoch-3,3,0
ICA-cleaned,sub-01,4,sub-01_ses-4_epoch-3,4,0
ICA-cleaned,sub-01,4,sub-01_ses-4_epoch-3,5,0
ICA-cleaned,sub-01,4,sub-01_ses-4_epoch-3,6,0
ICA-cleaned,sub-01,4,sub-01_ses-4_epoch-3,7,0
ICA-cleaned,sub-01,4,sub-01_ses-4_epoch-4,0,1
ICA-cleaned,sub-01,4,sub-01_ses-4_epoch-4,1,1
ICA-cleaned,sub-01,4,sub-01_ses-4_epoch-4,2,1
ICA-cleaned,sub-01,4,sub-01_ses-4_epoch-4,3,1
ICA-cleaned,sub-01,4,sub-01_ses-4_epoch-4,4,1
ICA-cleaned,sub-01,4,sub-01_ses-4_epoch-4,5,1
ICA-cleaned,sub-01,4,sub-01_ses-4_epoch-4,6,1
ICA-cleaned,sub-01,4,sub-01_ses-4_epoch-5,0,0
ICA-cleaned,sub-01,4,sub-01_ses-4_epoch-5,1,0
ICA-cleaned,sub-01,4,sub-01_ses-4_epoch-5,2,0
ICA-cleaned,sub-01,4,sub-01_ses-4_epoch-5,3,0
ICA-cleaned,sub-01,4,sub-01_ses-4_epoch-5,4,0
ICA-cleaned,sub-01,4,sub-01_ses-4_epoch-5,5,0
ICA-cleaned,sub-01,4,sub-01_ses-4_epoch-5,6,0
ICA-cleaned,sub-01,4,sub-01_ses-4_epoch-5,7,0
ICA-cleaned,sub-01,4,sub-01_ses-4_epoch-6,0,1
ICA-cleaned,sub-01,4,sub-01_ses-4_epoch-6,1,1
ICA-cleaned,sub-01,4,sub-01_ses-4_epoch-6,2,1
ICA-cleaned,sub-01,4,sub-01_ses-4_epoch-6,3,1
ICA-cleaned,sub-01,4,sub-01_ses-4_epoch-6,4,1
ICA-cleaned,sub-01,4,sub-01_ses-4_epoch-6,5,1
ICA-cleaned,sub-01,4,sub-01_ses-4_epoch-6,6,1
ICA-cleaned,sub-01,4,sub-01_ses-4_epoch-7,0,1
ICA-cleaned,sub-01,4,sub-01_ses-4_epoch-7,1,1
ICA-cleaned,sub-01,4,sub-01_ses-4_epoch-7,2,1
ICA-cleaned,sub-01,4,sub-01_ses-4_epoch-7,3,1
ICA-cleaned,sub-01,4,sub-01_ses-4_epoch-7,4,1
ICA-cleaned,sub-01,4,sub-01_ses-4_epoch-7,5,1
ICA-cleaned,sub-01,4,sub-01_ses-4_epoch-7,6,1
ICA-cleaned,sub-01,4,sub-01_ses-4_epoch-8,0,0
ICA-cleaned,sub-01,4,sub-01_ses-4_epoch-8,1,0
ICA-cleaned,sub-01,4,sub-01_ses-4_epoch-8,2,0
ICA-cleaned,sub-01,4,sub-01_ses-4_epoch-8,3,0
ICA-cleaned,sub-01,4,sub-01_ses-4_epoch-8,4,0
ICA-cleaned,sub-01,4,sub-01_ses-4_epoch-8,5,0
ICA-cleaned,sub-01,4,sub-01_ses-4_epoch-8,6,0
ICA-cleaned,sub-01,4,sub-01_ses-4_epoch-8,7,0
ICA-cleaned,sub-01,4,sub-01_ses-4_epoch-9,0,0
ICA-cleaned,sub-01,4,sub-01_ses-4_epoch-9,1,0
ICA-cleaned,sub-01,4,sub-01_ses-4_epoch-9,2,0
ICA-cleaned,sub-01,4,sub-01_ses-4_epoch-9,3,0
ICA-cleaned,sub-01,4,sub-01_ses-4_epoch-9,4,0
ICA-cleaned,sub-01,4,sub-01_ses-4_epoch-9,5,0
ICA-cleaned,sub-01,4,sub-01_ses-4_epoch-9,6,0
ICA-cleaned,sub-01,4,sub-01_ses-4_epoch-9,7,0
ICA-cleaned,sub-01,4,sub-01_ses-4_epoch-10,0,1
ICA-cleaned,sub-01,4,sub-01_ses-4_epoch-10,1,1
ICA-cleaned,sub-01,4,sub-01_ses-4_epoch-10,2,1
ICA-cleaned,sub-01,4,sub-01_ses-4_epoch-10,3,1
ICA-cleaned,sub-01,4,sub-01_ses-4_epoch-10,4,1
ICA-cleaned,sub-01,4,sub-01_ses-4_epoch-10,5,1
ICA-cleaned,sub-01,4,sub-01_ses-4_epoch-10,6,1
ICA-cleaned,sub-01,4,sub-01_ses-4_epoch-11,0,0
ICA-cleaned,sub-01,4,sub-01_ses-4_epoch-11,1,0
ICA-cleaned,sub-01,4,sub-01_ses-4_epoch-11,2,0
ICA-cleaned,sub-01,4,sub-01_ses-4_epoch-11,3,0
ICA-cleaned,sub-01,4,sub-01_ses-4_epoch-11,4,0
ICA-cleaned,sub-01,4,sub-01_ses-4_epoch-11,5,0
ICA-cleaned,sub-01,4,sub-01_ses-4_epoch-11,6,0
ICA-cleaned,sub-01,4,sub-01_ses-4_epoch-11,7,0
ICA-cleaned,sub-01,4,sub-01_ses-4_epoch-12,0,1
ICA-cleaned,sub-01,4,sub-01_ses-4_epoch-12,1,1
ICA-cleaned,sub-01,4,sub-01_ses-4_epoch-12,2,1
ICA-cleaned,sub-01,4,sub-01_ses-4_epoch-12,3,1
ICA-cleaned,sub-01,4,sub-01_ses-4_epoch-12,4,1
ICA-cleaned,sub-01,4,sub-01_ses-4_epoch-12,5,1
ICA-cleaned,sub-01,4,sub-01_ses-4_epoch-12,6,1
ICA-cleaned,sub-01,4,sub-01_ses-4_epoch-13,0,0
ICA-cleaned,sub-01,4,sub-01_ses-4_epoch-13,1,0
ICA-cleaned,sub-01,4,sub-01_ses-4_epoch-13,2,0
ICA-cleaned,sub-01,4,sub-01_ses-4_epoch-13,3,0
ICA-cleaned,sub-01,4,sub-01_ses-4_epoch-13,4,0
ICA-cleaned,sub-01,4,sub-01_ses-4_epoch-13,5,0
ICA-cleaned,sub-01,4,sub-01_ses-4_epoch-13,6,0
ICA-cleaned,sub-01,4,sub-01_ses-4_epoch-13,7,0
ICA-cleaned,sub-01,4,sub-01_ses-4_epoch-14,0,1
ICA-cleaned,sub-01,4,sub-01_ses-4_epoch-14,1,1
ICA-cleaned,sub-01,4,sub-01_ses-4_epoch-14,2,1
ICA-cleaned,sub-01,4,sub-01_ses-4_epoch-14,3,1
ICA-cleaned,sub-01,4,sub-01_ses-4_epoch-14,4,1
ICA-cleaned,sub-01,4,sub-01_ses-4_epoch-14,5,1
ICA-cleaned,sub-01,4,sub-01_ses-4_epoch-14,6,1
ICA-cleaned,sub-01,4,sub-01_ses-4_epoch-15,0,0
ICA-cleaned,sub-01,4,sub-01_ses-4_epoch-15,1,0
ICA-cleaned,sub-01,4,sub-01_ses-4_epoch-15,2,0
ICA-cleaned,sub-01,4,sub-01_ses-4_epoch-15,3,0
ICA-cleaned,sub-01,4,sub-01_ses-4_epoch-15,4,0
ICA-cleaned,sub-01,4,sub-01_ses-4_epoch-15,5,0
ICA-cleaned,sub-01,4,sub-01_ses-4_epoch-15,6,0
ICA-cleaned,sub-01,4,sub-01_ses-4_epoch-15,7,0
ICA-cleaned,sub-01,4,sub-01_ses-4_epoch-16,0,1
ICA-cleaned,sub-01,4,sub-01_ses-4_epoch-16,1,1
ICA-cleaned,sub-01,4,sub-01_ses-4_epoch-16,2,1
ICA-cleaned,sub-01,4,sub-01_ses-4_epoch-16,3,1
ICA-cleaned,sub-01,4,sub-01_ses-4_epoch-16,4,1
ICA-cleaned,sub-01,4,sub-01_ses-4_epoch-16,5,1
ICA-cleaned,sub-01,4,sub-01_ses-4_epoch-16,6,1
ICA-cleaned,sub-01,4,sub-01_ses-4_epoch-17,0,0
ICA-cleaned,sub-01,4,sub-01_ses-4_epoch-17,1,0
ICA-cleaned,sub-01,4,sub-01_ses-4_epoch-17,2,0
ICA-cleaned,sub-01,4,sub-01_ses-4_epoch-17,3,0
ICA-cleaned,sub-01,4,sub-01_ses-4_epoch-17,4,0
ICA-cleaned,sub-01,4,sub-01_ses-4_epoch-17,5,0
ICA-cleaned,sub-01,4,sub-01_ses-4_epoch-17,6,0
ICA-cleaned,sub-01,4,sub-01_ses-4_epoch-17,7,0
ICA-cleaned,sub-01,4,sub-01_ses-4_epoch-18,0,1
ICA-cleaned,sub-01,4,sub-01_ses-4_epoch-18,1,1
ICA-cleaned,sub-01,4,sub-01_ses-4_epoch-18,2,1
ICA-cleaned,sub-01,4,sub-01_ses-4_epoch-18,3,1
ICA-cleaned,sub-01,4,sub-01_ses-4_epoch-18,4,1
ICA-cleaned,sub-01,4,sub-01_ses-4_epoch-18,5,1
ICA-cleaned,sub-01,4,sub-01_ses-4_epoch-18,6,1
ICA-cleaned,sub-01,4,sub-01_ses-4_epoch-19,0,0
ICA-cleaned,sub-01,4,sub-01_ses-4_epoch-19,1,0
ICA-cleaned,sub-01,4,sub-01_ses-4_epoch-19,2,0
ICA-cleaned,sub-01,4,sub-01_ses-4_epoch-19,3,0
ICA-cleaned,sub-01,4,sub-01_ses-4_epoch-19,4,0
ICA-cleaned,sub-01,4,sub-01_ses-4_epoch-19,5,0
ICA-cleaned,sub-01,4,sub-01_ses-4_epoch-19,6,0
ICA-cleaned,sub-01,4,sub-01_ses-4_epoch-19,7,0
ICA-cleaned,sub-01,4,sub-01_ses-4_epoch-20,0,1
ICA-cleaned,sub-01,4,sub-01_ses-4_epoch-20,1,1
ICA-cleaned,sub-01,4,sub-01_ses-4_epoch-20,2,1
ICA-cleaned,sub-01,4,sub-01_ses-4_epoch-20,3,1
ICA-cleaned,sub-01,4,sub-01_ses-4_epoch-20,4,1
ICA-cleaned,sub-01,4,sub-01_ses-4_epoch-20,5,1
ICA-cleaned,sub-01,4,sub-01_ses-4_epoch-20,6,1
ICA-cleaned,sub-01,4,sub-01_ses-4_epoch-21,0,0
ICA-cleaned,sub-01,4,sub-01_ses-4_epoch-21,1,0
ICA-cleaned,sub-01,4,sub-01_ses-4_epoch-21,2,0
ICA-cleaned,sub-01,4,sub-01_ses-4_epoch-21,3,0
ICA-cleaned,sub-01,4,sub-01_ses-4_epoch-21,4,0
ICA-cleaned,sub-01,4,sub-01_ses-4_epoch-21,5,0
ICA-cleaned,sub-01,4,sub-01_ses-4_epoch-21,6,0
ICA-cleaned,sub-01,4,sub-01_ses-4_epoch-21,7,0
ICA-cleaned,sub-01,4,sub-01_ses-4_epoch-22,0,1
ICA-cleaned,sub-01,4,sub-01_ses-4_epoch-22,1,1
ICA-cleaned,sub-01,4,sub-01_ses-4_epoch-22,2,1
ICA-cleaned,sub-01,4,sub-01_ses-4_epoch-22,3,1
ICA-cleaned,sub-01,4,sub-01_ses-4_epoch-22,4,1
ICA-cleaned,sub-01,4,sub-01_ses-4_epoch-22,5,1
ICA-cleaned,sub-01,4,sub-01_ses-4_epoch-22,6,1
ICA-cleaned,sub-01,4,sub-01_ses-4_epoch-23,0,0
ICA-cleaned,sub-01,4,sub-01_ses-4_epoch-23,1,0
ICA-cleaned,sub-01,4,sub-01_ses-4_epoch-23,2,0
ICA-cleaned,sub-01,4,sub-01_ses-4_epoch-23,3,0
ICA-cleaned,sub-01,4,sub-01_ses-4_epoch-23,4,0
ICA-cleaned,sub-01,4,sub-01_ses-4_epoch-23,5,0
ICA-cleaned,sub-01,4,sub-01_ses-4_epoch-23,6,0
ICA-cleaned,sub-01,4,sub-01_ses-4_epoch-23,7,0
ICA-cleaned,sub-01,4,sub-01_ses-4_epoch-24,0,1
ICA-cleaned,sub-01,4,sub-01_ses-4_epoch-24,1,1
ICA-cleaned,sub-01,4,sub-01_ses-4_epoch-24,2,1
ICA-cleaned,sub-01,4,sub-01_ses-4_epoch-24,3,1
ICA-cleaned,sub-01,4,sub-01_ses-4_epoch-24,4,1
ICA-cleaned,sub-01,4,sub-01_ses-4_epoch-24,5,1
ICA-cleaned,sub-01,4,sub-01_ses-4_epoch-24,6,1
ICA-cleaned,sub-01,4,sub-01_ses-4_epoch-25,0,0
ICA-cleaned,sub-01,4,sub-01_ses-4_epoch-25,1,0
ICA-cleaned,sub-01,4,sub-01_ses-4_epoch-25,2,0
ICA-cleaned,sub-01,4,sub-01_ses-4_epoch-25,3,0
ICA-cleaned,sub-01,4,sub-01_ses-4_epoch-25,4,0
ICA-cleaned,sub-01,4,sub-01_ses-4_epoch-25,5,0
ICA-cleaned,sub-01,4,sub-01_ses-4_epoch-25,6,0
ICA-cleaned,sub-01,4,sub-01_ses-4_epoch-25,7,0
ICA-cleaned,sub-01,4,sub-01_ses-4_epoch-26,0,1
ICA-cleaned,sub-01,4,sub-01_ses-4_epoch-26,1,1
ICA-cleaned,sub-01,4,sub-01_ses-4_epoch-26,2,1
ICA-cleaned,sub-01,4,sub-01_ses-4_epoch-26,3,1
ICA-cleaned,sub-01,4,sub-01_ses-4_epoch-26,4,1
ICA-cleaned,sub-01,4,sub-01_ses-4_epoch-26,5,1
ICA-cleaned,sub-01,4,sub-01_ses-4_epoch-26,6,1
ICA-cleaned,sub-01,4,sub-01_ses-4_epoch-27,0,0
ICA-cleaned,sub-01,4,sub-01_ses-4_epoch-27,1,0
ICA-cleaned,sub-01,4,sub-01_ses-4_epoch-27,2,0
ICA-cleaned,sub-01,4,sub-01_ses-4_epoch-27,3,0
ICA-cleaned,sub-01,4,sub-01_ses-4_epoch-27,4,0
ICA-cleaned,sub-01,4,sub-01_ses-4_epoch-27,5,0
ICA-cleaned,sub-01,4,sub-01_ses-4_epoch-27,6,0
ICA-cleaned,sub-01,4,sub-01_ses-4_epoch-27,7,0
ICA-cleaned,sub-01,4,sub-01_ses-4_epoch-28,0,1
ICA-cleaned,sub-01,4,sub-01_ses-4_epoch-28,1,1
ICA-cleaned,sub-01,4,sub-01_ses-4_epoch-28,2,1
ICA-cleaned,sub-01,4,sub-01_ses-4_epoch-28,3,1
ICA-cleaned,sub-01,4,sub-01_ses-4_epoch-28,4,1
ICA-cleaned,sub-01,4,sub-01_ses-4_epoch-28,5,1
ICA-cleaned,sub-01,4,sub-01_ses-4_epoch-28,6,1
ICA-cleaned,sub-01,4,sub-01_ses-4_epoch-29,0,0
ICA-cleaned,sub-01,4,sub-01_ses-4_epoch-29,1,0
ICA-cleaned,sub-01,4,sub-01_ses-4_epoch-29,2,0
ICA-cleaned,sub-01,4,sub-01_ses-4_epoch-29,3,0
ICA-cleaned,sub-01,4,sub-01_ses-4_epoch-29,4,0
ICA-cleaned,sub-01,4,sub-01_ses-4_epoch-29,5,0
ICA-cleaned,sub-01,4,sub-01_ses-4_epoch-29,6,0
ICA-cleaned,sub-01,4,sub-01_ses-4_epoch-29,7,0
ICA-cleaned,sub-01,4,sub-01_ses-4_epoch-30,0,1
ICA-cleaned,sub-01,4,sub-01_ses-4_epoch-30,1,1
ICA-cleaned,sub-01,4,sub-01_ses-4_epoch-30,2,1
ICA-cleaned,sub-01,4,sub-01_ses-4_epoch-30,3,1
ICA-cleaned,sub-01,4,sub-01_ses-4_epoch-30,4,1
ICA-cleaned,sub-01,4,sub-01_ses-4_epoch-30,5,1
ICA-cleaned,sub-01,4,sub-01_ses-4_epoch-30,6,1
ICA-cleaned,sub-01,4,sub-01_ses-4_epoch-31,0,0
ICA-cleaned,sub-01,4,sub-01_ses-4_epoch-31,1,0
ICA-cleaned,sub-01,4,sub-01_ses-4_epoch-31,2,0
ICA-cleaned,sub-01,4,sub-01_ses-4_epoch-31,3,0
ICA-cleaned,sub-01,4,sub-01_ses-4_epoch-31,4,0
ICA-cleaned,sub-01,4,sub-01_ses-4_epoch-31,5,0
ICA-cleaned,sub-01,4,sub-01_ses-4_epoch-31,6,0
ICA-cleaned,sub-01,4,sub-01_ses-4_epoch-31,7,0
ICA-cleaned,sub-01,4,sub-01_ses-4_epoch-32,0,1
ICA-cleaned,sub-01,4,sub-01_ses-4_epoch-32,1,1
ICA-cleaned,sub-01,4,sub-01_ses-4_epoch-32,2,1
ICA-cleaned,sub-01,4,sub-01_ses-4_epoch-32,3,1
ICA-cleaned,sub-01,4,sub-01_ses-4_epoch-32,4,1
ICA-cleaned,sub-01,4,sub-01_ses-4_epoch-32,5,1
ICA-cleaned,sub-01,4,sub-01_ses-4_epoch-32,6,1
ICA-cleaned,sub-01,4,sub-01_ses-4_epoch-33,0,0
ICA-cleaned,sub-01,4,sub-01_ses-4_epoch-33,1,0
ICA-cleaned,sub-01,4,sub-01_ses-4_epoch-33,2,0
ICA-cleaned,sub-01,4,sub-01_ses-4_epoch-33,3,0
ICA-cleaned,sub-01,4,sub-01_ses-4_epoch-33,4,0
ICA-cleaned,sub-01,4,sub-01_ses-4_epoch-33,5,0
ICA-cleaned,sub-01,4,sub-01_ses-4_epoch-33,6,0
ICA-cleaned,sub-01,4,sub-01_ses-4_epoch-33,7,0
ICA-cleaned,sub-01,4,sub-01_ses-4_epoch-34,0,1
ICA-cleaned,sub-01,4,sub-01_ses-4_epoch-34,1,1
ICA-cleaned,sub-01,4,sub-01_ses-4_epoch-34,2,1
ICA-cleaned,sub-01,4,sub-01_ses-4_epoch-34,3,1
ICA-cleaned,sub-01,4,sub-01_ses-4_epoch-34,4,1
ICA-cleaned,sub-01,4,sub-01_ses-4_epoch-34,5,1
ICA-cleaned,sub-01,4,sub-01_ses-4_epoch-34,6,1
ICA-cleaned,sub-01,4,sub-01_ses-4_epoch-35,0,0
ICA-cleaned,sub-01,4,sub-01_ses-4_epoch-35,1,0
ICA-cleaned,sub-01,4,sub-01_ses-4_epoch-35,2,0
ICA-cleaned,sub-01,4,sub-01_ses-4_epoch-35,3,0
ICA-cleaned,sub-01,4,sub-01_ses-4_epoch-35,4,0
ICA-cleaned,sub-01,4,sub-01_ses-4_epoch-35,5,0
ICA-cleaned,sub-01,4,sub-01_ses-4_epoch-35,6,0
ICA-cleaned,sub-01,4,sub-01_ses-4_epoch-35,7,0
ICA-cleaned,sub-01,4,sub-01_ses-4_epoch-36,0,1
ICA-cleaned,sub-01,4,sub-01_ses-4_epoch-36,1,1
ICA-cleaned,sub-01,4,sub-01_ses-4_epoch-36,2,1
ICA-cleaned,sub-01,4,sub-01_ses-4_epoch-36,3,1
ICA-cleaned,sub-01,4,sub-01_ses-4_epoch-36,4,1
ICA-cleaned,sub-01,4,sub-01_ses-4_epoch-36,5,1
ICA-cleaned,sub-01,4,sub-01_ses-4_epoch-36,6,1
ICA-cleaned,sub-01,4,sub-01_ses-4_epoch-37,0,0
ICA-cleaned,sub-01,4,sub-01_ses-4_epoch-37,1,0
ICA-cleaned,sub-01,4,sub-01_ses-4_epoch-37,2,0
ICA-cleaned,sub-01,4,sub-01_ses-4_epoch-37,3,0
ICA-cleaned,sub-01,4,sub-01_ses-4_epoch-37,4,0
ICA-cleaned,sub-01,4,sub-01_ses-4_epoch-37,5,0
ICA-cleaned,sub-01,4,sub-01_ses-4_epoch-37,6,0
ICA-cleaned,sub-01,4,sub-01_ses-4_epoch-37,7,0
ICA-cleaned,sub-01,4,sub-01_ses-4_epoch-38,0,1
ICA-cleaned,sub-01,4,sub-01_ses-4_epoch-38,1,1
ICA-cleaned,sub-01,4,sub-01_ses-4_epoch-38,2,1
ICA-cleaned,sub-01,4,sub-01_ses-4_epoch-38,3,1
ICA-cleaned,sub-01,4,sub-01_ses-4_epoch-38,4,1
ICA-cleaned,sub-01,4,sub-01_ses-4_epoch-38,5,1
ICA-cleaned,sub-01,4,sub-01_ses-4_epoch-38,6,1
ICA-cleaned,sub-01,4,sub-01_ses-4_epoch-39,0,0
ICA-cleaned,sub-01,4,sub-01_ses-4_epoch-39,1,0
ICA-cleaned,sub-01,4,sub-01_ses-4_epoch-39,2,0
ICA-cleaned,sub-01,4,sub-01_ses-4_epoch-39,3,0
ICA-cleaned,sub-01,4,sub-01_ses-4_epoch-39,4,0
ICA-cleaned,sub-01,4,sub-01_ses-4_epoch-39,5,0
ICA-cleaned,sub-01,4,sub-01_ses-4_epoch-39,6,0
ICA-cleaned,sub-01,4,sub-01_ses-4_epoch-39,7,0
ICA-cleaned,sub-01,4,sub-01_ses-4_epoch-40,0,1
ICA-cleaned,sub-01,4,sub-01_ses-4_epoch-40,1,1
ICA-cleaned,sub-01,4,sub-01_ses-4_epoch-40,2,1
ICA-cleaned,sub-01,4,sub-01_ses-4_epoch-40,3,1
ICA-cleaned,sub-01,4,sub-01_ses-4_epoch-40,4,1
ICA-cleaned,sub-01,4,sub-01_ses-4_epoch-40,5,1
ICA-cleaned,sub-01,4,sub-01_ses-4_epoch-40,6,1
ICA-cleaned,sub-01,4,sub-01_ses-4_epoch-41,0,0
ICA-cleaned,sub-01,4,sub-01_ses-4_epoch-41,1,0
ICA-cleaned,sub-01,4,sub-01_ses-4_epoch-41,2,0
ICA-cleaned,sub-01,4,sub-01_ses-4_epoch-41,3,0
ICA-cleaned,sub-01,4,sub-01_ses-4_epoch-41,4,0
ICA-cleaned,sub-01,4,sub-01_ses-4_epoch-41,5,0
ICA-cleaned,sub-01,4,sub-01_ses-4_epoch-41,6,0
ICA-cleaned,sub-01,4,sub-01_ses-4_epoch-41,7,0
ICA-cleaned,sub-01,4,sub-01_ses-4_epoch-42,0,1
ICA-cleaned,sub-01,4,sub-01_ses-4_epoch-42,1,1
ICA-cleaned,sub-01,4,sub-01_ses-4_epoch-42,2,1
ICA-cleaned,sub-01,4,sub-01_ses-4_epoch-42,3,1
ICA-cleaned,sub-01,4,sub-01_ses-4_epoch-42,4,1
ICA-cleaned,sub-01,4,sub-01_ses-4_epoch-42,5,1
ICA-cleaned,sub-01,4,sub-01_ses-4_epoch-42,6,1
ICA-cleaned,sub-01,4,sub-01_ses-4_epoch-43,0,0
ICA-cleaned,sub-01,4,sub-01_ses-4_epoch-43,1,0
ICA-cleaned,sub-01,4,sub-01_ses-4_epoch-43,2,0
ICA-cleaned,sub-01,4,sub-01_ses-4_epoch-43,3,0
ICA-cleaned,sub-01,4,sub-01_ses-4_epoch-43,4,0
ICA-cleaned,sub-01,4,sub-01_ses-4_epoch-43,5,0
ICA-cleaned,sub-01,4,sub-01_ses-4_epoch-43,6,0
ICA-cleaned,sub-01,4,sub-01_ses-4_epoch-43,7,0
ICA-cleaned,sub-01,4,sub-01_ses-4_epoch-44,0,1
ICA-cleaned,sub-01,4,sub-01_ses-4_epoch-44,1,1
ICA-cleaned,sub-01,4,sub-01_ses-4_epoch-44,2,1
ICA-cleaned,sub-01,4,sub-01_ses-4_epoch-44,3,1
ICA-cleaned,sub-01,4,sub-01_ses-4_epoch-44,4,1
ICA-cleaned,sub-01,4,sub-01_ses-4_epoch-44,5,1
ICA-cleaned,sub-01,4,sub-01_ses-4_epoch-44,6,1
ICA-cleaned,sub-01,4,sub-01_ses-4_epoch-45,0,0
ICA-cleaned,sub-01,4,sub-01_ses-4_epoch-45,1,0
ICA-cleaned,sub-01,4,sub-01_ses-4_epoch-45,2,0
ICA-cleaned,sub-01,4,sub-01_ses-4_epoch-45,3,0
ICA-cleaned,sub-01,4,sub-01_ses-4_epoch-45,4,0
ICA-cleaned,sub-01,4,sub-01_ses-4_epoch-45,5,0
ICA-cleaned,sub-01,4,sub-01_ses-4_epoch-45,6,0
ICA-cleaned,sub-01,4,sub-01_ses-4_epoch-45,7,0
ICA-cleaned,sub-01,4,sub-01_ses-4_epoch-46,0,1
ICA-cleaned,sub-01,4,sub-01_ses-4_epoch-46,1,1
ICA-cleaned,sub-01,4,sub-01_ses-4_epoch-46,2,1
ICA-cleaned,sub-01,4,sub-01_ses-4_epoch-46,3,1
ICA-cleaned,sub-01,4,sub-01_ses-4_epoch-46,4,1
ICA-cleaned,sub-01,4,sub-01_ses-4_epoch-46,5,1
ICA-cleaned,sub-01,4,sub-01_ses-4_epoch-46,6,1
ICA-cleaned,sub-01,4,sub-01_ses-4_epoch-47,0,0
ICA-cleaned,sub-01,4,sub-01_ses-4_epoch-47,1,0
ICA-cleaned,sub-01,4,sub-01_ses-4_epoch-47,2,0
ICA-cleaned,sub-01,4,sub-01_ses-4_epoch-47,3,0
ICA-cleaned,sub-01,4,sub-01_ses-4_epoch-47,4,0
ICA-cleaned,sub-01,4,sub-01_ses-4_epoch-47,5,0
ICA-cleaned,sub-01,4,sub-01_ses-4_epoch-47,6,0
ICA-cleaned,sub-01,4,sub-01_ses-4_epoch-47,7,0
ICA-cleaned,sub-01,4,sub-01_ses-4_epoch-48,0,1
ICA-cleaned,sub-01,4,sub-01_ses-4_epoch-48,1,1
ICA-cleaned,sub-01,4,sub-01_ses-4_epoch-48,2,1
ICA-cleaned,sub-01,4,sub-01_ses-4_epoch-48,3,1
ICA-cleaned,sub-01,4,sub-01_ses-4_epoch-48,4,1
ICA-cleaned,sub-01,4,sub-01_ses-4_epoch-48,5,1
ICA-cleaned,sub-01,4,sub-01_ses-4_epoch-48,6,1
ICA-cleaned,sub-01,4,sub-01_ses-4_epoch-49,0,0
ICA-cleaned,sub-01,4,sub-01_ses-4_epoch-49,1,0
ICA-cleaned,sub-01,4,sub-01_ses-4_epoch-49,2,0
ICA-cleaned,sub-01,4,sub-01_ses-4_epoch-49,3,0
ICA-cleaned,sub-01,4,sub-01_ses-4_epoch-49,4,0
ICA-cleaned,sub-01,4,sub-01_ses-4_epoch-49,5,0
ICA-cleaned,sub-01,4,sub-01_ses-4_epoch-49,6,0
ICA-cleaned,sub-01,4,sub-01_ses-4_epoch-49,7,0
ICA-cleaned,sub-01,4,sub-01_ses-4_epoch-50,0,0
ICA-cleaned,sub-01,4,sub-01_ses-4_epoch-50,1,0
ICA-cleaned,sub-01,4,sub-01_ses-4_epoch-50,2,0
ICA-cleaned,sub-01,4,sub-01_ses-4_epoch-50,3,0
ICA-cleaned,sub-01,4,sub-01_ses-4_epoch-50,4,0
ICA-cleaned,sub-01,4,sub-01_ses-4_epoch-50,5,0
ICA-cleaned,sub-01,4,sub-01_ses-4_epoch-50,6,0
ICA-cleaned,sub-01,4,sub-01_ses-4_epoch-50,7,0
Raw,sub-01,5,sub-01_ses-5_epoch-1,0,0
Raw,sub-01,5,sub-01_ses-5_epoch-1,1,0
Raw,sub-01,5,sub-01_ses-5_epoch-1,2,0
Raw,sub-01,5,sub-01_ses-5_epoch-1,3,0
Raw,sub-01,5,sub-01_ses-5_epoch-1,4,0
Raw,sub-01,5,sub-01_ses-5_epoch-1,5,0
Raw,sub-01,5,sub-01_ses-5_epoch-1,6,0
Raw,sub-01,5,sub-01_ses-5_epoch-1,7,0
Raw,sub-01,5,sub-01_ses-5_epoch-2,0,0
Raw,sub-01,5,sub-01_ses-5_epoch-2,1,0
Raw,sub-01,5,sub-01_ses-5_epoch-2,2,0
Raw,sub-01,5,sub-01_ses-5_epoch-2,3,0
Raw,sub-01,5,sub-01_ses-5_epoch-2,4,0
Raw,sub-01,5,sub-01_ses-5_epoch-2,5,0
Raw,sub-01,5,sub-01_ses-5_epoch-2,6,0
Raw,sub-01,5,sub-01_ses-5_epoch-2,7,0
Raw,sub-01,5,sub-01_ses-5_epoch-3,0,0
Raw,sub-01,5,sub-01_ses-5_epoch-3,1,0
Raw,sub-01,5,sub-01_ses-5_epoch-3,2,0
Raw,sub-01,5,sub-01_ses-5_epoch-3,3,0
Raw,sub-01,5,sub-01_ses-5_epoch-3,4,0
Raw,sub-01,5,sub-01_ses-5_epoch-3,5,0
Raw,sub-01,5,sub-01_ses-5_epoch-3,6,0
Raw,sub-01,5,sub-01_ses-5_epoch-3,7,0
Raw,sub-01,5,sub-01_ses-5_epoch-4,0,1
Raw,sub-01,5,sub-01_ses-5_epoch-4,1,1
Raw,sub-01,5,sub-01_ses-5_epoch-4,2,1
Raw,sub-01,5,sub-01_ses-5_epoch-4,3,1
Raw,sub-01,5,sub-01_ses-5_epoch-4,4,1
Raw,sub-01,5,sub-01_ses-5_epoch-4,5,1
Raw,sub-01,5,sub-01_ses-5_epoch-4,6,1
Raw,sub-01,5,sub-01_ses-5_epoch-5,0,0
Raw,sub-01,5,sub-01_ses-5_epoch-5,1,0
Raw,sub-01,5,sub-01_ses-5_epoch-5,2,0
Raw,sub-01,5,sub-01_ses-5_epoch-5,3,0
Raw,sub-01,5,sub-01_ses-5_epoch-5,4,0
Raw,sub-01,5,sub-01_ses-5_epoch-5,5,0
Raw,sub-01,5,sub-01_ses-5_epoch-5,6,0
Raw,sub-01,5,sub-01_ses-5_epoch-5,7,0
Raw,sub-01,5,sub-01_ses-5_epoch-6,0,1
Raw,sub-01,5,sub-01_ses-5_epoch-6,1,1
Raw,sub-01,5,sub-01_ses-5_epoch-6,2,1
Raw,sub-01,5,sub-01_ses-5_epoch-6,3,1
Raw,sub-01,5,sub-01_ses-5_epoch-6,4,1
Raw,sub-01,5,sub-01_ses-5_epoch-6,5,1
Raw,sub-01,5,sub-01_ses-5_epoch-6,6,1
Raw,sub-01,5,sub-01_ses-5_epoch-7,0,0
Raw,sub-01,5,sub-01_ses-5_epoch-7,1,0
Raw,sub-01,5,sub-01_ses-5_epoch-7,2,0
Raw,sub-01,5,sub-01_ses-5_epoch-7,3,0
Raw,sub-01,5,sub-01_ses-5_epoch-7,4,0
Raw,sub-01,5,sub-01_ses-5_epoch-7,5,0
Raw,sub-01,5,sub-01_ses-5_epoch-7,6,0
Raw,sub-01,5,sub-01_ses-5_epoch-7,7,0
Raw,sub-01,5,sub-01_ses-5_epoch-8,0,1
Raw,sub-01,5,sub-01_ses-5_epoch-8,1,1
Raw,sub-01,5,sub-01_ses-5_epoch-8,2,1
Raw,sub-01,5,sub-01_ses-5_epoch-8,3,1
Raw,sub-01,5,sub-01_ses-5_epoch-8,4,1
Raw,sub-01,5,sub-01_ses-5_epoch-8,5,1
Raw,sub-01,5,sub-01_ses-5_epoch-8,6,1
Raw,sub-01,5,sub-01_ses-5_epoch-9,0,0
Raw,sub-01,5,sub-01_ses-5_epoch-9,1,0
Raw,sub-01,5,sub-01_ses-5_epoch-9,2,0
Raw,sub-01,5,sub-01_ses-5_epoch-9,3,0
Raw,sub-01,5,sub-01_ses-5_epoch-9,4,0
Raw,sub-01,5,sub-01_ses-5_epoch-9,5,0
Raw,sub-01,5,sub-01_ses-5_epoch-9,6,0
Raw,sub-01,5,sub-01_ses-5_epoch-9,7,0
Raw,sub-01,5,sub-01_ses-5_epoch-10,0,1
Raw,sub-01,5,sub-01_ses-5_epoch-10,1,1
Raw,sub-01,5,sub-01_ses-5_epoch-10,2,1
Raw,sub-01,5,sub-01_ses-5_epoch-10,3,1
Raw,sub-01,5,sub-01_ses-5_epoch-10,4,1
Raw,sub-01,5,sub-01_ses-5_epoch-10,5,1
Raw,sub-01,5,sub-01_ses-5_epoch-10,6,1
Raw,sub-01,5,sub-01_ses-5_epoch-11,0,0
Raw,sub-01,5,sub-01_ses-5_epoch-11,1,0
Raw,sub-01,5,sub-01_ses-5_epoch-11,2,0
Raw,sub-01,5,sub-01_ses-5_epoch-11,3,0
Raw,sub-01,5,sub-01_ses-5_epoch-11,4,0
Raw,sub-01,5,sub-01_ses-5_epoch-11,5,0
Raw,sub-01,5,sub-01_ses-5_epoch-11,6,0
Raw,sub-01,5,sub-01_ses-5_epoch-11,7,0
Raw,sub-01,5,sub-01_ses-5_epoch-12,0,1
Raw,sub-01,5,sub-01_ses-5_epoch-12,1,1
Raw,sub-01,5,sub-01_ses-5_epoch-12,2,1
Raw,sub-01,5,sub-01_ses-5_epoch-12,3,1
Raw,sub-01,5,sub-01_ses-5_epoch-12,4,1
Raw,sub-01,5,sub-01_ses-5_epoch-12,5,1
Raw,sub-01,5,sub-01_ses-5_epoch-12,6,1
Raw,sub-01,5,sub-01_ses-5_epoch-13,0,0
Raw,sub-01,5,sub-01_ses-5_epoch-13,1,0
Raw,sub-01,5,sub-01_ses-5_epoch-13,2,0
Raw,sub-01,5,sub-01_ses-5_epoch-13,3,0
Raw,sub-01,5,sub-01_ses-5_epoch-13,4,0
Raw,sub-01,5,sub-01_ses-5_epoch-13,5,0
Raw,sub-01,5,sub-01_ses-5_epoch-13,6,0
Raw,sub-01,5,sub-01_ses-5_epoch-13,7,0
Raw,sub-01,5,sub-01_ses-5_epoch-14,0,1
Raw,sub-01,5,sub-01_ses-5_epoch-14,1,1
Raw,sub-01,5,sub-01_ses-5_epoch-14,2,1
Raw,sub-01,5,sub-01_ses-5_epoch-14,3,1
Raw,sub-01,5,sub-01_ses-5_epoch-14,4,1
Raw,sub-01,5,sub-01_ses-5_epoch-14,5,1
Raw,sub-01,5,sub-01_ses-5_epoch-14,6,1
Raw,sub-01,5,sub-01_ses-5_epoch-15,0,0
Raw,sub-01,5,sub-01_ses-5_epoch-15,1,0
Raw,sub-01,5,sub-01_ses-5_epoch-15,2,0
Raw,sub-01,5,sub-01_ses-5_epoch-15,3,0
Raw,sub-01,5,sub-01_ses-5_epoch-15,4,0
Raw,sub-01,5,sub-01_ses-5_epoch-15,5,0
Raw,sub-01,5,sub-01_ses-5_epoch-15,6,0
Raw,sub-01,5,sub-01_ses-5_epoch-15,7,0
Raw,sub-01,5,sub-01_ses-5_epoch-16,0,1
Raw,sub-01,5,sub-01_ses-5_epoch-16,1,1
Raw,sub-01,5,sub-01_ses-5_epoch-16,2,1
Raw,sub-01,5,sub-01_ses-5_epoch-16,3,1
Raw,sub-01,5,sub-01_ses-5_epoch-16,4,1
Raw,sub-01,5,sub-01_ses-5_epoch-16,5,1
Raw,sub-01,5,sub-01_ses-5_epoch-16,6,1
Raw,sub-01,5,sub-01_ses-5_epoch-17,0,0
Raw,sub-01,5,sub-01_ses-5_epoch-17,1,0
Raw,sub-01,5,sub-01_ses-5_epoch-17,2,0
Raw,sub-01,5,sub-01_ses-5_epoch-17,3,0
Raw,sub-01,5,sub-01_ses-5_epoch-17,4,0
Raw,sub-01,5,sub-01_ses-5_epoch-17,5,0
Raw,sub-01,5,sub-01_ses-5_epoch-17,6,0
Raw,sub-01,5,sub-01_ses-5_epoch-17,7,0
Raw,sub-01,5,sub-01_ses-5_epoch-18,0,1
Raw,sub-01,5,sub-01_ses-5_epoch-18,1,1
Raw,sub-01,5,sub-01_ses-5_epoch-18,2,1
Raw,sub-01,5,sub-01_ses-5_epoch-18,3,1
Raw,sub-01,5,sub-01_ses-5_epoch-18,4,1
Raw,sub-01,5,sub-01_ses-5_epoch-18,5,1
Raw,sub-01,5,sub-01_ses-5_epoch-18,6,1
Raw,sub-01,5,sub-01_ses-5_epoch-19,0,0
Raw,sub-01,5,sub-01_ses-5_epoch-19,1,0
Raw,sub-01,5,sub-01_ses-5_epoch-19,2,0
Raw,sub-01,5,sub-01_ses-5_epoch-19,3,0
Raw,sub-01,5,sub-01_ses-5_epoch-19,4,0
Raw,sub-01,5,sub-01_ses-5_epoch-19,5,0
Raw,sub-01,5,sub-01_ses-5_epoch-19,6,0
Raw,sub-01,5,sub-01_ses-5_epoch-19,7,0
Raw,sub-01,5,sub-01_ses-5_epoch-20,0,1
Raw,sub-01,5,sub-01_ses-5_epoch-20,1,1
Raw,sub-01,5,sub-01_ses-5_epoch-20,2,1
Raw,sub-01,5,sub-01_ses-5_epoch-20,3,1
Raw,sub-01,5,sub-01_ses-5_epoch-20,4,1
Raw,sub-01,5,sub-01_ses-5_epoch-20,5,1
Raw,sub-01,5,sub-01_ses-5_epoch-20,6,1
Raw,sub-01,5,sub-01_ses-5_epoch-21,0,0
Raw,sub-01,5,sub-01_ses-5_epoch-21,1,0
Raw,sub-01,5,sub-01_ses-5_epoch-21,2,0
Raw,sub-01,5,sub-01_ses-5_epoch-21,3,0
Raw,sub-01,5,sub-01_ses-5_epoch-21,4,0
Raw,sub-01,5,sub-01_ses-5_epoch-21,5,0
Raw,sub-01,5,sub-01_ses-5_epoch-21,6,0
Raw,sub-01,5,sub-01_ses-5_epoch-21,7,0
Raw,sub-01,5,sub-01_ses-5_epoch-22,0,1
Raw,sub-01,5,sub-01_ses-5_epoch-22,1,1
Raw,sub-01,5,sub-01_ses-5_epoch-22,2,1
Raw,sub-01,5,sub-01_ses-5_epoch-22,3,1
Raw,sub-01,5,sub-01_ses-5_epoch-22,4,1
Raw,sub-01,5,sub-01_ses-5_epoch-22,5,1
Raw,sub-01,5,sub-01_ses-5_epoch-22,6,1
Raw,sub-01,5,sub-01_ses-5_epoch-23,0,0
Raw,sub-01,5,sub-01_ses-5_epoch-23,1,0
Raw,sub-01,5,sub-01_ses-5_epoch-23,2,0
Raw,sub-01,5,sub-01_ses-5_epoch-23,3,0
Raw,sub-01,5,sub-01_ses-5_epoch-23,4,0
Raw,sub-01,5,sub-01_ses-5_epoch-23,5,0
Raw,sub-01,5,sub-01_ses-5_epoch-23,6,0
Raw,sub-01,5,sub-01_ses-5_epoch-23,7,0
Raw,sub-01,5,sub-01_ses-5_epoch-24,0,1
Raw,sub-01,5,sub-01_ses-5_epoch-24,1,1
Raw,sub-01,5,sub-01_ses-5_epoch-24,2,1
Raw,sub-01,5,sub-01_ses-5_epoch-24,3,1
Raw,sub-01,5,sub-01_ses-5_epoch-24,4,1
Raw,sub-01,5,sub-01_ses-5_epoch-24,5,1
Raw,sub-01,5,sub-01_ses-5_epoch-24,6,1
Raw,sub-01,5,sub-01_ses-5_epoch-25,0,0
Raw,sub-01,5,sub-01_ses-5_epoch-25,1,0
Raw,sub-01,5,sub-01_ses-5_epoch-25,2,0
Raw,sub-01,5,sub-01_ses-5_epoch-25,3,0
Raw,sub-01,5,sub-01_ses-5_epoch-25,4,0
Raw,sub-01,5,sub-01_ses-5_epoch-25,5,0
Raw,sub-01,5,sub-01_ses-5_epoch-25,6,0
Raw,sub-01,5,sub-01_ses-5_epoch-25,7,0
Raw,sub-01,5,sub-01_ses-5_epoch-26,0,1
Raw,sub-01,5,sub-01_ses-5_epoch-26,1,1
Raw,sub-01,5,sub-01_ses-5_epoch-26,2,1
Raw,sub-01,5,sub-01_ses-5_epoch-26,3,1
Raw,sub-01,5,sub-01_ses-5_epoch-26,4,1
Raw,sub-01,5,sub-01_ses-5_epoch-26,5,1
Raw,sub-01,5,sub-01_ses-5_epoch-26,6,1
Raw,sub-01,5,sub-01_ses-5_epoch-27,0,0
Raw,sub-01,5,sub-01_ses-5_epoch-27,1,0
Raw,sub-01,5,sub-01_ses-5_epoch-27,2,0
Raw,sub-01,5,sub-01_ses-5_epoch-27,3,0
Raw,sub-01,5,sub-01_ses-5_epoch-27,4,0
Raw,sub-01,5,sub-01_ses-5_epoch-27,5,0
Raw,sub-01,5,sub-01_ses-5_epoch-27,6,0
Raw,sub-01,5,sub-01_ses-5_epoch-27,7,0
Raw,sub-01,5,sub-01_ses-5_epoch-28,0,1
Raw,sub-01,5,sub-01_ses-5_epoch-28,1,1
Raw,sub-01,5,sub-01_ses-5_epoch-28,2,1
Raw,sub-01,5,sub-01_ses-5_epoch-28,3,1
Raw,sub-01,5,sub-01_ses-5_epoch-28,4,1
Raw,sub-01,5,sub-01_ses-5_epoch-28,5,1
Raw,sub-01,5,sub-01_ses-5_epoch-28,6,1
Raw,sub-01,5,sub-01_ses-5_epoch-29,0,0
Raw,sub-01,5,sub-01_ses-5_epoch-29,1,0
Raw,sub-01,5,sub-01_ses-5_epoch-29,2,0
Raw,sub-01,5,sub-01_ses-5_epoch-29,3,0
Raw,sub-01,5,sub-01_ses-5_epoch-29,4,0
Raw,sub-01,5,sub-01_ses-5_epoch-29,5,0
Raw,sub-01,5,sub-01_ses-5_epoch-29,6,0
Raw,sub-01,5,sub-01_ses-5_epoch-29,7,0
Raw,sub-01,5,sub-01_ses-5_epoch-30,0,1
Raw,sub-01,5,sub-01_ses-5_epoch-30,1,1
Raw,sub-01,5,sub-01_ses-5_epoch-30,2,1
Raw,sub-01,5,sub-01_ses-5_epoch-30,3,1
Raw,sub-01,5,sub-01_ses-5_epoch-30,4,1
Raw,sub-01,5,sub-01_ses-5_epoch-30,5,1
Raw,sub-01,5,sub-01_ses-5_epoch-30,6,1
Raw,sub-01,5,sub-01_ses-5_epoch-31,0,0
Raw,sub-01,5,sub-01_ses-5_epoch-31,1,0
Raw,sub-01,5,sub-01_ses-5_epoch-31,2,0
Raw,sub-01,5,sub-01_ses-5_epoch-31,3,0
Raw,sub-01,5,sub-01_ses-5_epoch-31,4,0
Raw,sub-01,5,sub-01_ses-5_epoch-31,5,0
Raw,sub-01,5,sub-01_ses-5_epoch-31,6,0
Raw,sub-01,5,sub-01_ses-5_epoch-31,7,0
Raw,sub-01,5,sub-01_ses-5_epoch-32,0,1
Raw,sub-01,5,sub-01_ses-5_epoch-32,1,1
Raw,sub-01,5,sub-01_ses-5_epoch-32,2,1
Raw,sub-01,5,sub-01_ses-5_epoch-32,3,1
Raw,sub-01,5,sub-01_ses-5_epoch-32,4,1
Raw,sub-01,5,sub-01_ses-5_epoch-32,5,1
Raw,sub-01,5,sub-01_ses-5_epoch-32,6,1
Raw,sub-01,5,sub-01_ses-5_epoch-33,0,0
Raw,sub-01,5,sub-01_ses-5_epoch-33,1,0
Raw,sub-01,5,sub-01_ses-5_epoch-33,2,0
Raw,sub-01,5,sub-01_ses-5_epoch-33,3,0
Raw,sub-01,5,sub-01_ses-5_epoch-33,4,0
Raw,sub-01,5,sub-01_ses-5_epoch-33,5,0
Raw,sub-01,5,sub-01_ses-5_epoch-33,6,0
Raw,sub-01,5,sub-01_ses-5_epoch-33,7,0
Raw,sub-01,5,sub-01_ses-5_epoch-34,0,1
Raw,sub-01,5,sub-01_ses-5_epoch-34,1,1
Raw,sub-01,5,sub-01_ses-5_epoch-34,2,1
Raw,sub-01,5,sub-01_ses-5_epoch-34,3,1
Raw,sub-01,5,sub-01_ses-5_epoch-34,4,1
Raw,sub-01,5,sub-01_ses-5_epoch-34,5,1
Raw,sub-01,5,sub-01_ses-5_epoch-34,6,1
Raw,sub-01,5,sub-01_ses-5_epoch-35,0,1
Raw,sub-01,5,sub-01_ses-5_epoch-35,1,1
Raw,sub-01,5,sub-01_ses-5_epoch-35,2,1
Raw,sub-01,5,sub-01_ses-5_epoch-35,3,1
Raw,sub-01,5,sub-01_ses-5_epoch-35,4,1
Raw,sub-01,5,sub-01_ses-5_epoch-35,5,1
Raw,sub-01,5,sub-01_ses-5_epoch-35,6,1
Raw,sub-01,5,sub-01_ses-5_epoch-36,0,0
Raw,sub-01,5,sub-01_ses-5_epoch-36,1,0
Raw,sub-01,5,sub-01_ses-5_epoch-36,2,0
Raw,sub-01,5,sub-01_ses-5_epoch-36,3,0
Raw,sub-01,5,sub-01_ses-5_epoch-36,4,0
Raw,sub-01,5,sub-01_ses-5_epoch-36,5,0
Raw,sub-01,5,sub-01_ses-5_epoch-36,6,0
Raw,sub-01,5,sub-01_ses-5_epoch-36,7,0
Raw,sub-01,5,sub-01_ses-5_epoch-37,0,1
Raw,sub-01,5,sub-01_ses-5_epoch-37,1,1
Raw,sub-01,5,sub-01_ses-5_epoch-37,2,1
Raw,sub-01,5,sub-01_ses-5_epoch-37,3,1
Raw,sub-01,5,sub-01_ses-5_epoch-37,4,1
Raw,sub-01,5,sub-01_ses-5_epoch-37,5,1
Raw,sub-01,5,sub-01_ses-5_epoch-37,6,1
Raw,sub-01,5,sub-01_ses-5_epoch-38,0,0
Raw,sub-01,5,sub-01_ses-5_epoch-38,1,0
Raw,sub-01,5,sub-01_ses-5_epoch-38,2,0
Raw,sub-01,5,sub-01_ses-5_epoch-38,3,0
Raw,sub-01,5,sub-01_ses-5_epoch-38,4,0
Raw,sub-01,5,sub-01_ses-5_epoch-38,5,0
Raw,sub-01,5,sub-01_ses-5_epoch-38,6,0
Raw,sub-01,5,sub-01_ses-5_epoch-38,7,0
Raw,sub-01,5,sub-01_ses-5_epoch-39,0,1
Raw,sub-01,5,sub-01_ses-5_epoch-39,1,1
Raw,sub-01,5,sub-01_ses-5_epoch-39,2,1
Raw,sub-01,5,sub-01_ses-5_epoch-39,3,1
Raw,sub-01,5,sub-01_ses-5_epoch-39,4,1
Raw,sub-01,5,sub-01_ses-5_epoch-39,5,1
Raw,sub-01,5,sub-01_ses-5_epoch-39,6,1
Raw,sub-01,5,sub-01_ses-5_epoch-40,0,0
Raw,sub-01,5,sub-01_ses-5_epoch-40,1,0
Raw,sub-01,5,sub-01_ses-5_epoch-40,2,0
Raw,sub-01,5,sub-01_ses-5_epoch-40,3,0
Raw,sub-01,5,sub-01_ses-5_epoch-40,4,0
Raw,sub-01,5,sub-01_ses-5_epoch-40,5,0
Raw,sub-01,5,sub-01_ses-5_epoch-40,6,0
Raw,sub-01,5,sub-01_ses-5_epoch-40,7,0
Raw,sub-01,5,sub-01_ses-5_epoch-41,0,1
Raw,sub-01,5,sub-01_ses-5_epoch-41,1,1
Raw,sub-01,5,sub-01_ses-5_epoch-41,2,1
Raw,sub-01,5,sub-01_ses-5_epoch-41,3,1
Raw,sub-01,5,sub-01_ses-5_epoch-41,4,1
Raw,sub-01,5,sub-01_ses-5_epoch-41,5,1
Raw,sub-01,5,sub-01_ses-5_epoch-41,6,1
Raw,sub-01,5,sub-01_ses-5_epoch-42,0,0
Raw,sub-01,5,sub-01_ses-5_epoch-42,1,0
Raw,sub-01,5,sub-01_ses-5_epoch-42,2,0
Raw,sub-01,5,sub-01_ses-5_epoch-42,3,0
Raw,sub-01,5,sub-01_ses-5_epoch-42,4,0
Raw,sub-01,5,sub-01_ses-5_epoch-42,5,0
Raw,sub-01,5,sub-01_ses-5_epoch-42,6,0
Raw,sub-01,5,sub-01_ses-5_epoch-42,7,0
Raw,sub-01,5,sub-01_ses-5_epoch-43,0,1
Raw,sub-01,5,sub-01_ses-5_epoch-43,1,1
Raw,sub-01,5,sub-01_ses-5_epoch-43,2,1
Raw,sub-01,5,sub-01_ses-5_epoch-43,3,1
Raw,sub-01,5,sub-01_ses-5_epoch-43,4,1
Raw,sub-01,5,sub-01_ses-5_epoch-43,5,1
Raw,sub-01,5,sub-01_ses-5_epoch-43,6,1
Raw,sub-01,5,sub-01_ses-5_epoch-44,0,0
Raw,sub-01,5,sub-01_ses-5_epoch-44,1,0
Raw,sub-01,5,sub-01_ses-5_epoch-44,2,0
Raw,sub-01,5,sub-01_ses-5_epoch-44,3,0
Raw,sub-01,5,sub-01_ses-5_epoch-44,4,0
Raw,sub-01,5,sub-01_ses-5_epoch-44,5,0
Raw,sub-01,5,sub-01_ses-5_epoch-44,6,0
Raw,sub-01,5,sub-01_ses-5_epoch-44,7,0
Raw,sub-01,5,sub-01_ses-5_epoch-45,0,1
Raw,sub-01,5,sub-01_ses-5_epoch-45,1,1
Raw,sub-01,5,sub-01_ses-5_epoch-45,2,1
Raw,sub-01,5,sub-01_ses-5_epoch-45,3,1
Raw,sub-01,5,sub-01_ses-5_epoch-45,4,1
Raw,sub-01,5,sub-01_ses-5_epoch-45,5,1
Raw,sub-01,5,sub-01_ses-5_epoch-45,6,1
Raw,sub-01,5,sub-01_ses-5_epoch-46,0,0
Raw,sub-01,5,sub-01_ses-5_epoch-46,1,0
Raw,sub-01,5,sub-01_ses-5_epoch-46,2,0
Raw,sub-01,5,sub-01_ses-5_epoch-46,3,0
Raw,sub-01,5,sub-01_ses-5_epoch-46,4,0
Raw,sub-01,5,sub-01_ses-5_epoch-46,5,0
Raw,sub-01,5,sub-01_ses-5_epoch-46,6,0
Raw,sub-01,5,sub-01_ses-5_epoch-46,7,0
Raw,sub-01,5,sub-01_ses-5_epoch-47,0,1
Raw,sub-01,5,sub-01_ses-5_epoch-47,1,1
Raw,sub-01,5,sub-01_ses-5_epoch-47,2,1
Raw,sub-01,5,sub-01_ses-5_epoch-47,3,1
Raw,sub-01,5,sub-01_ses-5_epoch-47,4,1
Raw,sub-01,5,sub-01_ses-5_epoch-47,5,1
Raw,sub-01,5,sub-01_ses-5_epoch-47,6,1
Raw,sub-01,5,sub-01_ses-5_epoch-48,0,0
Raw,sub-01,5,sub-01_ses-5_epoch-48,1,0
Raw,sub-01,5,sub-01_ses-5_epoch-48,2,0
Raw,sub-01,5,sub-01_ses-5_epoch-48,3,0
Raw,sub-01,5,sub-01_ses-5_epoch-48,4,0
Raw,sub-01,5,sub-01_ses-5_epoch-48,5,0
Raw,sub-01,5,sub-01_ses-5_epoch-48,6,0
Raw,sub-01,5,sub-01_ses-5_epoch-48,7,0
Raw,sub-01,5,sub-01_ses-5_epoch-49,0,1
Raw,sub-01,5,sub-01_ses-5_epoch-49,1,1
Raw,sub-01,5,sub-01_ses-5_epoch-49,2,1
Raw,sub-01,5,sub-01_ses-5_epoch-49,3,1
Raw,sub-01,5,sub-01_ses-5_epoch-49,4,1
Raw,sub-01,5,sub-01_ses-5_epoch-49,5,1
Raw,sub-01,5,sub-01_ses-5_epoch-49,6,1
Raw,sub-01,5,sub-01_ses-5_epoch-50,0,0
Raw,sub-01,5,sub-01_ses-5_epoch-50,1,0
Raw,sub-01,5,sub-01_ses-5_epoch-50,2,0
Raw,sub-01,5,sub-01_ses-5_epoch-50,3,0
Raw,sub-01,5,sub-01_ses-5_epoch-50,4,0
Raw,sub-01,5,sub-01_ses-5_epoch-50,5,0
Raw,sub-01,5,sub-01_ses-5_epoch-50,6,0
Raw,sub-01,5,sub-01_ses-5_epoch-50,7,0
Raw,sub-01,5,sub-01_ses-5_epoch-51,0,1
Raw,sub-01,5,sub-01_ses-5_epoch-51,1,1
Raw,sub-01,5,sub-01_ses-5_epoch-51,2,1
Raw,sub-01,5,sub-01_ses-5_epoch-51,3,1
Raw,sub-01,5,sub-01_ses-5_epoch-51,4,1
Raw,sub-01,5,sub-01_ses-5_epoch-51,5,1
Raw,sub-01,5,sub-01_ses-5_epoch-51,6,1
Raw,sub-01,5,sub-01_ses-5_epoch-52,0,0
Raw,sub-01,5,sub-01_ses-5_epoch-52,1,0
Raw,sub-01,5,sub-01_ses-5_epoch-52,2,0
Raw,sub-01,5,sub-01_ses-5_epoch-52,3,0
Raw,sub-01,5,sub-01_ses-5_epoch-52,4,0
Raw,sub-01,5,sub-01_ses-5_epoch-52,5,0
Raw,sub-01,5,sub-01_ses-5_epoch-52,6,0
Raw,sub-01,5,sub-01_ses-5_epoch-52,7,0
Raw,sub-01,5,sub-01_ses-5_epoch-53,0,1
Raw,sub-01,5,sub-01_ses-5_epoch-53,1,1
Raw,sub-01,5,sub-01_ses-5_epoch-53,2,1
Raw,sub-01,5,sub-01_ses-5_epoch-53,3,1
Raw,sub-01,5,sub-01_ses-5_epoch-53,4,1
Raw,sub-01,5,sub-01_ses-5_epoch-53,5,1
Raw,sub-01,5,sub-01_ses-5_epoch-53,6,1
Raw,sub-01,5,sub-01_ses-5_epoch-54,0,0
Raw,sub-01,5,sub-01_ses-5_epoch-54,1,0
Raw,sub-01,5,sub-01_ses-5_epoch-54,2,0
Raw,sub-01,5,sub-01_ses-5_epoch-54,3,0
Raw,sub-01,5,sub-01_ses-5_epoch-54,4,0
Raw,sub-01,5,sub-01_ses-5_epoch-54,5,0
Raw,sub-01,5,sub-01_ses-5_epoch-54,6,0
Raw,sub-01,5,sub-01_ses-5_epoch-54,7,0
Raw,sub-01,5,sub-01_ses-5_epoch-55,0,1
Raw,sub-01,5,sub-01_ses-5_epoch-55,1,1
Raw,sub-01,5,sub-01_ses-5_epoch-55,2,1
Raw,sub-01,5,sub-01_ses-5_epoch-55,3,1
Raw,sub-01,5,sub-01_ses-5_epoch-55,4,1
Raw,sub-01,5,sub-01_ses-5_epoch-55,5,1
Raw,sub-01,5,sub-01_ses-5_epoch-55,6,1
Raw,sub-01,5,sub-01_ses-5_epoch-56,0,0
Raw,sub-01,5,sub-01_ses-5_epoch-56,1,0
Raw,sub-01,5,sub-01_ses-5_epoch-56,2,0
Raw,sub-01,5,sub-01_ses-5_epoch-56,3,0
Raw,sub-01,5,sub-01_ses-5_epoch-56,4,0
Raw,sub-01,5,sub-01_ses-5_epoch-56,5,0
Raw,sub-01,5,sub-01_ses-5_epoch-56,6,0
Raw,sub-01,5,sub-01_ses-5_epoch-56,7,0
ICA-cleaned,sub-01,5,sub-01_ses-5_epoch-1,0,0
ICA-cleaned,sub-01,5,sub-01_ses-5_epoch-1,1,0
ICA-cleaned,sub-01,5,sub-01_ses-5_epoch-1,2,0
ICA-cleaned,sub-01,5,sub-01_ses-5_epoch-1,3,0
ICA-cleaned,sub-01,5,sub-01_ses-5_epoch-1,4,0
ICA-cleaned,sub-01,5,sub-01_ses-5_epoch-1,5,0
ICA-cleaned,sub-01,5,sub-01_ses-5_epoch-1,6,0
ICA-cleaned,sub-01,5,sub-01_ses-5_epoch-1,7,0
ICA-cleaned,sub-01,5,sub-01_ses-5_epoch-2,0,0
ICA-cleaned,sub-01,5,sub-01_ses-5_epoch-2,1,0
ICA-cleaned,sub-01,5,sub-01_ses-5_epoch-2,2,0
ICA-cleaned,sub-01,5,sub-01_ses-5_epoch-2,3,0
ICA-cleaned,sub-01,5,sub-01_ses-5_epoch-2,4,0
ICA-cleaned,sub-01,5,sub-01_ses-5_epoch-2,5,0
ICA-cleaned,sub-01,5,sub-01_ses-5_epoch-2,6,0
ICA-cleaned,sub-01,5,sub-01_ses-5_epoch-2,7,0
ICA-cleaned,sub-01,5,sub-01_ses-5_epoch-3,0,0
ICA-cleaned,sub-01,5,sub-01_ses-5_epoch-3,1,0
ICA-cleaned,sub-01,5,sub-01_ses-5_epoch-3,2,0
ICA-cleaned,sub-01,5,sub-01_ses-5_epoch-3,3,0
ICA-cleaned,sub-01,5,sub-01_ses-5_epoch-3,4,0
ICA-cleaned,sub-01,5,sub-01_ses-5_epoch-3,5,0
ICA-cleaned,sub-01,5,sub-01_ses-5_epoch-3,6,0
ICA-cleaned,sub-01,5,sub-01_ses-5_epoch-3,7,0
ICA-cleaned,sub-01,5,sub-01_ses-5_epoch-4,0,1
ICA-cleaned,sub-01,5,sub-01_ses-5_epoch-4,1,1
ICA-cleaned,sub-01,5,sub-01_ses-5_epoch-4,2,1
ICA-cleaned,sub-01,5,sub-01_ses-5_epoch-4,3,1
ICA-cleaned,sub-01,5,sub-01_ses-5_epoch-4,4,1
ICA-cleaned,sub-01,5,sub-01_ses-5_epoch-4,5,1
ICA-cleaned,sub-01,5,sub-01_ses-5_epoch-4,6,1
ICA-cleaned,sub-01,5,sub-01_ses-5_epoch-5,0,0
ICA-cleaned,sub-01,5,sub-01_ses-5_epoch-5,1,0
ICA-cleaned,sub-01,5,sub-01_ses-5_epoch-5,2,0
ICA-cleaned,sub-01,5,sub-01_ses-5_epoch-5,3,0
ICA-cleaned,sub-01,5,sub-01_ses-5_epoch-5,4,0
ICA-cleaned,sub-01,5,sub-01_ses-5_epoch-5,5,0
ICA-cleaned,sub-01,5,sub-01_ses-5_epoch-5,6,0
ICA-cleaned,sub-01,5,sub-01_ses-5_epoch-5,7,0
ICA-cleaned,sub-01,5,sub-01_ses-5_epoch-6,0,1
ICA-cleaned,sub-01,5,sub-01_ses-5_epoch-6,1,1
ICA-cleaned,sub-01,5,sub-01_ses-5_epoch-6,2,1
ICA-cleaned,sub-01,5,sub-01_ses-5_epoch-6,3,1
ICA-cleaned,sub-01,5,sub-01_ses-5_epoch-6,4,1
ICA-cleaned,sub-01,5,sub-01_ses-5_epoch-6,5,1
ICA-cleaned,sub-01,5,sub-01_ses-5_epoch-6,6,1
ICA-cleaned,sub-01,5,sub-01_ses-5_epoch-7,0,0
ICA-cleaned,sub-01,5,sub-01_ses-5_epoch-7,1,0
ICA-cleaned,sub-01,5,sub-01_ses-5_epoch-7,2,0
ICA-cleaned,sub-01,5,sub-01_ses-5_epoch-7,3,0
ICA-cleaned,sub-01,5,sub-01_ses-5_epoch-7,4,0
ICA-cleaned,sub-01,5,sub-01_ses-5_epoch-7,5,0
ICA-cleaned,sub-01,5,sub-01_ses-5_epoch-7,6,0
ICA-cleaned,sub-01,5,sub-01_ses-5_epoch-7,7,0
ICA-cleaned,sub-01,5,sub-01_ses-5_epoch-8,0,1
ICA-cleaned,sub-01,5,sub-01_ses-5_epoch-8,1,1
ICA-cleaned,sub-01,5,sub-01_ses-5_epoch-8,2,1
ICA-cleaned,sub-01,5,sub-01_ses-5_epoch-8,3,1
ICA-cleaned,sub-01,5,sub-01_ses-5_epoch-8,4,1
ICA-cleaned,sub-01,5,sub-01_ses-5_epoch-8,5,1
ICA-cleaned,sub-01,5,sub-01_ses-5_epoch-8,6,1
ICA-cleaned,sub-01,5,sub-01_ses-5_epoch-9,0,0
ICA-cleaned,sub-01,5,sub-01_ses-5_epoch-9,1,0
ICA-cleaned,sub-01,5,sub-01_ses-5_epoch-9,2,0
ICA-cleaned,sub-01,5,sub-01_ses-5_epoch-9,3,0
ICA-cleaned,sub-01,5,sub-01_ses-5_epoch-9,4,0
ICA-cleaned,sub-01,5,sub-01_ses-5_epoch-9,5,0
ICA-cleaned,sub-01,5,sub-01_ses-5_epoch-9,6,0
ICA-cleaned,sub-01,5,sub-01_ses-5_epoch-9,7,0
ICA-cleaned,sub-01,5,sub-01_ses-5_epoch-10,0,1
ICA-cleaned,sub-01,5,sub-01_ses-5_epoch-10,1,1
ICA-cleaned,sub-01,5,sub-01_ses-5_epoch-10,2,1
ICA-cleaned,sub-01,5,sub-01_ses-5_epoch-10,3,1
ICA-cleaned,sub-01,5,sub-01_ses-5_epoch-10,4,1
ICA-cleaned,sub-01,5,sub-01_ses-5_epoch-10,5,1
ICA-cleaned,sub-01,5,sub-01_ses-5_epoch-10,6,1
ICA-cleaned,sub-01,5,sub-01_ses-5_epoch-11,0,0
ICA-cleaned,sub-01,5,sub-01_ses-5_epoch-11,1,0
ICA-cleaned,sub-01,5,sub-01_ses-5_epoch-11,2,0
ICA-cleaned,sub-01,5,sub-01_ses-5_epoch-11,3,0
ICA-cleaned,sub-01,5,sub-01_ses-5_epoch-11,4,0
ICA-cleaned,sub-01,5,sub-01_ses-5_epoch-11,5,0
ICA-cleaned,sub-01,5,sub-01_ses-5_epoch-11,6,0
ICA-cleaned,sub-01,5,sub-01_ses-5_epoch-11,7,0
ICA-cleaned,sub-01,5,sub-01_ses-5_epoch-12,0,1
ICA-cleaned,sub-01,5,sub-01_ses-5_epoch-12,1,1
ICA-cleaned,sub-01,5,sub-01_ses-5_epoch-12,2,1
ICA-cleaned,sub-01,5,sub-01_ses-5_epoch-12,3,1
ICA-cleaned,sub-01,5,sub-01_ses-5_epoch-12,4,1
ICA-cleaned,sub-01,5,sub-01_ses-5_epoch-12,5,1
ICA-cleaned,sub-01,5,sub-01_ses-5_epoch-12,6,1
ICA-cleaned,sub-01,5,sub-01_ses-5_epoch-13,0,0
ICA-cleaned,sub-01,5,sub-01_ses-5_epoch-13,1,0
ICA-cleaned,sub-01,5,sub-01_ses-5_epoch-13,2,0
ICA-cleaned,sub-01,5,sub-01_ses-5_epoch-13,3,0
ICA-cleaned,sub-01,5,sub-01_ses-5_epoch-13,4,0
ICA-cleaned,sub-01,5,sub-01_ses-5_epoch-13,5,0
ICA-cleaned,sub-01,5,sub-01_ses-5_epoch-13,6,0
ICA-cleaned,sub-01,5,sub-01_ses-5_epoch-13,7,0
ICA-cleaned,sub-01,5,sub-01_ses-5_epoch-14,0,1
ICA-cleaned,sub-01,5,sub-01_ses-5_epoch-14,1,1
ICA-cleaned,sub-01,5,sub-01_ses-5_epoch-14,2,1
ICA-cleaned,sub-01,5,sub-01_ses-5_epoch-14,3,1
ICA-cleaned,sub-01,5,sub-01_ses-5_epoch-14,4,1
ICA-cleaned,sub-01,5,sub-01_ses-5_epoch-14,5,1
ICA-cleaned,sub-01,5,sub-01_ses-5_epoch-14,6,1
ICA-cleaned,sub-01,5,sub-01_ses-5_epoch-15,0,0
ICA-cleaned,sub-01,5,sub-01_ses-5_epoch-15,1,0
ICA-cleaned,sub-01,5,sub-01_ses-5_epoch-15,2,0
ICA-cleaned,sub-01,5,sub-01_ses-5_epoch-15,3,0
ICA-cleaned,sub-01,5,sub-01_ses-5_epoch-15,4,0
ICA-cleaned,sub-01,5,sub-01_ses-5_epoch-15,5,0
ICA-cleaned,sub-01,5,sub-01_ses-5_epoch-15,6,0
ICA-cleaned,sub-01,5,sub-01_ses-5_epoch-15,7,0
ICA-cleaned,sub-01,5,sub-01_ses-5_epoch-16,0,1
ICA-cleaned,sub-01,5,sub-01_ses-5_epoch-16,1,1
ICA-cleaned,sub-01,5,sub-01_ses-5_epoch-16,2,1
ICA-cleaned,sub-01,5,sub-01_ses-5_epoch-16,3,1
ICA-cleaned,sub-01,5,sub-01_ses-5_epoch-16,4,1
ICA-cleaned,sub-01,5,sub-01_ses-5_epoch-16,5,1
ICA-cleaned,sub-01,5,sub-01_ses-5_epoch-16,6,1
ICA-cleaned,sub-01,5,sub-01_ses-5_epoch-17,0,0
ICA-cleaned,sub-01,5,sub-01_ses-5_epoch-17,1,0
ICA-cleaned,sub-01,5,sub-01_ses-5_epoch-17,2,0
ICA-cleaned,sub-01,5,sub-01_ses-5_epoch-17,3,0
ICA-cleaned,sub-01,5,sub-01_ses-5_epoch-17,4,0
ICA-cleaned,sub-01,5,sub-01_ses-5_epoch-17,5,0
ICA-cleaned,sub-01,5,sub-01_ses-5_epoch-17,6,0
ICA-cleaned,sub-01,5,sub-01_ses-5_epoch-17,7,0
ICA-cleaned,sub-01,5,sub-01_ses-5_epoch-18,0,1
ICA-cleaned,sub-01,5,sub-01_ses-5_epoch-18,1,1
ICA-cleaned,sub-01,5,sub-01_ses-5_epoch-18,2,1
ICA-cleaned,sub-01,5,sub-01_ses-5_epoch-18,3,1
ICA-cleaned,sub-01,5,sub-01_ses-5_epoch-18,4,1
ICA-cleaned,sub-01,5,sub-01_ses-5_epoch-18,5,1
ICA-cleaned,sub-01,5,sub-01_ses-5_epoch-18,6,1
ICA-cleaned,sub-01,5,sub-01_ses-5_epoch-19,0,0
ICA-cleaned,sub-01,5,sub-01_ses-5_epoch-19,1,0
ICA-cleaned,sub-01,5,sub-01_ses-5_epoch-19,2,0
ICA-cleaned,sub-01,5,sub-01_ses-5_epoch-19,3,0
ICA-cleaned,sub-01,5,sub-01_ses-5_epoch-19,4,0
ICA-cleaned,sub-01,5,sub-01_ses-5_epoch-19,5,0
ICA-cleaned,sub-01,5,sub-01_ses-5_epoch-19,6,0
ICA-cleaned,sub-01,5,sub-01_ses-5_epoch-19,7,0
ICA-cleaned,sub-01,5,sub-01_ses-5_epoch-20,0,1
ICA-cleaned,sub-01,5,sub-01_ses-5_epoch-20,1,1
ICA-cleaned,sub-01,5,sub-01_ses-5_epoch-20,2,1
ICA-cleaned,sub-01,5,sub-01_ses-5_epoch-20,3,1
ICA-cleaned,sub-01,5,sub-01_ses-5_epoch-20,4,1
ICA-cleaned,sub-01,5,sub-01_ses-5_epoch-20,5,1
ICA-cleaned,sub-01,5,sub-01_ses-5_epoch-20,6,1
ICA-cleaned,sub-01,5,sub-01_ses-5_epoch-21,0,0
ICA-cleaned,sub-01,5,sub-01_ses-5_epoch-21,1,0
ICA-cleaned,sub-01,5,sub-01_ses-5_epoch-21,2,0
ICA-cleaned,sub-01,5,sub-01_ses-5_epoch-21,3,0
ICA-cleaned,sub-01,5,sub-01_ses-5_epoch-21,4,0
ICA-cleaned,sub-01,5,sub-01_ses-5_epoch-21,5,0
ICA-cleaned,sub-01,5,sub-01_ses-5_epoch-21,6,0
ICA-cleaned,sub-01,5,sub-01_ses-5_epoch-21,7,0
ICA-cleaned,sub-01,5,sub-01_ses-5_epoch-22,0,1
ICA-cleaned,sub-01,5,sub-01_ses-5_epoch-22,1,1
ICA-cleaned,sub-01,5,sub-01_ses-5_epoch-22,2,1
ICA-cleaned,sub-01,5,sub-01_ses-5_epoch-22,3,1
ICA-cleaned,sub-01,5,sub-01_ses-5_epoch-22,4,1
ICA-cleaned,sub-01,5,sub-01_ses-5_epoch-22,5,1
ICA-cleaned,sub-01,5,sub-01_ses-5_epoch-22,6,1
ICA-cleaned,sub-01,5,sub-01_ses-5_epoch-23,0,0
ICA-cleaned,sub-01,5,sub-01_ses-5_epoch-23,1,0
ICA-cleaned,sub-01,5,sub-01_ses-5_epoch-23,2,0
ICA-cleaned,sub-01,5,sub-01_ses-5_epoch-23,3,0
ICA-cleaned,sub-01,5,sub-01_ses-5_epoch-23,4,0
ICA-cleaned,sub-01,5,sub-01_ses-5_epoch-23,5,0
ICA-cleaned,sub-01,5,sub-01_ses-5_epoch-23,6,0
ICA-cleaned,sub-01,5,sub-01_ses-5_epoch-23,7,0
ICA-cleaned,sub-01,5,sub-01_ses-5_epoch-24,0,1
ICA-cleaned,sub-01,5,sub-01_ses-5_epoch-24,1,1
ICA-cleaned,sub-01,5,sub-01_ses-5_epoch-24,2,1
ICA-cleaned,sub-01,5,sub-01_ses-5_epoch-24,3,1
ICA-cleaned,sub-01,5,sub-01_ses-5_epoch-24,4,1
ICA-cleaned,sub-01,5,sub-01_ses-5_epoch-24,5,1
ICA-cleaned,sub-01,5,sub-01_ses-5_epoch-24,6,1
ICA-cleaned,sub-01,5,sub-01_ses-5_epoch-25,0,0
ICA-cleaned,sub-01,5,sub-01_ses-5_epoch-25,1,0
ICA-cleaned,sub-01,5,sub-01_ses-5_epoch-25,2,0
ICA-cleaned,sub-01,5,sub-01_ses-5_epoch-25,3,0
ICA-cleaned,sub-01,5,sub-01_ses-5_epoch-25,4,0
ICA-cleaned,sub-01,5,sub-01_ses-5_epoch-25,5,0
ICA-cleaned,sub-01,5,sub-01_ses-5_epoch-25,6,0
ICA-cleaned,sub-01,5,sub-01_ses-5_epoch-25,7,0
ICA-cleaned,sub-01,5,sub-01_ses-5_epoch-26,0,1
ICA-cleaned,sub-01,5,sub-01_ses-5_epoch-26,1,1
ICA-cleaned,sub-01,5,sub-01_ses-5_epoch-26,2,1
ICA-cleaned,sub-01,5,sub-01_ses-5_epoch-26,3,1
ICA-cleaned,sub-01,5,sub-01_ses-5_epoch-26,4,1
ICA-cleaned,sub-01,5,sub-01_ses-5_epoch-26,5,1
ICA-cleaned,sub-01,5,sub-01_ses-5_epoch-26,6,1
ICA-cleaned,sub-01,5,sub-01_ses-5_epoch-27,0,0
ICA-cleaned,sub-01,5,sub-01_ses-5_epoch-27,1,0
ICA-cleaned,sub-01,5,sub-01_ses-5_epoch-27,2,0
ICA-cleaned,sub-01,5,sub-01_ses-5_epoch-27,3,0
ICA-cleaned,sub-01,5,sub-01_ses-5_epoch-27,4,0
ICA-cleaned,sub-01,5,sub-01_ses-5_epoch-27,5,0
ICA-cleaned,sub-01,5,sub-01_ses-5_epoch-27,6,0
ICA-cleaned,sub-01,5,sub-01_ses-5_epoch-27,7,0
ICA-cleaned,sub-01,5,sub-01_ses-5_epoch-28,0,1
ICA-cleaned,sub-01,5,sub-01_ses-5_epoch-28,1,1
ICA-cleaned,sub-01,5,sub-01_ses-5_epoch-28,2,1
ICA-cleaned,sub-01,5,sub-01_ses-5_epoch-28,3,1
ICA-cleaned,sub-01,5,sub-01_ses-5_epoch-28,4,1
ICA-cleaned,sub-01,5,sub-01_ses-5_epoch-28,5,1
ICA-cleaned,sub-01,5,sub-01_ses-5_epoch-28,6,1
ICA-cleaned,sub-01,5,sub-01_ses-5_epoch-29,0,0
ICA-cleaned,sub-01,5,sub-01_ses-5_epoch-29,1,0
ICA-cleaned,sub-01,5,sub-01_ses-5_epoch-29,2,0
ICA-cleaned,sub-01,5,sub-01_ses-5_epoch-29,3,0
ICA-cleaned,sub-01,5,sub-01_ses-5_epoch-29,4,0
ICA-cleaned,sub-01,5,sub-01_ses-5_epoch-29,5,0
ICA-cleaned,sub-01,5,sub-01_ses-5_epoch-29,6,0
ICA-cleaned,sub-01,5,sub-01_ses-5_epoch-29,7,0
ICA-cleaned,sub-01,5,sub-01_ses-5_epoch-30,0,1
ICA-cleaned,sub-01,5,sub-01_ses-5_epoch-30,1,1
ICA-cleaned,sub-01,5,sub-01_ses-5_epoch-30,2,1
ICA-cleaned,sub-01,5,sub-01_ses-5_epoch-30,3,1
ICA-cleaned,sub-01,5,sub-01_ses-5_epoch-30,4,1
ICA-cleaned,sub-01,5,sub-01_ses-5_epoch-30,5,1
ICA-cleaned,sub-01,5,sub-01_ses-5_epoch-30,6,1
ICA-cleaned,sub-01,5,sub-01_ses-5_epoch-31,0,0
ICA-cleaned,sub-01,5,sub-01_ses-5_epoch-31,1,0
ICA-cleaned,sub-01,5,sub-01_ses-5_epoch-31,2,0
ICA-cleaned,sub-01,5,sub-01_ses-5_epoch-31,3,0
ICA-cleaned,sub-01,5,sub-01_ses-5_epoch-31,4,0
ICA-cleaned,sub-01,5,sub-01_ses-5_epoch-31,5,0
ICA-cleaned,sub-01,5,sub-01_ses-5_epoch-31,6,0
ICA-cleaned,sub-01,5,sub-01_ses-5_epoch-31,7,0
ICA-cleaned,sub-01,5,sub-01_ses-5_epoch-32,0,1
ICA-cleaned,sub-01,5,sub-01_ses-5_epoch-32,1,1
ICA-cleaned,sub-01,5,sub-01_ses-5_epoch-32,2,1
ICA-cleaned,sub-01,5,sub-01_ses-5_epoch-32,3,1
ICA-cleaned,sub-01,5,sub-01_ses-5_epoch-32,4,1
ICA-cleaned,sub-01,5,sub-01_ses-5_epoch-32,5,1
ICA-cleaned,sub-01,5,sub-01_ses-5_epoch-32,6,1
ICA-cleaned,sub-01,5,sub-01_ses-5_epoch-33,0,0
ICA-cleaned,sub-01,5,sub-01_ses-5_epoch-33,1,0
ICA-cleaned,sub-01,5,sub-01_ses-5_epoch-33,2,0
ICA-cleaned,sub-01,5,sub-01_ses-5_epoch-33,3,0
ICA-cleaned,sub-01,5,sub-01_ses-5_epoch-33,4,0
ICA-cleaned,sub-01,5,sub-01_ses-5_epoch-33,5,0
ICA-cleaned,sub-01,5,sub-01_ses-5_epoch-33,6,0
ICA-cleaned,sub-01,5,sub-01_ses-5_epoch-33,7,0
ICA-cleaned,sub-01,5,sub-01_ses-5_epoch-34,0,1
ICA-cleaned,sub-01,5,sub-01_ses-5_epoch-34,1,1
ICA-cleaned,sub-01,5,sub-01_ses-5_epoch-34,2,1
ICA-cleaned,sub-01,5,sub-01_ses-5_epoch-34,3,1
ICA-cleaned,sub-01,5,sub-01_ses-5_epoch-34,4,1
ICA-cleaned,sub-01,5,sub-01_ses-5_epoch-34,5,1
ICA-cleaned,sub-01,5,sub-01_ses-5_epoch-34,6,1
ICA-cleaned,sub-01,5,sub-01_ses-5_epoch-35,0,1
ICA-cleaned,sub-01,5,sub-01_ses-5_epoch-35,1,1
ICA-cleaned,sub-01,5,sub-01_ses-5_epoch-35,2,1
ICA-cleaned,sub-01,5,sub-01_ses-5_epoch-35,3,1
ICA-cleaned,sub-01,5,sub-01_ses-5_epoch-35,4,1
ICA-cleaned,sub-01,5,sub-01_ses-5_epoch-35,5,1
ICA-cleaned,sub-01,5,sub-01_ses-5_epoch-35,6,1
ICA-cleaned,sub-01,5,sub-01_ses-5_epoch-36,0,0
ICA-cleaned,sub-01,5,sub-01_ses-5_epoch-36,1,0
ICA-cleaned,sub-01,5,sub-01_ses-5_epoch-36,2,0
ICA-cleaned,sub-01,5,sub-01_ses-5_epoch-36,3,0
ICA-cleaned,sub-01,5,sub-01_ses-5_epoch-36,4,0
ICA-cleaned,sub-01,5,sub-01_ses-5_epoch-36,5,0
ICA-cleaned,sub-01,5,sub-01_ses-5_epoch-36,6,0
ICA-cleaned,sub-01,5,sub-01_ses-5_epoch-36,7,0
ICA-cleaned,sub-01,5,sub-01_ses-5_epoch-37,0,1
ICA-cleaned,sub-01,5,sub-01_ses-5_epoch-37,1,1
ICA-cleaned,sub-01,5,sub-01_ses-5_epoch-37,2,1
ICA-cleaned,sub-01,5,sub-01_ses-5_epoch-37,3,1
ICA-cleaned,sub-01,5,sub-01_ses-5_epoch-37,4,1
ICA-cleaned,sub-01,5,sub-01_ses-5_epoch-37,5,1
ICA-cleaned,sub-01,5,sub-01_ses-5_epoch-37,6,1
ICA-cleaned,sub-01,5,sub-01_ses-5_epoch-38,0,0
ICA-cleaned,sub-01,5,sub-01_ses-5_epoch-38,1,0
ICA-cleaned,sub-01,5,sub-01_ses-5_epoch-38,2,0
ICA-cleaned,sub-01,5,sub-01_ses-5_epoch-38,3,0
ICA-cleaned,sub-01,5,sub-01_ses-5_epoch-38,4,0
ICA-cleaned,sub-01,5,sub-01_ses-5_epoch-38,5,0
ICA-cleaned,sub-01,5,sub-01_ses-5_epoch-38,6,0
ICA-cleaned,sub-01,5,sub-01_ses-5_epoch-38,7,0
ICA-cleaned,sub-01,5,sub-01_ses-5_epoch-39,0,1
ICA-cleaned,sub-01,5,sub-01_ses-5_epoch-39,1,1
ICA-cleaned,sub-01,5,sub-01_ses-5_epoch-39,2,1
ICA-cleaned,sub-01,5,sub-01_ses-5_epoch-39,3,1
ICA-cleaned,sub-01,5,sub-01_ses-5_epoch-39,4,1
ICA-cleaned,sub-01,5,sub-01_ses-5_epoch-39,5,1
ICA-cleaned,sub-01,5,sub-01_ses-5_epoch-39,6,1
ICA-cleaned,sub-01,5,sub-01_ses-5_epoch-40,0,0
ICA-cleaned,sub-01,5,sub-01_ses-5_epoch-40,1,0
ICA-cleaned,sub-01,5,sub-01_ses-5_epoch-40,2,0
ICA-cleaned,sub-01,5,sub-01_ses-5_epoch-40,3,0
ICA-cleaned,sub-01,5,sub-01_ses-5_epoch-40,4,0
ICA-cleaned,sub-01,5,sub-01_ses-5_epoch-40,5,0
ICA-cleaned,sub-01,5,sub-01_ses-5_epoch-40,6,0
ICA-cleaned,sub-01,5,sub-01_ses-5_epoch-40,7,0
ICA-cleaned,sub-01,5,sub-01_ses-5_epoch-41,0,1
ICA-cleaned,sub-01,5,sub-01_ses-5_epoch-41,1,1
ICA-cleaned,sub-01,5,sub-01_ses-5_epoch-41,2,1
ICA-cleaned,sub-01,5,sub-01_ses-5_epoch-41,3,1
ICA-cleaned,sub-01,5,sub-01_ses-5_epoch-41,4,1
ICA-cleaned,sub-01,5,sub-01_ses-5_epoch-41,5,1
ICA-cleaned,sub-01,5,sub-01_ses-5_epoch-41,6,1
ICA-cleaned,sub-01,5,sub-01_ses-5_epoch-42,0,0
ICA-cleaned,sub-01,5,sub-01_ses-5_epoch-42,1,0
ICA-cleaned,sub-01,5,sub-01_ses-5_epoch-42,2,0
ICA-cleaned,sub-01,5,sub-01_ses-5_epoch-42,3,0
ICA-cleaned,sub-01,5,sub-01_ses-5_epoch-42,4,0
ICA-cleaned,sub-01,5,sub-01_ses-5_epoch-42,5,0
ICA-cleaned,sub-01,5,sub-01_ses-5_epoch-42,6,0
ICA-cleaned,sub-01,5,sub-01_ses-5_epoch-42,7,0
ICA-cleaned,sub-01,5,sub-01_ses-5_epoch-43,0,1
ICA-cleaned,sub-01,5,sub-01_ses-5_epoch-43,1,1
ICA-cleaned,sub-01,5,sub-01_ses-5_epoch-43,2,1
ICA-cleaned,sub-01,5,sub-01_ses-5_epoch-43,3,1
ICA-cleaned,sub-01,5,sub-01_ses-5_epoch-43,4,1
ICA-cleaned,sub-01,5,sub-01_ses-5_epoch-43,5,1
ICA-cleaned,sub-01,5,sub-01_ses-5_epoch-43,6,1
ICA-cleaned,sub-01,5,sub-01_ses-5_epoch-44,0,0
ICA-cleaned,sub-01,5,sub-01_ses-5_epoch-44,1,0
ICA-cleaned,sub-01,5,sub-01_ses-5_epoch-44,2,0
ICA-cleaned,sub-01,5,sub-01_ses-5_epoch-44,3,0
ICA-cleaned,sub-01,5,sub-01_ses-5_epoch-44,4,0
ICA-cleaned,sub-01,5,sub-01_ses-5_epoch-44,5,0
ICA-cleaned,sub-01,5,sub-01_ses-5_epoch-44,6,0
ICA-cleaned,sub-01,5,sub-01_ses-5_epoch-44,7,0
ICA-cleaned,sub-01,5,sub-01_ses-5_epoch-45,0,1
ICA-cleaned,sub-01,5,sub-01_ses-5_epoch-45,1,1
ICA-cleaned,sub-01,5,sub-01_ses-5_epoch-45,2,1
ICA-cleaned,sub-01,5,sub-01_ses-5_epoch-45,3,1
ICA-cleaned,sub-01,5,sub-01_ses-5_epoch-45,4,1
ICA-cleaned,sub-01,5,sub-01_ses-5_epoch-45,5,1
ICA-cleaned,sub-01,5,sub-01_ses-5_epoch-45,6,1
ICA-cleaned,sub-01,5,sub-01_ses-5_epoch-46,0,0
ICA-cleaned,sub-01,5,sub-01_ses-5_epoch-46,1,0
ICA-cleaned,sub-01,5,sub-01_ses-5_epoch-46,2,0
ICA-cleaned,sub-01,5,sub-01_ses-5_epoch-46,3,0
ICA-cleaned,sub-01,5,sub-01_ses-5_epoch-46,4,0
ICA-cleaned,sub-01,5,sub-01_ses-5_epoch-46,5,0
ICA-cleaned,sub-01,5,sub-01_ses-5_epoch-46,6,0
ICA-cleaned,sub-01,5,sub-01_ses-5_epoch-46,7,0
ICA-cleaned,sub-01,5,sub-01_ses-5_epoch-47,0,1
ICA-cleaned,sub-01,5,sub-01_ses-5_epoch-47,1,1
ICA-cleaned,sub-01,5,sub-01_ses-5_epoch-47,2,1
ICA-cleaned,sub-01,5,sub-01_ses-5_epoch-47,3,1
ICA-cleaned,sub-01,5,sub-01_ses-5_epoch-47,4,1
ICA-cleaned,sub-01,5,sub-01_ses-5_epoch-47,5,1
ICA-cleaned,sub-01,5,sub-01_ses-5_epoch-47,6,1
ICA-cleaned,sub-01,5,sub-01_ses-5_epoch-48,0,0
ICA-cleaned,sub-01,5,sub-01_ses-5_epoch-48,1,0
ICA-cleaned,sub-01,5,sub-01_ses-5_epoch-48,2,0
ICA-cleaned,sub-01,5,sub-01_ses-5_epoch-48,3,0
ICA-cleaned,sub-01,5,sub-01_ses-5_epoch-48,4,0
ICA-cleaned,sub-01,5,sub-01_ses-5_epoch-48,5,0
ICA-cleaned,sub-01,5,sub-01_ses-5_epoch-48,6,0
ICA-cleaned,sub-01,5,sub-01_ses-5_epoch-48,7,0
ICA-cleaned,sub-01,5,sub-01_ses-5_epoch-49,0,1
ICA-cleaned,sub-01,5,sub-01_ses-5_epoch-49,1,1
ICA-cleaned,sub-01,5,sub-01_ses-5_epoch-49,2,1
ICA-cleaned,sub-01,5,sub-01_ses-5_epoch-49,3,1
ICA-cleaned,sub-01,5,sub-01_ses-5_epoch-49,4,1
ICA-cleaned,sub-01,5,sub-01_ses-5_epoch-49,5,1
ICA-cleaned,sub-01,5,sub-01_ses-5_epoch-49,6,1
ICA-cleaned,sub-01,5,sub-01_ses-5_epoch-50,0,0
ICA-cleaned,sub-01,5,sub-01_ses-5_epoch-50,1,0
ICA-cleaned,sub-01,5,sub-01_ses-5_epoch-50,2,0
ICA-cleaned,sub-01,5,sub-01_ses-5_epoch-50,3,0
ICA-cleaned,sub-01,5,sub-01_ses-5_epoch-50,4,0
ICA-cleaned,sub-01,5,sub-01_ses-5_epoch-50,5,0
ICA-cleaned,sub-01,5,sub-01_ses-5_epoch-50,6,0
ICA-cleaned,sub-01,5,sub-01_ses-5_epoch-50,7,0
ICA-cleaned,sub-01,5,sub-01_ses-5_epoch-51,0,1
ICA-cleaned,sub-01,5,sub-01_ses-5_epoch-51,1,1
ICA-cleaned,sub-01,5,sub-01_ses-5_epoch-51,2,1
ICA-cleaned,sub-01,5,sub-01_ses-5_epoch-51,3,1
ICA-cleaned,sub-01,5,sub-01_ses-5_epoch-51,4,1
ICA-cleaned,sub-01,5,sub-01_ses-5_epoch-51,5,1
ICA-cleaned,sub-01,5,sub-01_ses-5_epoch-51,6,1
ICA-cleaned,sub-01,5,sub-01_ses-5_epoch-52,0,0
ICA-cleaned,sub-01,5,sub-01_ses-5_epoch-52,1,0
ICA-cleaned,sub-01,5,sub-01_ses-5_epoch-52,2,0
ICA-cleaned,sub-01,5,sub-01_ses-5_epoch-52,3,0
ICA-cleaned,sub-01,5,sub-01_ses-5_epoch-52,4,0
ICA-cleaned,sub-01,5,sub-01_ses-5_epoch-52,5,0
ICA-cleaned,sub-01,5,sub-01_ses-5_epoch-52,6,0
ICA-cleaned,sub-01,5,sub-01_ses-5_epoch-52,7,0
ICA-cleaned,sub-01,5,sub-01_ses-5_epoch-53,0,1
ICA-cleaned,sub-01,5,sub-01_ses-5_epoch-53,1,1
ICA-cleaned,sub-01,5,sub-01_ses-5_epoch-53,2,1
ICA-cleaned,sub-01,5,sub-01_ses-5_epoch-53,3,1
ICA-cleaned,sub-01,5,sub-01_ses-5_epoch-53,4,1
ICA-cleaned,sub-01,5,sub-01_ses-5_epoch-53,5,1
ICA-cleaned,sub-01,5,sub-01_ses-5_epoch-53,6,1
ICA-cleaned,sub-01,5,sub-01_ses-5_epoch-54,0,0
ICA-cleaned,sub-01,5,sub-01_ses-5_epoch-54,1,0
ICA-cleaned,sub-01,5,sub-01_ses-5_epoch-54,2,0
ICA-cleaned,sub-01,5,sub-01_ses-5_epoch-54,3,0
ICA-cleaned,sub-01,5,sub-01_ses-5_epoch-54,4,0
ICA-cleaned,sub-01,5,sub-01_ses-5_epoch-54,5,0
ICA-cleaned,sub-01,5,sub-01_ses-5_epoch-54,6,0
ICA-cleaned,sub-01,5,sub-01_ses-5_epoch-54,7,0
ICA-cleaned,sub-01,5,sub-01_ses-5_epoch-55,0,1
ICA-cleaned,sub-01,5,sub-01_ses-5_epoch-55,1,1
ICA-cleaned,sub-01,5,sub-01_ses-5_epoch-55,2,1
ICA-cleaned,sub-01,5,sub-01_ses-5_epoch-55,3,1
ICA-cleaned,sub-01,5,sub-01_ses-5_epoch-55,4,1
ICA-cleaned,sub-01,5,sub-01_ses-5_epoch-55,5,1
ICA-cleaned,sub-01,5,sub-01_ses-5_epoch-55,6,1
ICA-cleaned,sub-01,5,sub-01_ses-5_epoch-56,0,0
ICA-cleaned,sub-01,5,sub-01_ses-5_epoch-56,1,0
ICA-cleaned,sub-01,5,sub-01_ses-5_epoch-56,2,0
ICA-cleaned,sub-01,5,sub-01_ses-5_epoch-56,3,0
ICA-cleaned,sub-01,5,sub-01_ses-5_epoch-56,4,0
ICA-cleaned,sub-01,5,sub-01_ses-5_epoch-56,5,0
ICA-cleaned,sub-01,5,sub-01_ses-5_epoch-56,6,0
ICA-cleaned,sub-01,5,sub-01_ses-5_epoch-56,7,0
Raw,sub-01,6,sub-01_ses-6_epoch-1,0,0
Raw,sub-01,6,sub-01_ses-6_epoch-1,1,0
Raw,sub-01,6,sub-01_ses-6_epoch-1,2,0
Raw,sub-01,6,sub-01_ses-6_epoch-1,3,0
Raw,sub-01,6,sub-01_ses-6_epoch-1,4,0
Raw,sub-01,6,sub-01_ses-6_epoch-1,5,0
Raw,sub-01,6,sub-01_ses-6_epoch-1,6,0
Raw,sub-01,6,sub-01_ses-6_epoch-1,7,0
Raw,sub-01,6,sub-01_ses-6_epoch-2,0,0
Raw,sub-01,6,sub-01_ses-6_epoch-2,1,0
Raw,sub-01,6,sub-01_ses-6_epoch-2,2,0
Raw,sub-01,6,sub-01_ses-6_epoch-2,3,0
Raw,sub-01,6,sub-01_ses-6_epoch-2,4,0
Raw,sub-01,6,sub-01_ses-6_epoch-2,5,0
Raw,sub-01,6,sub-01_ses-6_epoch-2,6,0
Raw,sub-01,6,sub-01_ses-6_epoch-2,7,0
Raw,sub-01,6,sub-01_ses-6_epoch-3,0,0
Raw,sub-01,6,sub-01_ses-6_epoch-3,1,0
Raw,sub-01,6,sub-01_ses-6_epoch-3,2,0
Raw,sub-01,6,sub-01_ses-6_epoch-3,3,0
Raw,sub-01,6,sub-01_ses-6_epoch-3,4,0
Raw,sub-01,6,sub-01_ses-6_epoch-3,5,0
Raw,sub-01,6,sub-01_ses-6_epoch-3,6,0
Raw,sub-01,6,sub-01_ses-6_epoch-3,7,0
Raw,sub-01,6,sub-01_ses-6_epoch-4,0,1
Raw,sub-01,6,sub-01_ses-6_epoch-4,1,1
Raw,sub-01,6,sub-01_ses-6_epoch-4,2,1
Raw,sub-01,6,sub-01_ses-6_epoch-4,3,1
Raw,sub-01,6,sub-01_ses-6_epoch-4,4,1
Raw,sub-01,6,sub-01_ses-6_epoch-4,5,1
Raw,sub-01,6,sub-01_ses-6_epoch-4,6,1
Raw,sub-01,6,sub-01_ses-6_epoch-5,0,0
Raw,sub-01,6,sub-01_ses-6_epoch-5,1,0
Raw,sub-01,6,sub-01_ses-6_epoch-5,2,0
Raw,sub-01,6,sub-01_ses-6_epoch-5,3,0
Raw,sub-01,6,sub-01_ses-6_epoch-5,4,0
Raw,sub-01,6,sub-01_ses-6_epoch-5,5,0
Raw,sub-01,6,sub-01_ses-6_epoch-5,6,0
Raw,sub-01,6,sub-01_ses-6_epoch-5,7,0
Raw,sub-01,6,sub-01_ses-6_epoch-6,0,1
Raw,sub-01,6,sub-01_ses-6_epoch-6,1,1
Raw,sub-01,6,sub-01_ses-6_epoch-6,2,1
Raw,sub-01,6,sub-01_ses-6_epoch-6,3,1
Raw,sub-01,6,sub-01_ses-6_epoch-6,4,1
Raw,sub-01,6,sub-01_ses-6_epoch-6,5,1
Raw,sub-01,6,sub-01_ses-6_epoch-6,6,1
Raw,sub-01,6,sub-01_ses-6_epoch-7,0,0
Raw,sub-01,6,sub-01_ses-6_epoch-7,1,0
Raw,sub-01,6,sub-01_ses-6_epoch-7,2,0
Raw,sub-01,6,sub-01_ses-6_epoch-7,3,0
Raw,sub-01,6,sub-01_ses-6_epoch-7,4,0
Raw,sub-01,6,sub-01_ses-6_epoch-7,5,0
Raw,sub-01,6,sub-01_ses-6_epoch-7,6,0
Raw,sub-01,6,sub-01_ses-6_epoch-7,7,0
Raw,sub-01,6,sub-01_ses-6_epoch-8,0,1
Raw,sub-01,6,sub-01_ses-6_epoch-8,1,1
Raw,sub-01,6,sub-01_ses-6_epoch-8,2,1
Raw,sub-01,6,sub-01_ses-6_epoch-8,3,1
Raw,sub-01,6,sub-01_ses-6_epoch-8,4,1
Raw,sub-01,6,sub-01_ses-6_epoch-8,5,1
Raw,sub-01,6,sub-01_ses-6_epoch-8,6,1
Raw,sub-01,6,sub-01_ses-6_epoch-9,0,0
Raw,sub-01,6,sub-01_ses-6_epoch-9,1,0
Raw,sub-01,6,sub-01_ses-6_epoch-9,2,0
Raw,sub-01,6,sub-01_ses-6_epoch-9,3,0
Raw,sub-01,6,sub-01_ses-6_epoch-9,4,0
Raw,sub-01,6,sub-01_ses-6_epoch-9,5,0
Raw,sub-01,6,sub-01_ses-6_epoch-9,6,0
Raw,sub-01,6,sub-01_ses-6_epoch-9,7,0
Raw,sub-01,6,sub-01_ses-6_epoch-10,0,0
Raw,sub-01,6,sub-01_ses-6_epoch-10,1,0
Raw,sub-01,6,sub-01_ses-6_epoch-10,2,0
Raw,sub-01,6,sub-01_ses-6_epoch-10,3,0
Raw,sub-01,6,sub-01_ses-6_epoch-10,4,0
Raw,sub-01,6,sub-01_ses-6_epoch-10,5,0
Raw,sub-01,6,sub-01_ses-6_epoch-10,6,0
Raw,sub-01,6,sub-01_ses-6_epoch-10,7,0
Raw,sub-01,6,sub-01_ses-6_epoch-11,0,1
Raw,sub-01,6,sub-01_ses-6_epoch-11,1,1
Raw,sub-01,6,sub-01_ses-6_epoch-11,2,1
Raw,sub-01,6,sub-01_ses-6_epoch-11,3,1
Raw,sub-01,6,sub-01_ses-6_epoch-11,4,1
Raw,sub-01,6,sub-01_ses-6_epoch-11,5,1
Raw,sub-01,6,sub-01_ses-6_epoch-11,6,1
Raw,sub-01,6,sub-01_ses-6_epoch-12,0,0
Raw,sub-01,6,sub-01_ses-6_epoch-12,1,0
Raw,sub-01,6,sub-01_ses-6_epoch-12,2,0
Raw,sub-01,6,sub-01_ses-6_epoch-12,3,0
Raw,sub-01,6,sub-01_ses-6_epoch-12,4,0
Raw,sub-01,6,sub-01_ses-6_epoch-12,5,0
Raw,sub-01,6,sub-01_ses-6_epoch-12,6,0
Raw,sub-01,6,sub-01_ses-6_epoch-12,7,0
Raw,sub-01,6,sub-01_ses-6_epoch-13,0,1
Raw,sub-01,6,sub-01_ses-6_epoch-13,1,1
Raw,sub-01,6,sub-01_ses-6_epoch-13,2,1
Raw,sub-01,6,sub-01_ses-6_epoch-13,3,1
Raw,sub-01,6,sub-01_ses-6_epoch-13,4,1
Raw,sub-01,6,sub-01_ses-6_epoch-13,5,1
Raw,sub-01,6,sub-01_ses-6_epoch-13,6,1
Raw,sub-01,6,sub-01_ses-6_epoch-14,0,0
Raw,sub-01,6,sub-01_ses-6_epoch-14,1,0
Raw,sub-01,6,sub-01_ses-6_epoch-14,2,0
Raw,sub-01,6,sub-01_ses-6_epoch-14,3,0
Raw,sub-01,6,sub-01_ses-6_epoch-14,4,0
Raw,sub-01,6,sub-01_ses-6_epoch-14,5,0
Raw,sub-01,6,sub-01_ses-6_epoch-14,6,0
Raw,sub-01,6,sub-01_ses-6_epoch-14,7,0
Raw,sub-01,6,sub-01_ses-6_epoch-15,0,1
Raw,sub-01,6,sub-01_ses-6_epoch-15,1,1
Raw,sub-01,6,sub-01_ses-6_epoch-15,2,1
Raw,sub-01,6,sub-01_ses-6_epoch-15,3,1
Raw,sub-01,6,sub-01_ses-6_epoch-15,4,1
Raw,sub-01,6,sub-01_ses-6_epoch-15,5,1
Raw,sub-01,6,sub-01_ses-6_epoch-15,6,1
Raw,sub-01,6,sub-01_ses-6_epoch-16,0,0
Raw,sub-01,6,sub-01_ses-6_epoch-16,1,0
Raw,sub-01,6,sub-01_ses-6_epoch-16,2,0
Raw,sub-01,6,sub-01_ses-6_epoch-16,3,0
Raw,sub-01,6,sub-01_ses-6_epoch-16,4,0
Raw,sub-01,6,sub-01_ses-6_epoch-16,5,0
Raw,sub-01,6,sub-01_ses-6_epoch-16,6,0
Raw,sub-01,6,sub-01_ses-6_epoch-16,7,0
Raw,sub-01,6,sub-01_ses-6_epoch-17,0,1
Raw,sub-01,6,sub-01_ses-6_epoch-17,1,1
Raw,sub-01,6,sub-01_ses-6_epoch-17,2,1
Raw,sub-01,6,sub-01_ses-6_epoch-17,3,1
Raw,sub-01,6,sub-01_ses-6_epoch-17,4,1
Raw,sub-01,6,sub-01_ses-6_epoch-17,5,1
Raw,sub-01,6,sub-01_ses-6_epoch-17,6,1
Raw,sub-01,6,sub-01_ses-6_epoch-18,0,0
Raw,sub-01,6,sub-01_ses-6_epoch-18,1,0
Raw,sub-01,6,sub-01_ses-6_epoch-18,2,0
Raw,sub-01,6,sub-01_ses-6_epoch-18,3,0
Raw,sub-01,6,sub-01_ses-6_epoch-18,4,0
Raw,sub-01,6,sub-01_ses-6_epoch-18,5,0
Raw,sub-01,6,sub-01_ses-6_epoch-18,6,0
Raw,sub-01,6,sub-01_ses-6_epoch-18,7,0
Raw,sub-01,6,sub-01_ses-6_epoch-19,0,1
Raw,sub-01,6,sub-01_ses-6_epoch-19,1,1
Raw,sub-01,6,sub-01_ses-6_epoch-19,2,1
Raw,sub-01,6,sub-01_ses-6_epoch-19,3,1
Raw,sub-01,6,sub-01_ses-6_epoch-19,4,1
Raw,sub-01,6,sub-01_ses-6_epoch-19,5,1
Raw,sub-01,6,sub-01_ses-6_epoch-19,6,1
Raw,sub-01,6,sub-01_ses-6_epoch-20,0,0
Raw,sub-01,6,sub-01_ses-6_epoch-20,1,0
Raw,sub-01,6,sub-01_ses-6_epoch-20,2,0
Raw,sub-01,6,sub-01_ses-6_epoch-20,3,0
Raw,sub-01,6,sub-01_ses-6_epoch-20,4,0
Raw,sub-01,6,sub-01_ses-6_epoch-20,5,0
Raw,sub-01,6,sub-01_ses-6_epoch-20,6,0
Raw,sub-01,6,sub-01_ses-6_epoch-20,7,0
Raw,sub-01,6,sub-01_ses-6_epoch-21,0,1
Raw,sub-01,6,sub-01_ses-6_epoch-21,1,1
Raw,sub-01,6,sub-01_ses-6_epoch-21,2,1
Raw,sub-01,6,sub-01_ses-6_epoch-21,3,1
Raw,sub-01,6,sub-01_ses-6_epoch-21,4,1
Raw,sub-01,6,sub-01_ses-6_epoch-21,5,1
Raw,sub-01,6,sub-01_ses-6_epoch-21,6,1
Raw,sub-01,6,sub-01_ses-6_epoch-22,0,0
Raw,sub-01,6,sub-01_ses-6_epoch-22,1,0
Raw,sub-01,6,sub-01_ses-6_epoch-22,2,0
Raw,sub-01,6,sub-01_ses-6_epoch-22,3,0
Raw,sub-01,6,sub-01_ses-6_epoch-22,4,0
Raw,sub-01,6,sub-01_ses-6_epoch-22,5,0
Raw,sub-01,6,sub-01_ses-6_epoch-22,6,0
Raw,sub-01,6,sub-01_ses-6_epoch-22,7,0
Raw,sub-01,6,sub-01_ses-6_epoch-23,0,1
Raw,sub-01,6,sub-01_ses-6_epoch-23,1,1
Raw,sub-01,6,sub-01_ses-6_epoch-23,2,1
Raw,sub-01,6,sub-01_ses-6_epoch-23,3,1
Raw,sub-01,6,sub-01_ses-6_epoch-23,4,1
Raw,sub-01,6,sub-01_ses-6_epoch-23,5,1
Raw,sub-01,6,sub-01_ses-6_epoch-23,6,1
Raw,sub-01,6,sub-01_ses-6_epoch-24,0,0
Raw,sub-01,6,sub-01_ses-6_epoch-24,1,0
Raw,sub-01,6,sub-01_ses-6_epoch-24,2,0
Raw,sub-01,6,sub-01_ses-6_epoch-24,3,0
Raw,sub-01,6,sub-01_ses-6_epoch-24,4,0
Raw,sub-01,6,sub-01_ses-6_epoch-24,5,0
Raw,sub-01,6,sub-01_ses-6_epoch-24,6,0
Raw,sub-01,6,sub-01_ses-6_epoch-24,7,0
Raw,sub-01,6,sub-01_ses-6_epoch-25,0,1
Raw,sub-01,6,sub-01_ses-6_epoch-25,1,1
Raw,sub-01,6,sub-01_ses-6_epoch-25,2,1
Raw,sub-01,6,sub-01_ses-6_epoch-25,3,1
Raw,sub-01,6,sub-01_ses-6_epoch-25,4,1
Raw,sub-01,6,sub-01_ses-6_epoch-25,5,1
Raw,sub-01,6,sub-01_ses-6_epoch-25,6,1
Raw,sub-01,6,sub-01_ses-6_epoch-26,0,0
Raw,sub-01,6,sub-01_ses-6_epoch-26,1,0
Raw,sub-01,6,sub-01_ses-6_epoch-26,2,0
Raw,sub-01,6,sub-01_ses-6_epoch-26,3,0
Raw,sub-01,6,sub-01_ses-6_epoch-26,4,0
Raw,sub-01,6,sub-01_ses-6_epoch-26,5,0
Raw,sub-01,6,sub-01_ses-6_epoch-26,6,0
Raw,sub-01,6,sub-01_ses-6_epoch-26,7,0
Raw,sub-01,6,sub-01_ses-6_epoch-27,0,1
Raw,sub-01,6,sub-01_ses-6_epoch-27,1,1
Raw,sub-01,6,sub-01_ses-6_epoch-27,2,1
Raw,sub-01,6,sub-01_ses-6_epoch-27,3,1
Raw,sub-01,6,sub-01_ses-6_epoch-27,4,1
Raw,sub-01,6,sub-01_ses-6_epoch-27,5,1
Raw,sub-01,6,sub-01_ses-6_epoch-27,6,1
Raw,sub-01,6,sub-01_ses-6_epoch-28,0,0
Raw,sub-01,6,sub-01_ses-6_epoch-28,1,0
Raw,sub-01,6,sub-01_ses-6_epoch-28,2,0
Raw,sub-01,6,sub-01_ses-6_epoch-28,3,0
Raw,sub-01,6,sub-01_ses-6_epoch-28,4,0
Raw,sub-01,6,sub-01_ses-6_epoch-28,5,0
Raw,sub-01,6,sub-01_ses-6_epoch-28,6,0
Raw,sub-01,6,sub-01_ses-6_epoch-28,7,0
Raw,sub-01,6,sub-01_ses-6_epoch-29,0,1
Raw,sub-01,6,sub-01_ses-6_epoch-29,1,1
Raw,sub-01,6,sub-01_ses-6_epoch-29,2,1
Raw,sub-01,6,sub-01_ses-6_epoch-29,3,1
Raw,sub-01,6,sub-01_ses-6_epoch-29,4,1
Raw,sub-01,6,sub-01_ses-6_epoch-29,5,1
Raw,sub-01,6,sub-01_ses-6_epoch-29,6,1
Raw,sub-01,6,sub-01_ses-6_epoch-30,0,0
Raw,sub-01,6,sub-01_ses-6_epoch-30,1,0
Raw,sub-01,6,sub-01_ses-6_epoch-30,2,0
Raw,sub-01,6,sub-01_ses-6_epoch-30,3,0
Raw,sub-01,6,sub-01_ses-6_epoch-30,4,0
Raw,sub-01,6,sub-01_ses-6_epoch-30,5,0
Raw,sub-01,6,sub-01_ses-6_epoch-30,6,0
Raw,sub-01,6,sub-01_ses-6_epoch-30,7,0
Raw,sub-01,6,sub-01_ses-6_epoch-31,0,1
Raw,sub-01,6,sub-01_ses-6_epoch-31,1,1
Raw,sub-01,6,sub-01_ses-6_epoch-31,2,1
Raw,sub-01,6,sub-01_ses-6_epoch-31,3,1
Raw,sub-01,6,sub-01_ses-6_epoch-31,4,1
Raw,sub-01,6,sub-01_ses-6_epoch-31,5,1
Raw,sub-01,6,sub-01_ses-6_epoch-31,6,1
Raw,sub-01,6,sub-01_ses-6_epoch-32,0,0
Raw,sub-01,6,sub-01_ses-6_epoch-32,1,0
Raw,sub-01,6,sub-01_ses-6_epoch-32,2,0
Raw,sub-01,6,sub-01_ses-6_epoch-32,3,0
Raw,sub-01,6,sub-01_ses-6_epoch-32,4,0
Raw,sub-01,6,sub-01_ses-6_epoch-32,5,0
Raw,sub-01,6,sub-01_ses-6_epoch-32,6,0
Raw,sub-01,6,sub-01_ses-6_epoch-32,7,0
Raw,sub-01,6,sub-01_ses-6_epoch-33,0,1
Raw,sub-01,6,sub-01_ses-6_epoch-33,1,1
Raw,sub-01,6,sub-01_ses-6_epoch-33,2,1
Raw,sub-01,6,sub-01_ses-6_epoch-33,3,1
Raw,sub-01,6,sub-01_ses-6_epoch-33,4,1
Raw,sub-01,6,sub-01_ses-6_epoch-33,5,1
Raw,sub-01,6,sub-01_ses-6_epoch-33,6,1
Raw,sub-01,6,sub-01_ses-6_epoch-34,0,0
Raw,sub-01,6,sub-01_ses-6_epoch-34,1,0
Raw,sub-01,6,sub-01_ses-6_epoch-34,2,0
Raw,sub-01,6,sub-01_ses-6_epoch-34,3,0
Raw,sub-01,6,sub-01_ses-6_epoch-34,4,0
Raw,sub-01,6,sub-01_ses-6_epoch-34,5,0
Raw,sub-01,6,sub-01_ses-6_epoch-34,6,0
Raw,sub-01,6,sub-01_ses-6_epoch-34,7,0
Raw,sub-01,6,sub-01_ses-6_epoch-35,0,1
Raw,sub-01,6,sub-01_ses-6_epoch-35,1,1
Raw,sub-01,6,sub-01_ses-6_epoch-35,2,1
Raw,sub-01,6,sub-01_ses-6_epoch-35,3,1
Raw,sub-01,6,sub-01_ses-6_epoch-35,4,1
Raw,sub-01,6,sub-01_ses-6_epoch-35,5,1
Raw,sub-01,6,sub-01_ses-6_epoch-35,6,1
Raw,sub-01,6,sub-01_ses-6_epoch-36,0,0
Raw,sub-01,6,sub-01_ses-6_epoch-36,1,0
Raw,sub-01,6,sub-01_ses-6_epoch-36,2,0
Raw,sub-01,6,sub-01_ses-6_epoch-36,3,0
Raw,sub-01,6,sub-01_ses-6_epoch-36,4,0
Raw,sub-01,6,sub-01_ses-6_epoch-36,5,0
Raw,sub-01,6,sub-01_ses-6_epoch-36,6,0
Raw,sub-01,6,sub-01_ses-6_epoch-36,7,0
Raw,sub-01,6,sub-01_ses-6_epoch-37,0,1
Raw,sub-01,6,sub-01_ses-6_epoch-37,1,1
Raw,sub-01,6,sub-01_ses-6_epoch-37,2,1
Raw,sub-01,6,sub-01_ses-6_epoch-37,3,1
Raw,sub-01,6,sub-01_ses-6_epoch-37,4,1
Raw,sub-01,6,sub-01_ses-6_epoch-37,5,1
Raw,sub-01,6,sub-01_ses-6_epoch-37,6,1
Raw,sub-01,6,sub-01_ses-6_epoch-38,0,0
Raw,sub-01,6,sub-01_ses-6_epoch-38,1,0
Raw,sub-01,6,sub-01_ses-6_epoch-38,2,0
Raw,sub-01,6,sub-01_ses-6_epoch-38,3,0
Raw,sub-01,6,sub-01_ses-6_epoch-38,4,0
Raw,sub-01,6,sub-01_ses-6_epoch-38,5,0
Raw,sub-01,6,sub-01_ses-6_epoch-38,6,0
Raw,sub-01,6,sub-01_ses-6_epoch-38,7,0
Raw,sub-01,6,sub-01_ses-6_epoch-39,0,1
Raw,sub-01,6,sub-01_ses-6_epoch-39,1,1
Raw,sub-01,6,sub-01_ses-6_epoch-39,2,1
Raw,sub-01,6,sub-01_ses-6_epoch-39,3,1
Raw,sub-01,6,sub-01_ses-6_epoch-39,4,1
Raw,sub-01,6,sub-01_ses-6_epoch-39,5,1
Raw,sub-01,6,sub-01_ses-6_epoch-39,6,1
Raw,sub-01,6,sub-01_ses-6_epoch-40,0,0
Raw,sub-01,6,sub-01_ses-6_epoch-40,1,0
Raw,sub-01,6,sub-01_ses-6_epoch-40,2,0
Raw,sub-01,6,sub-01_ses-6_epoch-40,3,0
Raw,sub-01,6,sub-01_ses-6_epoch-40,4,0
Raw,sub-01,6,sub-01_ses-6_epoch-40,5,0
Raw,sub-01,6,sub-01_ses-6_epoch-40,6,0
Raw,sub-01,6,sub-01_ses-6_epoch-40,7,0
Raw,sub-01,6,sub-01_ses-6_epoch-41,0,1
Raw,sub-01,6,sub-01_ses-6_epoch-41,1,1
Raw,sub-01,6,sub-01_ses-6_epoch-41,2,1
Raw,sub-01,6,sub-01_ses-6_epoch-41,3,1
Raw,sub-01,6,sub-01_ses-6_epoch-41,4,1
Raw,sub-01,6,sub-01_ses-6_epoch-41,5,1
Raw,sub-01,6,sub-01_ses-6_epoch-41,6,1
Raw,sub-01,6,sub-01_ses-6_epoch-42,0,0
Raw,sub-01,6,sub-01_ses-6_epoch-42,1,0
Raw,sub-01,6,sub-01_ses-6_epoch-42,2,0
Raw,sub-01,6,sub-01_ses-6_epoch-42,3,0
Raw,sub-01,6,sub-01_ses-6_epoch-42,4,0
Raw,sub-01,6,sub-01_ses-6_epoch-42,5,0
Raw,sub-01,6,sub-01_ses-6_epoch-42,6,0
Raw,sub-01,6,sub-01_ses-6_epoch-42,7,0
Raw,sub-01,6,sub-01_ses-6_epoch-43,0,1
Raw,sub-01,6,sub-01_ses-6_epoch-43,1,1
Raw,sub-01,6,sub-01_ses-6_epoch-43,2,1
Raw,sub-01,6,sub-01_ses-6_epoch-43,3,1
Raw,sub-01,6,sub-01_ses-6_epoch-43,4,1
Raw,sub-01,6,sub-01_ses-6_epoch-43,5,1
Raw,sub-01,6,sub-01_ses-6_epoch-43,6,1
Raw,sub-01,6,sub-01_ses-6_epoch-44,0,0
Raw,sub-01,6,sub-01_ses-6_epoch-44,1,0
Raw,sub-01,6,sub-01_ses-6_epoch-44,2,0
Raw,sub-01,6,sub-01_ses-6_epoch-44,3,0
Raw,sub-01,6,sub-01_ses-6_epoch-44,4,0
Raw,sub-01,6,sub-01_ses-6_epoch-44,5,0
Raw,sub-01,6,sub-01_ses-6_epoch-44,6,0
Raw,sub-01,6,sub-01_ses-6_epoch-44,7,0
Raw,sub-01,6,sub-01_ses-6_epoch-45,0,1
Raw,sub-01,6,sub-01_ses-6_epoch-45,1,1
Raw,sub-01,6,sub-01_ses-6_epoch-45,2,1
Raw,sub-01,6,sub-01_ses-6_epoch-45,3,1
Raw,sub-01,6,sub-01_ses-6_epoch-45,4,1
Raw,sub-01,6,sub-01_ses-6_epoch-45,5,1
Raw,sub-01,6,sub-01_ses-6_epoch-45,6,1
Raw,sub-01,6,sub-01_ses-6_epoch-46,0,0
Raw,sub-01,6,sub-01_ses-6_epoch-46,1,0
Raw,sub-01,6,sub-01_ses-6_epoch-46,2,0
Raw,sub-01,6,sub-01_ses-6_epoch-46,3,0
Raw,sub-01,6,sub-01_ses-6_epoch-46,4,0
Raw,sub-01,6,sub-01_ses-6_epoch-46,5,0
Raw,sub-01,6,sub-01_ses-6_epoch-46,6,0
Raw,sub-01,6,sub-01_ses-6_epoch-46,7,0
Raw,sub-01,6,sub-01_ses-6_epoch-47,0,1
Raw,sub-01,6,sub-01_ses-6_epoch-47,1,1
Raw,sub-01,6,sub-01_ses-6_epoch-47,2,1
Raw,sub-01,6,sub-01_ses-6_epoch-47,3,1
Raw,sub-01,6,sub-01_ses-6_epoch-47,4,1
Raw,sub-01,6,sub-01_ses-6_epoch-47,5,1
Raw,sub-01,6,sub-01_ses-6_epoch-47,6,1
Raw,sub-01,6,sub-01_ses-6_epoch-48,0,0
Raw,sub-01,6,sub-01_ses-6_epoch-48,1,0
Raw,sub-01,6,sub-01_ses-6_epoch-48,2,0
Raw,sub-01,6,sub-01_ses-6_epoch-48,3,0
Raw,sub-01,6,sub-01_ses-6_epoch-48,4,0
Raw,sub-01,6,sub-01_ses-6_epoch-48,5,0
Raw,sub-01,6,sub-01_ses-6_epoch-48,6,0
Raw,sub-01,6,sub-01_ses-6_epoch-48,7,0
Raw,sub-01,6,sub-01_ses-6_epoch-49,0,1
Raw,sub-01,6,sub-01_ses-6_epoch-49,1,1
Raw,sub-01,6,sub-01_ses-6_epoch-49,2,1
Raw,sub-01,6,sub-01_ses-6_epoch-49,3,1
Raw,sub-01,6,sub-01_ses-6_epoch-49,4,1
Raw,sub-01,6,sub-01_ses-6_epoch-49,5,1
Raw,sub-01,6,sub-01_ses-6_epoch-49,6,1
Raw,sub-01,6,sub-01_ses-6_epoch-50,0,0
Raw,sub-01,6,sub-01_ses-6_epoch-50,1,0
Raw,sub-01,6,sub-01_ses-6_epoch-50,2,0
Raw,sub-01,6,sub-01_ses-6_epoch-50,3,0
Raw,sub-01,6,sub-01_ses-6_epoch-50,4,0
Raw,sub-01,6,sub-01_ses-6_epoch-50,5,0
Raw,sub-01,6,sub-01_ses-6_epoch-50,6,0
Raw,sub-01,6,sub-01_ses-6_epoch-50,7,0
Raw,sub-01,6,sub-01_ses-6_epoch-51,0,1
Raw,sub-01,6,sub-01_ses-6_epoch-51,1,1
Raw,sub-01,6,sub-01_ses-6_epoch-51,2,1
Raw,sub-01,6,sub-01_ses-6_epoch-51,3,1
Raw,sub-01,6,sub-01_ses-6_epoch-51,4,1
Raw,sub-01,6,sub-01_ses-6_epoch-51,5,1
Raw,sub-01,6,sub-01_ses-6_epoch-51,6,1
Raw,sub-01,6,sub-01_ses-6_epoch-52,0,0
Raw,sub-01,6,sub-01_ses-6_epoch-52,1,0
Raw,sub-01,6,sub-01_ses-6_epoch-52,2,0
Raw,sub-01,6,sub-01_ses-6_epoch-52,3,0
Raw,sub-01,6,sub-01_ses-6_epoch-52,4,0
Raw,sub-01,6,sub-01_ses-6_epoch-52,5,0
Raw,sub-01,6,sub-01_ses-6_epoch-52,6,0
Raw,sub-01,6,sub-01_ses-6_epoch-52,7,0
Raw,sub-01,6,sub-01_ses-6_epoch-53,0,1
Raw,sub-01,6,sub-01_ses-6_epoch-53,1,1
Raw,sub-01,6,sub-01_ses-6_epoch-53,2,1
Raw,sub-01,6,sub-01_ses-6_epoch-53,3,1
Raw,sub-01,6,sub-01_ses-6_epoch-53,4,1
Raw,sub-01,6,sub-01_ses-6_epoch-53,5,1
Raw,sub-01,6,sub-01_ses-6_epoch-53,6,1
Raw,sub-01,6,sub-01_ses-6_epoch-54,0,0
Raw,sub-01,6,sub-01_ses-6_epoch-54,1,0
Raw,sub-01,6,sub-01_ses-6_epoch-54,2,0
Raw,sub-01,6,sub-01_ses-6_epoch-54,3,0
Raw,sub-01,6,sub-01_ses-6_epoch-54,4,0
Raw,sub-01,6,sub-01_ses-6_epoch-54,5,0
Raw,sub-01,6,sub-01_ses-6_epoch-54,6,0
Raw,sub-01,6,sub-01_ses-6_epoch-54,7,0
Raw,sub-01,6,sub-01_ses-6_epoch-55,0,1
Raw,sub-01,6,sub-01_ses-6_epoch-55,1,1
Raw,sub-01,6,sub-01_ses-6_epoch-55,2,1
Raw,sub-01,6,sub-01_ses-6_epoch-55,3,1
Raw,sub-01,6,sub-01_ses-6_epoch-55,4,1
Raw,sub-01,6,sub-01_ses-6_epoch-55,5,1
Raw,sub-01,6,sub-01_ses-6_epoch-55,6,1
Raw,sub-01,6,sub-01_ses-6_epoch-56,0,0
Raw,sub-01,6,sub-01_ses-6_epoch-56,1,0
Raw,sub-01,6,sub-01_ses-6_epoch-56,2,0
Raw,sub-01,6,sub-01_ses-6_epoch-56,3,0
Raw,sub-01,6,sub-01_ses-6_epoch-56,4,0
Raw,sub-01,6,sub-01_ses-6_epoch-56,5,0
Raw,sub-01,6,sub-01_ses-6_epoch-56,6,0
Raw,sub-01,6,sub-01_ses-6_epoch-56,7,0
Raw,sub-01,6,sub-01_ses-6_epoch-57,0,0
Raw,sub-01,6,sub-01_ses-6_epoch-57,1,0
Raw,sub-01,6,sub-01_ses-6_epoch-57,2,0
Raw,sub-01,6,sub-01_ses-6_epoch-57,3,0
Raw,sub-01,6,sub-01_ses-6_epoch-57,4,0
Raw,sub-01,6,sub-01_ses-6_epoch-57,5,0
Raw,sub-01,6,sub-01_ses-6_epoch-57,6,0
Raw,sub-01,6,sub-01_ses-6_epoch-57,7,0
Raw,sub-01,6,sub-01_ses-6_epoch-58,0,1
Raw,sub-01,6,sub-01_ses-6_epoch-58,1,1
Raw,sub-01,6,sub-01_ses-6_epoch-58,2,1
Raw,sub-01,6,sub-01_ses-6_epoch-58,3,1
Raw,sub-01,6,sub-01_ses-6_epoch-58,4,1
Raw,sub-01,6,sub-01_ses-6_epoch-58,5,1
Raw,sub-01,6,sub-01_ses-6_epoch-58,6,1
Raw,sub-01,6,sub-01_ses-6_epoch-59,0,0
Raw,sub-01,6,sub-01_ses-6_epoch-59,1,0
Raw,sub-01,6,sub-01_ses-6_epoch-59,2,0
Raw,sub-01,6,sub-01_ses-6_epoch-59,3,0
Raw,sub-01,6,sub-01_ses-6_epoch-59,4,0
Raw,sub-01,6,sub-01_ses-6_epoch-59,5,0
Raw,sub-01,6,sub-01_ses-6_epoch-59,6,0
Raw,sub-01,6,sub-01_ses-6_epoch-59,7,0
Raw,sub-01,6,sub-01_ses-6_epoch-60,0,1
Raw,sub-01,6,sub-01_ses-6_epoch-60,1,1
Raw,sub-01,6,sub-01_ses-6_epoch-60,2,1
Raw,sub-01,6,sub-01_ses-6_epoch-60,3,1
Raw,sub-01,6,sub-01_ses-6_epoch-60,4,1
Raw,sub-01,6,sub-01_ses-6_epoch-60,5,1
Raw,sub-01,6,sub-01_ses-6_epoch-60,6,1
Raw,sub-01,6,sub-01_ses-6_epoch-61,0,0
Raw,sub-01,6,sub-01_ses-6_epoch-61,1,0
Raw,sub-01,6,sub-01_ses-6_epoch-61,2,0
Raw,sub-01,6,sub-01_ses-6_epoch-61,3,0
Raw,sub-01,6,sub-01_ses-6_epoch-61,4,0
Raw,sub-01,6,sub-01_ses-6_epoch-61,5,0
Raw,sub-01,6,sub-01_ses-6_epoch-61,6,0
Raw,sub-01,6,sub-01_ses-6_epoch-61,7,0
Raw,sub-01,6,sub-01_ses-6_epoch-62,0,1
Raw,sub-01,6,sub-01_ses-6_epoch-62,1,1
Raw,sub-01,6,sub-01_ses-6_epoch-62,2,1
Raw,sub-01,6,sub-01_ses-6_epoch-62,3,1
Raw,sub-01,6,sub-01_ses-6_epoch-62,4,1
Raw,sub-01,6,sub-01_ses-6_epoch-62,5,1
Raw,sub-01,6,sub-01_ses-6_epoch-62,6,1
Raw,sub-01,6,sub-01_ses-6_epoch-63,0,0
Raw,sub-01,6,sub-01_ses-6_epoch-63,1,0
Raw,sub-01,6,sub-01_ses-6_epoch-63,2,0
Raw,sub-01,6,sub-01_ses-6_epoch-63,3,0
Raw,sub-01,6,sub-01_ses-6_epoch-63,4,0
Raw,sub-01,6,sub-01_ses-6_epoch-63,5,0
Raw,sub-01,6,sub-01_ses-6_epoch-63,6,0
Raw,sub-01,6,sub-01_ses-6_epoch-63,7,0
Raw,sub-01,6,sub-01_ses-6_epoch-64,0,1
Raw,sub-01,6,sub-01_ses-6_epoch-64,1,1
Raw,sub-01,6,sub-01_ses-6_epoch-64,2,1
Raw,sub-01,6,sub-01_ses-6_epoch-64,3,1
Raw,sub-01,6,sub-01_ses-6_epoch-64,4,1
Raw,sub-01,6,sub-01_ses-6_epoch-64,5,1
Raw,sub-01,6,sub-01_ses-6_epoch-64,6,1
Raw,sub-01,6,sub-01_ses-6_epoch-65,0,0
Raw,sub-01,6,sub-01_ses-6_epoch-65,1,0
Raw,sub-01,6,sub-01_ses-6_epoch-65,2,0
Raw,sub-01,6,sub-01_ses-6_epoch-65,3,0
Raw,sub-01,6,sub-01_ses-6_epoch-65,4,0
Raw,sub-01,6,sub-01_ses-6_epoch-65,5,0
Raw,sub-01,6,sub-01_ses-6_epoch-65,6,0
Raw,sub-01,6,sub-01_ses-6_epoch-65,7,0
Raw,sub-01,6,sub-01_ses-6_epoch-66,0,1
Raw,sub-01,6,sub-01_ses-6_epoch-66,1,1
Raw,sub-01,6,sub-01_ses-6_epoch-66,2,1
Raw,sub-01,6,sub-01_ses-6_epoch-66,3,1
Raw,sub-01,6,sub-01_ses-6_epoch-66,4,1
Raw,sub-01,6,sub-01_ses-6_epoch-66,5,1
Raw,sub-01,6,sub-01_ses-6_epoch-66,6,1
Raw,sub-01,6,sub-01_ses-6_epoch-67,0,0
Raw,sub-01,6,sub-01_ses-6_epoch-67,1,0
Raw,sub-01,6,sub-01_ses-6_epoch-67,2,0
Raw,sub-01,6,sub-01_ses-6_epoch-67,3,0
Raw,sub-01,6,sub-01_ses-6_epoch-67,4,0
Raw,sub-01,6,sub-01_ses-6_epoch-67,5,0
Raw,sub-01,6,sub-01_ses-6_epoch-67,6,0
Raw,sub-01,6,sub-01_ses-6_epoch-67,7,0
Raw,sub-01,6,sub-01_ses-6_epoch-68,0,1
Raw,sub-01,6,sub-01_ses-6_epoch-68,1,1
Raw,sub-01,6,sub-01_ses-6_epoch-68,2,1
Raw,sub-01,6,sub-01_ses-6_epoch-68,3,1
Raw,sub-01,6,sub-01_ses-6_epoch-68,4,1
Raw,sub-01,6,sub-01_ses-6_epoch-68,5,1
Raw,sub-01,6,sub-01_ses-6_epoch-68,6,1
Raw,sub-01,6,sub-01_ses-6_epoch-69,0,0
Raw,sub-01,6,sub-01_ses-6_epoch-69,1,0
Raw,sub-01,6,sub-01_ses-6_epoch-69,2,0
Raw,sub-01,6,sub-01_ses-6_epoch-69,3,0
Raw,sub-01,6,sub-01_ses-6_epoch-69,4,0
Raw,sub-01,6,sub-01_ses-6_epoch-69,5,0
Raw,sub-01,6,sub-01_ses-6_epoch-69,6,0
Raw,sub-01,6,sub-01_ses-6_epoch-69,7,0
Raw,sub-01,6,sub-01_ses-6_epoch-70,0,1
Raw,sub-01,6,sub-01_ses-6_epoch-70,1,1
Raw,sub-01,6,sub-01_ses-6_epoch-70,2,1
Raw,sub-01,6,sub-01_ses-6_epoch-70,3,1
Raw,sub-01,6,sub-01_ses-6_epoch-70,4,1
Raw,sub-01,6,sub-01_ses-6_epoch-70,5,1
Raw,sub-01,6,sub-01_ses-6_epoch-70,6,1
Raw,sub-01,6,sub-01_ses-6_epoch-71,0,0
Raw,sub-01,6,sub-01_ses-6_epoch-71,1,0
Raw,sub-01,6,sub-01_ses-6_epoch-71,2,0
Raw,sub-01,6,sub-01_ses-6_epoch-71,3,0
Raw,sub-01,6,sub-01_ses-6_epoch-71,4,0
Raw,sub-01,6,sub-01_ses-6_epoch-71,5,0
Raw,sub-01,6,sub-01_ses-6_epoch-71,6,0
Raw,sub-01,6,sub-01_ses-6_epoch-71,7,0
Raw,sub-01,6,sub-01_ses-6_epoch-72,0,1
Raw,sub-01,6,sub-01_ses-6_epoch-72,1,1
Raw,sub-01,6,sub-01_ses-6_epoch-72,2,1
Raw,sub-01,6,sub-01_ses-6_epoch-72,3,1
Raw,sub-01,6,sub-01_ses-6_epoch-72,4,1
Raw,sub-01,6,sub-01_ses-6_epoch-72,5,1
Raw,sub-01,6,sub-01_ses-6_epoch-72,6,1
Raw,sub-01,6,sub-01_ses-6_epoch-73,0,0
Raw,sub-01,6,sub-01_ses-6_epoch-73,1,0
Raw,sub-01,6,sub-01_ses-6_epoch-73,2,0
Raw,sub-01,6,sub-01_ses-6_epoch-73,3,0
Raw,sub-01,6,sub-01_ses-6_epoch-73,4,0
Raw,sub-01,6,sub-01_ses-6_epoch-73,5,0
Raw,sub-01,6,sub-01_ses-6_epoch-73,6,0
Raw,sub-01,6,sub-01_ses-6_epoch-73,7,0
Raw,sub-01,6,sub-01_ses-6_epoch-74,0,0
Raw,sub-01,6,sub-01_ses-6_epoch-74,1,0
Raw,sub-01,6,sub-01_ses-6_epoch-74,2,0
Raw,sub-01,6,sub-01_ses-6_epoch-74,3,0
Raw,sub-01,6,sub-01_ses-6_epoch-74,4,0
Raw,sub-01,6,sub-01_ses-6_epoch-74,5,0
Raw,sub-01,6,sub-01_ses-6_epoch-74,6,0
Raw,sub-01,6,sub-01_ses-6_epoch-74,7,0
ICA-cleaned,sub-01,6,sub-01_ses-6_epoch-1,0,0
ICA-cleaned,sub-01,6,sub-01_ses-6_epoch-1,1,0
ICA-cleaned,sub-01,6,sub-01_ses-6_epoch-1,2,0
ICA-cleaned,sub-01,6,sub-01_ses-6_epoch-1,3,0
ICA-cleaned,sub-01,6,sub-01_ses-6_epoch-1,4,0
ICA-cleaned,sub-01,6,sub-01_ses-6_epoch-1,5,0
ICA-cleaned,sub-01,6,sub-01_ses-6_epoch-1,6,0
ICA-cleaned,sub-01,6,sub-01_ses-6_epoch-1,7,0
ICA-cleaned,sub-01,6,sub-01_ses-6_epoch-2,0,0
ICA-cleaned,sub-01,6,sub-01_ses-6_epoch-2,1,0
ICA-cleaned,sub-01,6,sub-01_ses-6_epoch-2,2,0
ICA-cleaned,sub-01,6,sub-01_ses-6_epoch-2,3,0
ICA-cleaned,sub-01,6,sub-01_ses-6_epoch-2,4,0
ICA-cleaned,sub-01,6,sub-01_ses-6_epoch-2,5,0
ICA-cleaned,sub-01,6,sub-01_ses-6_epoch-2,6,0
ICA-cleaned,sub-01,6,sub-01_ses-6_epoch-2,7,0
ICA-cleaned,sub-01,6,sub-01_ses-6_epoch-3,0,0
ICA-cleaned,sub-01,6,sub-01_ses-6_epoch-3,1,0
ICA-cleaned,sub-01,6,sub-01_ses-6_epoch-3,2,0
ICA-cleaned,sub-01,6,sub-01_ses-6_epoch-3,3,0
ICA-cleaned,sub-01,6,sub-01_ses-6_epoch-3,4,0
ICA-cleaned,sub-01,6,sub-01_ses-6_epoch-3,5,0
ICA-cleaned,sub-01,6,sub-01_ses-6_epoch-3,6,0
ICA-cleaned,sub-01,6,sub-01_ses-6_epoch-3,7,0
ICA-cleaned,sub-01,6,sub-01_ses-6_epoch-4,0,1
ICA-cleaned,sub-01,6,sub-01_ses-6_epoch-4,1,1
ICA-cleaned,sub-01,6,sub-01_ses-6_epoch-4,2,1
ICA-cleaned,sub-01,6,sub-01_ses-6_epoch-4,3,1
ICA-cleaned,sub-01,6,sub-01_ses-6_epoch-4,4,1
ICA-cleaned,sub-01,6,sub-01_ses-6_epoch-4,5,1
ICA-cleaned,sub-01,6,sub-01_ses-6_epoch-4,6,1
ICA-cleaned,sub-01,6,sub-01_ses-6_epoch-5,0,0
ICA-cleaned,sub-01,6,sub-01_ses-6_epoch-5,1,0
ICA-cleaned,sub-01,6,sub-01_ses-6_epoch-5,2,0
ICA-cleaned,sub-01,6,sub-01_ses-6_epoch-5,3,0
ICA-cleaned,sub-01,6,sub-01_ses-6_epoch-5,4,0
ICA-cleaned,sub-01,6,sub-01_ses-6_epoch-5,5,0
ICA-cleaned,sub-01,6,sub-01_ses-6_epoch-5,6,0
ICA-cleaned,sub-01,6,sub-01_ses-6_epoch-5,7,0
ICA-cleaned,sub-01,6,sub-01_ses-6_epoch-6,0,1
ICA-cleaned,sub-01,6,sub-01_ses-6_epoch-6,1,1
ICA-cleaned,sub-01,6,sub-01_ses-6_epoch-6,2,1
ICA-cleaned,sub-01,6,sub-01_ses-6_epoch-6,3,1
ICA-cleaned,sub-01,6,sub-01_ses-6_epoch-6,4,1
ICA-cleaned,sub-01,6,sub-01_ses-6_epoch-6,5,1
ICA-cleaned,sub-01,6,sub-01_ses-6_epoch-6,6,1
ICA-cleaned,sub-01,6,sub-01_ses-6_epoch-7,0,0
ICA-cleaned,sub-01,6,sub-01_ses-6_epoch-7,1,0
ICA-cleaned,sub-01,6,sub-01_ses-6_epoch-7,2,0
ICA-cleaned,sub-01,6,sub-01_ses-6_epoch-7,3,0
ICA-cleaned,sub-01,6,sub-01_ses-6_epoch-7,4,0
ICA-cleaned,sub-01,6,sub-01_ses-6_epoch-7,5,0
ICA-cleaned,sub-01,6,sub-01_ses-6_epoch-7,6,0
ICA-cleaned,sub-01,6,sub-01_ses-6_epoch-7,7,0
ICA-cleaned,sub-01,6,sub-01_ses-6_epoch-8,0,1
ICA-cleaned,sub-01,6,sub-01_ses-6_epoch-8,1,1
ICA-cleaned,sub-01,6,sub-01_ses-6_epoch-8,2,1
ICA-cleaned,sub-01,6,sub-01_ses-6_epoch-8,3,1
ICA-cleaned,sub-01,6,sub-01_ses-6_epoch-8,4,1
ICA-cleaned,sub-01,6,sub-01_ses-6_epoch-8,5,1
ICA-cleaned,sub-01,6,sub-01_ses-6_epoch-8,6,1
ICA-cleaned,sub-01,6,sub-01_ses-6_epoch-9,0,0
ICA-cleaned,sub-01,6,sub-01_ses-6_epoch-9,1,0
ICA-cleaned,sub-01,6,sub-01_ses-6_epoch-9,2,0
ICA-cleaned,sub-01,6,sub-01_ses-6_epoch-9,3,0
ICA-cleaned,sub-01,6,sub-01_ses-6_epoch-9,4,0
ICA-cleaned,sub-01,6,sub-01_ses-6_epoch-9,5,0
ICA-cleaned,sub-01,6,sub-01_ses-6_epoch-9,6,0
ICA-cleaned,sub-01,6,sub-01_ses-6_epoch-9,7,0
ICA-cleaned,sub-01,6,sub-01_ses-6_epoch-10,0,0
ICA-cleaned,sub-01,6,sub-01_ses-6_epoch-10,1,0
ICA-cleaned,sub-01,6,sub-01_ses-6_epoch-10,2,0
ICA-cleaned,sub-01,6,sub-01_ses-6_epoch-10,3,0
ICA-cleaned,sub-01,6,sub-01_ses-6_epoch-10,4,0
ICA-cleaned,sub-01,6,sub-01_ses-6_epoch-10,5,0
ICA-cleaned,sub-01,6,sub-01_ses-6_epoch-10,6,0
ICA-cleaned,sub-01,6,sub-01_ses-6_epoch-10,7,0
ICA-cleaned,sub-01,6,sub-01_ses-6_epoch-11,0,1
ICA-cleaned,sub-01,6,sub-01_ses-6_epoch-11,1,1
ICA-cleaned,sub-01,6,sub-01_ses-6_epoch-11,2,1
ICA-cleaned,sub-01,6,sub-01_ses-6_epoch-11,3,1
ICA-cleaned,sub-01,6,sub-01_ses-6_epoch-11,4,1
ICA-cleaned,sub-01,6,sub-01_ses-6_epoch-11,5,1
ICA-cleaned,sub-01,6,sub-01_ses-6_epoch-11,6,1
ICA-cleaned,sub-01,6,sub-01_ses-6_epoch-12,0,0
ICA-cleaned,sub-01,6,sub-01_ses-6_epoch-12,1,0
ICA-cleaned,sub-01,6,sub-01_ses-6_epoch-12,2,0
ICA-cleaned,sub-01,6,sub-01_ses-6_epoch-12,3,0
ICA-cleaned,sub-01,6,sub-01_ses-6_epoch-12,4,0
ICA-cleaned,sub-01,6,sub-01_ses-6_epoch-12,5,0
ICA-cleaned,sub-01,6,sub-01_ses-6_epoch-12,6,0
ICA-cleaned,sub-01,6,sub-01_ses-6_epoch-12,7,0
ICA-cleaned,sub-01,6,sub-01_ses-6_epoch-13,0,1
ICA-cleaned,sub-01,6,sub-01_ses-6_epoch-13,1,1
ICA-cleaned,sub-01,6,sub-01_ses-6_epoch-13,2,1
ICA-cleaned,sub-01,6,sub-01_ses-6_epoch-13,3,1
ICA-cleaned,sub-01,6,sub-01_ses-6_epoch-13,4,1
ICA-cleaned,sub-01,6,sub-01_ses-6_epoch-13,5,1
ICA-cleaned,sub-01,6,sub-01_ses-6_epoch-13,6,1
ICA-cleaned,sub-01,6,sub-01_ses-6_epoch-14,0,0
ICA-cleaned,sub-01,6,sub-01_ses-6_epoch-14,1,0
ICA-cleaned,sub-01,6,sub-01_ses-6_epoch-14,2,0
ICA-cleaned,sub-01,6,sub-01_ses-6_epoch-14,3,0
ICA-cleaned,sub-01,6,sub-01_ses-6_epoch-14,4,0
ICA-cleaned,sub-01,6,sub-01_ses-6_epoch-14,5,0
ICA-cleaned,sub-01,6,sub-01_ses-6_epoch-14,6,0
ICA-cleaned,sub-01,6,sub-01_ses-6_epoch-14,7,0
ICA-cleaned,sub-01,6,sub-01_ses-6_epoch-15,0,1
ICA-cleaned,sub-01,6,sub-01_ses-6_epoch-15,1,1
ICA-cleaned,sub-01,6,sub-01_ses-6_epoch-15,2,1
ICA-cleaned,sub-01,6,sub-01_ses-6_epoch-15,3,1
ICA-cleaned,sub-01,6,sub-01_ses-6_epoch-15,4,1
ICA-cleaned,sub-01,6,sub-01_ses-6_epoch-15,5,1
ICA-cleaned,sub-01,6,sub-01_ses-6_epoch-15,6,1
ICA-cleaned,sub-01,6,sub-01_ses-6_epoch-16,0,0
ICA-cleaned,sub-01,6,sub-01_ses-6_epoch-16,1,0
ICA-cleaned,sub-01,6,sub-01_ses-6_epoch-16,2,0
ICA-cleaned,sub-01,6,sub-01_ses-6_epoch-16,3,0
ICA-cleaned,sub-01,6,sub-01_ses-6_epoch-16,4,0
ICA-cleaned,sub-01,6,sub-01_ses-6_epoch-16,5,0
ICA-cleaned,sub-01,6,sub-01_ses-6_epoch-16,6,0
ICA-cleaned,sub-01,6,sub-01_ses-6_epoch-16,7,0
ICA-cleaned,sub-01,6,sub-01_ses-6_epoch-17,0,1
ICA-cleaned,sub-01,6,sub-01_ses-6_epoch-17,1,1
ICA-cleaned,sub-01,6,sub-01_ses-6_epoch-17,2,1
ICA-cleaned,sub-01,6,sub-01_ses-6_epoch-17,3,1
ICA-cleaned,sub-01,6,sub-01_ses-6_epoch-17,4,1
ICA-cleaned,sub-01,6,sub-01_ses-6_epoch-17,5,1
ICA-cleaned,sub-01,6,sub-01_ses-6_epoch-17,6,1
ICA-cleaned,sub-01,6,sub-01_ses-6_epoch-18,0,0
ICA-cleaned,sub-01,6,sub-01_ses-6_epoch-18,1,0
ICA-cleaned,sub-01,6,sub-01_ses-6_epoch-18,2,0
ICA-cleaned,sub-01,6,sub-01_ses-6_epoch-18,3,0
ICA-cleaned,sub-01,6,sub-01_ses-6_epoch-18,4,0
ICA-cleaned,sub-01,6,sub-01_ses-6_epoch-18,5,0
ICA-cleaned,sub-01,6,sub-01_ses-6_epoch-18,6,0
ICA-cleaned,sub-01,6,sub-01_ses-6_epoch-18,7,0
ICA-cleaned,sub-01,6,sub-01_ses-6_epoch-19,0,1
ICA-cleaned,sub-01,6,sub-01_ses-6_epoch-19,1,1
ICA-cleaned,sub-01,6,sub-01_ses-6_epoch-19,2,1
ICA-cleaned,sub-01,6,sub-01_ses-6_epoch-19,3,1
ICA-cleaned,sub-01,6,sub-01_ses-6_epoch-19,4,1
ICA-cleaned,sub-01,6,sub-01_ses-6_epoch-19,5,1
ICA-cleaned,sub-01,6,sub-01_ses-6_epoch-19,6,1
ICA-cleaned,sub-01,6,sub-01_ses-6_epoch-20,0,0
ICA-cleaned,sub-01,6,sub-01_ses-6_epoch-20,1,0
ICA-cleaned,sub-01,6,sub-01_ses-6_epoch-20,2,0
ICA-cleaned,sub-01,6,sub-01_ses-6_epoch-20,3,0
ICA-cleaned,sub-01,6,sub-01_ses-6_epoch-20,4,0
ICA-cleaned,sub-01,6,sub-01_ses-6_epoch-20,5,0
ICA-cleaned,sub-01,6,sub-01_ses-6_epoch-20,6,0
ICA-cleaned,sub-01,6,sub-01_ses-6_epoch-20,7,0
ICA-cleaned,sub-01,6,sub-01_ses-6_epoch-21,0,1
ICA-cleaned,sub-01,6,sub-01_ses-6_epoch-21,1,1
ICA-cleaned,sub-01,6,sub-01_ses-6_epoch-21,2,1
ICA-cleaned,sub-01,6,sub-01_ses-6_epoch-21,3,1
ICA-cleaned,sub-01,6,sub-01_ses-6_epoch-21,4,1
ICA-cleaned,sub-01,6,sub-01_ses-6_epoch-21,5,1
ICA-cleaned,sub-01,6,sub-01_ses-6_epoch-21,6,1
ICA-cleaned,sub-01,6,sub-01_ses-6_epoch-22,0,0
ICA-cleaned,sub-01,6,sub-01_ses-6_epoch-22,1,0
ICA-cleaned,sub-01,6,sub-01_ses-6_epoch-22,2,0
ICA-cleaned,sub-01,6,sub-01_ses-6_epoch-22,3,0
ICA-cleaned,sub-01,6,sub-01_ses-6_epoch-22,4,0
ICA-cleaned,sub-01,6,sub-01_ses-6_epoch-22,5,0
ICA-cleaned,sub-01,6,sub-01_ses-6_epoch-22,6,0
ICA-cleaned,sub-01,6,sub-01_ses-6_epoch-22,7,0
ICA-cleaned,sub-01,6,sub-01_ses-6_epoch-23,0,1
ICA-cleaned,sub-01,6,sub-01_ses-6_epoch-23,1,1
ICA-cleaned,sub-01,6,sub-01_ses-6_epoch-23,2,1
ICA-cleaned,sub-01,6,sub-01_ses-6_epoch-23,3,1
ICA-cleaned,sub-01,6,sub-01_ses-6_epoch-23,4,1
ICA-cleaned,sub-01,6,sub-01_ses-6_epoch-23,5,1
ICA-cleaned,sub-01,6,sub-01_ses-6_epoch-23,6,1
ICA-cleaned,sub-01,6,sub-01_ses-6_epoch-24,0,0
ICA-cleaned,sub-01,6,sub-01_ses-6_epoch-24,1,0
ICA-cleaned,sub-01,6,sub-01_ses-6_epoch-24,2,0
ICA-cleaned,sub-01,6,sub-01_ses-6_epoch-24,3,0
ICA-cleaned,sub-01,6,sub-01_ses-6_epoch-24,4,0
ICA-cleaned,sub-01,6,sub-01_ses-6_epoch-24,5,0
ICA-cleaned,sub-01,6,sub-01_ses-6_epoch-24,6,0
ICA-cleaned,sub-01,6,sub-01_ses-6_epoch-24,7,0
ICA-cleaned,sub-01,6,sub-01_ses-6_epoch-25,0,1
ICA-cleaned,sub-01,6,sub-01_ses-6_epoch-25,1,1
ICA-cleaned,sub-01,6,sub-01_ses-6_epoch-25,2,1
ICA-cleaned,sub-01,6,sub-01_ses-6_epoch-25,3,1
ICA-cleaned,sub-01,6,sub-01_ses-6_epoch-25,4,1
ICA-cleaned,sub-01,6,sub-01_ses-6_epoch-25,5,1
ICA-cleaned,sub-01,6,sub-01_ses-6_epoch-25,6,1
ICA-cleaned,sub-01,6,sub-01_ses-6_epoch-26,0,0
ICA-cleaned,sub-01,6,sub-01_ses-6_epoch-26,1,0
ICA-cleaned,sub-01,6,sub-01_ses-6_epoch-26,2,0
ICA-cleaned,sub-01,6,sub-01_ses-6_epoch-26,3,0
ICA-cleaned,sub-01,6,sub-01_ses-6_epoch-26,4,0
ICA-cleaned,sub-01,6,sub-01_ses-6_epoch-26,5,0
ICA-cleaned,sub-01,6,sub-01_ses-6_epoch-26,6,0
ICA-cleaned,sub-01,6,sub-01_ses-6_epoch-26,7,0
ICA-cleaned,sub-01,6,sub-01_ses-6_epoch-27,0,1
ICA-cleaned,sub-01,6,sub-01_ses-6_epoch-27,1,1
ICA-cleaned,sub-01,6,sub-01_ses-6_epoch-27,2,1
ICA-cleaned,sub-01,6,sub-01_ses-6_epoch-27,3,1
ICA-cleaned,sub-01,6,sub-01_ses-6_epoch-27,4,1
ICA-cleaned,sub-01,6,sub-01_ses-6_epoch-27,5,1
ICA-cleaned,sub-01,6,sub-01_ses-6_epoch-27,6,1
ICA-cleaned,sub-01,6,sub-01_ses-6_epoch-28,0,0
ICA-cleaned,sub-01,6,sub-01_ses-6_epoch-28,1,0
ICA-cleaned,sub-01,6,sub-01_ses-6_epoch-28,2,0
ICA-cleaned,sub-01,6,sub-01_ses-6_epoch-28,3,0
ICA-cleaned,sub-01,6,sub-01_ses-6_epoch-28,4,0
ICA-cleaned,sub-01,6,sub-01_ses-6_epoch-28,5,0
ICA-cleaned,sub-01,6,sub-01_ses-6_epoch-28,6,0
ICA-cleaned,sub-01,6,sub-01_ses-6_epoch-28,7,0
ICA-cleaned,sub-01,6,sub-01_ses-6_epoch-29,0,1
ICA-cleaned,sub-01,6,sub-01_ses-6_epoch-29,1,1
ICA-cleaned,sub-01,6,sub-01_ses-6_epoch-29,2,1
ICA-cleaned,sub-01,6,sub-01_ses-6_epoch-29,3,1
ICA-cleaned,sub-01,6,sub-01_ses-6_epoch-29,4,1
ICA-cleaned,sub-01,6,sub-01_ses-6_epoch-29,5,1
ICA-cleaned,sub-01,6,sub-01_ses-6_epoch-29,6,1
ICA-cleaned,sub-01,6,sub-01_ses-6_epoch-30,0,0
ICA-cleaned,sub-01,6,sub-01_ses-6_epoch-30,1,0
ICA-cleaned,sub-01,6,sub-01_ses-6_epoch-30,2,0
ICA-cleaned,sub-01,6,sub-01_ses-6_epoch-30,3,0
ICA-cleaned,sub-01,6,sub-01_ses-6_epoch-30,4,0
ICA-cleaned,sub-01,6,sub-01_ses-6_epoch-30,5,0
ICA-cleaned,sub-01,6,sub-01_ses-6_epoch-30,6,0
ICA-cleaned,sub-01,6,sub-01_ses-6_epoch-30,7,0
ICA-cleaned,sub-01,6,sub-01_ses-6_epoch-31,0,1
ICA-cleaned,sub-01,6,sub-01_ses-6_epoch-31,1,1
ICA-cleaned,sub-01,6,sub-01_ses-6_epoch-31,2,1
ICA-cleaned,sub-01,6,sub-01_ses-6_epoch-31,3,1
ICA-cleaned,sub-01,6,sub-01_ses-6_epoch-31,4,1
ICA-cleaned,sub-01,6,sub-01_ses-6_epoch-31,5,1
ICA-cleaned,sub-01,6,sub-01_ses-6_epoch-31,6,1
ICA-cleaned,sub-01,6,sub-01_ses-6_epoch-32,0,0
ICA-cleaned,sub-01,6,sub-01_ses-6_epoch-32,1,0
ICA-cleaned,sub-01,6,sub-01_ses-6_epoch-32,2,0
ICA-cleaned,sub-01,6,sub-01_ses-6_epoch-32,3,0
ICA-cleaned,sub-01,6,sub-01_ses-6_epoch-32,4,0
ICA-cleaned,sub-01,6,sub-01_ses-6_epoch-32,5,0
ICA-cleaned,sub-01,6,sub-01_ses-6_epoch-32,6,0
ICA-cleaned,sub-01,6,sub-01_ses-6_epoch-32,7,0
ICA-cleaned,sub-01,6,sub-01_ses-6_epoch-33,0,1
ICA-cleaned,sub-01,6,sub-01_ses-6_epoch-33,1,1
ICA-cleaned,sub-01,6,sub-01_ses-6_epoch-33,2,1
ICA-cleaned,sub-01,6,sub-01_ses-6_epoch-33,3,1
ICA-cleaned,sub-01,6,sub-01_ses-6_epoch-33,4,1
ICA-cleaned,sub-01,6,sub-01_ses-6_epoch-33,5,1
ICA-cleaned,sub-01,6,sub-01_ses-6_epoch-33,6,1
ICA-cleaned,sub-01,6,sub-01_ses-6_epoch-34,0,0
ICA-cleaned,sub-01,6,sub-01_ses-6_epoch-34,1,0
ICA-cleaned,sub-01,6,sub-01_ses-6_epoch-34,2,0
ICA-cleaned,sub-01,6,sub-01_ses-6_epoch-34,3,0
ICA-cleaned,sub-01,6,sub-01_ses-6_epoch-34,4,0
ICA-cleaned,sub-01,6,sub-01_ses-6_epoch-34,5,0
ICA-cleaned,sub-01,6,sub-01_ses-6_epoch-34,6,0
ICA-cleaned,sub-01,6,sub-01_ses-6_epoch-34,7,0
ICA-cleaned,sub-01,6,sub-01_ses-6_epoch-35,0,1
ICA-cleaned,sub-01,6,sub-01_ses-6_epoch-35,1,1
ICA-cleaned,sub-01,6,sub-01_ses-6_epoch-35,2,1
ICA-cleaned,sub-01,6,sub-01_ses-6_epoch-35,3,1
ICA-cleaned,sub-01,6,sub-01_ses-6_epoch-35,4,1
ICA-cleaned,sub-01,6,sub-01_ses-6_epoch-35,5,1
ICA-cleaned,sub-01,6,sub-01_ses-6_epoch-35,6,1
ICA-cleaned,sub-01,6,sub-01_ses-6_epoch-36,0,0
ICA-cleaned,sub-01,6,sub-01_ses-6_epoch-36,1,0
ICA-cleaned,sub-01,6,sub-01_ses-6_epoch-36,2,0
ICA-cleaned,sub-01,6,sub-01_ses-6_epoch-36,3,0
ICA-cleaned,sub-01,6,sub-01_ses-6_epoch-36,4,0
ICA-cleaned,sub-01,6,sub-01_ses-6_epoch-36,5,0
ICA-cleaned,sub-01,6,sub-01_ses-6_epoch-36,6,0
ICA-cleaned,sub-01,6,sub-01_ses-6_epoch-36,7,0
ICA-cleaned,sub-01,6,sub-01_ses-6_epoch-37,0,1
ICA-cleaned,sub-01,6,sub-01_ses-6_epoch-37,1,1
ICA-cleaned,sub-01,6,sub-01_ses-6_epoch-37,2,1
ICA-cleaned,sub-01,6,sub-01_ses-6_epoch-37,3,1
ICA-cleaned,sub-01,6,sub-01_ses-6_epoch-37,4,1
ICA-cleaned,sub-01,6,sub-01_ses-6_epoch-37,5,1
ICA-cleaned,sub-01,6,sub-01_ses-6_epoch-37,6,1
ICA-cleaned,sub-01,6,sub-01_ses-6_epoch-38,0,0
ICA-cleaned,sub-01,6,sub-01_ses-6_epoch-38,1,0
ICA-cleaned,sub-01,6,sub-01_ses-6_epoch-38,2,0
ICA-cleaned,sub-01,6,sub-01_ses-6_epoch-38,3,0
ICA-cleaned,sub-01,6,sub-01_ses-6_epoch-38,4,0
ICA-cleaned,sub-01,6,sub-01_ses-6_epoch-38,5,0
ICA-cleaned,sub-01,6,sub-01_ses-6_epoch-38,6,0
ICA-cleaned,sub-01,6,sub-01_ses-6_epoch-38,7,0
ICA-cleaned,sub-01,6,sub-01_ses-6_epoch-39,0,1
ICA-cleaned,sub-01,6,sub-01_ses-6_epoch-39,1,1
ICA-cleaned,sub-01,6,sub-01_ses-6_epoch-39,2,1
ICA-cleaned,sub-01,6,sub-01_ses-6_epoch-39,3,1
ICA-cleaned,sub-01,6,sub-01_ses-6_epoch-39,4,1
ICA-cleaned,sub-01,6,sub-01_ses-6_epoch-39,5,1
ICA-cleaned,sub-01,6,sub-01_ses-6_epoch-39,6,1
ICA-cleaned,sub-01,6,sub-01_ses-6_epoch-40,0,0
ICA-cleaned,sub-01,6,sub-01_ses-6_epoch-40,1,0
ICA-cleaned,sub-01,6,sub-01_ses-6_epoch-40,2,0
ICA-cleaned,sub-01,6,sub-01_ses-6_epoch-40,3,0
ICA-cleaned,sub-01,6,sub-01_ses-6_epoch-40,4,0
ICA-cleaned,sub-01,6,sub-01_ses-6_epoch-40,5,0
ICA-cleaned,sub-01,6,sub-01_ses-6_epoch-40,6,0
ICA-cleaned,sub-01,6,sub-01_ses-6_epoch-40,7,0
ICA-cleaned,sub-01,6,sub-01_ses-6_epoch-41,0,1
ICA-cleaned,sub-01,6,sub-01_ses-6_epoch-41,1,1
ICA-cleaned,sub-01,6,sub-01_ses-6_epoch-41,2,1
ICA-cleaned,sub-01,6,sub-01_ses-6_epoch-41,3,1
ICA-cleaned,sub-01,6,sub-01_ses-6_epoch-41,4,1
ICA-cleaned,sub-01,6,sub-01_ses-6_epoch-41,5,1
ICA-cleaned,sub-01,6,sub-01_ses-6_epoch-41,6,1
ICA-cleaned,sub-01,6,sub-01_ses-6_epoch-42,0,0
ICA-cleaned,sub-01,6,sub-01_ses-6_epoch-42,1,0
ICA-cleaned,sub-01,6,sub-01_ses-6_epoch-42,2,0
ICA-cleaned,sub-01,6,sub-01_ses-6_epoch-42,3,0
ICA-cleaned,sub-01,6,sub-01_ses-6_epoch-42,4,0
ICA-cleaned,sub-01,6,sub-01_ses-6_epoch-42,5,0
ICA-cleaned,sub-01,6,sub-01_ses-6_epoch-42,6,0
ICA-cleaned,sub-01,6,sub-01_ses-6_epoch-42,7,0
ICA-cleaned,sub-01,6,sub-01_ses-6_epoch-43,0,1
ICA-cleaned,sub-01,6,sub-01_ses-6_epoch-43,1,1
ICA-cleaned,sub-01,6,sub-01_ses-6_epoch-43,2,1
ICA-cleaned,sub-01,6,sub-01_ses-6_epoch-43,3,1
ICA-cleaned,sub-01,6,sub-01_ses-6_epoch-43,4,1
ICA-cleaned,sub-01,6,sub-01_ses-6_epoch-43,5,1
ICA-cleaned,sub-01,6,sub-01_ses-6_epoch-43,6,1
ICA-cleaned,sub-01,6,sub-01_ses-6_epoch-44,0,0
ICA-cleaned,sub-01,6,sub-01_ses-6_epoch-44,1,0
ICA-cleaned,sub-01,6,sub-01_ses-6_epoch-44,2,0
ICA-cleaned,sub-01,6,sub-01_ses-6_epoch-44,3,0
ICA-cleaned,sub-01,6,sub-01_ses-6_epoch-44,4,0
ICA-cleaned,sub-01,6,sub-01_ses-6_epoch-44,5,0
ICA-cleaned,sub-01,6,sub-01_ses-6_epoch-44,6,0
ICA-cleaned,sub-01,6,sub-01_ses-6_epoch-44,7,0
ICA-cleaned,sub-01,6,sub-01_ses-6_epoch-45,0,1
ICA-cleaned,sub-01,6,sub-01_ses-6_epoch-45,1,1
ICA-cleaned,sub-01,6,sub-01_ses-6_epoch-45,2,1
ICA-cleaned,sub-01,6,sub-01_ses-6_epoch-45,3,1
ICA-cleaned,sub-01,6,sub-01_ses-6_epoch-45,4,1
ICA-cleaned,sub-01,6,sub-01_ses-6_epoch-45,5,1
ICA-cleaned,sub-01,6,sub-01_ses-6_epoch-45,6,1
ICA-cleaned,sub-01,6,sub-01_ses-6_epoch-46,0,0
ICA-cleaned,sub-01,6,sub-01_ses-6_epoch-46,1,0
ICA-cleaned,sub-01,6,sub-01_ses-6_epoch-46,2,0
ICA-cleaned,sub-01,6,sub-01_ses-6_epoch-46,3,0
ICA-cleaned,sub-01,6,sub-01_ses-6_epoch-46,4,0
ICA-cleaned,sub-01,6,sub-01_ses-6_epoch-46,5,0
ICA-cleaned,sub-01,6,sub-01_ses-6_epoch-46,6,0
ICA-cleaned,sub-01,6,sub-01_ses-6_epoch-46,7,0
ICA-cleaned,sub-01,6,sub-01_ses-6_epoch-47,0,1
ICA-cleaned,sub-01,6,sub-01_ses-6_epoch-47,1,1
ICA-cleaned,sub-01,6,sub-01_ses-6_epoch-47,2,1
ICA-cleaned,sub-01,6,sub-01_ses-6_epoch-47,3,1
ICA-cleaned,sub-01,6,sub-01_ses-6_epoch-47,4,1
ICA-cleaned,sub-01,6,sub-01_ses-6_epoch-47,5,1
ICA-cleaned,sub-01,6,sub-01_ses-6_epoch-47,6,1
ICA-cleaned,sub-01,6,sub-01_ses-6_epoch-48,0,0
ICA-cleaned,sub-01,6,sub-01_ses-6_epoch-48,1,0
ICA-cleaned,sub-01,6,sub-01_ses-6_epoch-48,2,0
ICA-cleaned,sub-01,6,sub-01_ses-6_epoch-48,3,0
ICA-cleaned,sub-01,6,sub-01_ses-6_epoch-48,4,0
ICA-cleaned,sub-01,6,sub-01_ses-6_epoch-48,5,0
ICA-cleaned,sub-01,6,sub-01_ses-6_epoch-48,6,0
ICA-cleaned,sub-01,6,sub-01_ses-6_epoch-48,7,0
ICA-cleaned,sub-01,6,sub-01_ses-6_epoch-49,0,1
ICA-cleaned,sub-01,6,sub-01_ses-6_epoch-49,1,1
ICA-cleaned,sub-01,6,sub-01_ses-6_epoch-49,2,1
ICA-cleaned,sub-01,6,sub-01_ses-6_epoch-49,3,1
ICA-cleaned,sub-01,6,sub-01_ses-6_epoch-49,4,1
ICA-cleaned,sub-01,6,sub-01_ses-6_epoch-49,5,1
ICA-cleaned,sub-01,6,sub-01_ses-6_epoch-49,6,1
ICA-cleaned,sub-01,6,sub-01_ses-6_epoch-50,0,0
ICA-cleaned,sub-01,6,sub-01_ses-6_epoch-50,1,0
ICA-cleaned,sub-01,6,sub-01_ses-6_epoch-50,2,0
ICA-cleaned,sub-01,6,sub-01_ses-6_epoch-50,3,0
ICA-cleaned,sub-01,6,sub-01_ses-6_epoch-50,4,0
ICA-cleaned,sub-01,6,sub-01_ses-6_epoch-50,5,0
ICA-cleaned,sub-01,6,sub-01_ses-6_epoch-50,6,0
ICA-cleaned,sub-01,6,sub-01_ses-6_epoch-50,7,0
ICA-cleaned,sub-01,6,sub-01_ses-6_epoch-51,0,1
ICA-cleaned,sub-01,6,sub-01_ses-6_epoch-51,1,1
ICA-cleaned,sub-01,6,sub-01_ses-6_epoch-51,2,1
ICA-cleaned,sub-01,6,sub-01_ses-6_epoch-51,3,1
ICA-cleaned,sub-01,6,sub-01_ses-6_epoch-51,4,1
ICA-cleaned,sub-01,6,sub-01_ses-6_epoch-51,5,1
ICA-cleaned,sub-01,6,sub-01_ses-6_epoch-51,6,1
ICA-cleaned,sub-01,6,sub-01_ses-6_epoch-52,0,0
ICA-cleaned,sub-01,6,sub-01_ses-6_epoch-52,1,0
ICA-cleaned,sub-01,6,sub-01_ses-6_epoch-52,2,0
ICA-cleaned,sub-01,6,sub-01_ses-6_epoch-52,3,0
ICA-cleaned,sub-01,6,sub-01_ses-6_epoch-52,4,0
ICA-cleaned,sub-01,6,sub-01_ses-6_epoch-52,5,0
ICA-cleaned,sub-01,6,sub-01_ses-6_epoch-52,6,0
ICA-cleaned,sub-01,6,sub-01_ses-6_epoch-52,7,0
ICA-cleaned,sub-01,6,sub-01_ses-6_epoch-53,0,1
ICA-cleaned,sub-01,6,sub-01_ses-6_epoch-53,1,1
ICA-cleaned,sub-01,6,sub-01_ses-6_epoch-53,2,1
ICA-cleaned,sub-01,6,sub-01_ses-6_epoch-53,3,1
ICA-cleaned,sub-01,6,sub-01_ses-6_epoch-53,4,1
ICA-cleaned,sub-01,6,sub-01_ses-6_epoch-53,5,1
ICA-cleaned,sub-01,6,sub-01_ses-6_epoch-53,6,1
ICA-cleaned,sub-01,6,sub-01_ses-6_epoch-54,0,0
ICA-cleaned,sub-01,6,sub-01_ses-6_epoch-54,1,0
ICA-cleaned,sub-01,6,sub-01_ses-6_epoch-54,2,0
ICA-cleaned,sub-01,6,sub-01_ses-6_epoch-54,3,0
ICA-cleaned,sub-01,6,sub-01_ses-6_epoch-54,4,0
ICA-cleaned,sub-01,6,sub-01_ses-6_epoch-54,5,0
ICA-cleaned,sub-01,6,sub-01_ses-6_epoch-54,6,0
ICA-cleaned,sub-01,6,sub-01_ses-6_epoch-54,7,0
ICA-cleaned,sub-01,6,sub-01_ses-6_epoch-55,0,1
ICA-cleaned,sub-01,6,sub-01_ses-6_epoch-55,1,1
ICA-cleaned,sub-01,6,sub-01_ses-6_epoch-55,2,1
ICA-cleaned,sub-01,6,sub-01_ses-6_epoch-55,3,1
ICA-cleaned,sub-01,6,sub-01_ses-6_epoch-55,4,1
ICA-cleaned,sub-01,6,sub-01_ses-6_epoch-55,5,1
ICA-cleaned,sub-01,6,sub-01_ses-6_epoch-55,6,1
ICA-cleaned,sub-01,6,sub-01_ses-6_epoch-56,0,0
ICA-cleaned,sub-01,6,sub-01_ses-6_epoch-56,1,0
ICA-cleaned,sub-01,6,sub-01_ses-6_epoch-56,2,0
ICA-cleaned,sub-01,6,sub-01_ses-6_epoch-56,3,0
ICA-cleaned,sub-01,6,sub-01_ses-6_epoch-56,4,0
ICA-cleaned,sub-01,6,sub-01_ses-6_epoch-56,5,0
ICA-cleaned,sub-01,6,sub-01_ses-6_epoch-56,6,0
ICA-cleaned,sub-01,6,sub-01_ses-6_epoch-56,7,0
ICA-cleaned,sub-01,6,sub-01_ses-6_epoch-57,0,0
ICA-cleaned,sub-01,6,sub-01_ses-6_epoch-57,1,0
ICA-cleaned,sub-01,6,sub-01_ses-6_epoch-57,2,0
ICA-cleaned,sub-01,6,sub-01_ses-6_epoch-57,3,0
ICA-cleaned,sub-01,6,sub-01_ses-6_epoch-57,4,0
ICA-cleaned,sub-01,6,sub-01_ses-6_epoch-57,5,0
ICA-cleaned,sub-01,6,sub-01_ses-6_epoch-57,6,0
ICA-cleaned,sub-01,6,sub-01_ses-6_epoch-57,7,0
ICA-cleaned,sub-01,6,sub-01_ses-6_epoch-58,0,1
ICA-cleaned,sub-01,6,sub-01_ses-6_epoch-58,1,1
ICA-cleaned,sub-01,6,sub-01_ses-6_epoch-58,2,1
ICA-cleaned,sub-01,6,sub-01_ses-6_epoch-58,3,1
ICA-cleaned,sub-01,6,sub-01_ses-6_epoch-58,4,1
ICA-cleaned,sub-01,6,sub-01_ses-6_epoch-58,5,1
ICA-cleaned,sub-01,6,sub-01_ses-6_epoch-58,6,1
ICA-cleaned,sub-01,6,sub-01_ses-6_epoch-59,0,0
ICA-cleaned,sub-01,6,sub-01_ses-6_epoch-59,1,0
ICA-cleaned,sub-01,6,sub-01_ses-6_epoch-59,2,0
ICA-cleaned,sub-01,6,sub-01_ses-6_epoch-59,3,0
ICA-cleaned,sub-01,6,sub-01_ses-6_epoch-59,4,0
ICA-cleaned,sub-01,6,sub-01_ses-6_epoch-59,5,0
ICA-cleaned,sub-01,6,sub-01_ses-6_epoch-59,6,0
ICA-cleaned,sub-01,6,sub-01_ses-6_epoch-59,7,0
ICA-cleaned,sub-01,6,sub-01_ses-6_epoch-60,0,1
ICA-cleaned,sub-01,6,sub-01_ses-6_epoch-60,1,1
ICA-cleaned,sub-01,6,sub-01_ses-6_epoch-60,2,1
ICA-cleaned,sub-01,6,sub-01_ses-6_epoch-60,3,1
ICA-cleaned,sub-01,6,sub-01_ses-6_epoch-60,4,1
ICA-cleaned,sub-01,6,sub-01_ses-6_epoch-60,5,1
ICA-cleaned,sub-01,6,sub-01_ses-6_epoch-60,6,1
ICA-cleaned,sub-01,6,sub-01_ses-6_epoch-61,0,0
ICA-cleaned,sub-01,6,sub-01_ses-6_epoch-61,1,0
ICA-cleaned,sub-01,6,sub-01_ses-6_epoch-61,2,0
ICA-cleaned,sub-01,6,sub-01_ses-6_epoch-61,3,0
ICA-cleaned,sub-01,6,sub-01_ses-6_epoch-61,4,0
ICA-cleaned,sub-01,6,sub-01_ses-6_epoch-61,5,0
ICA-cleaned,sub-01,6,sub-01_ses-6_epoch-61,6,0
ICA-cleaned,sub-01,6,sub-01_ses-6_epoch-61,7,0
ICA-cleaned,sub-01,6,sub-01_ses-6_epoch-62,0,1
ICA-cleaned,sub-01,6,sub-01_ses-6_epoch-62,1,1
ICA-cleaned,sub-01,6,sub-01_ses-6_epoch-62,2,1
ICA-cleaned,sub-01,6,sub-01_ses-6_epoch-62,3,1
ICA-cleaned,sub-01,6,sub-01_ses-6_epoch-62,4,1
ICA-cleaned,sub-01,6,sub-01_ses-6_epoch-62,5,1
ICA-cleaned,sub-01,6,sub-01_ses-6_epoch-62,6,1
ICA-cleaned,sub-01,6,sub-01_ses-6_epoch-63,0,0
ICA-cleaned,sub-01,6,sub-01_ses-6_epoch-63,1,0
ICA-cleaned,sub-01,6,sub-01_ses-6_epoch-63,2,0
ICA-cleaned,sub-01,6,sub-01_ses-6_epoch-63,3,0
ICA-cleaned,sub-01,6,sub-01_ses-6_epoch-63,4,0
ICA-cleaned,sub-01,6,sub-01_ses-6_epoch-63,5,0
ICA-cleaned,sub-01,6,sub-01_ses-6_epoch-63,6,0
ICA-cleaned,sub-01,6,sub-01_ses-6_epoch-63,7,0
ICA-cleaned,sub-01,6,sub-01_ses-6_epoch-64,0,1
ICA-cleaned,sub-01,6,sub-01_ses-6_epoch-64,1,1
ICA-cleaned,sub-01,6,sub-01_ses-6_epoch-64,2,1
ICA-cleaned,sub-01,6,sub-01_ses-6_epoch-64,3,1
ICA-cleaned,sub-01,6,sub-01_ses-6_epoch-64,4,1
ICA-cleaned,sub-01,6,sub-01_ses-6_epoch-64,5,1
ICA-cleaned,sub-01,6,sub-01_ses-6_epoch-64,6,1
ICA-cleaned,sub-01,6,sub-01_ses-6_epoch-65,0,0
ICA-cleaned,sub-01,6,sub-01_ses-6_epoch-65,1,0
ICA-cleaned,sub-01,6,sub-01_ses-6_epoch-65,2,0
ICA-cleaned,sub-01,6,sub-01_ses-6_epoch-65,3,0
ICA-cleaned,sub-01,6,sub-01_ses-6_epoch-65,4,0
ICA-cleaned,sub-01,6,sub-01_ses-6_epoch-65,5,0
ICA-cleaned,sub-01,6,sub-01_ses-6_epoch-65,6,0
ICA-cleaned,sub-01,6,sub-01_ses-6_epoch-65,7,0
ICA-cleaned,sub-01,6,sub-01_ses-6_epoch-66,0,1
ICA-cleaned,sub-01,6,sub-01_ses-6_epoch-66,1,1
ICA-cleaned,sub-01,6,sub-01_ses-6_epoch-66,2,1
ICA-cleaned,sub-01,6,sub-01_ses-6_epoch-66,3,1
ICA-cleaned,sub-01,6,sub-01_ses-6_epoch-66,4,1
ICA-cleaned,sub-01,6,sub-01_ses-6_epoch-66,5,1
ICA-cleaned,sub-01,6,sub-01_ses-6_epoch-66,6,1
ICA-cleaned,sub-01,6,sub-01_ses-6_epoch-67,0,0
ICA-cleaned,sub-01,6,sub-01_ses-6_epoch-67,1,0
ICA-cleaned,sub-01,6,sub-01_ses-6_epoch-67,2,0
ICA-cleaned,sub-01,6,sub-01_ses-6_epoch-67,3,0
ICA-cleaned,sub-01,6,sub-01_ses-6_epoch-67,4,0
ICA-cleaned,sub-01,6,sub-01_ses-6_epoch-67,5,0
ICA-cleaned,sub-01,6,sub-01_ses-6_epoch-67,6,0
ICA-cleaned,sub-01,6,sub-01_ses-6_epoch-67,7,0
ICA-cleaned,sub-01,6,sub-01_ses-6_epoch-68,0,1
ICA-cleaned,sub-01,6,sub-01_ses-6_epoch-68,1,1
ICA-cleaned,sub-01,6,sub-01_ses-6_epoch-68,2,1
ICA-cleaned,sub-01,6,sub-01_ses-6_epoch-68,3,1
ICA-cleaned,sub-01,6,sub-01_ses-6_epoch-68,4,1
ICA-cleaned,sub-01,6,sub-01_ses-6_epoch-68,5,1
ICA-cleaned,sub-01,6,sub-01_ses-6_epoch-68,6,1
ICA-cleaned,sub-01,6,sub-01_ses-6_epoch-69,0,0
ICA-cleaned,sub-01,6,sub-01_ses-6_epoch-69,1,0
ICA-cleaned,sub-01,6,sub-01_ses-6_epoch-69,2,0
ICA-cleaned,sub-01,6,sub-01_ses-6_epoch-69,3,0
ICA-cleaned,sub-01,6,sub-01_ses-6_epoch-69,4,0
ICA-cleaned,sub-01,6,sub-01_ses-6_epoch-69,5,0
ICA-cleaned,sub-01,6,sub-01_ses-6_epoch-69,6,0
ICA-cleaned,sub-01,6,sub-01_ses-6_epoch-69,7,0
ICA-cleaned,sub-01,6,sub-01_ses-6_epoch-70,0,1
ICA-cleaned,sub-01,6,sub-01_ses-6_epoch-70,1,1
ICA-cleaned,sub-01,6,sub-01_ses-6_epoch-70,2,1
ICA-cleaned,sub-01,6,sub-01_ses-6_epoch-70,3,1
ICA-cleaned,sub-01,6,sub-01_ses-6_epoch-70,4,1
ICA-cleaned,sub-01,6,sub-01_ses-6_epoch-70,5,1
ICA-cleaned,sub-01,6,sub-01_ses-6_epoch-70,6,1
ICA-cleaned,sub-01,6,sub-01_ses-6_epoch-71,0,0
ICA-cleaned,sub-01,6,sub-01_ses-6_epoch-71,1,0
ICA-cleaned,sub-01,6,sub-01_ses-6_epoch-71,2,0
ICA-cleaned,sub-01,6,sub-01_ses-6_epoch-71,3,0
ICA-cleaned,sub-01,6,sub-01_ses-6_epoch-71,4,0
ICA-cleaned,sub-01,6,sub-01_ses-6_epoch-71,5,0
ICA-cleaned,sub-01,6,sub-01_ses-6_epoch-71,6,0
ICA-cleaned,sub-01,6,sub-01_ses-6_epoch-71,7,0
ICA-cleaned,sub-01,6,sub-01_ses-6_epoch-72,0,1
ICA-cleaned,sub-01,6,sub-01_ses-6_epoch-72,1,1
ICA-cleaned,sub-01,6,sub-01_ses-6_epoch-72,2,1
ICA-cleaned,sub-01,6,sub-01_ses-6_epoch-72,3,1
ICA-cleaned,sub-01,6,sub-01_ses-6_epoch-72,4,1
ICA-cleaned,sub-01,6,sub-01_ses-6_epoch-72,5,1
ICA-cleaned,sub-01,6,sub-01_ses-6_epoch-72,6,1
ICA-cleaned,sub-01,6,sub-01_ses-6_epoch-73,0,0
ICA-cleaned,sub-01,6,sub-01_ses-6_epoch-73,1,0
ICA-cleaned,sub-01,6,sub-01_ses-6_epoch-73,2,0
ICA-cleaned,sub-01,6,sub-01_ses-6_epoch-73,3,0
ICA-cleaned,sub-01,6,sub-01_ses-6_epoch-73,4,0
ICA-cleaned,sub-01,6,sub-01_ses-6_epoch-73,5,0
ICA-cleaned,sub-01,6,sub-01_ses-6_epoch-73,6,0
ICA-cleaned,sub-01,6,sub-01_ses-6_epoch-73,7,0
ICA-cleaned,sub-01,6,sub-01_ses-6_epoch-74,0,0
ICA-cleaned,sub-01,6,sub-01_ses-6_epoch-74,1,0
ICA-cleaned,sub-01,6,sub-01_ses-6_epoch-74,2,0
ICA-cleaned,sub-01,6,sub-01_ses-6_epoch-74,3,0
ICA-cleaned,sub-01,6,sub-01_ses-6_epoch-74,4,0
ICA-cleaned,sub-01,6,sub-01_ses-6_epoch-74,5,0
ICA-cleaned,sub-01,6,sub-01_ses-6_epoch-74,6,0
ICA-cleaned,sub-01,6,sub-01_ses-6_epoch-74,7,0
Raw,sub-01,7,sub-01_ses-7_epoch-1,0,0
Raw,sub-01,7,sub-01_ses-7_epoch-1,1,0
Raw,sub-01,7,sub-01_ses-7_epoch-1,2,0
Raw,sub-01,7,sub-01_ses-7_epoch-1,3,0
Raw,sub-01,7,sub-01_ses-7_epoch-1,4,0
Raw,sub-01,7,sub-01_ses-7_epoch-1,5,0
Raw,sub-01,7,sub-01_ses-7_epoch-1,6,0
Raw,sub-01,7,sub-01_ses-7_epoch-1,7,0
Raw,sub-01,7,sub-01_ses-7_epoch-2,0,0
Raw,sub-01,7,sub-01_ses-7_epoch-2,1,0
Raw,sub-01,7,sub-01_ses-7_epoch-2,2,0
Raw,sub-01,7,sub-01_ses-7_epoch-2,3,0
Raw,sub-01,7,sub-01_ses-7_epoch-2,4,0
Raw,sub-01,7,sub-01_ses-7_epoch-2,5,0
Raw,sub-01,7,sub-01_ses-7_epoch-2,6,0
Raw,sub-01,7,sub-01_ses-7_epoch-2,7,0
Raw,sub-01,7,sub-01_ses-7_epoch-3,0,0
Raw,sub-01,7,sub-01_ses-7_epoch-3,1,0
Raw,sub-01,7,sub-01_ses-7_epoch-3,2,0
Raw,sub-01,7,sub-01_ses-7_epoch-3,3,0
Raw,sub-01,7,sub-01_ses-7_epoch-3,4,0
Raw,sub-01,7,sub-01_ses-7_epoch-3,5,0
Raw,sub-01,7,sub-01_ses-7_epoch-3,6,0
Raw,sub-01,7,sub-01_ses-7_epoch-3,7,0
Raw,sub-01,7,sub-01_ses-7_epoch-4,0,1
Raw,sub-01,7,sub-01_ses-7_epoch-4,1,1
Raw,sub-01,7,sub-01_ses-7_epoch-4,2,1
Raw,sub-01,7,sub-01_ses-7_epoch-4,3,1
Raw,sub-01,7,sub-01_ses-7_epoch-4,4,1
Raw,sub-01,7,sub-01_ses-7_epoch-4,5,1
Raw,sub-01,7,sub-01_ses-7_epoch-4,6,1
Raw,sub-01,7,sub-01_ses-7_epoch-5,0,0
Raw,sub-01,7,sub-01_ses-7_epoch-5,1,0
Raw,sub-01,7,sub-01_ses-7_epoch-5,2,0
Raw,sub-01,7,sub-01_ses-7_epoch-5,3,0
Raw,sub-01,7,sub-01_ses-7_epoch-5,4,0
Raw,sub-01,7,sub-01_ses-7_epoch-5,5,0
Raw,sub-01,7,sub-01_ses-7_epoch-5,6,0
Raw,sub-01,7,sub-01_ses-7_epoch-5,7,0
Raw,sub-01,7,sub-01_ses-7_epoch-6,0,1
Raw,sub-01,7,sub-01_ses-7_epoch-6,1,1
Raw,sub-01,7,sub-01_ses-7_epoch-6,2,1
Raw,sub-01,7,sub-01_ses-7_epoch-6,3,1
Raw,sub-01,7,sub-01_ses-7_epoch-6,4,1
Raw,sub-01,7,sub-01_ses-7_epoch-6,5,1
Raw,sub-01,7,sub-01_ses-7_epoch-6,6,1
Raw,sub-01,7,sub-01_ses-7_epoch-7,0,0
Raw,sub-01,7,sub-01_ses-7_epoch-7,1,0
Raw,sub-01,7,sub-01_ses-7_epoch-7,2,0
Raw,sub-01,7,sub-01_ses-7_epoch-7,3,0
Raw,sub-01,7,sub-01_ses-7_epoch-7,4,0
Raw,sub-01,7,sub-01_ses-7_epoch-7,5,0
Raw,sub-01,7,sub-01_ses-7_epoch-7,6,0
Raw,sub-01,7,sub-01_ses-7_epoch-7,7,0
Raw,sub-01,7,sub-01_ses-7_epoch-8,0,1
Raw,sub-01,7,sub-01_ses-7_epoch-8,1,1
Raw,sub-01,7,sub-01_ses-7_epoch-8,2,1
Raw,sub-01,7,sub-01_ses-7_epoch-8,3,1
Raw,sub-01,7,sub-01_ses-7_epoch-8,4,1
Raw,sub-01,7,sub-01_ses-7_epoch-8,5,1
Raw,sub-01,7,sub-01_ses-7_epoch-8,6,1
Raw,sub-01,7,sub-01_ses-7_epoch-9,0,0
Raw,sub-01,7,sub-01_ses-7_epoch-9,1,0
Raw,sub-01,7,sub-01_ses-7_epoch-9,2,0
Raw,sub-01,7,sub-01_ses-7_epoch-9,3,0
Raw,sub-01,7,sub-01_ses-7_epoch-9,4,0
Raw,sub-01,7,sub-01_ses-7_epoch-9,5,0
Raw,sub-01,7,sub-01_ses-7_epoch-9,6,0
Raw,sub-01,7,sub-01_ses-7_epoch-9,7,0
Raw,sub-01,7,sub-01_ses-7_epoch-10,0,1
Raw,sub-01,7,sub-01_ses-7_epoch-10,1,1
Raw,sub-01,7,sub-01_ses-7_epoch-10,2,1
Raw,sub-01,7,sub-01_ses-7_epoch-10,3,1
Raw,sub-01,7,sub-01_ses-7_epoch-10,4,1
Raw,sub-01,7,sub-01_ses-7_epoch-10,5,1
Raw,sub-01,7,sub-01_ses-7_epoch-10,6,1
Raw,sub-01,7,sub-01_ses-7_epoch-11,0,0
Raw,sub-01,7,sub-01_ses-7_epoch-11,1,0
Raw,sub-01,7,sub-01_ses-7_epoch-11,2,0
Raw,sub-01,7,sub-01_ses-7_epoch-11,3,0
Raw,sub-01,7,sub-01_ses-7_epoch-11,4,0
Raw,sub-01,7,sub-01_ses-7_epoch-11,5,0
Raw,sub-01,7,sub-01_ses-7_epoch-11,6,0
Raw,sub-01,7,sub-01_ses-7_epoch-11,7,0
Raw,sub-01,7,sub-01_ses-7_epoch-12,0,1
Raw,sub-01,7,sub-01_ses-7_epoch-12,1,1
Raw,sub-01,7,sub-01_ses-7_epoch-12,2,1
Raw,sub-01,7,sub-01_ses-7_epoch-12,3,1
Raw,sub-01,7,sub-01_ses-7_epoch-12,4,1
Raw,sub-01,7,sub-01_ses-7_epoch-12,5,1
Raw,sub-01,7,sub-01_ses-7_epoch-12,6,1
Raw,sub-01,7,sub-01_ses-7_epoch-13,0,0
Raw,sub-01,7,sub-01_ses-7_epoch-13,1,0
Raw,sub-01,7,sub-01_ses-7_epoch-13,2,0
Raw,sub-01,7,sub-01_ses-7_epoch-13,3,0
Raw,sub-01,7,sub-01_ses-7_epoch-13,4,0
Raw,sub-01,7,sub-01_ses-7_epoch-13,5,0
Raw,sub-01,7,sub-01_ses-7_epoch-13,6,0
Raw,sub-01,7,sub-01_ses-7_epoch-13,7,0
Raw,sub-01,7,sub-01_ses-7_epoch-14,0,1
Raw,sub-01,7,sub-01_ses-7_epoch-14,1,1
Raw,sub-01,7,sub-01_ses-7_epoch-14,2,1
Raw,sub-01,7,sub-01_ses-7_epoch-14,3,1
Raw,sub-01,7,sub-01_ses-7_epoch-14,4,1
Raw,sub-01,7,sub-01_ses-7_epoch-14,5,1
Raw,sub-01,7,sub-01_ses-7_epoch-14,6,1
Raw,sub-01,7,sub-01_ses-7_epoch-15,0,0
Raw,sub-01,7,sub-01_ses-7_epoch-15,1,0
Raw,sub-01,7,sub-01_ses-7_epoch-15,2,0
Raw,sub-01,7,sub-01_ses-7_epoch-15,3,0
Raw,sub-01,7,sub-01_ses-7_epoch-15,4,0
Raw,sub-01,7,sub-01_ses-7_epoch-15,5,0
Raw,sub-01,7,sub-01_ses-7_epoch-15,6,0
Raw,sub-01,7,sub-01_ses-7_epoch-15,7,0
Raw,sub-01,7,sub-01_ses-7_epoch-16,0,1
Raw,sub-01,7,sub-01_ses-7_epoch-16,1,1
Raw,sub-01,7,sub-01_ses-7_epoch-16,2,1
Raw,sub-01,7,sub-01_ses-7_epoch-16,3,1
Raw,sub-01,7,sub-01_ses-7_epoch-16,4,1
Raw,sub-01,7,sub-01_ses-7_epoch-16,5,1
Raw,sub-01,7,sub-01_ses-7_epoch-16,6,1
Raw,sub-01,7,sub-01_ses-7_epoch-17,0,0
Raw,sub-01,7,sub-01_ses-7_epoch-17,1,0
Raw,sub-01,7,sub-01_ses-7_epoch-17,2,0
Raw,sub-01,7,sub-01_ses-7_epoch-17,3,0
Raw,sub-01,7,sub-01_ses-7_epoch-17,4,0
Raw,sub-01,7,sub-01_ses-7_epoch-17,5,0
Raw,sub-01,7,sub-01_ses-7_epoch-17,6,0
Raw,sub-01,7,sub-01_ses-7_epoch-17,7,0
Raw,sub-01,7,sub-01_ses-7_epoch-18,0,1
Raw,sub-01,7,sub-01_ses-7_epoch-18,1,1
Raw,sub-01,7,sub-01_ses-7_epoch-18,2,1
Raw,sub-01,7,sub-01_ses-7_epoch-18,3,1
Raw,sub-01,7,sub-01_ses-7_epoch-18,4,1
Raw,sub-01,7,sub-01_ses-7_epoch-18,5,1
Raw,sub-01,7,sub-01_ses-7_epoch-18,6,1
Raw,sub-01,7,sub-01_ses-7_epoch-19,0,0
Raw,sub-01,7,sub-01_ses-7_epoch-19,1,0
Raw,sub-01,7,sub-01_ses-7_epoch-19,2,0
Raw,sub-01,7,sub-01_ses-7_epoch-19,3,0
Raw,sub-01,7,sub-01_ses-7_epoch-19,4,0
Raw,sub-01,7,sub-01_ses-7_epoch-19,5,0
Raw,sub-01,7,sub-01_ses-7_epoch-19,6,0
Raw,sub-01,7,sub-01_ses-7_epoch-19,7,0
Raw,sub-01,7,sub-01_ses-7_epoch-20,0,1
Raw,sub-01,7,sub-01_ses-7_epoch-20,1,1
Raw,sub-01,7,sub-01_ses-7_epoch-20,2,1
Raw,sub-01,7,sub-01_ses-7_epoch-20,3,1
Raw,sub-01,7,sub-01_ses-7_epoch-20,4,1
Raw,sub-01,7,sub-01_ses-7_epoch-20,5,1
Raw,sub-01,7,sub-01_ses-7_epoch-20,6,1
Raw,sub-01,7,sub-01_ses-7_epoch-21,0,0
Raw,sub-01,7,sub-01_ses-7_epoch-21,1,0
Raw,sub-01,7,sub-01_ses-7_epoch-21,2,0
Raw,sub-01,7,sub-01_ses-7_epoch-21,3,0
Raw,sub-01,7,sub-01_ses-7_epoch-21,4,0
Raw,sub-01,7,sub-01_ses-7_epoch-21,5,0
Raw,sub-01,7,sub-01_ses-7_epoch-21,6,0
Raw,sub-01,7,sub-01_ses-7_epoch-21,7,0
Raw,sub-01,7,sub-01_ses-7_epoch-22,0,1
Raw,sub-01,7,sub-01_ses-7_epoch-22,1,1
Raw,sub-01,7,sub-01_ses-7_epoch-22,2,1
Raw,sub-01,7,sub-01_ses-7_epoch-22,3,1
Raw,sub-01,7,sub-01_ses-7_epoch-22,4,1
Raw,sub-01,7,sub-01_ses-7_epoch-22,5,1
Raw,sub-01,7,sub-01_ses-7_epoch-22,6,1
Raw,sub-01,7,sub-01_ses-7_epoch-23,0,0
Raw,sub-01,7,sub-01_ses-7_epoch-23,1,0
Raw,sub-01,7,sub-01_ses-7_epoch-23,2,0
Raw,sub-01,7,sub-01_ses-7_epoch-23,3,0
Raw,sub-01,7,sub-01_ses-7_epoch-23,4,0
Raw,sub-01,7,sub-01_ses-7_epoch-23,5,0
Raw,sub-01,7,sub-01_ses-7_epoch-23,6,0
Raw,sub-01,7,sub-01_ses-7_epoch-23,7,0
Raw,sub-01,7,sub-01_ses-7_epoch-24,0,1
Raw,sub-01,7,sub-01_ses-7_epoch-24,1,1
Raw,sub-01,7,sub-01_ses-7_epoch-24,2,1
Raw,sub-01,7,sub-01_ses-7_epoch-24,3,1
Raw,sub-01,7,sub-01_ses-7_epoch-24,4,1
Raw,sub-01,7,sub-01_ses-7_epoch-24,5,1
Raw,sub-01,7,sub-01_ses-7_epoch-24,6,1
Raw,sub-01,7,sub-01_ses-7_epoch-25,0,0
Raw,sub-01,7,sub-01_ses-7_epoch-25,1,0
Raw,sub-01,7,sub-01_ses-7_epoch-25,2,0
Raw,sub-01,7,sub-01_ses-7_epoch-25,3,0
Raw,sub-01,7,sub-01_ses-7_epoch-25,4,0
Raw,sub-01,7,sub-01_ses-7_epoch-25,5,0
Raw,sub-01,7,sub-01_ses-7_epoch-25,6,0
Raw,sub-01,7,sub-01_ses-7_epoch-25,7,0
Raw,sub-01,7,sub-01_ses-7_epoch-26,0,1
Raw,sub-01,7,sub-01_ses-7_epoch-26,1,1
Raw,sub-01,7,sub-01_ses-7_epoch-26,2,1
Raw,sub-01,7,sub-01_ses-7_epoch-26,3,1
Raw,sub-01,7,sub-01_ses-7_epoch-26,4,1
Raw,sub-01,7,sub-01_ses-7_epoch-26,5,1
Raw,sub-01,7,sub-01_ses-7_epoch-26,6,1
Raw,sub-01,7,sub-01_ses-7_epoch-27,0,0
Raw,sub-01,7,sub-01_ses-7_epoch-27,1,0
Raw,sub-01,7,sub-01_ses-7_epoch-27,2,0
Raw,sub-01,7,sub-01_ses-7_epoch-27,3,0
Raw,sub-01,7,sub-01_ses-7_epoch-27,4,0
Raw,sub-01,7,sub-01_ses-7_epoch-27,5,0
Raw,sub-01,7,sub-01_ses-7_epoch-27,6,0
Raw,sub-01,7,sub-01_ses-7_epoch-27,7,0
Raw,sub-01,7,sub-01_ses-7_epoch-28,0,1
Raw,sub-01,7,sub-01_ses-7_epoch-28,1,1
Raw,sub-01,7,sub-01_ses-7_epoch-28,2,1
Raw,sub-01,7,sub-01_ses-7_epoch-28,3,1
Raw,sub-01,7,sub-01_ses-7_epoch-28,4,1
Raw,sub-01,7,sub-01_ses-7_epoch-28,5,1
Raw,sub-01,7,sub-01_ses-7_epoch-28,6,1
Raw,sub-01,7,sub-01_ses-7_epoch-29,0,0
Raw,sub-01,7,sub-01_ses-7_epoch-29,1,0
Raw,sub-01,7,sub-01_ses-7_epoch-29,2,0
Raw,sub-01,7,sub-01_ses-7_epoch-29,3,0
Raw,sub-01,7,sub-01_ses-7_epoch-29,4,0
Raw,sub-01,7,sub-01_ses-7_epoch-29,5,0
Raw,sub-01,7,sub-01_ses-7_epoch-29,6,0
Raw,sub-01,7,sub-01_ses-7_epoch-29,7,0
Raw,sub-01,7,sub-01_ses-7_epoch-30,0,1
Raw,sub-01,7,sub-01_ses-7_epoch-30,1,1
Raw,sub-01,7,sub-01_ses-7_epoch-30,2,1
Raw,sub-01,7,sub-01_ses-7_epoch-30,3,1
Raw,sub-01,7,sub-01_ses-7_epoch-30,4,1
Raw,sub-01,7,sub-01_ses-7_epoch-30,5,1
Raw,sub-01,7,sub-01_ses-7_epoch-30,6,1
Raw,sub-01,7,sub-01_ses-7_epoch-31,0,0
Raw,sub-01,7,sub-01_ses-7_epoch-31,1,0
Raw,sub-01,7,sub-01_ses-7_epoch-31,2,0
Raw,sub-01,7,sub-01_ses-7_epoch-31,3,0
Raw,sub-01,7,sub-01_ses-7_epoch-31,4,0
Raw,sub-01,7,sub-01_ses-7_epoch-31,5,0
Raw,sub-01,7,sub-01_ses-7_epoch-31,6,0
Raw,sub-01,7,sub-01_ses-7_epoch-31,7,0
Raw,sub-01,7,sub-01_ses-7_epoch-32,0,1
Raw,sub-01,7,sub-01_ses-7_epoch-32,1,1
Raw,sub-01,7,sub-01_ses-7_epoch-32,2,1
Raw,sub-01,7,sub-01_ses-7_epoch-32,3,1
Raw,sub-01,7,sub-01_ses-7_epoch-32,4,1
Raw,sub-01,7,sub-01_ses-7_epoch-32,5,1
Raw,sub-01,7,sub-01_ses-7_epoch-32,6,1
Raw,sub-01,7,sub-01_ses-7_epoch-33,0,0
Raw,sub-01,7,sub-01_ses-7_epoch-33,1,0
Raw,sub-01,7,sub-01_ses-7_epoch-33,2,0
Raw,sub-01,7,sub-01_ses-7_epoch-33,3,0
Raw,sub-01,7,sub-01_ses-7_epoch-33,4,0
Raw,sub-01,7,sub-01_ses-7_epoch-33,5,0
Raw,sub-01,7,sub-01_ses-7_epoch-33,6,0
Raw,sub-01,7,sub-01_ses-7_epoch-33,7,0
Raw,sub-01,7,sub-01_ses-7_epoch-34,0,0
Raw,sub-01,7,sub-01_ses-7_epoch-34,1,0
Raw,sub-01,7,sub-01_ses-7_epoch-34,2,0
Raw,sub-01,7,sub-01_ses-7_epoch-34,3,0
Raw,sub-01,7,sub-01_ses-7_epoch-34,4,0
Raw,sub-01,7,sub-01_ses-7_epoch-34,5,0
Raw,sub-01,7,sub-01_ses-7_epoch-34,6,0
Raw,sub-01,7,sub-01_ses-7_epoch-34,7,0
Raw,sub-01,7,sub-01_ses-7_epoch-35,0,1
Raw,sub-01,7,sub-01_ses-7_epoch-35,1,1
Raw,sub-01,7,sub-01_ses-7_epoch-35,2,1
Raw,sub-01,7,sub-01_ses-7_epoch-35,3,1
Raw,sub-01,7,sub-01_ses-7_epoch-35,4,1
Raw,sub-01,7,sub-01_ses-7_epoch-35,5,1
Raw,sub-01,7,sub-01_ses-7_epoch-35,6,1
Raw,sub-01,7,sub-01_ses-7_epoch-36,0,0
Raw,sub-01,7,sub-01_ses-7_epoch-36,1,0
Raw,sub-01,7,sub-01_ses-7_epoch-36,2,0
Raw,sub-01,7,sub-01_ses-7_epoch-36,3,0
Raw,sub-01,7,sub-01_ses-7_epoch-36,4,0
Raw,sub-01,7,sub-01_ses-7_epoch-36,5,0
Raw,sub-01,7,sub-01_ses-7_epoch-36,6,0
Raw,sub-01,7,sub-01_ses-7_epoch-36,7,0
Raw,sub-01,7,sub-01_ses-7_epoch-37,0,1
Raw,sub-01,7,sub-01_ses-7_epoch-37,1,1
Raw,sub-01,7,sub-01_ses-7_epoch-37,2,1
Raw,sub-01,7,sub-01_ses-7_epoch-37,3,1
Raw,sub-01,7,sub-01_ses-7_epoch-37,4,1
Raw,sub-01,7,sub-01_ses-7_epoch-37,5,1
Raw,sub-01,7,sub-01_ses-7_epoch-37,6,1
Raw,sub-01,7,sub-01_ses-7_epoch-38,0,0
Raw,sub-01,7,sub-01_ses-7_epoch-38,1,0
Raw,sub-01,7,sub-01_ses-7_epoch-38,2,0
Raw,sub-01,7,sub-01_ses-7_epoch-38,3,0
Raw,sub-01,7,sub-01_ses-7_epoch-38,4,0
Raw,sub-01,7,sub-01_ses-7_epoch-38,5,0
Raw,sub-01,7,sub-01_ses-7_epoch-38,6,0
Raw,sub-01,7,sub-01_ses-7_epoch-38,7,0
Raw,sub-01,7,sub-01_ses-7_epoch-39,0,1
Raw,sub-01,7,sub-01_ses-7_epoch-39,1,1
Raw,sub-01,7,sub-01_ses-7_epoch-39,2,1
Raw,sub-01,7,sub-01_ses-7_epoch-39,3,1
Raw,sub-01,7,sub-01_ses-7_epoch-39,4,1
Raw,sub-01,7,sub-01_ses-7_epoch-39,5,1
Raw,sub-01,7,sub-01_ses-7_epoch-39,6,1
Raw,sub-01,7,sub-01_ses-7_epoch-40,0,0
Raw,sub-01,7,sub-01_ses-7_epoch-40,1,0
Raw,sub-01,7,sub-01_ses-7_epoch-40,2,0
Raw,sub-01,7,sub-01_ses-7_epoch-40,3,0
Raw,sub-01,7,sub-01_ses-7_epoch-40,4,0
Raw,sub-01,7,sub-01_ses-7_epoch-40,5,0
Raw,sub-01,7,sub-01_ses-7_epoch-40,6,0
Raw,sub-01,7,sub-01_ses-7_epoch-40,7,0
Raw,sub-01,7,sub-01_ses-7_epoch-41,0,1
Raw,sub-01,7,sub-01_ses-7_epoch-41,1,1
Raw,sub-01,7,sub-01_ses-7_epoch-41,2,1
Raw,sub-01,7,sub-01_ses-7_epoch-41,3,1
Raw,sub-01,7,sub-01_ses-7_epoch-41,4,1
Raw,sub-01,7,sub-01_ses-7_epoch-41,5,1
Raw,sub-01,7,sub-01_ses-7_epoch-41,6,1
Raw,sub-01,7,sub-01_ses-7_epoch-42,0,0
Raw,sub-01,7,sub-01_ses-7_epoch-42,1,0
Raw,sub-01,7,sub-01_ses-7_epoch-42,2,0
Raw,sub-01,7,sub-01_ses-7_epoch-42,3,0
Raw,sub-01,7,sub-01_ses-7_epoch-42,4,0
Raw,sub-01,7,sub-01_ses-7_epoch-42,5,0
Raw,sub-01,7,sub-01_ses-7_epoch-42,6,0
Raw,sub-01,7,sub-01_ses-7_epoch-42,7,0
Raw,sub-01,7,sub-01_ses-7_epoch-43,0,1
Raw,sub-01,7,sub-01_ses-7_epoch-43,1,1
Raw,sub-01,7,sub-01_ses-7_epoch-43,2,1
Raw,sub-01,7,sub-01_ses-7_epoch-43,3,1
Raw,sub-01,7,sub-01_ses-7_epoch-43,4,1
Raw,sub-01,7,sub-01_ses-7_epoch-43,5,1
Raw,sub-01,7,sub-01_ses-7_epoch-43,6,1
Raw,sub-01,7,sub-01_ses-7_epoch-44,0,0
Raw,sub-01,7,sub-01_ses-7_epoch-44,1,0
Raw,sub-01,7,sub-01_ses-7_epoch-44,2,0
Raw,sub-01,7,sub-01_ses-7_epoch-44,3,0
Raw,sub-01,7,sub-01_ses-7_epoch-44,4,0
Raw,sub-01,7,sub-01_ses-7_epoch-44,5,0
Raw,sub-01,7,sub-01_ses-7_epoch-44,6,0
Raw,sub-01,7,sub-01_ses-7_epoch-44,7,0
Raw,sub-01,7,sub-01_ses-7_epoch-45,0,1
Raw,sub-01,7,sub-01_ses-7_epoch-45,1,1
Raw,sub-01,7,sub-01_ses-7_epoch-45,2,1
Raw,sub-01,7,sub-01_ses-7_epoch-45,3,1
Raw,sub-01,7,sub-01_ses-7_epoch-45,4,1
Raw,sub-01,7,sub-01_ses-7_epoch-45,5,1
Raw,sub-01,7,sub-01_ses-7_epoch-45,6,1
Raw,sub-01,7,sub-01_ses-7_epoch-46,0,0
Raw,sub-01,7,sub-01_ses-7_epoch-46,1,0
Raw,sub-01,7,sub-01_ses-7_epoch-46,2,0
Raw,sub-01,7,sub-01_ses-7_epoch-46,3,0
Raw,sub-01,7,sub-01_ses-7_epoch-46,4,0
Raw,sub-01,7,sub-01_ses-7_epoch-46,5,0
Raw,sub-01,7,sub-01_ses-7_epoch-46,6,0
Raw,sub-01,7,sub-01_ses-7_epoch-46,7,0
Raw,sub-01,7,sub-01_ses-7_epoch-47,0,1
Raw,sub-01,7,sub-01_ses-7_epoch-47,1,1
Raw,sub-01,7,sub-01_ses-7_epoch-47,2,1
Raw,sub-01,7,sub-01_ses-7_epoch-47,3,1
Raw,sub-01,7,sub-01_ses-7_epoch-47,4,1
Raw,sub-01,7,sub-01_ses-7_epoch-47,5,1
Raw,sub-01,7,sub-01_ses-7_epoch-47,6,1
Raw,sub-01,7,sub-01_ses-7_epoch-48,0,0
Raw,sub-01,7,sub-01_ses-7_epoch-48,1,0
Raw,sub-01,7,sub-01_ses-7_epoch-48,2,0
Raw,sub-01,7,sub-01_ses-7_epoch-48,3,0
Raw,sub-01,7,sub-01_ses-7_epoch-48,4,0
Raw,sub-01,7,sub-01_ses-7_epoch-48,5,0
Raw,sub-01,7,sub-01_ses-7_epoch-48,6,0
Raw,sub-01,7,sub-01_ses-7_epoch-48,7,0
Raw,sub-01,7,sub-01_ses-7_epoch-49,0,1
Raw,sub-01,7,sub-01_ses-7_epoch-49,1,1
Raw,sub-01,7,sub-01_ses-7_epoch-49,2,1
Raw,sub-01,7,sub-01_ses-7_epoch-49,3,1
Raw,sub-01,7,sub-01_ses-7_epoch-49,4,1
Raw,sub-01,7,sub-01_ses-7_epoch-49,5,1
Raw,sub-01,7,sub-01_ses-7_epoch-49,6,1
Raw,sub-01,7,sub-01_ses-7_epoch-50,0,0
Raw,sub-01,7,sub-01_ses-7_epoch-50,1,0
Raw,sub-01,7,sub-01_ses-7_epoch-50,2,0
Raw,sub-01,7,sub-01_ses-7_epoch-50,3,0
Raw,sub-01,7,sub-01_ses-7_epoch-50,4,0
Raw,sub-01,7,sub-01_ses-7_epoch-50,5,0
Raw,sub-01,7,sub-01_ses-7_epoch-50,6,0
Raw,sub-01,7,sub-01_ses-7_epoch-50,7,0
Raw,sub-01,7,sub-01_ses-7_epoch-51,0,1
Raw,sub-01,7,sub-01_ses-7_epoch-51,1,1
Raw,sub-01,7,sub-01_ses-7_epoch-51,2,1
Raw,sub-01,7,sub-01_ses-7_epoch-51,3,1
Raw,sub-01,7,sub-01_ses-7_epoch-51,4,1
Raw,sub-01,7,sub-01_ses-7_epoch-51,5,1
Raw,sub-01,7,sub-01_ses-7_epoch-51,6,1
Raw,sub-01,7,sub-01_ses-7_epoch-52,0,0
Raw,sub-01,7,sub-01_ses-7_epoch-52,1,0
Raw,sub-01,7,sub-01_ses-7_epoch-52,2,0
Raw,sub-01,7,sub-01_ses-7_epoch-52,3,0
Raw,sub-01,7,sub-01_ses-7_epoch-52,4,0
Raw,sub-01,7,sub-01_ses-7_epoch-52,5,0
Raw,sub-01,7,sub-01_ses-7_epoch-52,6,0
Raw,sub-01,7,sub-01_ses-7_epoch-52,7,0
Raw,sub-01,7,sub-01_ses-7_epoch-53,0,1
Raw,sub-01,7,sub-01_ses-7_epoch-53,1,1
Raw,sub-01,7,sub-01_ses-7_epoch-53,2,1
Raw,sub-01,7,sub-01_ses-7_epoch-53,3,1
Raw,sub-01,7,sub-01_ses-7_epoch-53,4,1
Raw,sub-01,7,sub-01_ses-7_epoch-53,5,1
Raw,sub-01,7,sub-01_ses-7_epoch-53,6,1
Raw,sub-01,7,sub-01_ses-7_epoch-54,0,0
Raw,sub-01,7,sub-01_ses-7_epoch-54,1,0
Raw,sub-01,7,sub-01_ses-7_epoch-54,2,0
Raw,sub-01,7,sub-01_ses-7_epoch-54,3,0
Raw,sub-01,7,sub-01_ses-7_epoch-54,4,0
Raw,sub-01,7,sub-01_ses-7_epoch-54,5,0
Raw,sub-01,7,sub-01_ses-7_epoch-54,6,0
Raw,sub-01,7,sub-01_ses-7_epoch-54,7,0
Raw,sub-01,7,sub-01_ses-7_epoch-55,0,0
Raw,sub-01,7,sub-01_ses-7_epoch-55,1,0
Raw,sub-01,7,sub-01_ses-7_epoch-55,2,0
Raw,sub-01,7,sub-01_ses-7_epoch-55,3,0
Raw,sub-01,7,sub-01_ses-7_epoch-55,4,0
Raw,sub-01,7,sub-01_ses-7_epoch-55,5,0
Raw,sub-01,7,sub-01_ses-7_epoch-55,6,0
Raw,sub-01,7,sub-01_ses-7_epoch-55,7,0
ICA-cleaned,sub-01,7,sub-01_ses-7_epoch-1,0,0
ICA-cleaned,sub-01,7,sub-01_ses-7_epoch-1,1,0
ICA-cleaned,sub-01,7,sub-01_ses-7_epoch-1,2,0
ICA-cleaned,sub-01,7,sub-01_ses-7_epoch-1,3,0
ICA-cleaned,sub-01,7,sub-01_ses-7_epoch-1,4,0
ICA-cleaned,sub-01,7,sub-01_ses-7_epoch-1,5,0
ICA-cleaned,sub-01,7,sub-01_ses-7_epoch-1,6,0
ICA-cleaned,sub-01,7,sub-01_ses-7_epoch-1,7,0
ICA-cleaned,sub-01,7,sub-01_ses-7_epoch-2,0,0
ICA-cleaned,sub-01,7,sub-01_ses-7_epoch-2,1,0
ICA-cleaned,sub-01,7,sub-01_ses-7_epoch-2,2,0
ICA-cleaned,sub-01,7,sub-01_ses-7_epoch-2,3,0
ICA-cleaned,sub-01,7,sub-01_ses-7_epoch-2,4,0
ICA-cleaned,sub-01,7,sub-01_ses-7_epoch-2,5,0
ICA-cleaned,sub-01,7,sub-01_ses-7_epoch-2,6,0
ICA-cleaned,sub-01,7,sub-01_ses-7_epoch-2,7,0
ICA-cleaned,sub-01,7,sub-01_ses-7_epoch-3,0,0
ICA-cleaned,sub-01,7,sub-01_ses-7_epoch-3,1,0
ICA-cleaned,sub-01,7,sub-01_ses-7_epoch-3,2,0
ICA-cleaned,sub-01,7,sub-01_ses-7_epoch-3,3,0
ICA-cleaned,sub-01,7,sub-01_ses-7_epoch-3,4,0
ICA-cleaned,sub-01,7,sub-01_ses-7_epoch-3,5,0
ICA-cleaned,sub-01,7,sub-01_ses-7_epoch-3,6,0
ICA-cleaned,sub-01,7,sub-01_ses-7_epoch-3,7,0
ICA-cleaned,sub-01,7,sub-01_ses-7_epoch-4,0,1
ICA-cleaned,sub-01,7,sub-01_ses-7_epoch-4,1,1
ICA-cleaned,sub-01,7,sub-01_ses-7_epoch-4,2,1
ICA-cleaned,sub-01,7,sub-01_ses-7_epoch-4,3,1
ICA-cleaned,sub-01,7,sub-01_ses-7_epoch-4,4,1
ICA-cleaned,sub-01,7,sub-01_ses-7_epoch-4,5,1
ICA-cleaned,sub-01,7,sub-01_ses-7_epoch-4,6,1
ICA-cleaned,sub-01,7,sub-01_ses-7_epoch-5,0,0
ICA-cleaned,sub-01,7,sub-01_ses-7_epoch-5,1,0
ICA-cleaned,sub-01,7,sub-01_ses-7_epoch-5,2,0
ICA-cleaned,sub-01,7,sub-01_ses-7_epoch-5,3,0
ICA-cleaned,sub-01,7,sub-01_ses-7_epoch-5,4,0
ICA-cleaned,sub-01,7,sub-01_ses-7_epoch-5,5,0
ICA-cleaned,sub-01,7,sub-01_ses-7_epoch-5,6,0
ICA-cleaned,sub-01,7,sub-01_ses-7_epoch-5,7,0
ICA-cleaned,sub-01,7,sub-01_ses-7_epoch-6,0,1
ICA-cleaned,sub-01,7,sub-01_ses-7_epoch-6,1,1
ICA-cleaned,sub-01,7,sub-01_ses-7_epoch-6,2,1
ICA-cleaned,sub-01,7,sub-01_ses-7_epoch-6,3,1
ICA-cleaned,sub-01,7,sub-01_ses-7_epoch-6,4,1
ICA-cleaned,sub-01,7,sub-01_ses-7_epoch-6,5,1
ICA-cleaned,sub-01,7,sub-01_ses-7_epoch-6,6,1
ICA-cleaned,sub-01,7,sub-01_ses-7_epoch-7,0,0
ICA-cleaned,sub-01,7,sub-01_ses-7_epoch-7,1,0
ICA-cleaned,sub-01,7,sub-01_ses-7_epoch-7,2,0
ICA-cleaned,sub-01,7,sub-01_ses-7_epoch-7,3,0
ICA-cleaned,sub-01,7,sub-01_ses-7_epoch-7,4,0
ICA-cleaned,sub-01,7,sub-01_ses-7_epoch-7,5,0
ICA-cleaned,sub-01,7,sub-01_ses-7_epoch-7,6,0
ICA-cleaned,sub-01,7,sub-01_ses-7_epoch-7,7,0
ICA-cleaned,sub-01,7,sub-01_ses-7_epoch-8,0,1
ICA-cleaned,sub-01,7,sub-01_ses-7_epoch-8,1,1
ICA-cleaned,sub-01,7,sub-01_ses-7_epoch-8,2,1
ICA-cleaned,sub-01,7,sub-01_ses-7_epoch-8,3,1
ICA-cleaned,sub-01,7,sub-01_ses-7_epoch-8,4,1
ICA-cleaned,sub-01,7,sub-01_ses-7_epoch-8,5,1
ICA-cleaned,sub-01,7,sub-01_ses-7_epoch-8,6,1
ICA-cleaned,sub-01,7,sub-01_ses-7_epoch-9,0,0
ICA-cleaned,sub-01,7,sub-01_ses-7_epoch-9,1,0
ICA-cleaned,sub-01,7,sub-01_ses-7_epoch-9,2,0
ICA-cleaned,sub-01,7,sub-01_ses-7_epoch-9,3,0
ICA-cleaned,sub-01,7,sub-01_ses-7_epoch-9,4,0
ICA-cleaned,sub-01,7,sub-01_ses-7_epoch-9,5,0
ICA-cleaned,sub-01,7,sub-01_ses-7_epoch-9,6,0
ICA-cleaned,sub-01,7,sub-01_ses-7_epoch-9,7,0
ICA-cleaned,sub-01,7,sub-01_ses-7_epoch-10,0,1
ICA-cleaned,sub-01,7,sub-01_ses-7_epoch-10,1,1
ICA-cleaned,sub-01,7,sub-01_ses-7_epoch-10,2,1
ICA-cleaned,sub-01,7,sub-01_ses-7_epoch-10,3,1
ICA-cleaned,sub-01,7,sub-01_ses-7_epoch-10,4,1
ICA-cleaned,sub-01,7,sub-01_ses-7_epoch-10,5,1
ICA-cleaned,sub-01,7,sub-01_ses-7_epoch-10,6,1
ICA-cleaned,sub-01,7,sub-01_ses-7_epoch-11,0,0
ICA-cleaned,sub-01,7,sub-01_ses-7_epoch-11,1,0
ICA-cleaned,sub-01,7,sub-01_ses-7_epoch-11,2,0
ICA-cleaned,sub-01,7,sub-01_ses-7_epoch-11,3,0
ICA-cleaned,sub-01,7,sub-01_ses-7_epoch-11,4,0
ICA-cleaned,sub-01,7,sub-01_ses-7_epoch-11,5,0
ICA-cleaned,sub-01,7,sub-01_ses-7_epoch-11,6,0
ICA-cleaned,sub-01,7,sub-01_ses-7_epoch-11,7,0
ICA-cleaned,sub-01,7,sub-01_ses-7_epoch-12,0,1
ICA-cleaned,sub-01,7,sub-01_ses-7_epoch-12,1,1
ICA-cleaned,sub-01,7,sub-01_ses-7_epoch-12,2,1
ICA-cleaned,sub-01,7,sub-01_ses-7_epoch-12,3,1
ICA-cleaned,sub-01,7,sub-01_ses-7_epoch-12,4,1
ICA-cleaned,sub-01,7,sub-01_ses-7_epoch-12,5,1
ICA-cleaned,sub-01,7,sub-01_ses-7_epoch-12,6,1
ICA-cleaned,sub-01,7,sub-01_ses-7_epoch-13,0,0
ICA-cleaned,sub-01,7,sub-01_ses-7_epoch-13,1,0
ICA-cleaned,sub-01,7,sub-01_ses-7_epoch-13,2,0
ICA-cleaned,sub-01,7,sub-01_ses-7_epoch-13,3,0
ICA-cleaned,sub-01,7,sub-01_ses-7_epoch-13,4,0
ICA-cleaned,sub-01,7,sub-01_ses-7_epoch-13,5,0
ICA-cleaned,sub-01,7,sub-01_ses-7_epoch-13,6,0
ICA-cleaned,sub-01,7,sub-01_ses-7_epoch-13,7,0
ICA-cleaned,sub-01,7,sub-01_ses-7_epoch-14,0,1
ICA-cleaned,sub-01,7,sub-01_ses-7_epoch-14,1,1
ICA-cleaned,sub-01,7,sub-01_ses-7_epoch-14,2,1
ICA-cleaned,sub-01,7,sub-01_ses-7_epoch-14,3,1
ICA-cleaned,sub-01,7,sub-01_ses-7_epoch-14,4,1
ICA-cleaned,sub-01,7,sub-01_ses-7_epoch-14,5,1
ICA-cleaned,sub-01,7,sub-01_ses-7_epoch-14,6,1
ICA-cleaned,sub-01,7,sub-01_ses-7_epoch-15,0,0
ICA-cleaned,sub-01,7,sub-01_ses-7_epoch-15,1,0
ICA-cleaned,sub-01,7,sub-01_ses-7_epoch-15,2,0
ICA-cleaned,sub-01,7,sub-01_ses-7_epoch-15,3,0
ICA-cleaned,sub-01,7,sub-01_ses-7_epoch-15,4,0
ICA-cleaned,sub-01,7,sub-01_ses-7_epoch-15,5,0
ICA-cleaned,sub-01,7,sub-01_ses-7_epoch-15,6,0
ICA-cleaned,sub-01,7,sub-01_ses-7_epoch-15,7,0
ICA-cleaned,sub-01,7,sub-01_ses-7_epoch-16,0,1
ICA-cleaned,sub-01,7,sub-01_ses-7_epoch-16,1,1
ICA-cleaned,sub-01,7,sub-01_ses-7_epoch-16,2,1
ICA-cleaned,sub-01,7,sub-01_ses-7_epoch-16,3,1
ICA-cleaned,sub-01,7,sub-01_ses-7_epoch-16,4,1
ICA-cleaned,sub-01,7,sub-01_ses-7_epoch-16,5,1
ICA-cleaned,sub-01,7,sub-01_ses-7_epoch-16,6,1
ICA-cleaned,sub-01,7,sub-01_ses-7_epoch-17,0,0
ICA-cleaned,sub-01,7,sub-01_ses-7_epoch-17,1,0
ICA-cleaned,sub-01,7,sub-01_ses-7_epoch-17,2,0
ICA-cleaned,sub-01,7,sub-01_ses-7_epoch-17,3,0
ICA-cleaned,sub-01,7,sub-01_ses-7_epoch-17,4,0
ICA-cleaned,sub-01,7,sub-01_ses-7_epoch-17,5,0
ICA-cleaned,sub-01,7,sub-01_ses-7_epoch-17,6,0
ICA-cleaned,sub-01,7,sub-01_ses-7_epoch-17,7,0
ICA-cleaned,sub-01,7,sub-01_ses-7_epoch-18,0,1
ICA-cleaned,sub-01,7,sub-01_ses-7_epoch-18,1,1
ICA-cleaned,sub-01,7,sub-01_ses-7_epoch-18,2,1
ICA-cleaned,sub-01,7,sub-01_ses-7_epoch-18,3,1
ICA-cleaned,sub-01,7,sub-01_ses-7_epoch-18,4,1
ICA-cleaned,sub-01,7,sub-01_ses-7_epoch-18,5,1
ICA-cleaned,sub-01,7,sub-01_ses-7_epoch-18,6,1
ICA-cleaned,sub-01,7,sub-01_ses-7_epoch-19,0,0
ICA-cleaned,sub-01,7,sub-01_ses-7_epoch-19,1,0
ICA-cleaned,sub-01,7,sub-01_ses-7_epoch-19,2,0
ICA-cleaned,sub-01,7,sub-01_ses-7_epoch-19,3,0
ICA-cleaned,sub-01,7,sub-01_ses-7_epoch-19,4,0
ICA-cleaned,sub-01,7,sub-01_ses-7_epoch-19,5,0
ICA-cleaned,sub-01,7,sub-01_ses-7_epoch-19,6,0
ICA-cleaned,sub-01,7,sub-01_ses-7_epoch-19,7,0
ICA-cleaned,sub-01,7,sub-01_ses-7_epoch-20,0,1
ICA-cleaned,sub-01,7,sub-01_ses-7_epoch-20,1,1
ICA-cleaned,sub-01,7,sub-01_ses-7_epoch-20,2,1
ICA-cleaned,sub-01,7,sub-01_ses-7_epoch-20,3,1
ICA-cleaned,sub-01,7,sub-01_ses-7_epoch-20,4,1
ICA-cleaned,sub-01,7,sub-01_ses-7_epoch-20,5,1
ICA-cleaned,sub-01,7,sub-01_ses-7_epoch-20,6,1
ICA-cleaned,sub-01,7,sub-01_ses-7_epoch-21,0,0
ICA-cleaned,sub-01,7,sub-01_ses-7_epoch-21,1,0
ICA-cleaned,sub-01,7,sub-01_ses-7_epoch-21,2,0
ICA-cleaned,sub-01,7,sub-01_ses-7_epoch-21,3,0
ICA-cleaned,sub-01,7,sub-01_ses-7_epoch-21,4,0
ICA-cleaned,sub-01,7,sub-01_ses-7_epoch-21,5,0
ICA-cleaned,sub-01,7,sub-01_ses-7_epoch-21,6,0
ICA-cleaned,sub-01,7,sub-01_ses-7_epoch-21,7,0
ICA-cleaned,sub-01,7,sub-01_ses-7_epoch-22,0,1
ICA-cleaned,sub-01,7,sub-01_ses-7_epoch-22,1,1
ICA-cleaned,sub-01,7,sub-01_ses-7_epoch-22,2,1
ICA-cleaned,sub-01,7,sub-01_ses-7_epoch-22,3,1
ICA-cleaned,sub-01,7,sub-01_ses-7_epoch-22,4,1
ICA-cleaned,sub-01,7,sub-01_ses-7_epoch-22,5,1
ICA-cleaned,sub-01,7,sub-01_ses-7_epoch-22,6,1
ICA-cleaned,sub-01,7,sub-01_ses-7_epoch-23,0,0
ICA-cleaned,sub-01,7,sub-01_ses-7_epoch-23,1,0
ICA-cleaned,sub-01,7,sub-01_ses-7_epoch-23,2,0
ICA-cleaned,sub-01,7,sub-01_ses-7_epoch-23,3,0
ICA-cleaned,sub-01,7,sub-01_ses-7_epoch-23,4,0
ICA-cleaned,sub-01,7,sub-01_ses-7_epoch-23,5,0
ICA-cleaned,sub-01,7,sub-01_ses-7_epoch-23,6,0
ICA-cleaned,sub-01,7,sub-01_ses-7_epoch-23,7,0
ICA-cleaned,sub-01,7,sub-01_ses-7_epoch-24,0,1
ICA-cleaned,sub-01,7,sub-01_ses-7_epoch-24,1,1
ICA-cleaned,sub-01,7,sub-01_ses-7_epoch-24,2,1
ICA-cleaned,sub-01,7,sub-01_ses-7_epoch-24,3,1
ICA-cleaned,sub-01,7,sub-01_ses-7_epoch-24,4,1
ICA-cleaned,sub-01,7,sub-01_ses-7_epoch-24,5,1
ICA-cleaned,sub-01,7,sub-01_ses-7_epoch-24,6,1
ICA-cleaned,sub-01,7,sub-01_ses-7_epoch-25,0,0
ICA-cleaned,sub-01,7,sub-01_ses-7_epoch-25,1,0
ICA-cleaned,sub-01,7,sub-01_ses-7_epoch-25,2,0
ICA-cleaned,sub-01,7,sub-01_ses-7_epoch-25,3,0
ICA-cleaned,sub-01,7,sub-01_ses-7_epoch-25,4,0
ICA-cleaned,sub-01,7,sub-01_ses-7_epoch-25,5,0
ICA-cleaned,sub-01,7,sub-01_ses-7_epoch-25,6,0
ICA-cleaned,sub-01,7,sub-01_ses-7_epoch-25,7,0
ICA-cleaned,sub-01,7,sub-01_ses-7_epoch-26,0,1
ICA-cleaned,sub-01,7,sub-01_ses-7_epoch-26,1,1
ICA-cleaned,sub-01,7,sub-01_ses-7_epoch-26,2,1
ICA-cleaned,sub-01,7,sub-01_ses-7_epoch-26,3,1
ICA-cleaned,sub-01,7,sub-01_ses-7_epoch-26,4,1
ICA-cleaned,sub-01,7,sub-01_ses-7_epoch-26,5,1
ICA-cleaned,sub-01,7,sub-01_ses-7_epoch-26,6,1
ICA-cleaned,sub-01,7,sub-01_ses-7_epoch-27,0,0
ICA-cleaned,sub-01,7,sub-01_ses-7_epoch-27,1,0
ICA-cleaned,sub-01,7,sub-01_ses-7_epoch-27,2,0
ICA-cleaned,sub-01,7,sub-01_ses-7_epoch-27,3,0
ICA-cleaned,sub-01,7,sub-01_ses-7_epoch-27,4,0
ICA-cleaned,sub-01,7,sub-01_ses-7_epoch-27,5,0
ICA-cleaned,sub-01,7,sub-01_ses-7_epoch-27,6,0
ICA-cleaned,sub-01,7,sub-01_ses-7_epoch-27,7,0
ICA-cleaned,sub-01,7,sub-01_ses-7_epoch-28,0,1
ICA-cleaned,sub-01,7,sub-01_ses-7_epoch-28,1,1
ICA-cleaned,sub-01,7,sub-01_ses-7_epoch-28,2,1
ICA-cleaned,sub-01,7,sub-01_ses-7_epoch-28,3,1
ICA-cleaned,sub-01,7,sub-01_ses-7_epoch-28,4,1
ICA-cleaned,sub-01,7,sub-01_ses-7_epoch-28,5,1
ICA-cleaned,sub-01,7,sub-01_ses-7_epoch-28,6,1
ICA-cleaned,sub-01,7,sub-01_ses-7_epoch-29,0,0
ICA-cleaned,sub-01,7,sub-01_ses-7_epoch-29,1,0
ICA-cleaned,sub-01,7,sub-01_ses-7_epoch-29,2,0
ICA-cleaned,sub-01,7,sub-01_ses-7_epoch-29,3,0
ICA-cleaned,sub-01,7,sub-01_ses-7_epoch-29,4,0
ICA-cleaned,sub-01,7,sub-01_ses-7_epoch-29,5,0
ICA-cleaned,sub-01,7,sub-01_ses-7_epoch-29,6,0
ICA-cleaned,sub-01,7,sub-01_ses-7_epoch-29,7,0
ICA-cleaned,sub-01,7,sub-01_ses-7_epoch-30,0,1
ICA-cleaned,sub-01,7,sub-01_ses-7_epoch-30,1,1
ICA-cleaned,sub-01,7,sub-01_ses-7_epoch-30,2,1
ICA-cleaned,sub-01,7,sub-01_ses-7_epoch-30,3,1
ICA-cleaned,sub-01,7,sub-01_ses-7_epoch-30,4,1
ICA-cleaned,sub-01,7,sub-01_ses-7_epoch-30,5,1
ICA-cleaned,sub-01,7,sub-01_ses-7_epoch-30,6,1
ICA-cleaned,sub-01,7,sub-01_ses-7_epoch-31,0,0
ICA-cleaned,sub-01,7,sub-01_ses-7_epoch-31,1,0
ICA-cleaned,sub-01,7,sub-01_ses-7_epoch-31,2,0
ICA-cleaned,sub-01,7,sub-01_ses-7_epoch-31,3,0
ICA-cleaned,sub-01,7,sub-01_ses-7_epoch-31,4,0
ICA-cleaned,sub-01,7,sub-01_ses-7_epoch-31,5,0
ICA-cleaned,sub-01,7,sub-01_ses-7_epoch-31,6,0
ICA-cleaned,sub-01,7,sub-01_ses-7_epoch-31,7,0
ICA-cleaned,sub-01,7,sub-01_ses-7_epoch-32,0,1
ICA-cleaned,sub-01,7,sub-01_ses-7_epoch-32,1,1
ICA-cleaned,sub-01,7,sub-01_ses-7_epoch-32,2,1
ICA-cleaned,sub-01,7,sub-01_ses-7_epoch-32,3,1
ICA-cleaned,sub-01,7,sub-01_ses-7_epoch-32,4,1
ICA-cleaned,sub-01,7,sub-01_ses-7_epoch-32,5,1
ICA-cleaned,sub-01,7,sub-01_ses-7_epoch-32,6,1
ICA-cleaned,sub-01,7,sub-01_ses-7_epoch-33,0,0
ICA-cleaned,sub-01,7,sub-01_ses-7_epoch-33,1,0
ICA-cleaned,sub-01,7,sub-01_ses-7_epoch-33,2,0
ICA-cleaned,sub-01,7,sub-01_ses-7_epoch-33,3,0
ICA-cleaned,sub-01,7,sub-01_ses-7_epoch-33,4,0
ICA-cleaned,sub-01,7,sub-01_ses-7_epoch-33,5,0
ICA-cleaned,sub-01,7,sub-01_ses-7_epoch-33,6,0
ICA-cleaned,sub-01,7,sub-01_ses-7_epoch-33,7,0
ICA-cleaned,sub-01,7,sub-01_ses-7_epoch-34,0,0
ICA-cleaned,sub-01,7,sub-01_ses-7_epoch-34,1,0
ICA-cleaned,sub-01,7,sub-01_ses-7_epoch-34,2,0
ICA-cleaned,sub-01,7,sub-01_ses-7_epoch-34,3,0
ICA-cleaned,sub-01,7,sub-01_ses-7_epoch-34,4,0
ICA-cleaned,sub-01,7,sub-01_ses-7_epoch-34,5,0
ICA-cleaned,sub-01,7,sub-01_ses-7_epoch-34,6,0
ICA-cleaned,sub-01,7,sub-01_ses-7_epoch-34,7,0
ICA-cleaned,sub-01,7,sub-01_ses-7_epoch-35,0,1
ICA-cleaned,sub-01,7,sub-01_ses-7_epoch-35,1,1
ICA-cleaned,sub-01,7,sub-01_ses-7_epoch-35,2,1
ICA-cleaned,sub-01,7,sub-01_ses-7_epoch-35,3,1
ICA-cleaned,sub-01,7,sub-01_ses-7_epoch-35,4,1
ICA-cleaned,sub-01,7,sub-01_ses-7_epoch-35,5,1
ICA-cleaned,sub-01,7,sub-01_ses-7_epoch-35,6,1
ICA-cleaned,sub-01,7,sub-01_ses-7_epoch-36,0,0
ICA-cleaned,sub-01,7,sub-01_ses-7_epoch-36,1,0
ICA-cleaned,sub-01,7,sub-01_ses-7_epoch-36,2,0
ICA-cleaned,sub-01,7,sub-01_ses-7_epoch-36,3,0
ICA-cleaned,sub-01,7,sub-01_ses-7_epoch-36,4,0
ICA-cleaned,sub-01,7,sub-01_ses-7_epoch-36,5,0
ICA-cleaned,sub-01,7,sub-01_ses-7_epoch-36,6,0
ICA-cleaned,sub-01,7,sub-01_ses-7_epoch-36,7,0
ICA-cleaned,sub-01,7,sub-01_ses-7_epoch-37,0,1
ICA-cleaned,sub-01,7,sub-01_ses-7_epoch-37,1,1
ICA-cleaned,sub-01,7,sub-01_ses-7_epoch-37,2,1
ICA-cleaned,sub-01,7,sub-01_ses-7_epoch-37,3,1
ICA-cleaned,sub-01,7,sub-01_ses-7_epoch-37,4,1
ICA-cleaned,sub-01,7,sub-01_ses-7_epoch-37,5,1
ICA-cleaned,sub-01,7,sub-01_ses-7_epoch-37,6,1
ICA-cleaned,sub-01,7,sub-01_ses-7_epoch-38,0,0
ICA-cleaned,sub-01,7,sub-01_ses-7_epoch-38,1,0
ICA-cleaned,sub-01,7,sub-01_ses-7_epoch-38,2,0
ICA-cleaned,sub-01,7,sub-01_ses-7_epoch-38,3,0
ICA-cleaned,sub-01,7,sub-01_ses-7_epoch-38,4,0
ICA-cleaned,sub-01,7,sub-01_ses-7_epoch-38,5,0
ICA-cleaned,sub-01,7,sub-01_ses-7_epoch-38,6,0
ICA-cleaned,sub-01,7,sub-01_ses-7_epoch-38,7,0
ICA-cleaned,sub-01,7,sub-01_ses-7_epoch-39,0,1
ICA-cleaned,sub-01,7,sub-01_ses-7_epoch-39,1,1
ICA-cleaned,sub-01,7,sub-01_ses-7_epoch-39,2,1
ICA-cleaned,sub-01,7,sub-01_ses-7_epoch-39,3,1
ICA-cleaned,sub-01,7,sub-01_ses-7_epoch-39,4,1
ICA-cleaned,sub-01,7,sub-01_ses-7_epoch-39,5,1
ICA-cleaned,sub-01,7,sub-01_ses-7_epoch-39,6,1
ICA-cleaned,sub-01,7,sub-01_ses-7_epoch-40,0,0
ICA-cleaned,sub-01,7,sub-01_ses-7_epoch-40,1,0
ICA-cleaned,sub-01,7,sub-01_ses-7_epoch-40,2,0
ICA-cleaned,sub-01,7,sub-01_ses-7_epoch-40,3,0
ICA-cleaned,sub-01,7,sub-01_ses-7_epoch-40,4,0
ICA-cleaned,sub-01,7,sub-01_ses-7_epoch-40,5,0
ICA-cleaned,sub-01,7,sub-01_ses-7_epoch-40,6,0
ICA-cleaned,sub-01,7,sub-01_ses-7_epoch-40,7,0
ICA-cleaned,sub-01,7,sub-01_ses-7_epoch-41,0,1
ICA-cleaned,sub-01,7,sub-01_ses-7_epoch-41,1,1
ICA-cleaned,sub-01,7,sub-01_ses-7_epoch-41,2,1
ICA-cleaned,sub-01,7,sub-01_ses-7_epoch-41,3,1
ICA-cleaned,sub-01,7,sub-01_ses-7_epoch-41,4,1
ICA-cleaned,sub-01,7,sub-01_ses-7_epoch-41,5,1
ICA-cleaned,sub-01,7,sub-01_ses-7_epoch-41,6,1
ICA-cleaned,sub-01,7,sub-01_ses-7_epoch-42,0,0
ICA-cleaned,sub-01,7,sub-01_ses-7_epoch-42,1,0
ICA-cleaned,sub-01,7,sub-01_ses-7_epoch-42,2,0
ICA-cleaned,sub-01,7,sub-01_ses-7_epoch-42,3,0
ICA-cleaned,sub-01,7,sub-01_ses-7_epoch-42,4,0
ICA-cleaned,sub-01,7,sub-01_ses-7_epoch-42,5,0
ICA-cleaned,sub-01,7,sub-01_ses-7_epoch-42,6,0
ICA-cleaned,sub-01,7,sub-01_ses-7_epoch-42,7,0
ICA-cleaned,sub-01,7,sub-01_ses-7_epoch-43,0,1
ICA-cleaned,sub-01,7,sub-01_ses-7_epoch-43,1,1
ICA-cleaned,sub-01,7,sub-01_ses-7_epoch-43,2,1
ICA-cleaned,sub-01,7,sub-01_ses-7_epoch-43,3,1
ICA-cleaned,sub-01,7,sub-01_ses-7_epoch-43,4,1
ICA-cleaned,sub-01,7,sub-01_ses-7_epoch-43,5,1
ICA-cleaned,sub-01,7,sub-01_ses-7_epoch-43,6,1
ICA-cleaned,sub-01,7,sub-01_ses-7_epoch-44,0,0
ICA-cleaned,sub-01,7,sub-01_ses-7_epoch-44,1,0
ICA-cleaned,sub-01,7,sub-01_ses-7_epoch-44,2,0
ICA-cleaned,sub-01,7,sub-01_ses-7_epoch-44,3,0
ICA-cleaned,sub-01,7,sub-01_ses-7_epoch-44,4,0
ICA-cleaned,sub-01,7,sub-01_ses-7_epoch-44,5,0
ICA-cleaned,sub-01,7,sub-01_ses-7_epoch-44,6,0
ICA-cleaned,sub-01,7,sub-01_ses-7_epoch-44,7,0
ICA-cleaned,sub-01,7,sub-01_ses-7_epoch-45,0,1
ICA-cleaned,sub-01,7,sub-01_ses-7_epoch-45,1,1
ICA-cleaned,sub-01,7,sub-01_ses-7_epoch-45,2,1
ICA-cleaned,sub-01,7,sub-01_ses-7_epoch-45,3,1
ICA-cleaned,sub-01,7,sub-01_ses-7_epoch-45,4,1
ICA-cleaned,sub-01,7,sub-01_ses-7_epoch-45,5,1
ICA-cleaned,sub-01,7,sub-01_ses-7_epoch-45,6,1
ICA-cleaned,sub-01,7,sub-01_ses-7_epoch-46,0,0
ICA-cleaned,sub-01,7,sub-01_ses-7_epoch-46,1,0
ICA-cleaned,sub-01,7,sub-01_ses-7_epoch-46,2,0
ICA-cleaned,sub-01,7,sub-01_ses-7_epoch-46,3,0
ICA-cleaned,sub-01,7,sub-01_ses-7_epoch-46,4,0
ICA-cleaned,sub-01,7,sub-01_ses-7_epoch-46,5,0
ICA-cleaned,sub-01,7,sub-01_ses-7_epoch-46,6,0
ICA-cleaned,sub-01,7,sub-01_ses-7_epoch-46,7,0
ICA-cleaned,sub-01,7,sub-01_ses-7_epoch-47,0,1
ICA-cleaned,sub-01,7,sub-01_ses-7_epoch-47,1,1
ICA-cleaned,sub-01,7,sub-01_ses-7_epoch-47,2,1
ICA-cleaned,sub-01,7,sub-01_ses-7_epoch-47,3,1
ICA-cleaned,sub-01,7,sub-01_ses-7_epoch-47,4,1
ICA-cleaned,sub-01,7,sub-01_ses-7_epoch-47,5,1
ICA-cleaned,sub-01,7,sub-01_ses-7_epoch-47,6,1
ICA-cleaned,sub-01,7,sub-01_ses-7_epoch-48,0,0
ICA-cleaned,sub-01,7,sub-01_ses-7_epoch-48,1,0
ICA-cleaned,sub-01,7,sub-01_ses-7_epoch-48,2,0
ICA-cleaned,sub-01,7,sub-01_ses-7_epoch-48,3,0
ICA-cleaned,sub-01,7,sub-01_ses-7_epoch-48,4,0
ICA-cleaned,sub-01,7,sub-01_ses-7_epoch-48,5,0
ICA-cleaned,sub-01,7,sub-01_ses-7_epoch-48,6,0
ICA-cleaned,sub-01,7,sub-01_ses-7_epoch-48,7,0
ICA-cleaned,sub-01,7,sub-01_ses-7_epoch-49,0,1
ICA-cleaned,sub-01,7,sub-01_ses-7_epoch-49,1,1
ICA-cleaned,sub-01,7,sub-01_ses-7_epoch-49,2,1
ICA-cleaned,sub-01,7,sub-01_ses-7_epoch-49,3,1
ICA-cleaned,sub-01,7,sub-01_ses-7_epoch-49,4,1
ICA-cleaned,sub-01,7,sub-01_ses-7_epoch-49,5,1
ICA-cleaned,sub-01,7,sub-01_ses-7_epoch-49,6,1
ICA-cleaned,sub-01,7,sub-01_ses-7_epoch-50,0,0
ICA-cleaned,sub-01,7,sub-01_ses-7_epoch-50,1,0
ICA-cleaned,sub-01,7,sub-01_ses-7_epoch-50,2,0
ICA-cleaned,sub-01,7,sub-01_ses-7_epoch-50,3,0
ICA-cleaned,sub-01,7,sub-01_ses-7_epoch-50,4,0
ICA-cleaned,sub-01,7,sub-01_ses-7_epoch-50,5,0
ICA-cleaned,sub-01,7,sub-01_ses-7_epoch-50,6,0
ICA-cleaned,sub-01,7,sub-01_ses-7_epoch-50,7,0
ICA-cleaned,sub-01,7,sub-01_ses-7_epoch-51,0,1
ICA-cleaned,sub-01,7,sub-01_ses-7_epoch-51,1,1
ICA-cleaned,sub-01,7,sub-01_ses-7_epoch-51,2,1
ICA-cleaned,sub-01,7,sub-01_ses-7_epoch-51,3,1
ICA-cleaned,sub-01,7,sub-01_ses-7_epoch-51,4,1
ICA-cleaned,sub-01,7,sub-01_ses-7_epoch-51,5,1
ICA-cleaned,sub-01,7,sub-01_ses-7_epoch-51,6,1
ICA-cleaned,sub-01,7,sub-01_ses-7_epoch-52,0,0
ICA-cleaned,sub-01,7,sub-01_ses-7_epoch-52,1,0
ICA-cleaned,sub-01,7,sub-01_ses-7_epoch-52,2,0
ICA-cleaned,sub-01,7,sub-01_ses-7_epoch-52,3,0
ICA-cleaned,sub-01,7,sub-01_ses-7_epoch-52,4,0
ICA-cleaned,sub-01,7,sub-01_ses-7_epoch-52,5,0
ICA-cleaned,sub-01,7,sub-01_ses-7_epoch-52,6,0
ICA-cleaned,sub-01,7,sub-01_ses-7_epoch-52,7,0
ICA-cleaned,sub-01,7,sub-01_ses-7_epoch-53,0,1
ICA-cleaned,sub-01,7,sub-01_ses-7_epoch-53,1,1
ICA-cleaned,sub-01,7,sub-01_ses-7_epoch-53,2,1
ICA-cleaned,sub-01,7,sub-01_ses-7_epoch-53,3,1
ICA-cleaned,sub-01,7,sub-01_ses-7_epoch-53,4,1
ICA-cleaned,sub-01,7,sub-01_ses-7_epoch-53,5,1
ICA-cleaned,sub-01,7,sub-01_ses-7_epoch-53,6,1
ICA-cleaned,sub-01,7,sub-01_ses-7_epoch-54,0,0
ICA-cleaned,sub-01,7,sub-01_ses-7_epoch-54,1,0
ICA-cleaned,sub-01,7,sub-01_ses-7_epoch-54,2,0
ICA-cleaned,sub-01,7,sub-01_ses-7_epoch-54,3,0
ICA-cleaned,sub-01,7,sub-01_ses-7_epoch-54,4,0
ICA-cleaned,sub-01,7,sub-01_ses-7_epoch-54,5,0
ICA-cleaned,sub-01,7,sub-01_ses-7_epoch-54,6,0
ICA-cleaned,sub-01,7,sub-01_ses-7_epoch-54,7,0
ICA-cleaned,sub-01,7,sub-01_ses-7_epoch-55,0,0
ICA-cleaned,sub-01,7,sub-01_ses-7_epoch-55,1,0
ICA-cleaned,sub-01,7,sub-01_ses-7_epoch-55,2,0
ICA-cleaned,sub-01,7,sub-01_ses-7_epoch-55,3,0
ICA-cleaned,sub-01,7,sub-01_ses-7_epoch-55,4,0
ICA-cleaned,sub-01,7,sub-01_ses-7_epoch-55,5,0
ICA-cleaned,sub-01,7,sub-01_ses-7_epoch-55,6,0
ICA-cleaned,sub-01,7,sub-01_ses-7_epoch-55,7,0
Raw,sub-01,8,sub-01_ses-8_epoch-1,0,0
Raw,sub-01,8,sub-01_ses-8_epoch-1,1,0
Raw,sub-01,8,sub-01_ses-8_epoch-1,2,0
Raw,sub-01,8,sub-01_ses-8_epoch-1,3,0
Raw,sub-01,8,sub-01_ses-8_epoch-1,4,0
Raw,sub-01,8,sub-01_ses-8_epoch-1,5,0
Raw,sub-01,8,sub-01_ses-8_epoch-1,6,0
Raw,sub-01,8,sub-01_ses-8_epoch-1,7,0
Raw,sub-01,8,sub-01_ses-8_epoch-2,0,0
Raw,sub-01,8,sub-01_ses-8_epoch-2,1,0
Raw,sub-01,8,sub-01_ses-8_epoch-2,2,0
Raw,sub-01,8,sub-01_ses-8_epoch-2,3,0
Raw,sub-01,8,sub-01_ses-8_epoch-2,4,0
Raw,sub-01,8,sub-01_ses-8_epoch-2,5,0
Raw,sub-01,8,sub-01_ses-8_epoch-2,6,0
Raw,sub-01,8,sub-01_ses-8_epoch-2,7,0
Raw,sub-01,8,sub-01_ses-8_epoch-3,0,0
Raw,sub-01,8,sub-01_ses-8_epoch-3,1,0
Raw,sub-01,8,sub-01_ses-8_epoch-3,2,0
Raw,sub-01,8,sub-01_ses-8_epoch-3,3,0
Raw,sub-01,8,sub-01_ses-8_epoch-3,4,0
Raw,sub-01,8,sub-01_ses-8_epoch-3,5,0
Raw,sub-01,8,sub-01_ses-8_epoch-3,6,0
Raw,sub-01,8,sub-01_ses-8_epoch-3,7,0
Raw,sub-01,8,sub-01_ses-8_epoch-4,0,1
Raw,sub-01,8,sub-01_ses-8_epoch-4,1,1
Raw,sub-01,8,sub-01_ses-8_epoch-4,2,1
Raw,sub-01,8,sub-01_ses-8_epoch-4,3,1
Raw,sub-01,8,sub-01_ses-8_epoch-4,4,1
Raw,sub-01,8,sub-01_ses-8_epoch-4,5,1
Raw,sub-01,8,sub-01_ses-8_epoch-4,6,1
Raw,sub-01,8,sub-01_ses-8_epoch-5,0,0
Raw,sub-01,8,sub-01_ses-8_epoch-5,1,0
Raw,sub-01,8,sub-01_ses-8_epoch-5,2,0
Raw,sub-01,8,sub-01_ses-8_epoch-5,3,0
Raw,sub-01,8,sub-01_ses-8_epoch-5,4,0
Raw,sub-01,8,sub-01_ses-8_epoch-5,5,0
Raw,sub-01,8,sub-01_ses-8_epoch-5,6,0
Raw,sub-01,8,sub-01_ses-8_epoch-5,7,0
Raw,sub-01,8,sub-01_ses-8_epoch-6,0,1
Raw,sub-01,8,sub-01_ses-8_epoch-6,1,1
Raw,sub-01,8,sub-01_ses-8_epoch-6,2,1
Raw,sub-01,8,sub-01_ses-8_epoch-6,3,1
Raw,sub-01,8,sub-01_ses-8_epoch-6,4,1
Raw,sub-01,8,sub-01_ses-8_epoch-6,5,1
Raw,sub-01,8,sub-01_ses-8_epoch-6,6,1
Raw,sub-01,8,sub-01_ses-8_epoch-7,0,0
Raw,sub-01,8,sub-01_ses-8_epoch-7,1,0
Raw,sub-01,8,sub-01_ses-8_epoch-7,2,0
Raw,sub-01,8,sub-01_ses-8_epoch-7,3,0
Raw,sub-01,8,sub-01_ses-8_epoch-7,4,0
Raw,sub-01,8,sub-01_ses-8_epoch-7,5,0
Raw,sub-01,8,sub-01_ses-8_epoch-7,6,0
Raw,sub-01,8,sub-01_ses-8_epoch-7,7,0
Raw,sub-01,8,sub-01_ses-8_epoch-8,0,1
Raw,sub-01,8,sub-01_ses-8_epoch-8,1,1
Raw,sub-01,8,sub-01_ses-8_epoch-8,2,1
Raw,sub-01,8,sub-01_ses-8_epoch-8,3,1
Raw,sub-01,8,sub-01_ses-8_epoch-8,4,1
Raw,sub-01,8,sub-01_ses-8_epoch-8,5,1
Raw,sub-01,8,sub-01_ses-8_epoch-8,6,1
Raw,sub-01,8,sub-01_ses-8_epoch-9,0,0
Raw,sub-01,8,sub-01_ses-8_epoch-9,1,0
Raw,sub-01,8,sub-01_ses-8_epoch-9,2,0
Raw,sub-01,8,sub-01_ses-8_epoch-9,3,0
Raw,sub-01,8,sub-01_ses-8_epoch-9,4,0
Raw,sub-01,8,sub-01_ses-8_epoch-9,5,0
Raw,sub-01,8,sub-01_ses-8_epoch-9,6,0
Raw,sub-01,8,sub-01_ses-8_epoch-9,7,0
Raw,sub-01,8,sub-01_ses-8_epoch-10,0,1
Raw,sub-01,8,sub-01_ses-8_epoch-10,1,1
Raw,sub-01,8,sub-01_ses-8_epoch-10,2,1
Raw,sub-01,8,sub-01_ses-8_epoch-10,3,1
Raw,sub-01,8,sub-01_ses-8_epoch-10,4,1
Raw,sub-01,8,sub-01_ses-8_epoch-10,5,1
Raw,sub-01,8,sub-01_ses-8_epoch-10,6,1
Raw,sub-01,8,sub-01_ses-8_epoch-11,0,0
Raw,sub-01,8,sub-01_ses-8_epoch-11,1,0
Raw,sub-01,8,sub-01_ses-8_epoch-11,2,0
Raw,sub-01,8,sub-01_ses-8_epoch-11,3,0
Raw,sub-01,8,sub-01_ses-8_epoch-11,4,0
Raw,sub-01,8,sub-01_ses-8_epoch-11,5,0
Raw,sub-01,8,sub-01_ses-8_epoch-11,6,0
Raw,sub-01,8,sub-01_ses-8_epoch-11,7,0
Raw,sub-01,8,sub-01_ses-8_epoch-12,0,1
Raw,sub-01,8,sub-01_ses-8_epoch-12,1,1
Raw,sub-01,8,sub-01_ses-8_epoch-12,2,1
Raw,sub-01,8,sub-01_ses-8_epoch-12,3,1
Raw,sub-01,8,sub-01_ses-8_epoch-12,4,1
Raw,sub-01,8,sub-01_ses-8_epoch-12,5,1
Raw,sub-01,8,sub-01_ses-8_epoch-12,6,1
Raw,sub-01,8,sub-01_ses-8_epoch-13,0,0
Raw,sub-01,8,sub-01_ses-8_epoch-13,1,0
Raw,sub-01,8,sub-01_ses-8_epoch-13,2,0
Raw,sub-01,8,sub-01_ses-8_epoch-13,3,0
Raw,sub-01,8,sub-01_ses-8_epoch-13,4,0
Raw,sub-01,8,sub-01_ses-8_epoch-13,5,0
Raw,sub-01,8,sub-01_ses-8_epoch-13,6,0
Raw,sub-01,8,sub-01_ses-8_epoch-13,7,0
Raw,sub-01,8,sub-01_ses-8_epoch-14,0,1
Raw,sub-01,8,sub-01_ses-8_epoch-14,1,1
Raw,sub-01,8,sub-01_ses-8_epoch-14,2,1
Raw,sub-01,8,sub-01_ses-8_epoch-14,3,1
Raw,sub-01,8,sub-01_ses-8_epoch-14,4,1
Raw,sub-01,8,sub-01_ses-8_epoch-14,5,1
Raw,sub-01,8,sub-01_ses-8_epoch-14,6,1
Raw,sub-01,8,sub-01_ses-8_epoch-15,0,0
Raw,sub-01,8,sub-01_ses-8_epoch-15,1,0
Raw,sub-01,8,sub-01_ses-8_epoch-15,2,0
Raw,sub-01,8,sub-01_ses-8_epoch-15,3,0
Raw,sub-01,8,sub-01_ses-8_epoch-15,4,0
Raw,sub-01,8,sub-01_ses-8_epoch-15,5,0
Raw,sub-01,8,sub-01_ses-8_epoch-15,6,0
Raw,sub-01,8,sub-01_ses-8_epoch-15,7,0
Raw,sub-01,8,sub-01_ses-8_epoch-16,0,1
Raw,sub-01,8,sub-01_ses-8_epoch-16,1,1
Raw,sub-01,8,sub-01_ses-8_epoch-16,2,1
Raw,sub-01,8,sub-01_ses-8_epoch-16,3,1
Raw,sub-01,8,sub-01_ses-8_epoch-16,4,1
Raw,sub-01,8,sub-01_ses-8_epoch-16,5,1
Raw,sub-01,8,sub-01_ses-8_epoch-16,6,1
Raw,sub-01,8,sub-01_ses-8_epoch-17,0,0
Raw,sub-01,8,sub-01_ses-8_epoch-17,1,0
Raw,sub-01,8,sub-01_ses-8_epoch-17,2,0
Raw,sub-01,8,sub-01_ses-8_epoch-17,3,0
Raw,sub-01,8,sub-01_ses-8_epoch-17,4,0
Raw,sub-01,8,sub-01_ses-8_epoch-17,5,0
Raw,sub-01,8,sub-01_ses-8_epoch-17,6,0
Raw,sub-01,8,sub-01_ses-8_epoch-17,7,0
Raw,sub-01,8,sub-01_ses-8_epoch-18,0,1
Raw,sub-01,8,sub-01_ses-8_epoch-18,1,1
Raw,sub-01,8,sub-01_ses-8_epoch-18,2,1
Raw,sub-01,8,sub-01_ses-8_epoch-18,3,1
Raw,sub-01,8,sub-01_ses-8_epoch-18,4,1
Raw,sub-01,8,sub-01_ses-8_epoch-18,5,1
Raw,sub-01,8,sub-01_ses-8_epoch-18,6,1
Raw,sub-01,8,sub-01_ses-8_epoch-19,0,0
Raw,sub-01,8,sub-01_ses-8_epoch-19,1,0
Raw,sub-01,8,sub-01_ses-8_epoch-19,2,0
Raw,sub-01,8,sub-01_ses-8_epoch-19,3,0
Raw,sub-01,8,sub-01_ses-8_epoch-19,4,0
Raw,sub-01,8,sub-01_ses-8_epoch-19,5,0
Raw,sub-01,8,sub-01_ses-8_epoch-19,6,0
Raw,sub-01,8,sub-01_ses-8_epoch-19,7,0
Raw,sub-01,8,sub-01_ses-8_epoch-20,0,1
Raw,sub-01,8,sub-01_ses-8_epoch-20,1,1
Raw,sub-01,8,sub-01_ses-8_epoch-20,2,1
Raw,sub-01,8,sub-01_ses-8_epoch-20,3,1
Raw,sub-01,8,sub-01_ses-8_epoch-20,4,1
Raw,sub-01,8,sub-01_ses-8_epoch-20,5,1
Raw,sub-01,8,sub-01_ses-8_epoch-20,6,1
Raw,sub-01,8,sub-01_ses-8_epoch-21,0,0
Raw,sub-01,8,sub-01_ses-8_epoch-21,1,0
Raw,sub-01,8,sub-01_ses-8_epoch-21,2,0
Raw,sub-01,8,sub-01_ses-8_epoch-21,3,0
Raw,sub-01,8,sub-01_ses-8_epoch-21,4,0
Raw,sub-01,8,sub-01_ses-8_epoch-21,5,0
Raw,sub-01,8,sub-01_ses-8_epoch-21,6,0
Raw,sub-01,8,sub-01_ses-8_epoch-21,7,0
Raw,sub-01,8,sub-01_ses-8_epoch-22,0,1
Raw,sub-01,8,sub-01_ses-8_epoch-22,1,1
Raw,sub-01,8,sub-01_ses-8_epoch-22,2,1
Raw,sub-01,8,sub-01_ses-8_epoch-22,3,1
Raw,sub-01,8,sub-01_ses-8_epoch-22,4,1
Raw,sub-01,8,sub-01_ses-8_epoch-22,5,1
Raw,sub-01,8,sub-01_ses-8_epoch-22,6,1
Raw,sub-01,8,sub-01_ses-8_epoch-23,0,0
Raw,sub-01,8,sub-01_ses-8_epoch-23,1,0
Raw,sub-01,8,sub-01_ses-8_epoch-23,2,0
Raw,sub-01,8,sub-01_ses-8_epoch-23,3,0
Raw,sub-01,8,sub-01_ses-8_epoch-23,4,0
Raw,sub-01,8,sub-01_ses-8_epoch-23,5,0
Raw,sub-01,8,sub-01_ses-8_epoch-23,6,0
Raw,sub-01,8,sub-01_ses-8_epoch-23,7,0
Raw,sub-01,8,sub-01_ses-8_epoch-24,0,1
Raw,sub-01,8,sub-01_ses-8_epoch-24,1,1
Raw,sub-01,8,sub-01_ses-8_epoch-24,2,1
Raw,sub-01,8,sub-01_ses-8_epoch-24,3,1
Raw,sub-01,8,sub-01_ses-8_epoch-24,4,1
Raw,sub-01,8,sub-01_ses-8_epoch-24,5,1
Raw,sub-01,8,sub-01_ses-8_epoch-24,6,1
Raw,sub-01,8,sub-01_ses-8_epoch-25,0,0
Raw,sub-01,8,sub-01_ses-8_epoch-25,1,0
Raw,sub-01,8,sub-01_ses-8_epoch-25,2,0
Raw,sub-01,8,sub-01_ses-8_epoch-25,3,0
Raw,sub-01,8,sub-01_ses-8_epoch-25,4,0
Raw,sub-01,8,sub-01_ses-8_epoch-25,5,0
Raw,sub-01,8,sub-01_ses-8_epoch-25,6,0
Raw,sub-01,8,sub-01_ses-8_epoch-25,7,0
Raw,sub-01,8,sub-01_ses-8_epoch-26,0,1
Raw,sub-01,8,sub-01_ses-8_epoch-26,1,1
Raw,sub-01,8,sub-01_ses-8_epoch-26,2,1
Raw,sub-01,8,sub-01_ses-8_epoch-26,3,1
Raw,sub-01,8,sub-01_ses-8_epoch-26,4,1
Raw,sub-01,8,sub-01_ses-8_epoch-26,5,1
Raw,sub-01,8,sub-01_ses-8_epoch-26,6,1
Raw,sub-01,8,sub-01_ses-8_epoch-27,0,0
Raw,sub-01,8,sub-01_ses-8_epoch-27,1,0
Raw,sub-01,8,sub-01_ses-8_epoch-27,2,0
Raw,sub-01,8,sub-01_ses-8_epoch-27,3,0
Raw,sub-01,8,sub-01_ses-8_epoch-27,4,0
Raw,sub-01,8,sub-01_ses-8_epoch-27,5,0
Raw,sub-01,8,sub-01_ses-8_epoch-27,6,0
Raw,sub-01,8,sub-01_ses-8_epoch-27,7,0
Raw,sub-01,8,sub-01_ses-8_epoch-28,0,1
Raw,sub-01,8,sub-01_ses-8_epoch-28,1,1
Raw,sub-01,8,sub-01_ses-8_epoch-28,2,1
Raw,sub-01,8,sub-01_ses-8_epoch-28,3,1
Raw,sub-01,8,sub-01_ses-8_epoch-28,4,1
Raw,sub-01,8,sub-01_ses-8_epoch-28,5,1
Raw,sub-01,8,sub-01_ses-8_epoch-28,6,1
Raw,sub-01,8,sub-01_ses-8_epoch-29,0,0
Raw,sub-01,8,sub-01_ses-8_epoch-29,1,0
Raw,sub-01,8,sub-01_ses-8_epoch-29,2,0
Raw,sub-01,8,sub-01_ses-8_epoch-29,3,0
Raw,sub-01,8,sub-01_ses-8_epoch-29,4,0
Raw,sub-01,8,sub-01_ses-8_epoch-29,5,0
Raw,sub-01,8,sub-01_ses-8_epoch-29,6,0
Raw,sub-01,8,sub-01_ses-8_epoch-29,7,0
Raw,sub-01,8,sub-01_ses-8_epoch-30,0,1
Raw,sub-01,8,sub-01_ses-8_epoch-30,1,1
Raw,sub-01,8,sub-01_ses-8_epoch-30,2,1
Raw,sub-01,8,sub-01_ses-8_epoch-30,3,1
Raw,sub-01,8,sub-01_ses-8_epoch-30,4,1
Raw,sub-01,8,sub-01_ses-8_epoch-30,5,1
Raw,sub-01,8,sub-01_ses-8_epoch-30,6,1
Raw,sub-01,8,sub-01_ses-8_epoch-31,0,0
Raw,sub-01,8,sub-01_ses-8_epoch-31,1,0
Raw,sub-01,8,sub-01_ses-8_epoch-31,2,0
Raw,sub-01,8,sub-01_ses-8_epoch-31,3,0
Raw,sub-01,8,sub-01_ses-8_epoch-31,4,0
Raw,sub-01,8,sub-01_ses-8_epoch-31,5,0
Raw,sub-01,8,sub-01_ses-8_epoch-31,6,0
Raw,sub-01,8,sub-01_ses-8_epoch-31,7,0
Raw,sub-01,8,sub-01_ses-8_epoch-32,0,1
Raw,sub-01,8,sub-01_ses-8_epoch-32,1,1
Raw,sub-01,8,sub-01_ses-8_epoch-32,2,1
Raw,sub-01,8,sub-01_ses-8_epoch-32,3,1
Raw,sub-01,8,sub-01_ses-8_epoch-32,4,1
Raw,sub-01,8,sub-01_ses-8_epoch-32,5,1
Raw,sub-01,8,sub-01_ses-8_epoch-32,6,1
Raw,sub-01,8,sub-01_ses-8_epoch-33,0,0
Raw,sub-01,8,sub-01_ses-8_epoch-33,1,0
Raw,sub-01,8,sub-01_ses-8_epoch-33,2,0
Raw,sub-01,8,sub-01_ses-8_epoch-33,3,0
Raw,sub-01,8,sub-01_ses-8_epoch-33,4,0
Raw,sub-01,8,sub-01_ses-8_epoch-33,5,0
Raw,sub-01,8,sub-01_ses-8_epoch-33,6,0
Raw,sub-01,8,sub-01_ses-8_epoch-33,7,0
Raw,sub-01,8,sub-01_ses-8_epoch-34,0,1
Raw,sub-01,8,sub-01_ses-8_epoch-34,1,1
Raw,sub-01,8,sub-01_ses-8_epoch-34,2,1
Raw,sub-01,8,sub-01_ses-8_epoch-34,3,1
Raw,sub-01,8,sub-01_ses-8_epoch-34,4,1
Raw,sub-01,8,sub-01_ses-8_epoch-34,5,1
Raw,sub-01,8,sub-01_ses-8_epoch-34,6,1
Raw,sub-01,8,sub-01_ses-8_epoch-35,0,0
Raw,sub-01,8,sub-01_ses-8_epoch-35,1,0
Raw,sub-01,8,sub-01_ses-8_epoch-35,2,0
Raw,sub-01,8,sub-01_ses-8_epoch-35,3,0
Raw,sub-01,8,sub-01_ses-8_epoch-35,4,0
Raw,sub-01,8,sub-01_ses-8_epoch-35,5,0
Raw,sub-01,8,sub-01_ses-8_epoch-35,6,0
Raw,sub-01,8,sub-01_ses-8_epoch-35,7,0
Raw,sub-01,8,sub-01_ses-8_epoch-36,0,1
Raw,sub-01,8,sub-01_ses-8_epoch-36,1,1
Raw,sub-01,8,sub-01_ses-8_epoch-36,2,1
Raw,sub-01,8,sub-01_ses-8_epoch-36,3,1
Raw,sub-01,8,sub-01_ses-8_epoch-36,4,1
Raw,sub-01,8,sub-01_ses-8_epoch-36,5,1
Raw,sub-01,8,sub-01_ses-8_epoch-36,6,1
Raw,sub-01,8,sub-01_ses-8_epoch-37,0,0
Raw,sub-01,8,sub-01_ses-8_epoch-37,1,0
Raw,sub-01,8,sub-01_ses-8_epoch-37,2,0
Raw,sub-01,8,sub-01_ses-8_epoch-37,3,0
Raw,sub-01,8,sub-01_ses-8_epoch-37,4,0
Raw,sub-01,8,sub-01_ses-8_epoch-37,5,0
Raw,sub-01,8,sub-01_ses-8_epoch-37,6,0
Raw,sub-01,8,sub-01_ses-8_epoch-37,7,0
Raw,sub-01,8,sub-01_ses-8_epoch-38,0,1
Raw,sub-01,8,sub-01_ses-8_epoch-38,1,1
Raw,sub-01,8,sub-01_ses-8_epoch-38,2,1
Raw,sub-01,8,sub-01_ses-8_epoch-38,3,1
Raw,sub-01,8,sub-01_ses-8_epoch-38,4,1
Raw,sub-01,8,sub-01_ses-8_epoch-38,5,1
Raw,sub-01,8,sub-01_ses-8_epoch-38,6,1
Raw,sub-01,8,sub-01_ses-8_epoch-39,0,0
Raw,sub-01,8,sub-01_ses-8_epoch-39,1,0
Raw,sub-01,8,sub-01_ses-8_epoch-39,2,0
Raw,sub-01,8,sub-01_ses-8_epoch-39,3,0
Raw,sub-01,8,sub-01_ses-8_epoch-39,4,0
Raw,sub-01,8,sub-01_ses-8_epoch-39,5,0
Raw,sub-01,8,sub-01_ses-8_epoch-39,6,0
Raw,sub-01,8,sub-01_ses-8_epoch-39,7,0
Raw,sub-01,8,sub-01_ses-8_epoch-40,0,1
Raw,sub-01,8,sub-01_ses-8_epoch-40,1,1
Raw,sub-01,8,sub-01_ses-8_epoch-40,2,1
Raw,sub-01,8,sub-01_ses-8_epoch-40,3,1
Raw,sub-01,8,sub-01_ses-8_epoch-40,4,1
Raw,sub-01,8,sub-01_ses-8_epoch-40,5,1
Raw,sub-01,8,sub-01_ses-8_epoch-40,6,1
Raw,sub-01,8,sub-01_ses-8_epoch-41,0,1
Raw,sub-01,8,sub-01_ses-8_epoch-41,1,1
Raw,sub-01,8,sub-01_ses-8_epoch-41,2,1
Raw,sub-01,8,sub-01_ses-8_epoch-41,3,1
Raw,sub-01,8,sub-01_ses-8_epoch-41,4,1
Raw,sub-01,8,sub-01_ses-8_epoch-41,5,1
Raw,sub-01,8,sub-01_ses-8_epoch-41,6,1
Raw,sub-01,8,sub-01_ses-8_epoch-42,0,0
Raw,sub-01,8,sub-01_ses-8_epoch-42,1,0
Raw,sub-01,8,sub-01_ses-8_epoch-42,2,0
Raw,sub-01,8,sub-01_ses-8_epoch-42,3,0
Raw,sub-01,8,sub-01_ses-8_epoch-42,4,0
Raw,sub-01,8,sub-01_ses-8_epoch-42,5,0
Raw,sub-01,8,sub-01_ses-8_epoch-42,6,0
Raw,sub-01,8,sub-01_ses-8_epoch-42,7,0
Raw,sub-01,8,sub-01_ses-8_epoch-43,0,1
Raw,sub-01,8,sub-01_ses-8_epoch-43,1,1
Raw,sub-01,8,sub-01_ses-8_epoch-43,2,1
Raw,sub-01,8,sub-01_ses-8_epoch-43,3,1
Raw,sub-01,8,sub-01_ses-8_epoch-43,4,1
Raw,sub-01,8,sub-01_ses-8_epoch-43,5,1
Raw,sub-01,8,sub-01_ses-8_epoch-43,6,1
Raw,sub-01,8,sub-01_ses-8_epoch-44,0,0
Raw,sub-01,8,sub-01_ses-8_epoch-44,1,0
Raw,sub-01,8,sub-01_ses-8_epoch-44,2,0
Raw,sub-01,8,sub-01_ses-8_epoch-44,3,0
Raw,sub-01,8,sub-01_ses-8_epoch-44,4,0
Raw,sub-01,8,sub-01_ses-8_epoch-44,5,0
Raw,sub-01,8,sub-01_ses-8_epoch-44,6,0
Raw,sub-01,8,sub-01_ses-8_epoch-44,7,0
Raw,sub-01,8,sub-01_ses-8_epoch-45,0,1
Raw,sub-01,8,sub-01_ses-8_epoch-45,1,1
Raw,sub-01,8,sub-01_ses-8_epoch-45,2,1
Raw,sub-01,8,sub-01_ses-8_epoch-45,3,1
Raw,sub-01,8,sub-01_ses-8_epoch-45,4,1
Raw,sub-01,8,sub-01_ses-8_epoch-45,5,1
Raw,sub-01,8,sub-01_ses-8_epoch-45,6,1
Raw,sub-01,8,sub-01_ses-8_epoch-46,0,0
Raw,sub-01,8,sub-01_ses-8_epoch-46,1,0
Raw,sub-01,8,sub-01_ses-8_epoch-46,2,0
Raw,sub-01,8,sub-01_ses-8_epoch-46,3,0
Raw,sub-01,8,sub-01_ses-8_epoch-46,4,0
Raw,sub-01,8,sub-01_ses-8_epoch-46,5,0
Raw,sub-01,8,sub-01_ses-8_epoch-46,6,0
Raw,sub-01,8,sub-01_ses-8_epoch-46,7,0
Raw,sub-01,8,sub-01_ses-8_epoch-47,0,0
Raw,sub-01,8,sub-01_ses-8_epoch-47,1,0
Raw,sub-01,8,sub-01_ses-8_epoch-47,2,0
Raw,sub-01,8,sub-01_ses-8_epoch-47,3,0
Raw,sub-01,8,sub-01_ses-8_epoch-47,4,0
Raw,sub-01,8,sub-01_ses-8_epoch-47,5,0
Raw,sub-01,8,sub-01_ses-8_epoch-47,6,0
Raw,sub-01,8,sub-01_ses-8_epoch-47,7,0
ICA-cleaned,sub-01,8,sub-01_ses-8_epoch-1,0,0
ICA-cleaned,sub-01,8,sub-01_ses-8_epoch-1,1,0
ICA-cleaned,sub-01,8,sub-01_ses-8_epoch-1,2,0
ICA-cleaned,sub-01,8,sub-01_ses-8_epoch-1,3,0
ICA-cleaned,sub-01,8,sub-01_ses-8_epoch-1,4,0
ICA-cleaned,sub-01,8,sub-01_ses-8_epoch-1,5,0
ICA-cleaned,sub-01,8,sub-01_ses-8_epoch-1,6,0
ICA-cleaned,sub-01,8,sub-01_ses-8_epoch-1,7,0
ICA-cleaned,sub-01,8,sub-01_ses-8_epoch-2,0,0
ICA-cleaned,sub-01,8,sub-01_ses-8_epoch-2,1,0
ICA-cleaned,sub-01,8,sub-01_ses-8_epoch-2,2,0
ICA-cleaned,sub-01,8,sub-01_ses-8_epoch-2,3,0
ICA-cleaned,sub-01,8,sub-01_ses-8_epoch-2,4,0
ICA-cleaned,sub-01,8,sub-01_ses-8_epoch-2,5,0
ICA-cleaned,sub-01,8,sub-01_ses-8_epoch-2,6,0
ICA-cleaned,sub-01,8,sub-01_ses-8_epoch-2,7,0
ICA-cleaned,sub-01,8,sub-01_ses-8_epoch-3,0,0
ICA-cleaned,sub-01,8,sub-01_ses-8_epoch-3,1,0
ICA-cleaned,sub-01,8,sub-01_ses-8_epoch-3,2,0
ICA-cleaned,sub-01,8,sub-01_ses-8_epoch-3,3,0
ICA-cleaned,sub-01,8,sub-01_ses-8_epoch-3,4,0
ICA-cleaned,sub-01,8,sub-01_ses-8_epoch-3,5,0
ICA-cleaned,sub-01,8,sub-01_ses-8_epoch-3,6,0
ICA-cleaned,sub-01,8,sub-01_ses-8_epoch-3,7,0
ICA-cleaned,sub-01,8,sub-01_ses-8_epoch-4,0,1
ICA-cleaned,sub-01,8,sub-01_ses-8_epoch-4,1,1
ICA-cleaned,sub-01,8,sub-01_ses-8_epoch-4,2,1
ICA-cleaned,sub-01,8,sub-01_ses-8_epoch-4,3,1
ICA-cleaned,sub-01,8,sub-01_ses-8_epoch-4,4,1
ICA-cleaned,sub-01,8,sub-01_ses-8_epoch-4,5,1
ICA-cleaned,sub-01,8,sub-01_ses-8_epoch-4,6,1
ICA-cleaned,sub-01,8,sub-01_ses-8_epoch-5,0,0
ICA-cleaned,sub-01,8,sub-01_ses-8_epoch-5,1,0
ICA-cleaned,sub-01,8,sub-01_ses-8_epoch-5,2,0
ICA-cleaned,sub-01,8,sub-01_ses-8_epoch-5,3,0
ICA-cleaned,sub-01,8,sub-01_ses-8_epoch-5,4,0
ICA-cleaned,sub-01,8,sub-01_ses-8_epoch-5,5,0
ICA-cleaned,sub-01,8,sub-01_ses-8_epoch-5,6,0
ICA-cleaned,sub-01,8,sub-01_ses-8_epoch-5,7,0
ICA-cleaned,sub-01,8,sub-01_ses-8_epoch-6,0,1
ICA-cleaned,sub-01,8,sub-01_ses-8_epoch-6,1,1
ICA-cleaned,sub-01,8,sub-01_ses-8_epoch-6,2,1
ICA-cleaned,sub-01,8,sub-01_ses-8_epoch-6,3,1
ICA-cleaned,sub-01,8,sub-01_ses-8_epoch-6,4,1
ICA-cleaned,sub-01,8,sub-01_ses-8_epoch-6,5,1
ICA-cleaned,sub-01,8,sub-01_ses-8_epoch-6,6,1
ICA-cleaned,sub-01,8,sub-01_ses-8_epoch-7,0,0
ICA-cleaned,sub-01,8,sub-01_ses-8_epoch-7,1,0
ICA-cleaned,sub-01,8,sub-01_ses-8_epoch-7,2,0
ICA-cleaned,sub-01,8,sub-01_ses-8_epoch-7,3,0
ICA-cleaned,sub-01,8,sub-01_ses-8_epoch-7,4,0
ICA-cleaned,sub-01,8,sub-01_ses-8_epoch-7,5,0
ICA-cleaned,sub-01,8,sub-01_ses-8_epoch-7,6,0
ICA-cleaned,sub-01,8,sub-01_ses-8_epoch-7,7,0
ICA-cleaned,sub-01,8,sub-01_ses-8_epoch-8,0,1
ICA-cleaned,sub-01,8,sub-01_ses-8_epoch-8,1,1
ICA-cleaned,sub-01,8,sub-01_ses-8_epoch-8,2,1
ICA-cleaned,sub-01,8,sub-01_ses-8_epoch-8,3,1
ICA-cleaned,sub-01,8,sub-01_ses-8_epoch-8,4,1
ICA-cleaned,sub-01,8,sub-01_ses-8_epoch-8,5,1
ICA-cleaned,sub-01,8,sub-01_ses-8_epoch-8,6,1
ICA-cleaned,sub-01,8,sub-01_ses-8_epoch-9,0,0
ICA-cleaned,sub-01,8,sub-01_ses-8_epoch-9,1,0
ICA-cleaned,sub-01,8,sub-01_ses-8_epoch-9,2,0
ICA-cleaned,sub-01,8,sub-01_ses-8_epoch-9,3,0
ICA-cleaned,sub-01,8,sub-01_ses-8_epoch-9,4,0
ICA-cleaned,sub-01,8,sub-01_ses-8_epoch-9,5,0
ICA-cleaned,sub-01,8,sub-01_ses-8_epoch-9,6,0
ICA-cleaned,sub-01,8,sub-01_ses-8_epoch-9,7,0
ICA-cleaned,sub-01,8,sub-01_ses-8_epoch-10,0,1
ICA-cleaned,sub-01,8,sub-01_ses-8_epoch-10,1,1
ICA-cleaned,sub-01,8,sub-01_ses-8_epoch-10,2,1
ICA-cleaned,sub-01,8,sub-01_ses-8_epoch-10,3,1
ICA-cleaned,sub-01,8,sub-01_ses-8_epoch-10,4,1
ICA-cleaned,sub-01,8,sub-01_ses-8_epoch-10,5,1
ICA-cleaned,sub-01,8,sub-01_ses-8_epoch-10,6,1
ICA-cleaned,sub-01,8,sub-01_ses-8_epoch-11,0,0
ICA-cleaned,sub-01,8,sub-01_ses-8_epoch-11,1,0
ICA-cleaned,sub-01,8,sub-01_ses-8_epoch-11,2,0
ICA-cleaned,sub-01,8,sub-01_ses-8_epoch-11,3,0
ICA-cleaned,sub-01,8,sub-01_ses-8_epoch-11,4,0
ICA-cleaned,sub-01,8,sub-01_ses-8_epoch-11,5,0
ICA-cleaned,sub-01,8,sub-01_ses-8_epoch-11,6,0
ICA-cleaned,sub-01,8,sub-01_ses-8_epoch-11,7,0
ICA-cleaned,sub-01,8,sub-01_ses-8_epoch-12,0,1
ICA-cleaned,sub-01,8,sub-01_ses-8_epoch-12,1,1
ICA-cleaned,sub-01,8,sub-01_ses-8_epoch-12,2,1
ICA-cleaned,sub-01,8,sub-01_ses-8_epoch-12,3,1
ICA-cleaned,sub-01,8,sub-01_ses-8_epoch-12,4,1
ICA-cleaned,sub-01,8,sub-01_ses-8_epoch-12,5,1
ICA-cleaned,sub-01,8,sub-01_ses-8_epoch-12,6,1
ICA-cleaned,sub-01,8,sub-01_ses-8_epoch-13,0,0
ICA-cleaned,sub-01,8,sub-01_ses-8_epoch-13,1,0
ICA-cleaned,sub-01,8,sub-01_ses-8_epoch-13,2,0
ICA-cleaned,sub-01,8,sub-01_ses-8_epoch-13,3,0
ICA-cleaned,sub-01,8,sub-01_ses-8_epoch-13,4,0
ICA-cleaned,sub-01,8,sub-01_ses-8_epoch-13,5,0
ICA-cleaned,sub-01,8,sub-01_ses-8_epoch-13,6,0
ICA-cleaned,sub-01,8,sub-01_ses-8_epoch-13,7,0
ICA-cleaned,sub-01,8,sub-01_ses-8_epoch-14,0,1
ICA-cleaned,sub-01,8,sub-01_ses-8_epoch-14,1,1
ICA-cleaned,sub-01,8,sub-01_ses-8_epoch-14,2,1
ICA-cleaned,sub-01,8,sub-01_ses-8_epoch-14,3,1
ICA-cleaned,sub-01,8,sub-01_ses-8_epoch-14,4,1
ICA-cleaned,sub-01,8,sub-01_ses-8_epoch-14,5,1
ICA-cleaned,sub-01,8,sub-01_ses-8_epoch-14,6,1
ICA-cleaned,sub-01,8,sub-01_ses-8_epoch-15,0,0
ICA-cleaned,sub-01,8,sub-01_ses-8_epoch-15,1,0
ICA-cleaned,sub-01,8,sub-01_ses-8_epoch-15,2,0
ICA-cleaned,sub-01,8,sub-01_ses-8_epoch-15,3,0
ICA-cleaned,sub-01,8,sub-01_ses-8_epoch-15,4,0
ICA-cleaned,sub-01,8,sub-01_ses-8_epoch-15,5,0
ICA-cleaned,sub-01,8,sub-01_ses-8_epoch-15,6,0
ICA-cleaned,sub-01,8,sub-01_ses-8_epoch-15,7,0
ICA-cleaned,sub-01,8,sub-01_ses-8_epoch-16,0,1
ICA-cleaned,sub-01,8,sub-01_ses-8_epoch-16,1,1
ICA-cleaned,sub-01,8,sub-01_ses-8_epoch-16,2,1
ICA-cleaned,sub-01,8,sub-01_ses-8_epoch-16,3,1
ICA-cleaned,sub-01,8,sub-01_ses-8_epoch-16,4,1
ICA-cleaned,sub-01,8,sub-01_ses-8_epoch-16,5,1
ICA-cleaned,sub-01,8,sub-01_ses-8_epoch-16,6,1
ICA-cleaned,sub-01,8,sub-01_ses-8_epoch-17,0,0
ICA-cleaned,sub-01,8,sub-01_ses-8_epoch-17,1,0
ICA-cleaned,sub-01,8,sub-01_ses-8_epoch-17,2,0
ICA-cleaned,sub-01,8,sub-01_ses-8_epoch-17,3,0
ICA-cleaned,sub-01,8,sub-01_ses-8_epoch-17,4,0
ICA-cleaned,sub-01,8,sub-01_ses-8_epoch-17,5,0
ICA-cleaned,sub-01,8,sub-01_ses-8_epoch-17,6,0
ICA-cleaned,sub-01,8,sub-01_ses-8_epoch-17,7,0
ICA-cleaned,sub-01,8,sub-01_ses-8_epoch-18,0,1
ICA-cleaned,sub-01,8,sub-01_ses-8_epoch-18,1,1
ICA-cleaned,sub-01,8,sub-01_ses-8_epoch-18,2,1
ICA-cleaned,sub-01,8,sub-01_ses-8_epoch-18,3,1
ICA-cleaned,sub-01,8,sub-01_ses-8_epoch-18,4,1
ICA-cleaned,sub-01,8,sub-01_ses-8_epoch-18,5,1
ICA-cleaned,sub-01,8,sub-01_ses-8_epoch-18,6,1
ICA-cleaned,sub-01,8,sub-01_ses-8_epoch-19,0,0
ICA-cleaned,sub-01,8,sub-01_ses-8_epoch-19,1,0
ICA-cleaned,sub-01,8,sub-01_ses-8_epoch-19,2,0
ICA-cleaned,sub-01,8,sub-01_ses-8_epoch-19,3,0
ICA-cleaned,sub-01,8,sub-01_ses-8_epoch-19,4,0
ICA-cleaned,sub-01,8,sub-01_ses-8_epoch-19,5,0
ICA-cleaned,sub-01,8,sub-01_ses-8_epoch-19,6,0
ICA-cleaned,sub-01,8,sub-01_ses-8_epoch-19,7,0
ICA-cleaned,sub-01,8,sub-01_ses-8_epoch-20,0,1
ICA-cleaned,sub-01,8,sub-01_ses-8_epoch-20,1,1
ICA-cleaned,sub-01,8,sub-01_ses-8_epoch-20,2,1
ICA-cleaned,sub-01,8,sub-01_ses-8_epoch-20,3,1
ICA-cleaned,sub-01,8,sub-01_ses-8_epoch-20,4,1
ICA-cleaned,sub-01,8,sub-01_ses-8_epoch-20,5,1
ICA-cleaned,sub-01,8,sub-01_ses-8_epoch-20,6,1
ICA-cleaned,sub-01,8,sub-01_ses-8_epoch-21,0,0
ICA-cleaned,sub-01,8,sub-01_ses-8_epoch-21,1,0
ICA-cleaned,sub-01,8,sub-01_ses-8_epoch-21,2,0
ICA-cleaned,sub-01,8,sub-01_ses-8_epoch-21,3,0
ICA-cleaned,sub-01,8,sub-01_ses-8_epoch-21,4,0
ICA-cleaned,sub-01,8,sub-01_ses-8_epoch-21,5,0
ICA-cleaned,sub-01,8,sub-01_ses-8_epoch-21,6,0
ICA-cleaned,sub-01,8,sub-01_ses-8_epoch-21,7,0
ICA-cleaned,sub-01,8,sub-01_ses-8_epoch-22,0,1
ICA-cleaned,sub-01,8,sub-01_ses-8_epoch-22,1,1
ICA-cleaned,sub-01,8,sub-01_ses-8_epoch-22,2,1
ICA-cleaned,sub-01,8,sub-01_ses-8_epoch-22,3,1
ICA-cleaned,sub-01,8,sub-01_ses-8_epoch-22,4,1
ICA-cleaned,sub-01,8,sub-01_ses-8_epoch-22,5,1
ICA-cleaned,sub-01,8,sub-01_ses-8_epoch-22,6,1
ICA-cleaned,sub-01,8,sub-01_ses-8_epoch-23,0,0
ICA-cleaned,sub-01,8,sub-01_ses-8_epoch-23,1,0
ICA-cleaned,sub-01,8,sub-01_ses-8_epoch-23,2,0
ICA-cleaned,sub-01,8,sub-01_ses-8_epoch-23,3,0
ICA-cleaned,sub-01,8,sub-01_ses-8_epoch-23,4,0
ICA-cleaned,sub-01,8,sub-01_ses-8_epoch-23,5,0
ICA-cleaned,sub-01,8,sub-01_ses-8_epoch-23,6,0
ICA-cleaned,sub-01,8,sub-01_ses-8_epoch-23,7,0
ICA-cleaned,sub-01,8,sub-01_ses-8_epoch-24,0,1
ICA-cleaned,sub-01,8,sub-01_ses-8_epoch-24,1,1
ICA-cleaned,sub-01,8,sub-01_ses-8_epoch-24,2,1
ICA-cleaned,sub-01,8,sub-01_ses-8_epoch-24,3,1
ICA-cleaned,sub-01,8,sub-01_ses-8_epoch-24,4,1
ICA-cleaned,sub-01,8,sub-01_ses-8_epoch-24,5,1
ICA-cleaned,sub-01,8,sub-01_ses-8_epoch-24,6,1
ICA-cleaned,sub-01,8,sub-01_ses-8_epoch-25,0,0
ICA-cleaned,sub-01,8,sub-01_ses-8_epoch-25,1,0
ICA-cleaned,sub-01,8,sub-01_ses-8_epoch-25,2,0
ICA-cleaned,sub-01,8,sub-01_ses-8_epoch-25,3,0
ICA-cleaned,sub-01,8,sub-01_ses-8_epoch-25,4,0
ICA-cleaned,sub-01,8,sub-01_ses-8_epoch-25,5,0
ICA-cleaned,sub-01,8,sub-01_ses-8_epoch-25,6,0
ICA-cleaned,sub-01,8,sub-01_ses-8_epoch-25,7,0
ICA-cleaned,sub-01,8,sub-01_ses-8_epoch-26,0,1
ICA-cleaned,sub-01,8,sub-01_ses-8_epoch-26,1,1
ICA-cleaned,sub-01,8,sub-01_ses-8_epoch-26,2,1
ICA-cleaned,sub-01,8,sub-01_ses-8_epoch-26,3,1
ICA-cleaned,sub-01,8,sub-01_ses-8_epoch-26,4,1
ICA-cleaned,sub-01,8,sub-01_ses-8_epoch-26,5,1
ICA-cleaned,sub-01,8,sub-01_ses-8_epoch-26,6,1
ICA-cleaned,sub-01,8,sub-01_ses-8_epoch-27,0,0
ICA-cleaned,sub-01,8,sub-01_ses-8_epoch-27,1,0
ICA-cleaned,sub-01,8,sub-01_ses-8_epoch-27,2,0
ICA-cleaned,sub-01,8,sub-01_ses-8_epoch-27,3,0
ICA-cleaned,sub-01,8,sub-01_ses-8_epoch-27,4,0
ICA-cleaned,sub-01,8,sub-01_ses-8_epoch-27,5,0
ICA-cleaned,sub-01,8,sub-01_ses-8_epoch-27,6,0
ICA-cleaned,sub-01,8,sub-01_ses-8_epoch-27,7,0
ICA-cleaned,sub-01,8,sub-01_ses-8_epoch-28,0,1
ICA-cleaned,sub-01,8,sub-01_ses-8_epoch-28,1,1
ICA-cleaned,sub-01,8,sub-01_ses-8_epoch-28,2,1
ICA-cleaned,sub-01,8,sub-01_ses-8_epoch-28,3,1
ICA-cleaned,sub-01,8,sub-01_ses-8_epoch-28,4,1
ICA-cleaned,sub-01,8,sub-01_ses-8_epoch-28,5,1
ICA-cleaned,sub-01,8,sub-01_ses-8_epoch-28,6,1
ICA-cleaned,sub-01,8,sub-01_ses-8_epoch-29,0,0
ICA-cleaned,sub-01,8,sub-01_ses-8_epoch-29,1,0
ICA-cleaned,sub-01,8,sub-01_ses-8_epoch-29,2,0
ICA-cleaned,sub-01,8,sub-01_ses-8_epoch-29,3,0
ICA-cleaned,sub-01,8,sub-01_ses-8_epoch-29,4,0
ICA-cleaned,sub-01,8,sub-01_ses-8_epoch-29,5,0
ICA-cleaned,sub-01,8,sub-01_ses-8_epoch-29,6,0
ICA-cleaned,sub-01,8,sub-01_ses-8_epoch-29,7,0
ICA-cleaned,sub-01,8,sub-01_ses-8_epoch-30,0,1
ICA-cleaned,sub-01,8,sub-01_ses-8_epoch-30,1,1
ICA-cleaned,sub-01,8,sub-01_ses-8_epoch-30,2,1
ICA-cleaned,sub-01,8,sub-01_ses-8_epoch-30,3,1
ICA-cleaned,sub-01,8,sub-01_ses-8_epoch-30,4,1
ICA-cleaned,sub-01,8,sub-01_ses-8_epoch-30,5,1
ICA-cleaned,sub-01,8,sub-01_ses-8_epoch-30,6,1
ICA-cleaned,sub-01,8,sub-01_ses-8_epoch-31,0,0
ICA-cleaned,sub-01,8,sub-01_ses-8_epoch-31,1,0
ICA-cleaned,sub-01,8,sub-01_ses-8_epoch-31,2,0
ICA-cleaned,sub-01,8,sub-01_ses-8_epoch-31,3,0
ICA-cleaned,sub-01,8,sub-01_ses-8_epoch-31,4,0
ICA-cleaned,sub-01,8,sub-01_ses-8_epoch-31,5,0
ICA-cleaned,sub-01,8,sub-01_ses-8_epoch-31,6,0
ICA-cleaned,sub-01,8,sub-01_ses-8_epoch-31,7,0
ICA-cleaned,sub-01,8,sub-01_ses-8_epoch-32,0,1
ICA-cleaned,sub-01,8,sub-01_ses-8_epoch-32,1,1
ICA-cleaned,sub-01,8,sub-01_ses-8_epoch-32,2,1
ICA-cleaned,sub-01,8,sub-01_ses-8_epoch-32,3,1
ICA-cleaned,sub-01,8,sub-01_ses-8_epoch-32,4,1
ICA-cleaned,sub-01,8,sub-01_ses-8_epoch-32,5,1
ICA-cleaned,sub-01,8,sub-01_ses-8_epoch-32,6,1
ICA-cleaned,sub-01,8,sub-01_ses-8_epoch-33,0,0
ICA-cleaned,sub-01,8,sub-01_ses-8_epoch-33,1,0
ICA-cleaned,sub-01,8,sub-01_ses-8_epoch-33,2,0
ICA-cleaned,sub-01,8,sub-01_ses-8_epoch-33,3,0
ICA-cleaned,sub-01,8,sub-01_ses-8_epoch-33,4,0
ICA-cleaned,sub-01,8,sub-01_ses-8_epoch-33,5,0
ICA-cleaned,sub-01,8,sub-01_ses-8_epoch-33,6,0
ICA-cleaned,sub-01,8,sub-01_ses-8_epoch-33,7,0
ICA-cleaned,sub-01,8,sub-01_ses-8_epoch-34,0,1
ICA-cleaned,sub-01,8,sub-01_ses-8_epoch-34,1,1
ICA-cleaned,sub-01,8,sub-01_ses-8_epoch-34,2,1
ICA-cleaned,sub-01,8,sub-01_ses-8_epoch-34,3,1
ICA-cleaned,sub-01,8,sub-01_ses-8_epoch-34,4,1
ICA-cleaned,sub-01,8,sub-01_ses-8_epoch-34,5,1
ICA-cleaned,sub-01,8,sub-01_ses-8_epoch-34,6,1
ICA-cleaned,sub-01,8,sub-01_ses-8_epoch-35,0,0
ICA-cleaned,sub-01,8,sub-01_ses-8_epoch-35,1,0
ICA-cleaned,sub-01,8,sub-01_ses-8_epoch-35,2,0
ICA-cleaned,sub-01,8,sub-01_ses-8_epoch-35,3,0
ICA-cleaned,sub-01,8,sub-01_ses-8_epoch-35,4,0
ICA-cleaned,sub-01,8,sub-01_ses-8_epoch-35,5,0
ICA-cleaned,sub-01,8,sub-01_ses-8_epoch-35,6,0
ICA-cleaned,sub-01,8,sub-01_ses-8_epoch-35,7,0
ICA-cleaned,sub-01,8,sub-01_ses-8_epoch-36,0,1
ICA-cleaned,sub-01,8,sub-01_ses-8_epoch-36,1,1
ICA-cleaned,sub-01,8,sub-01_ses-8_epoch-36,2,1
ICA-cleaned,sub-01,8,sub-01_ses-8_epoch-36,3,1
ICA-cleaned,sub-01,8,sub-01_ses-8_epoch-36,4,1
ICA-cleaned,sub-01,8,sub-01_ses-8_epoch-36,5,1
ICA-cleaned,sub-01,8,sub-01_ses-8_epoch-36,6,1
ICA-cleaned,sub-01,8,sub-01_ses-8_epoch-37,0,0
ICA-cleaned,sub-01,8,sub-01_ses-8_epoch-37,1,0
ICA-cleaned,sub-01,8,sub-01_ses-8_epoch-37,2,0
ICA-cleaned,sub-01,8,sub-01_ses-8_epoch-37,3,0
ICA-cleaned,sub-01,8,sub-01_ses-8_epoch-37,4,0
ICA-cleaned,sub-01,8,sub-01_ses-8_epoch-37,5,0
ICA-cleaned,sub-01,8,sub-01_ses-8_epoch-37,6,0
ICA-cleaned,sub-01,8,sub-01_ses-8_epoch-37,7,0
ICA-cleaned,sub-01,8,sub-01_ses-8_epoch-38,0,1
ICA-cleaned,sub-01,8,sub-01_ses-8_epoch-38,1,1
ICA-cleaned,sub-01,8,sub-01_ses-8_epoch-38,2,1
ICA-cleaned,sub-01,8,sub-01_ses-8_epoch-38,3,1
ICA-cleaned,sub-01,8,sub-01_ses-8_epoch-38,4,1
ICA-cleaned,sub-01,8,sub-01_ses-8_epoch-38,5,1
ICA-cleaned,sub-01,8,sub-01_ses-8_epoch-38,6,1
ICA-cleaned,sub-01,8,sub-01_ses-8_epoch-39,0,0
ICA-cleaned,sub-01,8,sub-01_ses-8_epoch-39,1,0
ICA-cleaned,sub-01,8,sub-01_ses-8_epoch-39,2,0
ICA-cleaned,sub-01,8,sub-01_ses-8_epoch-39,3,0
ICA-cleaned,sub-01,8,sub-01_ses-8_epoch-39,4,0
ICA-cleaned,sub-01,8,sub-01_ses-8_epoch-39,5,0
ICA-cleaned,sub-01,8,sub-01_ses-8_epoch-39,6,0
ICA-cleaned,sub-01,8,sub-01_ses-8_epoch-39,7,0
ICA-cleaned,sub-01,8,sub-01_ses-8_epoch-40,0,1
ICA-cleaned,sub-01,8,sub-01_ses-8_epoch-40,1,1
ICA-cleaned,sub-01,8,sub-01_ses-8_epoch-40,2,1
ICA-cleaned,sub-01,8,sub-01_ses-8_epoch-40,3,1
ICA-cleaned,sub-01,8,sub-01_ses-8_epoch-40,4,1
ICA-cleaned,sub-01,8,sub-01_ses-8_epoch-40,5,1
ICA-cleaned,sub-01,8,sub-01_ses-8_epoch-40,6,1
ICA-cleaned,sub-01,8,sub-01_ses-8_epoch-41,0,1
ICA-cleaned,sub-01,8,sub-01_ses-8_epoch-41,1,1
ICA-cleaned,sub-01,8,sub-01_ses-8_epoch-41,2,1
ICA-cleaned,sub-01,8,sub-01_ses-8_epoch-41,3,1
ICA-cleaned,sub-01,8,sub-01_ses-8_epoch-41,4,1
ICA-cleaned,sub-01,8,sub-01_ses-8_epoch-41,5,1
ICA-cleaned,sub-01,8,sub-01_ses-8_epoch-41,6,1
ICA-cleaned,sub-01,8,sub-01_ses-8_epoch-42,0,0
ICA-cleaned,sub-01,8,sub-01_ses-8_epoch-42,1,0
ICA-cleaned,sub-01,8,sub-01_ses-8_epoch-42,2,0
ICA-cleaned,sub-01,8,sub-01_ses-8_epoch-42,3,0
ICA-cleaned,sub-01,8,sub-01_ses-8_epoch-42,4,0
ICA-cleaned,sub-01,8,sub-01_ses-8_epoch-42,5,0
ICA-cleaned,sub-01,8,sub-01_ses-8_epoch-42,6,0
ICA-cleaned,sub-01,8,sub-01_ses-8_epoch-42,7,0
ICA-cleaned,sub-01,8,sub-01_ses-8_epoch-43,0,1
ICA-cleaned,sub-01,8,sub-01_ses-8_epoch-43,1,1
ICA-cleaned,sub-01,8,sub-01_ses-8_epoch-43,2,1
ICA-cleaned,sub-01,8,sub-01_ses-8_epoch-43,3,1
ICA-cleaned,sub-01,8,sub-01_ses-8_epoch-43,4,1
ICA-cleaned,sub-01,8,sub-01_ses-8_epoch-43,5,1
ICA-cleaned,sub-01,8,sub-01_ses-8_epoch-43,6,1
ICA-cleaned,sub-01,8,sub-01_ses-8_epoch-44,0,0
ICA-cleaned,sub-01,8,sub-01_ses-8_epoch-44,1,0
ICA-cleaned,sub-01,8,sub-01_ses-8_epoch-44,2,0
ICA-cleaned,sub-01,8,sub-01_ses-8_epoch-44,3,0
ICA-cleaned,sub-01,8,sub-01_ses-8_epoch-44,4,0
ICA-cleaned,sub-01,8,sub-01_ses-8_epoch-44,5,0
ICA-cleaned,sub-01,8,sub-01_ses-8_epoch-44,6,0
ICA-cleaned,sub-01,8,sub-01_ses-8_epoch-44,7,0
ICA-cleaned,sub-01,8,sub-01_ses-8_epoch-45,0,1
ICA-cleaned,sub-01,8,sub-01_ses-8_epoch-45,1,1
ICA-cleaned,sub-01,8,sub-01_ses-8_epoch-45,2,1
ICA-cleaned,sub-01,8,sub-01_ses-8_epoch-45,3,1
ICA-cleaned,sub-01,8,sub-01_ses-8_epoch-45,4,1
ICA-cleaned,sub-01,8,sub-01_ses-8_epoch-45,5,1
ICA-cleaned,sub-01,8,sub-01_ses-8_epoch-45,6,1
ICA-cleaned,sub-01,8,sub-01_ses-8_epoch-46,0,0
ICA-cleaned,sub-01,8,sub-01_ses-8_epoch-46,1,0
ICA-cleaned,sub-01,8,sub-01_ses-8_epoch-46,2,0
ICA-cleaned,sub-01,8,sub-01_ses-8_epoch-46,3,0
ICA-cleaned,sub-01,8,sub-01_ses-8_epoch-46,4,0
ICA-cleaned,sub-01,8,sub-01_ses-8_epoch-46,5,0
ICA-cleaned,sub-01,8,sub-01_ses-8_epoch-46,6,0
ICA-cleaned,sub-01,8,sub-01_ses-8_epoch-46,7,0
ICA-cleaned,sub-01,8,sub-01_ses-8_epoch-47,0,0
ICA-cleaned,sub-01,8,sub-01_ses-8_epoch-47,1,0
ICA-cleaned,sub-01,8,sub-01_ses-8_epoch-47,2,0
ICA-cleaned,sub-01,8,sub-01_ses-8_epoch-47,3,0
ICA-cleaned,sub-01,8,sub-01_ses-8_epoch-47,4,0
ICA-cleaned,sub-01,8,sub-01_ses-8_epoch-47,5,0
ICA-cleaned,sub-01,8,sub-01_ses-8_epoch-47,6,0
ICA-cleaned,sub-01,8,sub-01_ses-8_epoch-47,7,0
Raw,sub-01,9,sub-01_ses-9_epoch-1,0,0
Raw,sub-01,9,sub-01_ses-9_epoch-1,1,0
Raw,sub-01,9,sub-01_ses-9_epoch-1,2,0
Raw,sub-01,9,sub-01_ses-9_epoch-1,3,0
Raw,sub-01,9,sub-01_ses-9_epoch-1,4,0
Raw,sub-01,9,sub-01_ses-9_epoch-1,5,0
Raw,sub-01,9,sub-01_ses-9_epoch-1,6,0
Raw,sub-01,9,sub-01_ses-9_epoch-1,7,0
Raw,sub-01,9,sub-01_ses-9_epoch-2,0,0
Raw,sub-01,9,sub-01_ses-9_epoch-2,1,0
Raw,sub-01,9,sub-01_ses-9_epoch-2,2,0
Raw,sub-01,9,sub-01_ses-9_epoch-2,3,0
Raw,sub-01,9,sub-01_ses-9_epoch-2,4,0
Raw,sub-01,9,sub-01_ses-9_epoch-2,5,0
Raw,sub-01,9,sub-01_ses-9_epoch-2,6,0
Raw,sub-01,9,sub-01_ses-9_epoch-2,7,0
Raw,sub-01,9,sub-01_ses-9_epoch-3,0,0
Raw,sub-01,9,sub-01_ses-9_epoch-3,1,0
Raw,sub-01,9,sub-01_ses-9_epoch-3,2,0
Raw,sub-01,9,sub-01_ses-9_epoch-3,3,0
Raw,sub-01,9,sub-01_ses-9_epoch-3,4,0
Raw,sub-01,9,sub-01_ses-9_epoch-3,5,0
Raw,sub-01,9,sub-01_ses-9_epoch-3,6,0
Raw,sub-01,9,sub-01_ses-9_epoch-3,7,0
Raw,sub-01,9,sub-01_ses-9_epoch-4,0,1
Raw,sub-01,9,sub-01_ses-9_epoch-4,1,1
Raw,sub-01,9,sub-01_ses-9_epoch-4,2,1
Raw,sub-01,9,sub-01_ses-9_epoch-4,3,1
Raw,sub-01,9,sub-01_ses-9_epoch-4,4,1
Raw,sub-01,9,sub-01_ses-9_epoch-4,5,1
Raw,sub-01,9,sub-01_ses-9_epoch-4,6,1
Raw,sub-01,9,sub-01_ses-9_epoch-5,0,0
Raw,sub-01,9,sub-01_ses-9_epoch-5,1,0
Raw,sub-01,9,sub-01_ses-9_epoch-5,2,0
Raw,sub-01,9,sub-01_ses-9_epoch-5,3,0
Raw,sub-01,9,sub-01_ses-9_epoch-5,4,0
Raw,sub-01,9,sub-01_ses-9_epoch-5,5,0
Raw,sub-01,9,sub-01_ses-9_epoch-5,6,0
Raw,sub-01,9,sub-01_ses-9_epoch-5,7,0
Raw,sub-01,9,sub-01_ses-9_epoch-6,0,1
Raw,sub-01,9,sub-01_ses-9_epoch-6,1,1
Raw,sub-01,9,sub-01_ses-9_epoch-6,2,1
Raw,sub-01,9,sub-01_ses-9_epoch-6,3,1
Raw,sub-01,9,sub-01_ses-9_epoch-6,4,1
Raw,sub-01,9,sub-01_ses-9_epoch-6,5,1
Raw,sub-01,9,sub-01_ses-9_epoch-6,6,1
Raw,sub-01,9,sub-01_ses-9_epoch-7,0,0
Raw,sub-01,9,sub-01_ses-9_epoch-7,1,0
Raw,sub-01,9,sub-01_ses-9_epoch-7,2,0
Raw,sub-01,9,sub-01_ses-9_epoch-7,3,0
Raw,sub-01,9,sub-01_ses-9_epoch-7,4,0
Raw,sub-01,9,sub-01_ses-9_epoch-7,5,0
Raw,sub-01,9,sub-01_ses-9_epoch-7,6,0
Raw,sub-01,9,sub-01_ses-9_epoch-7,7,0
Raw,sub-01,9,sub-01_ses-9_epoch-8,0,1
Raw,sub-01,9,sub-01_ses-9_epoch-8,1,1
Raw,sub-01,9,sub-01_ses-9_epoch-8,2,1
Raw,sub-01,9,sub-01_ses-9_epoch-8,3,1
Raw,sub-01,9,sub-01_ses-9_epoch-8,4,1
Raw,sub-01,9,sub-01_ses-9_epoch-8,5,1
Raw,sub-01,9,sub-01_ses-9_epoch-8,6,1
Raw,sub-01,9,sub-01_ses-9_epoch-9,0,0
Raw,sub-01,9,sub-01_ses-9_epoch-9,1,0
Raw,sub-01,9,sub-01_ses-9_epoch-9,2,0
Raw,sub-01,9,sub-01_ses-9_epoch-9,3,0
Raw,sub-01,9,sub-01_ses-9_epoch-9,4,0
Raw,sub-01,9,sub-01_ses-9_epoch-9,5,0
Raw,sub-01,9,sub-01_ses-9_epoch-9,6,0
Raw,sub-01,9,sub-01_ses-9_epoch-9,7,0
Raw,sub-01,9,sub-01_ses-9_epoch-10,0,1
Raw,sub-01,9,sub-01_ses-9_epoch-10,1,1
Raw,sub-01,9,sub-01_ses-9_epoch-10,2,1
Raw,sub-01,9,sub-01_ses-9_epoch-10,3,1
Raw,sub-01,9,sub-01_ses-9_epoch-10,4,1
Raw,sub-01,9,sub-01_ses-9_epoch-10,5,1
Raw,sub-01,9,sub-01_ses-9_epoch-10,6,1
Raw,sub-01,9,sub-01_ses-9_epoch-11,0,1
Raw,sub-01,9,sub-01_ses-9_epoch-11,1,1
Raw,sub-01,9,sub-01_ses-9_epoch-11,2,1
Raw,sub-01,9,sub-01_ses-9_epoch-11,3,1
Raw,sub-01,9,sub-01_ses-9_epoch-11,4,1
Raw,sub-01,9,sub-01_ses-9_epoch-11,5,1
Raw,sub-01,9,sub-01_ses-9_epoch-11,6,1
Raw,sub-01,9,sub-01_ses-9_epoch-12,0,0
Raw,sub-01,9,sub-01_ses-9_epoch-12,1,0
Raw,sub-01,9,sub-01_ses-9_epoch-12,2,0
Raw,sub-01,9,sub-01_ses-9_epoch-12,3,0
Raw,sub-01,9,sub-01_ses-9_epoch-12,4,0
Raw,sub-01,9,sub-01_ses-9_epoch-12,5,0
Raw,sub-01,9,sub-01_ses-9_epoch-12,6,0
Raw,sub-01,9,sub-01_ses-9_epoch-12,7,0
Raw,sub-01,9,sub-01_ses-9_epoch-13,0,1
Raw,sub-01,9,sub-01_ses-9_epoch-13,1,1
Raw,sub-01,9,sub-01_ses-9_epoch-13,2,1
Raw,sub-01,9,sub-01_ses-9_epoch-13,3,1
Raw,sub-01,9,sub-01_ses-9_epoch-13,4,1
Raw,sub-01,9,sub-01_ses-9_epoch-13,5,1
Raw,sub-01,9,sub-01_ses-9_epoch-13,6,1
Raw,sub-01,9,sub-01_ses-9_epoch-14,0,0
Raw,sub-01,9,sub-01_ses-9_epoch-14,1,0
Raw,sub-01,9,sub-01_ses-9_epoch-14,2,0
Raw,sub-01,9,sub-01_ses-9_epoch-14,3,0
Raw,sub-01,9,sub-01_ses-9_epoch-14,4,0
Raw,sub-01,9,sub-01_ses-9_epoch-14,5,0
Raw,sub-01,9,sub-01_ses-9_epoch-14,6,0
Raw,sub-01,9,sub-01_ses-9_epoch-14,7,0
Raw,sub-01,9,sub-01_ses-9_epoch-15,0,1
Raw,sub-01,9,sub-01_ses-9_epoch-15,1,1
Raw,sub-01,9,sub-01_ses-9_epoch-15,2,1
Raw,sub-01,9,sub-01_ses-9_epoch-15,3,1
Raw,sub-01,9,sub-01_ses-9_epoch-15,4,1
Raw,sub-01,9,sub-01_ses-9_epoch-15,5,1
Raw,sub-01,9,sub-01_ses-9_epoch-15,6,1
Raw,sub-01,9,sub-01_ses-9_epoch-16,0,0
Raw,sub-01,9,sub-01_ses-9_epoch-16,1,0
Raw,sub-01,9,sub-01_ses-9_epoch-16,2,0
Raw,sub-01,9,sub-01_ses-9_epoch-16,3,0
Raw,sub-01,9,sub-01_ses-9_epoch-16,4,0
Raw,sub-01,9,sub-01_ses-9_epoch-16,5,0
Raw,sub-01,9,sub-01_ses-9_epoch-16,6,0
Raw,sub-01,9,sub-01_ses-9_epoch-16,7,0
Raw,sub-01,9,sub-01_ses-9_epoch-17,0,1
Raw,sub-01,9,sub-01_ses-9_epoch-17,1,1
Raw,sub-01,9,sub-01_ses-9_epoch-17,2,1
Raw,sub-01,9,sub-01_ses-9_epoch-17,3,1
Raw,sub-01,9,sub-01_ses-9_epoch-17,4,1
Raw,sub-01,9,sub-01_ses-9_epoch-17,5,1
Raw,sub-01,9,sub-01_ses-9_epoch-17,6,1
Raw,sub-01,9,sub-01_ses-9_epoch-18,0,0
Raw,sub-01,9,sub-01_ses-9_epoch-18,1,0
Raw,sub-01,9,sub-01_ses-9_epoch-18,2,0
Raw,sub-01,9,sub-01_ses-9_epoch-18,3,0
Raw,sub-01,9,sub-01_ses-9_epoch-18,4,0
Raw,sub-01,9,sub-01_ses-9_epoch-18,5,0
Raw,sub-01,9,sub-01_ses-9_epoch-18,6,0
Raw,sub-01,9,sub-01_ses-9_epoch-18,7,0
Raw,sub-01,9,sub-01_ses-9_epoch-19,0,1
Raw,sub-01,9,sub-01_ses-9_epoch-19,1,1
Raw,sub-01,9,sub-01_ses-9_epoch-19,2,1
Raw,sub-01,9,sub-01_ses-9_epoch-19,3,1
Raw,sub-01,9,sub-01_ses-9_epoch-19,4,1
Raw,sub-01,9,sub-01_ses-9_epoch-19,5,1
Raw,sub-01,9,sub-01_ses-9_epoch-19,6,1
Raw,sub-01,9,sub-01_ses-9_epoch-20,0,0
Raw,sub-01,9,sub-01_ses-9_epoch-20,1,0
Raw,sub-01,9,sub-01_ses-9_epoch-20,2,0
Raw,sub-01,9,sub-01_ses-9_epoch-20,3,0
Raw,sub-01,9,sub-01_ses-9_epoch-20,4,0
Raw,sub-01,9,sub-01_ses-9_epoch-20,5,0
Raw,sub-01,9,sub-01_ses-9_epoch-20,6,0
Raw,sub-01,9,sub-01_ses-9_epoch-20,7,0
Raw,sub-01,9,sub-01_ses-9_epoch-21,0,1
Raw,sub-01,9,sub-01_ses-9_epoch-21,1,1
Raw,sub-01,9,sub-01_ses-9_epoch-21,2,1
Raw,sub-01,9,sub-01_ses-9_epoch-21,3,1
Raw,sub-01,9,sub-01_ses-9_epoch-21,4,1
Raw,sub-01,9,sub-01_ses-9_epoch-21,5,1
Raw,sub-01,9,sub-01_ses-9_epoch-21,6,1
Raw,sub-01,9,sub-01_ses-9_epoch-22,0,0
Raw,sub-01,9,sub-01_ses-9_epoch-22,1,0
Raw,sub-01,9,sub-01_ses-9_epoch-22,2,0
Raw,sub-01,9,sub-01_ses-9_epoch-22,3,0
Raw,sub-01,9,sub-01_ses-9_epoch-22,4,0
Raw,sub-01,9,sub-01_ses-9_epoch-22,5,0
Raw,sub-01,9,sub-01_ses-9_epoch-22,6,0
Raw,sub-01,9,sub-01_ses-9_epoch-22,7,0
Raw,sub-01,9,sub-01_ses-9_epoch-23,0,1
Raw,sub-01,9,sub-01_ses-9_epoch-23,1,1
Raw,sub-01,9,sub-01_ses-9_epoch-23,2,1
Raw,sub-01,9,sub-01_ses-9_epoch-23,3,1
Raw,sub-01,9,sub-01_ses-9_epoch-23,4,1
Raw,sub-01,9,sub-01_ses-9_epoch-23,5,1
Raw,sub-01,9,sub-01_ses-9_epoch-23,6,1
Raw,sub-01,9,sub-01_ses-9_epoch-24,0,0
Raw,sub-01,9,sub-01_ses-9_epoch-24,1,0
Raw,sub-01,9,sub-01_ses-9_epoch-24,2,0
Raw,sub-01,9,sub-01_ses-9_epoch-24,3,0
Raw,sub-01,9,sub-01_ses-9_epoch-24,4,0
Raw,sub-01,9,sub-01_ses-9_epoch-24,5,0
Raw,sub-01,9,sub-01_ses-9_epoch-24,6,0
Raw,sub-01,9,sub-01_ses-9_epoch-24,7,0
Raw,sub-01,9,sub-01_ses-9_epoch-25,0,1
Raw,sub-01,9,sub-01_ses-9_epoch-25,1,1
Raw,sub-01,9,sub-01_ses-9_epoch-25,2,1
Raw,sub-01,9,sub-01_ses-9_epoch-25,3,1
Raw,sub-01,9,sub-01_ses-9_epoch-25,4,1
Raw,sub-01,9,sub-01_ses-9_epoch-25,5,1
Raw,sub-01,9,sub-01_ses-9_epoch-25,6,1
Raw,sub-01,9,sub-01_ses-9_epoch-26,0,0
Raw,sub-01,9,sub-01_ses-9_epoch-26,1,0
Raw,sub-01,9,sub-01_ses-9_epoch-26,2,0
Raw,sub-01,9,sub-01_ses-9_epoch-26,3,0
Raw,sub-01,9,sub-01_ses-9_epoch-26,4,0
Raw,sub-01,9,sub-01_ses-9_epoch-26,5,0
Raw,sub-01,9,sub-01_ses-9_epoch-26,6,0
Raw,sub-01,9,sub-01_ses-9_epoch-26,7,0
Raw,sub-01,9,sub-01_ses-9_epoch-27,0,1
Raw,sub-01,9,sub-01_ses-9_epoch-27,1,1
Raw,sub-01,9,sub-01_ses-9_epoch-27,2,1
Raw,sub-01,9,sub-01_ses-9_epoch-27,3,1
Raw,sub-01,9,sub-01_ses-9_epoch-27,4,1
Raw,sub-01,9,sub-01_ses-9_epoch-27,5,1
Raw,sub-01,9,sub-01_ses-9_epoch-27,6,1
Raw,sub-01,9,sub-01_ses-9_epoch-28,0,0
Raw,sub-01,9,sub-01_ses-9_epoch-28,1,0
Raw,sub-01,9,sub-01_ses-9_epoch-28,2,0
Raw,sub-01,9,sub-01_ses-9_epoch-28,3,0
Raw,sub-01,9,sub-01_ses-9_epoch-28,4,0
Raw,sub-01,9,sub-01_ses-9_epoch-28,5,0
Raw,sub-01,9,sub-01_ses-9_epoch-28,6,0
Raw,sub-01,9,sub-01_ses-9_epoch-28,7,0
Raw,sub-01,9,sub-01_ses-9_epoch-29,0,1
Raw,sub-01,9,sub-01_ses-9_epoch-29,1,1
Raw,sub-01,9,sub-01_ses-9_epoch-29,2,1
Raw,sub-01,9,sub-01_ses-9_epoch-29,3,1
Raw,sub-01,9,sub-01_ses-9_epoch-29,4,1
Raw,sub-01,9,sub-01_ses-9_epoch-29,5,1
Raw,sub-01,9,sub-01_ses-9_epoch-29,6,1
Raw,sub-01,9,sub-01_ses-9_epoch-30,0,0
Raw,sub-01,9,sub-01_ses-9_epoch-30,1,0
Raw,sub-01,9,sub-01_ses-9_epoch-30,2,0
Raw,sub-01,9,sub-01_ses-9_epoch-30,3,0
Raw,sub-01,9,sub-01_ses-9_epoch-30,4,0
Raw,sub-01,9,sub-01_ses-9_epoch-30,5,0
Raw,sub-01,9,sub-01_ses-9_epoch-30,6,0
Raw,sub-01,9,sub-01_ses-9_epoch-30,7,0
Raw,sub-01,9,sub-01_ses-9_epoch-31,0,1
Raw,sub-01,9,sub-01_ses-9_epoch-31,1,1
Raw,sub-01,9,sub-01_ses-9_epoch-31,2,1
Raw,sub-01,9,sub-01_ses-9_epoch-31,3,1
Raw,sub-01,9,sub-01_ses-9_epoch-31,4,1
Raw,sub-01,9,sub-01_ses-9_epoch-31,5,1
Raw,sub-01,9,sub-01_ses-9_epoch-31,6,1
Raw,sub-01,9,sub-01_ses-9_epoch-32,0,0
Raw,sub-01,9,sub-01_ses-9_epoch-32,1,0
Raw,sub-01,9,sub-01_ses-9_epoch-32,2,0
Raw,sub-01,9,sub-01_ses-9_epoch-32,3,0
Raw,sub-01,9,sub-01_ses-9_epoch-32,4,0
Raw,sub-01,9,sub-01_ses-9_epoch-32,5,0
Raw,sub-01,9,sub-01_ses-9_epoch-32,6,0
Raw,sub-01,9,sub-01_ses-9_epoch-32,7,0
Raw,sub-01,9,sub-01_ses-9_epoch-33,0,1
Raw,sub-01,9,sub-01_ses-9_epoch-33,1,1
Raw,sub-01,9,sub-01_ses-9_epoch-33,2,1
Raw,sub-01,9,sub-01_ses-9_epoch-33,3,1
Raw,sub-01,9,sub-01_ses-9_epoch-33,4,1
Raw,sub-01,9,sub-01_ses-9_epoch-33,5,1
Raw,sub-01,9,sub-01_ses-9_epoch-33,6,1
Raw,sub-01,9,sub-01_ses-9_epoch-34,0,0
Raw,sub-01,9,sub-01_ses-9_epoch-34,1,0
Raw,sub-01,9,sub-01_ses-9_epoch-34,2,0
Raw,sub-01,9,sub-01_ses-9_epoch-34,3,0
Raw,sub-01,9,sub-01_ses-9_epoch-34,4,0
Raw,sub-01,9,sub-01_ses-9_epoch-34,5,0
Raw,sub-01,9,sub-01_ses-9_epoch-34,6,0
Raw,sub-01,9,sub-01_ses-9_epoch-34,7,0
Raw,sub-01,9,sub-01_ses-9_epoch-35,0,1
Raw,sub-01,9,sub-01_ses-9_epoch-35,1,1
Raw,sub-01,9,sub-01_ses-9_epoch-35,2,1
Raw,sub-01,9,sub-01_ses-9_epoch-35,3,1
Raw,sub-01,9,sub-01_ses-9_epoch-35,4,1
Raw,sub-01,9,sub-01_ses-9_epoch-35,5,1
Raw,sub-01,9,sub-01_ses-9_epoch-35,6,1
Raw,sub-01,9,sub-01_ses-9_epoch-36,0,0
Raw,sub-01,9,sub-01_ses-9_epoch-36,1,0
Raw,sub-01,9,sub-01_ses-9_epoch-36,2,0
Raw,sub-01,9,sub-01_ses-9_epoch-36,3,0
Raw,sub-01,9,sub-01_ses-9_epoch-36,4,0
Raw,sub-01,9,sub-01_ses-9_epoch-36,5,0
Raw,sub-01,9,sub-01_ses-9_epoch-36,6,0
Raw,sub-01,9,sub-01_ses-9_epoch-36,7,0
Raw,sub-01,9,sub-01_ses-9_epoch-37,0,1
Raw,sub-01,9,sub-01_ses-9_epoch-37,1,1
Raw,sub-01,9,sub-01_ses-9_epoch-37,2,1
Raw,sub-01,9,sub-01_ses-9_epoch-37,3,1
Raw,sub-01,9,sub-01_ses-9_epoch-37,4,1
Raw,sub-01,9,sub-01_ses-9_epoch-37,5,1
Raw,sub-01,9,sub-01_ses-9_epoch-37,6,1
Raw,sub-01,9,sub-01_ses-9_epoch-38,0,0
Raw,sub-01,9,sub-01_ses-9_epoch-38,1,0
Raw,sub-01,9,sub-01_ses-9_epoch-38,2,0
Raw,sub-01,9,sub-01_ses-9_epoch-38,3,0
Raw,sub-01,9,sub-01_ses-9_epoch-38,4,0
Raw,sub-01,9,sub-01_ses-9_epoch-38,5,0
Raw,sub-01,9,sub-01_ses-9_epoch-38,6,0
Raw,sub-01,9,sub-01_ses-9_epoch-38,7,0
Raw,sub-01,9,sub-01_ses-9_epoch-39,0,1
Raw,sub-01,9,sub-01_ses-9_epoch-39,1,1
Raw,sub-01,9,sub-01_ses-9_epoch-39,2,1
Raw,sub-01,9,sub-01_ses-9_epoch-39,3,1
Raw,sub-01,9,sub-01_ses-9_epoch-39,4,1
Raw,sub-01,9,sub-01_ses-9_epoch-39,5,1
Raw,sub-01,9,sub-01_ses-9_epoch-39,6,1
Raw,sub-01,9,sub-01_ses-9_epoch-40,0,0
Raw,sub-01,9,sub-01_ses-9_epoch-40,1,0
Raw,sub-01,9,sub-01_ses-9_epoch-40,2,0
Raw,sub-01,9,sub-01_ses-9_epoch-40,3,0
Raw,sub-01,9,sub-01_ses-9_epoch-40,4,0
Raw,sub-01,9,sub-01_ses-9_epoch-40,5,0
Raw,sub-01,9,sub-01_ses-9_epoch-40,6,0
Raw,sub-01,9,sub-01_ses-9_epoch-40,7,0
Raw,sub-01,9,sub-01_ses-9_epoch-41,0,1
Raw,sub-01,9,sub-01_ses-9_epoch-41,1,1
Raw,sub-01,9,sub-01_ses-9_epoch-41,2,1
Raw,sub-01,9,sub-01_ses-9_epoch-41,3,1
Raw,sub-01,9,sub-01_ses-9_epoch-41,4,1
Raw,sub-01,9,sub-01_ses-9_epoch-41,5,1
Raw,sub-01,9,sub-01_ses-9_epoch-41,6,1
Raw,sub-01,9,sub-01_ses-9_epoch-42,0,0
Raw,sub-01,9,sub-01_ses-9_epoch-42,1,0
Raw,sub-01,9,sub-01_ses-9_epoch-42,2,0
Raw,sub-01,9,sub-01_ses-9_epoch-42,3,0
Raw,sub-01,9,sub-01_ses-9_epoch-42,4,0
Raw,sub-01,9,sub-01_ses-9_epoch-42,5,0
Raw,sub-01,9,sub-01_ses-9_epoch-42,6,0
Raw,sub-01,9,sub-01_ses-9_epoch-42,7,0
Raw,sub-01,9,sub-01_ses-9_epoch-43,0,1
Raw,sub-01,9,sub-01_ses-9_epoch-43,1,1
Raw,sub-01,9,sub-01_ses-9_epoch-43,2,1
Raw,sub-01,9,sub-01_ses-9_epoch-43,3,1
Raw,sub-01,9,sub-01_ses-9_epoch-43,4,1
Raw,sub-01,9,sub-01_ses-9_epoch-43,5,1
Raw,sub-01,9,sub-01_ses-9_epoch-43,6,1
Raw,sub-01,9,sub-01_ses-9_epoch-44,0,0
Raw,sub-01,9,sub-01_ses-9_epoch-44,1,0
Raw,sub-01,9,sub-01_ses-9_epoch-44,2,0
Raw,sub-01,9,sub-01_ses-9_epoch-44,3,0
Raw,sub-01,9,sub-01_ses-9_epoch-44,4,0
Raw,sub-01,9,sub-01_ses-9_epoch-44,5,0
Raw,sub-01,9,sub-01_ses-9_epoch-44,6,0
Raw,sub-01,9,sub-01_ses-9_epoch-44,7,0
Raw,sub-01,9,sub-01_ses-9_epoch-45,0,1
Raw,sub-01,9,sub-01_ses-9_epoch-45,1,1
Raw,sub-01,9,sub-01_ses-9_epoch-45,2,1
Raw,sub-01,9,sub-01_ses-9_epoch-45,3,1
Raw,sub-01,9,sub-01_ses-9_epoch-45,4,1
Raw,sub-01,9,sub-01_ses-9_epoch-45,5,1
Raw,sub-01,9,sub-01_ses-9_epoch-45,6,1
Raw,sub-01,9,sub-01_ses-9_epoch-46,0,0
Raw,sub-01,9,sub-01_ses-9_epoch-46,1,0
Raw,sub-01,9,sub-01_ses-9_epoch-46,2,0
Raw,sub-01,9,sub-01_ses-9_epoch-46,3,0
Raw,sub-01,9,sub-01_ses-9_epoch-46,4,0
Raw,sub-01,9,sub-01_ses-9_epoch-46,5,0
Raw,sub-01,9,sub-01_ses-9_epoch-46,6,0
Raw,sub-01,9,sub-01_ses-9_epoch-46,7,0
Raw,sub-01,9,sub-01_ses-9_epoch-47,0,1
Raw,sub-01,9,sub-01_ses-9_epoch-47,1,1
Raw,sub-01,9,sub-01_ses-9_epoch-47,2,1
Raw,sub-01,9,sub-01_ses-9_epoch-47,3,1
Raw,sub-01,9,sub-01_ses-9_epoch-47,4,1
Raw,sub-01,9,sub-01_ses-9_epoch-47,5,1
Raw,sub-01,9,sub-01_ses-9_epoch-47,6,1
Raw,sub-01,9,sub-01_ses-9_epoch-48,0,0
Raw,sub-01,9,sub-01_ses-9_epoch-48,1,0
Raw,sub-01,9,sub-01_ses-9_epoch-48,2,0
Raw,sub-01,9,sub-01_ses-9_epoch-48,3,0
Raw,sub-01,9,sub-01_ses-9_epoch-48,4,0
Raw,sub-01,9,sub-01_ses-9_epoch-48,5,0
Raw,sub-01,9,sub-01_ses-9_epoch-48,6,0
Raw,sub-01,9,sub-01_ses-9_epoch-48,7,0
Raw,sub-01,9,sub-01_ses-9_epoch-49,0,1
Raw,sub-01,9,sub-01_ses-9_epoch-49,1,1
Raw,sub-01,9,sub-01_ses-9_epoch-49,2,1
Raw,sub-01,9,sub-01_ses-9_epoch-49,3,1
Raw,sub-01,9,sub-01_ses-9_epoch-49,4,1
Raw,sub-01,9,sub-01_ses-9_epoch-49,5,1
Raw,sub-01,9,sub-01_ses-9_epoch-49,6,1
Raw,sub-01,9,sub-01_ses-9_epoch-50,0,0
Raw,sub-01,9,sub-01_ses-9_epoch-50,1,0
Raw,sub-01,9,sub-01_ses-9_epoch-50,2,0
Raw,sub-01,9,sub-01_ses-9_epoch-50,3,0
Raw,sub-01,9,sub-01_ses-9_epoch-50,4,0
Raw,sub-01,9,sub-01_ses-9_epoch-50,5,0
Raw,sub-01,9,sub-01_ses-9_epoch-50,6,0
Raw,sub-01,9,sub-01_ses-9_epoch-50,7,0
Raw,sub-01,9,sub-01_ses-9_epoch-51,0,1
Raw,sub-01,9,sub-01_ses-9_epoch-51,1,1
Raw,sub-01,9,sub-01_ses-9_epoch-51,2,1
Raw,sub-01,9,sub-01_ses-9_epoch-51,3,1
Raw,sub-01,9,sub-01_ses-9_epoch-51,4,1
Raw,sub-01,9,sub-01_ses-9_epoch-51,5,1
Raw,sub-01,9,sub-01_ses-9_epoch-51,6,1
Raw,sub-01,9,sub-01_ses-9_epoch-52,0,0
Raw,sub-01,9,sub-01_ses-9_epoch-52,1,0
Raw,sub-01,9,sub-01_ses-9_epoch-52,2,0
Raw,sub-01,9,sub-01_ses-9_epoch-52,3,0
Raw,sub-01,9,sub-01_ses-9_epoch-52,4,0
Raw,sub-01,9,sub-01_ses-9_epoch-52,5,0
Raw,sub-01,9,sub-01_ses-9_epoch-52,6,0
Raw,sub-01,9,sub-01_ses-9_epoch-52,7,0
Raw,sub-01,9,sub-01_ses-9_epoch-53,0,1
Raw,sub-01,9,sub-01_ses-9_epoch-53,1,1
Raw,sub-01,9,sub-01_ses-9_epoch-53,2,1
Raw,sub-01,9,sub-01_ses-9_epoch-53,3,1
Raw,sub-01,9,sub-01_ses-9_epoch-53,4,1
Raw,sub-01,9,sub-01_ses-9_epoch-53,5,1
Raw,sub-01,9,sub-01_ses-9_epoch-53,6,1
Raw,sub-01,9,sub-01_ses-9_epoch-54,0,0
Raw,sub-01,9,sub-01_ses-9_epoch-54,1,0
Raw,sub-01,9,sub-01_ses-9_epoch-54,2,0
Raw,sub-01,9,sub-01_ses-9_epoch-54,3,0
Raw,sub-01,9,sub-01_ses-9_epoch-54,4,0
Raw,sub-01,9,sub-01_ses-9_epoch-54,5,0
Raw,sub-01,9,sub-01_ses-9_epoch-54,6,0
Raw,sub-01,9,sub-01_ses-9_epoch-54,7,0
Raw,sub-01,9,sub-01_ses-9_epoch-55,0,1
Raw,sub-01,9,sub-01_ses-9_epoch-55,1,1
Raw,sub-01,9,sub-01_ses-9_epoch-55,2,1
Raw,sub-01,9,sub-01_ses-9_epoch-55,3,1
Raw,sub-01,9,sub-01_ses-9_epoch-55,4,1
Raw,sub-01,9,sub-01_ses-9_epoch-55,5,1
Raw,sub-01,9,sub-01_ses-9_epoch-55,6,1
Raw,sub-01,9,sub-01_ses-9_epoch-56,0,0
Raw,sub-01,9,sub-01_ses-9_epoch-56,1,0
Raw,sub-01,9,sub-01_ses-9_epoch-56,2,0
Raw,sub-01,9,sub-01_ses-9_epoch-56,3,0
Raw,sub-01,9,sub-01_ses-9_epoch-56,4,0
Raw,sub-01,9,sub-01_ses-9_epoch-56,5,0
Raw,sub-01,9,sub-01_ses-9_epoch-56,6,0
Raw,sub-01,9,sub-01_ses-9_epoch-56,7,0
ICA-cleaned,sub-01,9,sub-01_ses-9_epoch-1,0,0
ICA-cleaned,sub-01,9,sub-01_ses-9_epoch-1,1,0
ICA-cleaned,sub-01,9,sub-01_ses-9_epoch-1,2,0
ICA-cleaned,sub-01,9,sub-01_ses-9_epoch-1,3,0
ICA-cleaned,sub-01,9,sub-01_ses-9_epoch-1,4,0
ICA-cleaned,sub-01,9,sub-01_ses-9_epoch-1,5,0
ICA-cleaned,sub-01,9,sub-01_ses-9_epoch-1,6,0
ICA-cleaned,sub-01,9,sub-01_ses-9_epoch-1,7,0
ICA-cleaned,sub-01,9,sub-01_ses-9_epoch-2,0,0
ICA-cleaned,sub-01,9,sub-01_ses-9_epoch-2,1,0
ICA-cleaned,sub-01,9,sub-01_ses-9_epoch-2,2,0
ICA-cleaned,sub-01,9,sub-01_ses-9_epoch-2,3,0
ICA-cleaned,sub-01,9,sub-01_ses-9_epoch-2,4,0
ICA-cleaned,sub-01,9,sub-01_ses-9_epoch-2,5,0
ICA-cleaned,sub-01,9,sub-01_ses-9_epoch-2,6,0
ICA-cleaned,sub-01,9,sub-01_ses-9_epoch-2,7,0
ICA-cleaned,sub-01,9,sub-01_ses-9_epoch-3,0,0
ICA-cleaned,sub-01,9,sub-01_ses-9_epoch-3,1,0
ICA-cleaned,sub-01,9,sub-01_ses-9_epoch-3,2,0
ICA-cleaned,sub-01,9,sub-01_ses-9_epoch-3,3,0
ICA-cleaned,sub-01,9,sub-01_ses-9_epoch-3,4,0
ICA-cleaned,sub-01,9,sub-01_ses-9_epoch-3,5,0
ICA-cleaned,sub-01,9,sub-01_ses-9_epoch-3,6,0
ICA-cleaned,sub-01,9,sub-01_ses-9_epoch-3,7,0
ICA-cleaned,sub-01,9,sub-01_ses-9_epoch-4,0,1
ICA-cleaned,sub-01,9,sub-01_ses-9_epoch-4,1,1
ICA-cleaned,sub-01,9,sub-01_ses-9_epoch-4,2,1
ICA-cleaned,sub-01,9,sub-01_ses-9_epoch-4,3,1
ICA-cleaned,sub-01,9,sub-01_ses-9_epoch-4,4,1
ICA-cleaned,sub-01,9,sub-01_ses-9_epoch-4,5,1
ICA-cleaned,sub-01,9,sub-01_ses-9_epoch-4,6,1
ICA-cleaned,sub-01,9,sub-01_ses-9_epoch-5,0,0
ICA-cleaned,sub-01,9,sub-01_ses-9_epoch-5,1,0
ICA-cleaned,sub-01,9,sub-01_ses-9_epoch-5,2,0
ICA-cleaned,sub-01,9,sub-01_ses-9_epoch-5,3,0
ICA-cleaned,sub-01,9,sub-01_ses-9_epoch-5,4,0
ICA-cleaned,sub-01,9,sub-01_ses-9_epoch-5,5,0
ICA-cleaned,sub-01,9,sub-01_ses-9_epoch-5,6,0
ICA-cleaned,sub-01,9,sub-01_ses-9_epoch-5,7,0
ICA-cleaned,sub-01,9,sub-01_ses-9_epoch-6,0,1
ICA-cleaned,sub-01,9,sub-01_ses-9_epoch-6,1,1
ICA-cleaned,sub-01,9,sub-01_ses-9_epoch-6,2,1
ICA-cleaned,sub-01,9,sub-01_ses-9_epoch-6,3,1
ICA-cleaned,sub-01,9,sub-01_ses-9_epoch-6,4,1
ICA-cleaned,sub-01,9,sub-01_ses-9_epoch-6,5,1
ICA-cleaned,sub-01,9,sub-01_ses-9_epoch-6,6,1
ICA-cleaned,sub-01,9,sub-01_ses-9_epoch-7,0,0
ICA-cleaned,sub-01,9,sub-01_ses-9_epoch-7,1,0
ICA-cleaned,sub-01,9,sub-01_ses-9_epoch-7,2,0
ICA-cleaned,sub-01,9,sub-01_ses-9_epoch-7,3,0
ICA-cleaned,sub-01,9,sub-01_ses-9_epoch-7,4,0
ICA-cleaned,sub-01,9,sub-01_ses-9_epoch-7,5,0
ICA-cleaned,sub-01,9,sub-01_ses-9_epoch-7,6,0
ICA-cleaned,sub-01,9,sub-01_ses-9_epoch-7,7,0
ICA-cleaned,sub-01,9,sub-01_ses-9_epoch-8,0,1
ICA-cleaned,sub-01,9,sub-01_ses-9_epoch-8,1,1
ICA-cleaned,sub-01,9,sub-01_ses-9_epoch-8,2,1
ICA-cleaned,sub-01,9,sub-01_ses-9_epoch-8,3,1
ICA-cleaned,sub-01,9,sub-01_ses-9_epoch-8,4,1
ICA-cleaned,sub-01,9,sub-01_ses-9_epoch-8,5,1
ICA-cleaned,sub-01,9,sub-01_ses-9_epoch-8,6,1
ICA-cleaned,sub-01,9,sub-01_ses-9_epoch-9,0,0
ICA-cleaned,sub-01,9,sub-01_ses-9_epoch-9,1,0
ICA-cleaned,sub-01,9,sub-01_ses-9_epoch-9,2,0
ICA-cleaned,sub-01,9,sub-01_ses-9_epoch-9,3,0
ICA-cleaned,sub-01,9,sub-01_ses-9_epoch-9,4,0
ICA-cleaned,sub-01,9,sub-01_ses-9_epoch-9,5,0
ICA-cleaned,sub-01,9,sub-01_ses-9_epoch-9,6,0
ICA-cleaned,sub-01,9,sub-01_ses-9_epoch-9,7,0
ICA-cleaned,sub-01,9,sub-01_ses-9_epoch-10,0,1
ICA-cleaned,sub-01,9,sub-01_ses-9_epoch-10,1,1
ICA-cleaned,sub-01,9,sub-01_ses-9_epoch-10,2,1
ICA-cleaned,sub-01,9,sub-01_ses-9_epoch-10,3,1
ICA-cleaned,sub-01,9,sub-01_ses-9_epoch-10,4,1
ICA-cleaned,sub-01,9,sub-01_ses-9_epoch-10,5,1
ICA-cleaned,sub-01,9,sub-01_ses-9_epoch-10,6,1
ICA-cleaned,sub-01,9,sub-01_ses-9_epoch-11,0,1
ICA-cleaned,sub-01,9,sub-01_ses-9_epoch-11,1,1
ICA-cleaned,sub-01,9,sub-01_ses-9_epoch-11,2,1
ICA-cleaned,sub-01,9,sub-01_ses-9_epoch-11,3,1
ICA-cleaned,sub-01,9,sub-01_ses-9_epoch-11,4,1
ICA-cleaned,sub-01,9,sub-01_ses-9_epoch-11,5,1
ICA-cleaned,sub-01,9,sub-01_ses-9_epoch-11,6,1
ICA-cleaned,sub-01,9,sub-01_ses-9_epoch-12,0,0
ICA-cleaned,sub-01,9,sub-01_ses-9_epoch-12,1,0
ICA-cleaned,sub-01,9,sub-01_ses-9_epoch-12,2,0
ICA-cleaned,sub-01,9,sub-01_ses-9_epoch-12,3,0
ICA-cleaned,sub-01,9,sub-01_ses-9_epoch-12,4,0
ICA-cleaned,sub-01,9,sub-01_ses-9_epoch-12,5,0
ICA-cleaned,sub-01,9,sub-01_ses-9_epoch-12,6,0
ICA-cleaned,sub-01,9,sub-01_ses-9_epoch-12,7,0
ICA-cleaned,sub-01,9,sub-01_ses-9_epoch-13,0,1
ICA-cleaned,sub-01,9,sub-01_ses-9_epoch-13,1,1
ICA-cleaned,sub-01,9,sub-01_ses-9_epoch-13,2,1
ICA-cleaned,sub-01,9,sub-01_ses-9_epoch-13,3,1
ICA-cleaned,sub-01,9,sub-01_ses-9_epoch-13,4,1
ICA-cleaned,sub-01,9,sub-01_ses-9_epoch-13,5,1
ICA-cleaned,sub-01,9,sub-01_ses-9_epoch-13,6,1
ICA-cleaned,sub-01,9,sub-01_ses-9_epoch-14,0,0
ICA-cleaned,sub-01,9,sub-01_ses-9_epoch-14,1,0
ICA-cleaned,sub-01,9,sub-01_ses-9_epoch-14,2,0
ICA-cleaned,sub-01,9,sub-01_ses-9_epoch-14,3,0
ICA-cleaned,sub-01,9,sub-01_ses-9_epoch-14,4,0
ICA-cleaned,sub-01,9,sub-01_ses-9_epoch-14,5,0
ICA-cleaned,sub-01,9,sub-01_ses-9_epoch-14,6,0
ICA-cleaned,sub-01,9,sub-01_ses-9_epoch-14,7,0
ICA-cleaned,sub-01,9,sub-01_ses-9_epoch-15,0,1
ICA-cleaned,sub-01,9,sub-01_ses-9_epoch-15,1,1
ICA-cleaned,sub-01,9,sub-01_ses-9_epoch-15,2,1
ICA-cleaned,sub-01,9,sub-01_ses-9_epoch-15,3,1
ICA-cleaned,sub-01,9,sub-01_ses-9_epoch-15,4,1
ICA-cleaned,sub-01,9,sub-01_ses-9_epoch-15,5,1
ICA-cleaned,sub-01,9,sub-01_ses-9_epoch-15,6,1
ICA-cleaned,sub-01,9,sub-01_ses-9_epoch-16,0,0
ICA-cleaned,sub-01,9,sub-01_ses-9_epoch-16,1,0
ICA-cleaned,sub-01,9,sub-01_ses-9_epoch-16,2,0
ICA-cleaned,sub-01,9,sub-01_ses-9_epoch-16,3,0
ICA-cleaned,sub-01,9,sub-01_ses-9_epoch-16,4,0
ICA-cleaned,sub-01,9,sub-01_ses-9_epoch-16,5,0
ICA-cleaned,sub-01,9,sub-01_ses-9_epoch-16,6,0
ICA-cleaned,sub-01,9,sub-01_ses-9_epoch-16,7,0
ICA-cleaned,sub-01,9,sub-01_ses-9_epoch-17,0,1
ICA-cleaned,sub-01,9,sub-01_ses-9_epoch-17,1,1
ICA-cleaned,sub-01,9,sub-01_ses-9_epoch-17,2,1
ICA-cleaned,sub-01,9,sub-01_ses-9_epoch-17,3,1
ICA-cleaned,sub-01,9,sub-01_ses-9_epoch-17,4,1
ICA-cleaned,sub-01,9,sub-01_ses-9_epoch-17,5,1
ICA-cleaned,sub-01,9,sub-01_ses-9_epoch-17,6,1
ICA-cleaned,sub-01,9,sub-01_ses-9_epoch-18,0,0
ICA-cleaned,sub-01,9,sub-01_ses-9_epoch-18,1,0
ICA-cleaned,sub-01,9,sub-01_ses-9_epoch-18,2,0
ICA-cleaned,sub-01,9,sub-01_ses-9_epoch-18,3,0
ICA-cleaned,sub-01,9,sub-01_ses-9_epoch-18,4,0
ICA-cleaned,sub-01,9,sub-01_ses-9_epoch-18,5,0
ICA-cleaned,sub-01,9,sub-01_ses-9_epoch-18,6,0
ICA-cleaned,sub-01,9,sub-01_ses-9_epoch-18,7,0
ICA-cleaned,sub-01,9,sub-01_ses-9_epoch-19,0,1
ICA-cleaned,sub-01,9,sub-01_ses-9_epoch-19,1,1
ICA-cleaned,sub-01,9,sub-01_ses-9_epoch-19,2,1
ICA-cleaned,sub-01,9,sub-01_ses-9_epoch-19,3,1
ICA-cleaned,sub-01,9,sub-01_ses-9_epoch-19,4,1
ICA-cleaned,sub-01,9,sub-01_ses-9_epoch-19,5,1
ICA-cleaned,sub-01,9,sub-01_ses-9_epoch-19,6,1
ICA-cleaned,sub-01,9,sub-01_ses-9_epoch-20,0,0
ICA-cleaned,sub-01,9,sub-01_ses-9_epoch-20,1,0
ICA-cleaned,sub-01,9,sub-01_ses-9_epoch-20,2,0
ICA-cleaned,sub-01,9,sub-01_ses-9_epoch-20,3,0
ICA-cleaned,sub-01,9,sub-01_ses-9_epoch-20,4,0
ICA-cleaned,sub-01,9,sub-01_ses-9_epoch-20,5,0
ICA-cleaned,sub-01,9,sub-01_ses-9_epoch-20,6,0
ICA-cleaned,sub-01,9,sub-01_ses-9_epoch-20,7,0
ICA-cleaned,sub-01,9,sub-01_ses-9_epoch-21,0,1
ICA-cleaned,sub-01,9,sub-01_ses-9_epoch-21,1,1
ICA-cleaned,sub-01,9,sub-01_ses-9_epoch-21,2,1
ICA-cleaned,sub-01,9,sub-01_ses-9_epoch-21,3,1
ICA-cleaned,sub-01,9,sub-01_ses-9_epoch-21,4,1
ICA-cleaned,sub-01,9,sub-01_ses-9_epoch-21,5,1
ICA-cleaned,sub-01,9,sub-01_ses-9_epoch-21,6,1
ICA-cleaned,sub-01,9,sub-01_ses-9_epoch-22,0,0
ICA-cleaned,sub-01,9,sub-01_ses-9_epoch-22,1,0
ICA-cleaned,sub-01,9,sub-01_ses-9_epoch-22,2,0
ICA-cleaned,sub-01,9,sub-01_ses-9_epoch-22,3,0
ICA-cleaned,sub-01,9,sub-01_ses-9_epoch-22,4,0
ICA-cleaned,sub-01,9,sub-01_ses-9_epoch-22,5,0
ICA-cleaned,sub-01,9,sub-01_ses-9_epoch-22,6,0
ICA-cleaned,sub-01,9,sub-01_ses-9_epoch-22,7,0
ICA-cleaned,sub-01,9,sub-01_ses-9_epoch-23,0,1
ICA-cleaned,sub-01,9,sub-01_ses-9_epoch-23,1,1
ICA-cleaned,sub-01,9,sub-01_ses-9_epoch-23,2,1
ICA-cleaned,sub-01,9,sub-01_ses-9_epoch-23,3,1
ICA-cleaned,sub-01,9,sub-01_ses-9_epoch-23,4,1
ICA-cleaned,sub-01,9,sub-01_ses-9_epoch-23,5,1
ICA-cleaned,sub-01,9,sub-01_ses-9_epoch-23,6,1
ICA-cleaned,sub-01,9,sub-01_ses-9_epoch-24,0,0
ICA-cleaned,sub-01,9,sub-01_ses-9_epoch-24,1,0
ICA-cleaned,sub-01,9,sub-01_ses-9_epoch-24,2,0
ICA-cleaned,sub-01,9,sub-01_ses-9_epoch-24,3,0
ICA-cleaned,sub-01,9,sub-01_ses-9_epoch-24,4,0
ICA-cleaned,sub-01,9,sub-01_ses-9_epoch-24,5,0
ICA-cleaned,sub-01,9,sub-01_ses-9_epoch-24,6,0
ICA-cleaned,sub-01,9,sub-01_ses-9_epoch-24,7,0
ICA-cleaned,sub-01,9,sub-01_ses-9_epoch-25,0,1
ICA-cleaned,sub-01,9,sub-01_ses-9_epoch-25,1,1
ICA-cleaned,sub-01,9,sub-01_ses-9_epoch-25,2,1
ICA-cleaned,sub-01,9,sub-01_ses-9_epoch-25,3,1
ICA-cleaned,sub-01,9,sub-01_ses-9_epoch-25,4,1
ICA-cleaned,sub-01,9,sub-01_ses-9_epoch-25,5,1
ICA-cleaned,sub-01,9,sub-01_ses-9_epoch-25,6,1
ICA-cleaned,sub-01,9,sub-01_ses-9_epoch-26,0,0
ICA-cleaned,sub-01,9,sub-01_ses-9_epoch-26,1,0
ICA-cleaned,sub-01,9,sub-01_ses-9_epoch-26,2,0
ICA-cleaned,sub-01,9,sub-01_ses-9_epoch-26,3,0
ICA-cleaned,sub-01,9,sub-01_ses-9_epoch-26,4,0
ICA-cleaned,sub-01,9,sub-01_ses-9_epoch-26,5,0
ICA-cleaned,sub-01,9,sub-01_ses-9_epoch-26,6,0
ICA-cleaned,sub-01,9,sub-01_ses-9_epoch-26,7,0
ICA-cleaned,sub-01,9,sub-01_ses-9_epoch-27,0,1
ICA-cleaned,sub-01,9,sub-01_ses-9_epoch-27,1,1
ICA-cleaned,sub-01,9,sub-01_ses-9_epoch-27,2,1
ICA-cleaned,sub-01,9,sub-01_ses-9_epoch-27,3,1
ICA-cleaned,sub-01,9,sub-01_ses-9_epoch-27,4,1
ICA-cleaned,sub-01,9,sub-01_ses-9_epoch-27,5,1
ICA-cleaned,sub-01,9,sub-01_ses-9_epoch-27,6,1
ICA-cleaned,sub-01,9,sub-01_ses-9_epoch-28,0,0
ICA-cleaned,sub-01,9,sub-01_ses-9_epoch-28,1,0
ICA-cleaned,sub-01,9,sub-01_ses-9_epoch-28,2,0
ICA-cleaned,sub-01,9,sub-01_ses-9_epoch-28,3,0
ICA-cleaned,sub-01,9,sub-01_ses-9_epoch-28,4,0
ICA-cleaned,sub-01,9,sub-01_ses-9_epoch-28,5,0
ICA-cleaned,sub-01,9,sub-01_ses-9_epoch-28,6,0
ICA-cleaned,sub-01,9,sub-01_ses-9_epoch-28,7,0
ICA-cleaned,sub-01,9,sub-01_ses-9_epoch-29,0,1
ICA-cleaned,sub-01,9,sub-01_ses-9_epoch-29,1,1
ICA-cleaned,sub-01,9,sub-01_ses-9_epoch-29,2,1
ICA-cleaned,sub-01,9,sub-01_ses-9_epoch-29,3,1
ICA-cleaned,sub-01,9,sub-01_ses-9_epoch-29,4,1
ICA-cleaned,sub-01,9,sub-01_ses-9_epoch-29,5,1
ICA-cleaned,sub-01,9,sub-01_ses-9_epoch-29,6,1
ICA-cleaned,sub-01,9,sub-01_ses-9_epoch-30,0,0
ICA-cleaned,sub-01,9,sub-01_ses-9_epoch-30,1,0
ICA-cleaned,sub-01,9,sub-01_ses-9_epoch-30,2,0
ICA-cleaned,sub-01,9,sub-01_ses-9_epoch-30,3,0
ICA-cleaned,sub-01,9,sub-01_ses-9_epoch-30,4,0
ICA-cleaned,sub-01,9,sub-01_ses-9_epoch-30,5,0
ICA-cleaned,sub-01,9,sub-01_ses-9_epoch-30,6,0
ICA-cleaned,sub-01,9,sub-01_ses-9_epoch-30,7,0
ICA-cleaned,sub-01,9,sub-01_ses-9_epoch-31,0,1
ICA-cleaned,sub-01,9,sub-01_ses-9_epoch-31,1,1
ICA-cleaned,sub-01,9,sub-01_ses-9_epoch-31,2,1
ICA-cleaned,sub-01,9,sub-01_ses-9_epoch-31,3,1
ICA-cleaned,sub-01,9,sub-01_ses-9_epoch-31,4,1
ICA-cleaned,sub-01,9,sub-01_ses-9_epoch-31,5,1
ICA-cleaned,sub-01,9,sub-01_ses-9_epoch-31,6,1
ICA-cleaned,sub-01,9,sub-01_ses-9_epoch-32,0,0
ICA-cleaned,sub-01,9,sub-01_ses-9_epoch-32,1,0
ICA-cleaned,sub-01,9,sub-01_ses-9_epoch-32,2,0
ICA-cleaned,sub-01,9,sub-01_ses-9_epoch-32,3,0
ICA-cleaned,sub-01,9,sub-01_ses-9_epoch-32,4,0
ICA-cleaned,sub-01,9,sub-01_ses-9_epoch-32,5,0
ICA-cleaned,sub-01,9,sub-01_ses-9_epoch-32,6,0
ICA-cleaned,sub-01,9,sub-01_ses-9_epoch-32,7,0
ICA-cleaned,sub-01,9,sub-01_ses-9_epoch-33,0,1
ICA-cleaned,sub-01,9,sub-01_ses-9_epoch-33,1,1
ICA-cleaned,sub-01,9,sub-01_ses-9_epoch-33,2,1
ICA-cleaned,sub-01,9,sub-01_ses-9_epoch-33,3,1
ICA-cleaned,sub-01,9,sub-01_ses-9_epoch-33,4,1
ICA-cleaned,sub-01,9,sub-01_ses-9_epoch-33,5,1
ICA-cleaned,sub-01,9,sub-01_ses-9_epoch-33,6,1
ICA-cleaned,sub-01,9,sub-01_ses-9_epoch-34,0,0
ICA-cleaned,sub-01,9,sub-01_ses-9_epoch-34,1,0
ICA-cleaned,sub-01,9,sub-01_ses-9_epoch-34,2,0
ICA-cleaned,sub-01,9,sub-01_ses-9_epoch-34,3,0
ICA-cleaned,sub-01,9,sub-01_ses-9_epoch-34,4,0
ICA-cleaned,sub-01,9,sub-01_ses-9_epoch-34,5,0
ICA-cleaned,sub-01,9,sub-01_ses-9_epoch-34,6,0
ICA-cleaned,sub-01,9,sub-01_ses-9_epoch-34,7,0
ICA-cleaned,sub-01,9,sub-01_ses-9_epoch-35,0,1
ICA-cleaned,sub-01,9,sub-01_ses-9_epoch-35,1,1
ICA-cleaned,sub-01,9,sub-01_ses-9_epoch-35,2,1
ICA-cleaned,sub-01,9,sub-01_ses-9_epoch-35,3,1
ICA-cleaned,sub-01,9,sub-01_ses-9_epoch-35,4,1
ICA-cleaned,sub-01,9,sub-01_ses-9_epoch-35,5,1
ICA-cleaned,sub-01,9,sub-01_ses-9_epoch-35,6,1
ICA-cleaned,sub-01,9,sub-01_ses-9_epoch-36,0,0
ICA-cleaned,sub-01,9,sub-01_ses-9_epoch-36,1,0
ICA-cleaned,sub-01,9,sub-01_ses-9_epoch-36,2,0
ICA-cleaned,sub-01,9,sub-01_ses-9_epoch-36,3,0
ICA-cleaned,sub-01,9,sub-01_ses-9_epoch-36,4,0
ICA-cleaned,sub-01,9,sub-01_ses-9_epoch-36,5,0
ICA-cleaned,sub-01,9,sub-01_ses-9_epoch-36,6,0
ICA-cleaned,sub-01,9,sub-01_ses-9_epoch-36,7,0
ICA-cleaned,sub-01,9,sub-01_ses-9_epoch-37,0,1
ICA-cleaned,sub-01,9,sub-01_ses-9_epoch-37,1,1
ICA-cleaned,sub-01,9,sub-01_ses-9_epoch-37,2,1
ICA-cleaned,sub-01,9,sub-01_ses-9_epoch-37,3,1
ICA-cleaned,sub-01,9,sub-01_ses-9_epoch-37,4,1
ICA-cleaned,sub-01,9,sub-01_ses-9_epoch-37,5,1
ICA-cleaned,sub-01,9,sub-01_ses-9_epoch-37,6,1
ICA-cleaned,sub-01,9,sub-01_ses-9_epoch-38,0,0
ICA-cleaned,sub-01,9,sub-01_ses-9_epoch-38,1,0
ICA-cleaned,sub-01,9,sub-01_ses-9_epoch-38,2,0
ICA-cleaned,sub-01,9,sub-01_ses-9_epoch-38,3,0
ICA-cleaned,sub-01,9,sub-01_ses-9_epoch-38,4,0
ICA-cleaned,sub-01,9,sub-01_ses-9_epoch-38,5,0
ICA-cleaned,sub-01,9,sub-01_ses-9_epoch-38,6,0
ICA-cleaned,sub-01,9,sub-01_ses-9_epoch-38,7,0
ICA-cleaned,sub-01,9,sub-01_ses-9_epoch-39,0,1
ICA-cleaned,sub-01,9,sub-01_ses-9_epoch-39,1,1
ICA-cleaned,sub-01,9,sub-01_ses-9_epoch-39,2,1
ICA-cleaned,sub-01,9,sub-01_ses-9_epoch-39,3,1
ICA-cleaned,sub-01,9,sub-01_ses-9_epoch-39,4,1
ICA-cleaned,sub-01,9,sub-01_ses-9_epoch-39,5,1
ICA-cleaned,sub-01,9,sub-01_ses-9_epoch-39,6,1
ICA-cleaned,sub-01,9,sub-01_ses-9_epoch-40,0,0
ICA-cleaned,sub-01,9,sub-01_ses-9_epoch-40,1,0
ICA-cleaned,sub-01,9,sub-01_ses-9_epoch-40,2,0
ICA-cleaned,sub-01,9,sub-01_ses-9_epoch-40,3,0
ICA-cleaned,sub-01,9,sub-01_ses-9_epoch-40,4,0
ICA-cleaned,sub-01,9,sub-01_ses-9_epoch-40,5,0
ICA-cleaned,sub-01,9,sub-01_ses-9_epoch-40,6,0
ICA-cleaned,sub-01,9,sub-01_ses-9_epoch-40,7,0
ICA-cleaned,sub-01,9,sub-01_ses-9_epoch-41,0,1
ICA-cleaned,sub-01,9,sub-01_ses-9_epoch-41,1,1
ICA-cleaned,sub-01,9,sub-01_ses-9_epoch-41,2,1
ICA-cleaned,sub-01,9,sub-01_ses-9_epoch-41,3,1
ICA-cleaned,sub-01,9,sub-01_ses-9_epoch-41,4,1
ICA-cleaned,sub-01,9,sub-01_ses-9_epoch-41,5,1
ICA-cleaned,sub-01,9,sub-01_ses-9_epoch-41,6,1
ICA-cleaned,sub-01,9,sub-01_ses-9_epoch-42,0,0
ICA-cleaned,sub-01,9,sub-01_ses-9_epoch-42,1,0
ICA-cleaned,sub-01,9,sub-01_ses-9_epoch-42,2,0
ICA-cleaned,sub-01,9,sub-01_ses-9_epoch-42,3,0
ICA-cleaned,sub-01,9,sub-01_ses-9_epoch-42,4,0
ICA-cleaned,sub-01,9,sub-01_ses-9_epoch-42,5,0
ICA-cleaned,sub-01,9,sub-01_ses-9_epoch-42,6,0
ICA-cleaned,sub-01,9,sub-01_ses-9_epoch-42,7,0
ICA-cleaned,sub-01,9,sub-01_ses-9_epoch-43,0,1
ICA-cleaned,sub-01,9,sub-01_ses-9_epoch-43,1,1
ICA-cleaned,sub-01,9,sub-01_ses-9_epoch-43,2,1
ICA-cleaned,sub-01,9,sub-01_ses-9_epoch-43,3,1
ICA-cleaned,sub-01,9,sub-01_ses-9_epoch-43,4,1
ICA-cleaned,sub-01,9,sub-01_ses-9_epoch-43,5,1
ICA-cleaned,sub-01,9,sub-01_ses-9_epoch-43,6,1
ICA-cleaned,sub-01,9,sub-01_ses-9_epoch-44,0,0
ICA-cleaned,sub-01,9,sub-01_ses-9_epoch-44,1,0
ICA-cleaned,sub-01,9,sub-01_ses-9_epoch-44,2,0
ICA-cleaned,sub-01,9,sub-01_ses-9_epoch-44,3,0
ICA-cleaned,sub-01,9,sub-01_ses-9_epoch-44,4,0
ICA-cleaned,sub-01,9,sub-01_ses-9_epoch-44,5,0
ICA-cleaned,sub-01,9,sub-01_ses-9_epoch-44,6,0
ICA-cleaned,sub-01,9,sub-01_ses-9_epoch-44,7,0
ICA-cleaned,sub-01,9,sub-01_ses-9_epoch-45,0,1
ICA-cleaned,sub-01,9,sub-01_ses-9_epoch-45,1,1
ICA-cleaned,sub-01,9,sub-01_ses-9_epoch-45,2,1
ICA-cleaned,sub-01,9,sub-01_ses-9_epoch-45,3,1
ICA-cleaned,sub-01,9,sub-01_ses-9_epoch-45,4,1
ICA-cleaned,sub-01,9,sub-01_ses-9_epoch-45,5,1
ICA-cleaned,sub-01,9,sub-01_ses-9_epoch-45,6,1
ICA-cleaned,sub-01,9,sub-01_ses-9_epoch-46,0,0
ICA-cleaned,sub-01,9,sub-01_ses-9_epoch-46,1,0
ICA-cleaned,sub-01,9,sub-01_ses-9_epoch-46,2,0
ICA-cleaned,sub-01,9,sub-01_ses-9_epoch-46,3,0
ICA-cleaned,sub-01,9,sub-01_ses-9_epoch-46,4,0
ICA-cleaned,sub-01,9,sub-01_ses-9_epoch-46,5,0
ICA-cleaned,sub-01,9,sub-01_ses-9_epoch-46,6,0
ICA-cleaned,sub-01,9,sub-01_ses-9_epoch-46,7,0
ICA-cleaned,sub-01,9,sub-01_ses-9_epoch-47,0,1
ICA-cleaned,sub-01,9,sub-01_ses-9_epoch-47,1,1
ICA-cleaned,sub-01,9,sub-01_ses-9_epoch-47,2,1
ICA-cleaned,sub-01,9,sub-01_ses-9_epoch-47,3,1
ICA-cleaned,sub-01,9,sub-01_ses-9_epoch-47,4,1
ICA-cleaned,sub-01,9,sub-01_ses-9_epoch-47,5,1
ICA-cleaned,sub-01,9,sub-01_ses-9_epoch-47,6,1
ICA-cleaned,sub-01,9,sub-01_ses-9_epoch-48,0,0
ICA-cleaned,sub-01,9,sub-01_ses-9_epoch-48,1,0
ICA-cleaned,sub-01,9,sub-01_ses-9_epoch-48,2,0
ICA-cleaned,sub-01,9,sub-01_ses-9_epoch-48,3,0
ICA-cleaned,sub-01,9,sub-01_ses-9_epoch-48,4,0
ICA-cleaned,sub-01,9,sub-01_ses-9_epoch-48,5,0
ICA-cleaned,sub-01,9,sub-01_ses-9_epoch-48,6,0
ICA-cleaned,sub-01,9,sub-01_ses-9_epoch-48,7,0
ICA-cleaned,sub-01,9,sub-01_ses-9_epoch-49,0,1
ICA-cleaned,sub-01,9,sub-01_ses-9_epoch-49,1,1
ICA-cleaned,sub-01,9,sub-01_ses-9_epoch-49,2,1
ICA-cleaned,sub-01,9,sub-01_ses-9_epoch-49,3,1
ICA-cleaned,sub-01,9,sub-01_ses-9_epoch-49,4,1
ICA-cleaned,sub-01,9,sub-01_ses-9_epoch-49,5,1
ICA-cleaned,sub-01,9,sub-01_ses-9_epoch-49,6,1
ICA-cleaned,sub-01,9,sub-01_ses-9_epoch-50,0,0
ICA-cleaned,sub-01,9,sub-01_ses-9_epoch-50,1,0
ICA-cleaned,sub-01,9,sub-01_ses-9_epoch-50,2,0
ICA-cleaned,sub-01,9,sub-01_ses-9_epoch-50,3,0
ICA-cleaned,sub-01,9,sub-01_ses-9_epoch-50,4,0
ICA-cleaned,sub-01,9,sub-01_ses-9_epoch-50,5,0
ICA-cleaned,sub-01,9,sub-01_ses-9_epoch-50,6,0
ICA-cleaned,sub-01,9,sub-01_ses-9_epoch-50,7,0
ICA-cleaned,sub-01,9,sub-01_ses-9_epoch-51,0,1
ICA-cleaned,sub-01,9,sub-01_ses-9_epoch-51,1,1
ICA-cleaned,sub-01,9,sub-01_ses-9_epoch-51,2,1
ICA-cleaned,sub-01,9,sub-01_ses-9_epoch-51,3,1
ICA-cleaned,sub-01,9,sub-01_ses-9_epoch-51,4,1
ICA-cleaned,sub-01,9,sub-01_ses-9_epoch-51,5,1
ICA-cleaned,sub-01,9,sub-01_ses-9_epoch-51,6,1
ICA-cleaned,sub-01,9,sub-01_ses-9_epoch-52,0,0
ICA-cleaned,sub-01,9,sub-01_ses-9_epoch-52,1,0
ICA-cleaned,sub-01,9,sub-01_ses-9_epoch-52,2,0
ICA-cleaned,sub-01,9,sub-01_ses-9_epoch-52,3,0
ICA-cleaned,sub-01,9,sub-01_ses-9_epoch-52,4,0
ICA-cleaned,sub-01,9,sub-01_ses-9_epoch-52,5,0
ICA-cleaned,sub-01,9,sub-01_ses-9_epoch-52,6,0
ICA-cleaned,sub-01,9,sub-01_ses-9_epoch-52,7,0
ICA-cleaned,sub-01,9,sub-01_ses-9_epoch-53,0,1
ICA-cleaned,sub-01,9,sub-01_ses-9_epoch-53,1,1
ICA-cleaned,sub-01,9,sub-01_ses-9_epoch-53,2,1
ICA-cleaned,sub-01,9,sub-01_ses-9_epoch-53,3,1
ICA-cleaned,sub-01,9,sub-01_ses-9_epoch-53,4,1
ICA-cleaned,sub-01,9,sub-01_ses-9_epoch-53,5,1
ICA-cleaned,sub-01,9,sub-01_ses-9_epoch-53,6,1
ICA-cleaned,sub-01,9,sub-01_ses-9_epoch-54,0,0
ICA-cleaned,sub-01,9,sub-01_ses-9_epoch-54,1,0
ICA-cleaned,sub-01,9,sub-01_ses-9_epoch-54,2,0
ICA-cleaned,sub-01,9,sub-01_ses-9_epoch-54,3,0
ICA-cleaned,sub-01,9,sub-01_ses-9_epoch-54,4,0
ICA-cleaned,sub-01,9,sub-01_ses-9_epoch-54,5,0
ICA-cleaned,sub-01,9,sub-01_ses-9_epoch-54,6,0
ICA-cleaned,sub-01,9,sub-01_ses-9_epoch-54,7,0
ICA-cleaned,sub-01,9,sub-01_ses-9_epoch-55,0,1
ICA-cleaned,sub-01,9,sub-01_ses-9_epoch-55,1,1
ICA-cleaned,sub-01,9,sub-01_ses-9_epoch-55,2,1
ICA-cleaned,sub-01,9,sub-01_ses-9_epoch-55,3,1
ICA-cleaned,sub-01,9,sub-01_ses-9_epoch-55,4,1
ICA-cleaned,sub-01,9,sub-01_ses-9_epoch-55,5,1
ICA-cleaned,sub-01,9,sub-01_ses-9_epoch-55,6,1
ICA-cleaned,sub-01,9,sub-01_ses-9_epoch-56,0,0
ICA-cleaned,sub-01,9,sub-01_ses-9_epoch-56,1,0
ICA-cleaned,sub-01,9,sub-01_ses-9_epoch-56,2,0
ICA-cleaned,sub-01,9,sub-01_ses-9_epoch-56,3,0
ICA-cleaned,sub-01,9,sub-01_ses-9_epoch-56,4,0
ICA-cleaned,sub-01,9,sub-01_ses-9_epoch-56,5,0
ICA-cleaned,sub-01,9,sub-01_ses-9_epoch-56,6,0
ICA-cleaned,sub-01,9,sub-01_ses-9_epoch-56,7,0
Raw,sub-01,10,sub-01_ses-10_epoch-1,0,0
Raw,sub-01,10,sub-01_ses-10_epoch-1,1,0
Raw,sub-01,10,sub-01_ses-10_epoch-1,2,0
Raw,sub-01,10,sub-01_ses-10_epoch-1,3,0
Raw,sub-01,10,sub-01_ses-10_epoch-1,4,0
Raw,sub-01,10,sub-01_ses-10_epoch-1,5,0
Raw,sub-01,10,sub-01_ses-10_epoch-1,6,0
Raw,sub-01,10,sub-01_ses-10_epoch-1,7,0
Raw,sub-01,10,sub-01_ses-10_epoch-2,0,0
Raw,sub-01,10,sub-01_ses-10_epoch-2,1,0
Raw,sub-01,10,sub-01_ses-10_epoch-2,2,0
Raw,sub-01,10,sub-01_ses-10_epoch-2,3,0
Raw,sub-01,10,sub-01_ses-10_epoch-2,4,0
Raw,sub-01,10,sub-01_ses-10_epoch-2,5,0
Raw,sub-01,10,sub-01_ses-10_epoch-2,6,0
Raw,sub-01,10,sub-01_ses-10_epoch-2,7,0
Raw,sub-01,10,sub-01_ses-10_epoch-3,0,0
Raw,sub-01,10,sub-01_ses-10_epoch-3,1,0
Raw,sub-01,10,sub-01_ses-10_epoch-3,2,0
Raw,sub-01,10,sub-01_ses-10_epoch-3,3,0
Raw,sub-01,10,sub-01_ses-10_epoch-3,4,0
Raw,sub-01,10,sub-01_ses-10_epoch-3,5,0
Raw,sub-01,10,sub-01_ses-10_epoch-3,6,0
Raw,sub-01,10,sub-01_ses-10_epoch-3,7,0
Raw,sub-01,10,sub-01_ses-10_epoch-4,0,0
Raw,sub-01,10,sub-01_ses-10_epoch-4,1,0
Raw,sub-01,10,sub-01_ses-10_epoch-4,2,0
Raw,sub-01,10,sub-01_ses-10_epoch-4,3,0
Raw,sub-01,10,sub-01_ses-10_epoch-4,4,0
Raw,sub-01,10,sub-01_ses-10_epoch-4,5,0
Raw,sub-01,10,sub-01_ses-10_epoch-4,6,0
Raw,sub-01,10,sub-01_ses-10_epoch-4,7,0
Raw,sub-01,10,sub-01_ses-10_epoch-5,0,1
Raw,sub-01,10,sub-01_ses-10_epoch-5,1,1
Raw,sub-01,10,sub-01_ses-10_epoch-5,2,1
Raw,sub-01,10,sub-01_ses-10_epoch-5,3,1
Raw,sub-01,10,sub-01_ses-10_epoch-5,4,1
Raw,sub-01,10,sub-01_ses-10_epoch-5,5,1
Raw,sub-01,10,sub-01_ses-10_epoch-5,6,1
Raw,sub-01,10,sub-01_ses-10_epoch-6,0,0
Raw,sub-01,10,sub-01_ses-10_epoch-6,1,0
Raw,sub-01,10,sub-01_ses-10_epoch-6,2,0
Raw,sub-01,10,sub-01_ses-10_epoch-6,3,0
Raw,sub-01,10,sub-01_ses-10_epoch-6,4,0
Raw,sub-01,10,sub-01_ses-10_epoch-6,5,0
Raw,sub-01,10,sub-01_ses-10_epoch-6,6,0
Raw,sub-01,10,sub-01_ses-10_epoch-6,7,0
Raw,sub-01,10,sub-01_ses-10_epoch-7,0,1
Raw,sub-01,10,sub-01_ses-10_epoch-7,1,1
Raw,sub-01,10,sub-01_ses-10_epoch-7,2,1
Raw,sub-01,10,sub-01_ses-10_epoch-7,3,1
Raw,sub-01,10,sub-01_ses-10_epoch-7,4,1
Raw,sub-01,10,sub-01_ses-10_epoch-7,5,1
Raw,sub-01,10,sub-01_ses-10_epoch-7,6,1
Raw,sub-01,10,sub-01_ses-10_epoch-8,0,0
Raw,sub-01,10,sub-01_ses-10_epoch-8,1,0
Raw,sub-01,10,sub-01_ses-10_epoch-8,2,0
Raw,sub-01,10,sub-01_ses-10_epoch-8,3,0
Raw,sub-01,10,sub-01_ses-10_epoch-8,4,0
Raw,sub-01,10,sub-01_ses-10_epoch-8,5,0
Raw,sub-01,10,sub-01_ses-10_epoch-8,6,0
Raw,sub-01,10,sub-01_ses-10_epoch-8,7,0
Raw,sub-01,10,sub-01_ses-10_epoch-9,0,1
Raw,sub-01,10,sub-01_ses-10_epoch-9,1,1
Raw,sub-01,10,sub-01_ses-10_epoch-9,2,1
Raw,sub-01,10,sub-01_ses-10_epoch-9,3,1
Raw,sub-01,10,sub-01_ses-10_epoch-9,4,1
Raw,sub-01,10,sub-01_ses-10_epoch-9,5,1
Raw,sub-01,10,sub-01_ses-10_epoch-9,6,1
Raw,sub-01,10,sub-01_ses-10_epoch-10,0,0
Raw,sub-01,10,sub-01_ses-10_epoch-10,1,0
Raw,sub-01,10,sub-01_ses-10_epoch-10,2,0
Raw,sub-01,10,sub-01_ses-10_epoch-10,3,0
Raw,sub-01,10,sub-01_ses-10_epoch-10,4,0
Raw,sub-01,10,sub-01_ses-10_epoch-10,5,0
Raw,sub-01,10,sub-01_ses-10_epoch-10,6,0
Raw,sub-01,10,sub-01_ses-10_epoch-10,7,0
Raw,sub-01,10,sub-01_ses-10_epoch-11,0,1
Raw,sub-01,10,sub-01_ses-10_epoch-11,1,1
Raw,sub-01,10,sub-01_ses-10_epoch-11,2,1
Raw,sub-01,10,sub-01_ses-10_epoch-11,3,1
Raw,sub-01,10,sub-01_ses-10_epoch-11,4,1
Raw,sub-01,10,sub-01_ses-10_epoch-11,5,1
Raw,sub-01,10,sub-01_ses-10_epoch-11,6,1
Raw,sub-01,10,sub-01_ses-10_epoch-12,0,0
Raw,sub-01,10,sub-01_ses-10_epoch-12,1,0
Raw,sub-01,10,sub-01_ses-10_epoch-12,2,0
Raw,sub-01,10,sub-01_ses-10_epoch-12,3,0
Raw,sub-01,10,sub-01_ses-10_epoch-12,4,0
Raw,sub-01,10,sub-01_ses-10_epoch-12,5,0
Raw,sub-01,10,sub-01_ses-10_epoch-12,6,0
Raw,sub-01,10,sub-01_ses-10_epoch-12,7,0
Raw,sub-01,10,sub-01_ses-10_epoch-13,0,1
Raw,sub-01,10,sub-01_ses-10_epoch-13,1,1
Raw,sub-01,10,sub-01_ses-10_epoch-13,2,1
Raw,sub-01,10,sub-01_ses-10_epoch-13,3,1
Raw,sub-01,10,sub-01_ses-10_epoch-13,4,1
Raw,sub-01,10,sub-01_ses-10_epoch-13,5,1
Raw,sub-01,10,sub-01_ses-10_epoch-13,6,1
Raw,sub-01,10,sub-01_ses-10_epoch-14,0,0
Raw,sub-01,10,sub-01_ses-10_epoch-14,1,0
Raw,sub-01,10,sub-01_ses-10_epoch-14,2,0
Raw,sub-01,10,sub-01_ses-10_epoch-14,3,0
Raw,sub-01,10,sub-01_ses-10_epoch-14,4,0
Raw,sub-01,10,sub-01_ses-10_epoch-14,5,0
Raw,sub-01,10,sub-01_ses-10_epoch-14,6,0
Raw,sub-01,10,sub-01_ses-10_epoch-14,7,0
Raw,sub-01,10,sub-01_ses-10_epoch-15,0,1
Raw,sub-01,10,sub-01_ses-10_epoch-15,1,1
Raw,sub-01,10,sub-01_ses-10_epoch-15,2,1
Raw,sub-01,10,sub-01_ses-10_epoch-15,3,1
Raw,sub-01,10,sub-01_ses-10_epoch-15,4,1
Raw,sub-01,10,sub-01_ses-10_epoch-15,5,1
Raw,sub-01,10,sub-01_ses-10_epoch-15,6,1
Raw,sub-01,10,sub-01_ses-10_epoch-16,0,0
Raw,sub-01,10,sub-01_ses-10_epoch-16,1,0
Raw,sub-01,10,sub-01_ses-10_epoch-16,2,0
Raw,sub-01,10,sub-01_ses-10_epoch-16,3,0
Raw,sub-01,10,sub-01_ses-10_epoch-16,4,0
Raw,sub-01,10,sub-01_ses-10_epoch-16,5,0
Raw,sub-01,10,sub-01_ses-10_epoch-16,6,0
Raw,sub-01,10,sub-01_ses-10_epoch-16,7,0
Raw,sub-01,10,sub-01_ses-10_epoch-17,0,1
Raw,sub-01,10,sub-01_ses-10_epoch-17,1,1
Raw,sub-01,10,sub-01_ses-10_epoch-17,2,1
Raw,sub-01,10,sub-01_ses-10_epoch-17,3,1
Raw,sub-01,10,sub-01_ses-10_epoch-17,4,1
Raw,sub-01,10,sub-01_ses-10_epoch-17,5,1
Raw,sub-01,10,sub-01_ses-10_epoch-17,6,1
Raw,sub-01,10,sub-01_ses-10_epoch-18,0,0
Raw,sub-01,10,sub-01_ses-10_epoch-18,1,0
Raw,sub-01,10,sub-01_ses-10_epoch-18,2,0
Raw,sub-01,10,sub-01_ses-10_epoch-18,3,0
Raw,sub-01,10,sub-01_ses-10_epoch-18,4,0
Raw,sub-01,10,sub-01_ses-10_epoch-18,5,0
Raw,sub-01,10,sub-01_ses-10_epoch-18,6,0
Raw,sub-01,10,sub-01_ses-10_epoch-18,7,0
Raw,sub-01,10,sub-01_ses-10_epoch-19,0,1
Raw,sub-01,10,sub-01_ses-10_epoch-19,1,1
Raw,sub-01,10,sub-01_ses-10_epoch-19,2,1
Raw,sub-01,10,sub-01_ses-10_epoch-19,3,1
Raw,sub-01,10,sub-01_ses-10_epoch-19,4,1
Raw,sub-01,10,sub-01_ses-10_epoch-19,5,1
Raw,sub-01,10,sub-01_ses-10_epoch-19,6,1
Raw,sub-01,10,sub-01_ses-10_epoch-20,0,0
Raw,sub-01,10,sub-01_ses-10_epoch-20,1,0
Raw,sub-01,10,sub-01_ses-10_epoch-20,2,0
Raw,sub-01,10,sub-01_ses-10_epoch-20,3,0
Raw,sub-01,10,sub-01_ses-10_epoch-20,4,0
Raw,sub-01,10,sub-01_ses-10_epoch-20,5,0
Raw,sub-01,10,sub-01_ses-10_epoch-20,6,0
Raw,sub-01,10,sub-01_ses-10_epoch-20,7,0
Raw,sub-01,10,sub-01_ses-10_epoch-21,0,0
Raw,sub-01,10,sub-01_ses-10_epoch-21,1,0
Raw,sub-01,10,sub-01_ses-10_epoch-21,2,0
Raw,sub-01,10,sub-01_ses-10_epoch-21,3,0
Raw,sub-01,10,sub-01_ses-10_epoch-21,4,0
Raw,sub-01,10,sub-01_ses-10_epoch-21,5,0
Raw,sub-01,10,sub-01_ses-10_epoch-21,6,0
Raw,sub-01,10,sub-01_ses-10_epoch-21,7,0
Raw,sub-01,10,sub-01_ses-10_epoch-22,0,1
Raw,sub-01,10,sub-01_ses-10_epoch-22,1,1
Raw,sub-01,10,sub-01_ses-10_epoch-22,2,1
Raw,sub-01,10,sub-01_ses-10_epoch-22,3,1
Raw,sub-01,10,sub-01_ses-10_epoch-22,4,1
Raw,sub-01,10,sub-01_ses-10_epoch-22,5,1
Raw,sub-01,10,sub-01_ses-10_epoch-22,6,1
Raw,sub-01,10,sub-01_ses-10_epoch-23,0,0
Raw,sub-01,10,sub-01_ses-10_epoch-23,1,0
Raw,sub-01,10,sub-01_ses-10_epoch-23,2,0
Raw,sub-01,10,sub-01_ses-10_epoch-23,3,0
Raw,sub-01,10,sub-01_ses-10_epoch-23,4,0
Raw,sub-01,10,sub-01_ses-10_epoch-23,5,0
Raw,sub-01,10,sub-01_ses-10_epoch-23,6,0
Raw,sub-01,10,sub-01_ses-10_epoch-23,7,0
Raw,sub-01,10,sub-01_ses-10_epoch-24,0,1
Raw,sub-01,10,sub-01_ses-10_epoch-24,1,1
Raw,sub-01,10,sub-01_ses-10_epoch-24,2,1
Raw,sub-01,10,sub-01_ses-10_epoch-24,3,1
Raw,sub-01,10,sub-01_ses-10_epoch-24,4,1
Raw,sub-01,10,sub-01_ses-10_epoch-24,5,1
Raw,sub-01,10,sub-01_ses-10_epoch-24,6,1
Raw,sub-01,10,sub-01_ses-10_epoch-25,0,0
Raw,sub-01,10,sub-01_ses-10_epoch-25,1,0
Raw,sub-01,10,sub-01_ses-10_epoch-25,2,0
Raw,sub-01,10,sub-01_ses-10_epoch-25,3,0
Raw,sub-01,10,sub-01_ses-10_epoch-25,4,0
Raw,sub-01,10,sub-01_ses-10_epoch-25,5,0
Raw,sub-01,10,sub-01_ses-10_epoch-25,6,0
Raw,sub-01,10,sub-01_ses-10_epoch-25,7,0
Raw,sub-01,10,sub-01_ses-10_epoch-26,0,1
Raw,sub-01,10,sub-01_ses-10_epoch-26,1,1
Raw,sub-01,10,sub-01_ses-10_epoch-26,2,1
Raw,sub-01,10,sub-01_ses-10_epoch-26,3,1
Raw,sub-01,10,sub-01_ses-10_epoch-26,4,1
Raw,sub-01,10,sub-01_ses-10_epoch-26,5,1
Raw,sub-01,10,sub-01_ses-10_epoch-26,6,1
Raw,sub-01,10,sub-01_ses-10_epoch-27,0,0
Raw,sub-01,10,sub-01_ses-10_epoch-27,1,0
Raw,sub-01,10,sub-01_ses-10_epoch-27,2,0
Raw,sub-01,10,sub-01_ses-10_epoch-27,3,0
Raw,sub-01,10,sub-01_ses-10_epoch-27,4,0
Raw,sub-01,10,sub-01_ses-10_epoch-27,5,0
Raw,sub-01,10,sub-01_ses-10_epoch-27,6,0
Raw,sub-01,10,sub-01_ses-10_epoch-27,7,0
Raw,sub-01,10,sub-01_ses-10_epoch-28,0,1
Raw,sub-01,10,sub-01_ses-10_epoch-28,1,1
Raw,sub-01,10,sub-01_ses-10_epoch-28,2,1
Raw,sub-01,10,sub-01_ses-10_epoch-28,3,1
Raw,sub-01,10,sub-01_ses-10_epoch-28,4,1
Raw,sub-01,10,sub-01_ses-10_epoch-28,5,1
Raw,sub-01,10,sub-01_ses-10_epoch-28,6,1
Raw,sub-01,10,sub-01_ses-10_epoch-29,0,0
Raw,sub-01,10,sub-01_ses-10_epoch-29,1,0
Raw,sub-01,10,sub-01_ses-10_epoch-29,2,0
Raw,sub-01,10,sub-01_ses-10_epoch-29,3,0
Raw,sub-01,10,sub-01_ses-10_epoch-29,4,0
Raw,sub-01,10,sub-01_ses-10_epoch-29,5,0
Raw,sub-01,10,sub-01_ses-10_epoch-29,6,0
Raw,sub-01,10,sub-01_ses-10_epoch-29,7,0
Raw,sub-01,10,sub-01_ses-10_epoch-30,0,1
Raw,sub-01,10,sub-01_ses-10_epoch-30,1,1
Raw,sub-01,10,sub-01_ses-10_epoch-30,2,1
Raw,sub-01,10,sub-01_ses-10_epoch-30,3,1
Raw,sub-01,10,sub-01_ses-10_epoch-30,4,1
Raw,sub-01,10,sub-01_ses-10_epoch-30,5,1
Raw,sub-01,10,sub-01_ses-10_epoch-30,6,1
Raw,sub-01,10,sub-01_ses-10_epoch-31,0,0
Raw,sub-01,10,sub-01_ses-10_epoch-31,1,0
Raw,sub-01,10,sub-01_ses-10_epoch-31,2,0
Raw,sub-01,10,sub-01_ses-10_epoch-31,3,0
Raw,sub-01,10,sub-01_ses-10_epoch-31,4,0
Raw,sub-01,10,sub-01_ses-10_epoch-31,5,0
Raw,sub-01,10,sub-01_ses-10_epoch-31,6,0
Raw,sub-01,10,sub-01_ses-10_epoch-31,7,0
Raw,sub-01,10,sub-01_ses-10_epoch-32,0,1
Raw,sub-01,10,sub-01_ses-10_epoch-32,1,1
Raw,sub-01,10,sub-01_ses-10_epoch-32,2,1
Raw,sub-01,10,sub-01_ses-10_epoch-32,3,1
Raw,sub-01,10,sub-01_ses-10_epoch-32,4,1
Raw,sub-01,10,sub-01_ses-10_epoch-32,5,1
Raw,sub-01,10,sub-01_ses-10_epoch-32,6,1
Raw,sub-01,10,sub-01_ses-10_epoch-33,0,0
Raw,sub-01,10,sub-01_ses-10_epoch-33,1,0
Raw,sub-01,10,sub-01_ses-10_epoch-33,2,0
Raw,sub-01,10,sub-01_ses-10_epoch-33,3,0
Raw,sub-01,10,sub-01_ses-10_epoch-33,4,0
Raw,sub-01,10,sub-01_ses-10_epoch-33,5,0
Raw,sub-01,10,sub-01_ses-10_epoch-33,6,0
Raw,sub-01,10,sub-01_ses-10_epoch-33,7,0
Raw,sub-01,10,sub-01_ses-10_epoch-34,0,1
Raw,sub-01,10,sub-01_ses-10_epoch-34,1,1
Raw,sub-01,10,sub-01_ses-10_epoch-34,2,1
Raw,sub-01,10,sub-01_ses-10_epoch-34,3,1
Raw,sub-01,10,sub-01_ses-10_epoch-34,4,1
Raw,sub-01,10,sub-01_ses-10_epoch-34,5,1
Raw,sub-01,10,sub-01_ses-10_epoch-34,6,1
Raw,sub-01,10,sub-01_ses-10_epoch-35,0,0
Raw,sub-01,10,sub-01_ses-10_epoch-35,1,0
Raw,sub-01,10,sub-01_ses-10_epoch-35,2,0
Raw,sub-01,10,sub-01_ses-10_epoch-35,3,0
Raw,sub-01,10,sub-01_ses-10_epoch-35,4,0
Raw,sub-01,10,sub-01_ses-10_epoch-35,5,0
Raw,sub-01,10,sub-01_ses-10_epoch-35,6,0
Raw,sub-01,10,sub-01_ses-10_epoch-35,7,0
Raw,sub-01,10,sub-01_ses-10_epoch-36,0,1
Raw,sub-01,10,sub-01_ses-10_epoch-36,1,1
Raw,sub-01,10,sub-01_ses-10_epoch-36,2,1
Raw,sub-01,10,sub-01_ses-10_epoch-36,3,1
Raw,sub-01,10,sub-01_ses-10_epoch-36,4,1
Raw,sub-01,10,sub-01_ses-10_epoch-36,5,1
Raw,sub-01,10,sub-01_ses-10_epoch-36,6,1
Raw,sub-01,10,sub-01_ses-10_epoch-37,0,0
Raw,sub-01,10,sub-01_ses-10_epoch-37,1,0
Raw,sub-01,10,sub-01_ses-10_epoch-37,2,0
Raw,sub-01,10,sub-01_ses-10_epoch-37,3,0
Raw,sub-01,10,sub-01_ses-10_epoch-37,4,0
Raw,sub-01,10,sub-01_ses-10_epoch-37,5,0
Raw,sub-01,10,sub-01_ses-10_epoch-37,6,0
Raw,sub-01,10,sub-01_ses-10_epoch-37,7,0
Raw,sub-01,10,sub-01_ses-10_epoch-38,0,1
Raw,sub-01,10,sub-01_ses-10_epoch-38,1,1
Raw,sub-01,10,sub-01_ses-10_epoch-38,2,1
Raw,sub-01,10,sub-01_ses-10_epoch-38,3,1
Raw,sub-01,10,sub-01_ses-10_epoch-38,4,1
Raw,sub-01,10,sub-01_ses-10_epoch-38,5,1
Raw,sub-01,10,sub-01_ses-10_epoch-38,6,1
Raw,sub-01,10,sub-01_ses-10_epoch-39,0,0
Raw,sub-01,10,sub-01_ses-10_epoch-39,1,0
Raw,sub-01,10,sub-01_ses-10_epoch-39,2,0
Raw,sub-01,10,sub-01_ses-10_epoch-39,3,0
Raw,sub-01,10,sub-01_ses-10_epoch-39,4,0
Raw,sub-01,10,sub-01_ses-10_epoch-39,5,0
Raw,sub-01,10,sub-01_ses-10_epoch-39,6,0
Raw,sub-01,10,sub-01_ses-10_epoch-39,7,0
Raw,sub-01,10,sub-01_ses-10_epoch-40,0,1
Raw,sub-01,10,sub-01_ses-10_epoch-40,1,1
Raw,sub-01,10,sub-01_ses-10_epoch-40,2,1
Raw,sub-01,10,sub-01_ses-10_epoch-40,3,1
Raw,sub-01,10,sub-01_ses-10_epoch-40,4,1
Raw,sub-01,10,sub-01_ses-10_epoch-40,5,1
Raw,sub-01,10,sub-01_ses-10_epoch-40,6,1
Raw,sub-01,10,sub-01_ses-10_epoch-41,0,0
Raw,sub-01,10,sub-01_ses-10_epoch-41,1,0
Raw,sub-01,10,sub-01_ses-10_epoch-41,2,0
Raw,sub-01,10,sub-01_ses-10_epoch-41,3,0
Raw,sub-01,10,sub-01_ses-10_epoch-41,4,0
Raw,sub-01,10,sub-01_ses-10_epoch-41,5,0
Raw,sub-01,10,sub-01_ses-10_epoch-41,6,0
Raw,sub-01,10,sub-01_ses-10_epoch-41,7,0
Raw,sub-01,10,sub-01_ses-10_epoch-42,0,1
Raw,sub-01,10,sub-01_ses-10_epoch-42,1,1
Raw,sub-01,10,sub-01_ses-10_epoch-42,2,1
Raw,sub-01,10,sub-01_ses-10_epoch-42,3,1
Raw,sub-01,10,sub-01_ses-10_epoch-42,4,1
Raw,sub-01,10,sub-01_ses-10_epoch-42,5,1
Raw,sub-01,10,sub-01_ses-10_epoch-42,6,1
Raw,sub-01,10,sub-01_ses-10_epoch-43,0,0
Raw,sub-01,10,sub-01_ses-10_epoch-43,1,0
Raw,sub-01,10,sub-01_ses-10_epoch-43,2,0
Raw,sub-01,10,sub-01_ses-10_epoch-43,3,0
Raw,sub-01,10,sub-01_ses-10_epoch-43,4,0
Raw,sub-01,10,sub-01_ses-10_epoch-43,5,0
Raw,sub-01,10,sub-01_ses-10_epoch-43,6,0
Raw,sub-01,10,sub-01_ses-10_epoch-43,7,0
Raw,sub-01,10,sub-01_ses-10_epoch-44,0,1
Raw,sub-01,10,sub-01_ses-10_epoch-44,1,1
Raw,sub-01,10,sub-01_ses-10_epoch-44,2,1
Raw,sub-01,10,sub-01_ses-10_epoch-44,3,1
Raw,sub-01,10,sub-01_ses-10_epoch-44,4,1
Raw,sub-01,10,sub-01_ses-10_epoch-44,5,1
Raw,sub-01,10,sub-01_ses-10_epoch-44,6,1
Raw,sub-01,10,sub-01_ses-10_epoch-45,0,0
Raw,sub-01,10,sub-01_ses-10_epoch-45,1,0
Raw,sub-01,10,sub-01_ses-10_epoch-45,2,0
Raw,sub-01,10,sub-01_ses-10_epoch-45,3,0
Raw,sub-01,10,sub-01_ses-10_epoch-45,4,0
Raw,sub-01,10,sub-01_ses-10_epoch-45,5,0
Raw,sub-01,10,sub-01_ses-10_epoch-45,6,0
Raw,sub-01,10,sub-01_ses-10_epoch-45,7,0
Raw,sub-01,10,sub-01_ses-10_epoch-46,0,1
Raw,sub-01,10,sub-01_ses-10_epoch-46,1,1
Raw,sub-01,10,sub-01_ses-10_epoch-46,2,1
Raw,sub-01,10,sub-01_ses-10_epoch-46,3,1
Raw,sub-01,10,sub-01_ses-10_epoch-46,4,1
Raw,sub-01,10,sub-01_ses-10_epoch-46,5,1
Raw,sub-01,10,sub-01_ses-10_epoch-46,6,1
Raw,sub-01,10,sub-01_ses-10_epoch-47,0,0
Raw,sub-01,10,sub-01_ses-10_epoch-47,1,0
Raw,sub-01,10,sub-01_ses-10_epoch-47,2,0
Raw,sub-01,10,sub-01_ses-10_epoch-47,3,0
Raw,sub-01,10,sub-01_ses-10_epoch-47,4,0
Raw,sub-01,10,sub-01_ses-10_epoch-47,5,0
Raw,sub-01,10,sub-01_ses-10_epoch-47,6,0
Raw,sub-01,10,sub-01_ses-10_epoch-47,7,0
Raw,sub-01,10,sub-01_ses-10_epoch-48,0,1
Raw,sub-01,10,sub-01_ses-10_epoch-48,1,1
Raw,sub-01,10,sub-01_ses-10_epoch-48,2,1
Raw,sub-01,10,sub-01_ses-10_epoch-48,3,1
Raw,sub-01,10,sub-01_ses-10_epoch-48,4,1
Raw,sub-01,10,sub-01_ses-10_epoch-48,5,1
Raw,sub-01,10,sub-01_ses-10_epoch-48,6,1
Raw,sub-01,10,sub-01_ses-10_epoch-49,0,0
Raw,sub-01,10,sub-01_ses-10_epoch-49,1,0
Raw,sub-01,10,sub-01_ses-10_epoch-49,2,0
Raw,sub-01,10,sub-01_ses-10_epoch-49,3,0
Raw,sub-01,10,sub-01_ses-10_epoch-49,4,0
Raw,sub-01,10,sub-01_ses-10_epoch-49,5,0
Raw,sub-01,10,sub-01_ses-10_epoch-49,6,0
Raw,sub-01,10,sub-01_ses-10_epoch-49,7,0
Raw,sub-01,10,sub-01_ses-10_epoch-50,0,1
Raw,sub-01,10,sub-01_ses-10_epoch-50,1,1
Raw,sub-01,10,sub-01_ses-10_epoch-50,2,1
Raw,sub-01,10,sub-01_ses-10_epoch-50,3,1
Raw,sub-01,10,sub-01_ses-10_epoch-50,4,1
Raw,sub-01,10,sub-01_ses-10_epoch-50,5,1
Raw,sub-01,10,sub-01_ses-10_epoch-50,6,1
Raw,sub-01,10,sub-01_ses-10_epoch-51,0,0
Raw,sub-01,10,sub-01_ses-10_epoch-51,1,0
Raw,sub-01,10,sub-01_ses-10_epoch-51,2,0
Raw,sub-01,10,sub-01_ses-10_epoch-51,3,0
Raw,sub-01,10,sub-01_ses-10_epoch-51,4,0
Raw,sub-01,10,sub-01_ses-10_epoch-51,5,0
Raw,sub-01,10,sub-01_ses-10_epoch-51,6,0
Raw,sub-01,10,sub-01_ses-10_epoch-51,7,0
Raw,sub-01,10,sub-01_ses-10_epoch-52,0,1
Raw,sub-01,10,sub-01_ses-10_epoch-52,1,1
Raw,sub-01,10,sub-01_ses-10_epoch-52,2,1
Raw,sub-01,10,sub-01_ses-10_epoch-52,3,1
Raw,sub-01,10,sub-01_ses-10_epoch-52,4,1
Raw,sub-01,10,sub-01_ses-10_epoch-52,5,1
Raw,sub-01,10,sub-01_ses-10_epoch-52,6,1
Raw,sub-01,10,sub-01_ses-10_epoch-53,0,0
Raw,sub-01,10,sub-01_ses-10_epoch-53,1,0
Raw,sub-01,10,sub-01_ses-10_epoch-53,2,0
Raw,sub-01,10,sub-01_ses-10_epoch-53,3,0
Raw,sub-01,10,sub-01_ses-10_epoch-53,4,0
Raw,sub-01,10,sub-01_ses-10_epoch-53,5,0
Raw,sub-01,10,sub-01_ses-10_epoch-53,6,0
Raw,sub-01,10,sub-01_ses-10_epoch-53,7,0
Raw,sub-01,10,sub-01_ses-10_epoch-54,0,1
Raw,sub-01,10,sub-01_ses-10_epoch-54,1,1
Raw,sub-01,10,sub-01_ses-10_epoch-54,2,1
Raw,sub-01,10,sub-01_ses-10_epoch-54,3,1
Raw,sub-01,10,sub-01_ses-10_epoch-54,4,1
Raw,sub-01,10,sub-01_ses-10_epoch-54,5,1
Raw,sub-01,10,sub-01_ses-10_epoch-54,6,1
Raw,sub-01,10,sub-01_ses-10_epoch-55,0,0
Raw,sub-01,10,sub-01_ses-10_epoch-55,1,0
Raw,sub-01,10,sub-01_ses-10_epoch-55,2,0
Raw,sub-01,10,sub-01_ses-10_epoch-55,3,0
Raw,sub-01,10,sub-01_ses-10_epoch-55,4,0
Raw,sub-01,10,sub-01_ses-10_epoch-55,5,0
Raw,sub-01,10,sub-01_ses-10_epoch-55,6,0
Raw,sub-01,10,sub-01_ses-10_epoch-55,7,0
Raw,sub-01,10,sub-01_ses-10_epoch-56,0,1
Raw,sub-01,10,sub-01_ses-10_epoch-56,1,1
Raw,sub-01,10,sub-01_ses-10_epoch-56,2,1
Raw,sub-01,10,sub-01_ses-10_epoch-56,3,1
Raw,sub-01,10,sub-01_ses-10_epoch-56,4,1
Raw,sub-01,10,sub-01_ses-10_epoch-56,5,1
Raw,sub-01,10,sub-01_ses-10_epoch-56,6,1
Raw,sub-01,10,sub-01_ses-10_epoch-57,0,0
Raw,sub-01,10,sub-01_ses-10_epoch-57,1,0
Raw,sub-01,10,sub-01_ses-10_epoch-57,2,0
Raw,sub-01,10,sub-01_ses-10_epoch-57,3,0
Raw,sub-01,10,sub-01_ses-10_epoch-57,4,0
Raw,sub-01,10,sub-01_ses-10_epoch-57,5,0
Raw,sub-01,10,sub-01_ses-10_epoch-57,6,0
Raw,sub-01,10,sub-01_ses-10_epoch-57,7,0
Raw,sub-01,10,sub-01_ses-10_epoch-58,0,1
Raw,sub-01,10,sub-01_ses-10_epoch-58,1,1
Raw,sub-01,10,sub-01_ses-10_epoch-58,2,1
Raw,sub-01,10,sub-01_ses-10_epoch-58,3,1
Raw,sub-01,10,sub-01_ses-10_epoch-58,4,1
Raw,sub-01,10,sub-01_ses-10_epoch-58,5,1
Raw,sub-01,10,sub-01_ses-10_epoch-58,6,1
Raw,sub-01,10,sub-01_ses-10_epoch-59,0,0
Raw,sub-01,10,sub-01_ses-10_epoch-59,1,0
Raw,sub-01,10,sub-01_ses-10_epoch-59,2,0
Raw,sub-01,10,sub-01_ses-10_epoch-59,3,0
Raw,sub-01,10,sub-01_ses-10_epoch-59,4,0
Raw,sub-01,10,sub-01_ses-10_epoch-59,5,0
Raw,sub-01,10,sub-01_ses-10_epoch-59,6,0
Raw,sub-01,10,sub-01_ses-10_epoch-59,7,0
Raw,sub-01,10,sub-01_ses-10_epoch-60,0,1
Raw,sub-01,10,sub-01_ses-10_epoch-60,1,1
Raw,sub-01,10,sub-01_ses-10_epoch-60,2,1
Raw,sub-01,10,sub-01_ses-10_epoch-60,3,1
Raw,sub-01,10,sub-01_ses-10_epoch-60,4,1
Raw,sub-01,10,sub-01_ses-10_epoch-60,5,1
Raw,sub-01,10,sub-01_ses-10_epoch-60,6,1
Raw,sub-01,10,sub-01_ses-10_epoch-61,0,0
Raw,sub-01,10,sub-01_ses-10_epoch-61,1,0
Raw,sub-01,10,sub-01_ses-10_epoch-61,2,0
Raw,sub-01,10,sub-01_ses-10_epoch-61,3,0
Raw,sub-01,10,sub-01_ses-10_epoch-61,4,0
Raw,sub-01,10,sub-01_ses-10_epoch-61,5,0
Raw,sub-01,10,sub-01_ses-10_epoch-61,6,0
Raw,sub-01,10,sub-01_ses-10_epoch-61,7,0
Raw,sub-01,10,sub-01_ses-10_epoch-62,0,1
Raw,sub-01,10,sub-01_ses-10_epoch-62,1,1
Raw,sub-01,10,sub-01_ses-10_epoch-62,2,1
Raw,sub-01,10,sub-01_ses-10_epoch-62,3,1
Raw,sub-01,10,sub-01_ses-10_epoch-62,4,1
Raw,sub-01,10,sub-01_ses-10_epoch-62,5,1
Raw,sub-01,10,sub-01_ses-10_epoch-62,6,1
Raw,sub-01,10,sub-01_ses-10_epoch-63,0,0
Raw,sub-01,10,sub-01_ses-10_epoch-63,1,0
Raw,sub-01,10,sub-01_ses-10_epoch-63,2,0
Raw,sub-01,10,sub-01_ses-10_epoch-63,3,0
Raw,sub-01,10,sub-01_ses-10_epoch-63,4,0
Raw,sub-01,10,sub-01_ses-10_epoch-63,5,0
Raw,sub-01,10,sub-01_ses-10_epoch-63,6,0
Raw,sub-01,10,sub-01_ses-10_epoch-63,7,0
ICA-cleaned,sub-01,10,sub-01_ses-10_epoch-1,0,0
ICA-cleaned,sub-01,10,sub-01_ses-10_epoch-1,1,0
ICA-cleaned,sub-01,10,sub-01_ses-10_epoch-1,2,0
ICA-cleaned,sub-01,10,sub-01_ses-10_epoch-1,3,0
ICA-cleaned,sub-01,10,sub-01_ses-10_epoch-1,4,0
ICA-cleaned,sub-01,10,sub-01_ses-10_epoch-1,5,0
ICA-cleaned,sub-01,10,sub-01_ses-10_epoch-1,6,0
ICA-cleaned,sub-01,10,sub-01_ses-10_epoch-1,7,0
ICA-cleaned,sub-01,10,sub-01_ses-10_epoch-2,0,0
ICA-cleaned,sub-01,10,sub-01_ses-10_epoch-2,1,0
ICA-cleaned,sub-01,10,sub-01_ses-10_epoch-2,2,0
ICA-cleaned,sub-01,10,sub-01_ses-10_epoch-2,3,0
ICA-cleaned,sub-01,10,sub-01_ses-10_epoch-2,4,0
ICA-cleaned,sub-01,10,sub-01_ses-10_epoch-2,5,0
ICA-cleaned,sub-01,10,sub-01_ses-10_epoch-2,6,0
ICA-cleaned,sub-01,10,sub-01_ses-10_epoch-2,7,0
ICA-cleaned,sub-01,10,sub-01_ses-10_epoch-3,0,0
ICA-cleaned,sub-01,10,sub-01_ses-10_epoch-3,1,0
ICA-cleaned,sub-01,10,sub-01_ses-10_epoch-3,2,0
ICA-cleaned,sub-01,10,sub-01_ses-10_epoch-3,3,0
ICA-cleaned,sub-01,10,sub-01_ses-10_epoch-3,4,0
ICA-cleaned,sub-01,10,sub-01_ses-10_epoch-3,5,0
ICA-cleaned,sub-01,10,sub-01_ses-10_epoch-3,6,0
ICA-cleaned,sub-01,10,sub-01_ses-10_epoch-3,7,0
ICA-cleaned,sub-01,10,sub-01_ses-10_epoch-4,0,0
ICA-cleaned,sub-01,10,sub-01_ses-10_epoch-4,1,0
ICA-cleaned,sub-01,10,sub-01_ses-10_epoch-4,2,0
ICA-cleaned,sub-01,10,sub-01_ses-10_epoch-4,3,0
ICA-cleaned,sub-01,10,sub-01_ses-10_epoch-4,4,0
ICA-cleaned,sub-01,10,sub-01_ses-10_epoch-4,5,0
ICA-cleaned,sub-01,10,sub-01_ses-10_epoch-4,6,0
ICA-cleaned,sub-01,10,sub-01_ses-10_epoch-4,7,0
ICA-cleaned,sub-01,10,sub-01_ses-10_epoch-5,0,1
ICA-cleaned,sub-01,10,sub-01_ses-10_epoch-5,1,1
ICA-cleaned,sub-01,10,sub-01_ses-10_epoch-5,2,1
ICA-cleaned,sub-01,10,sub-01_ses-10_epoch-5,3,1
ICA-cleaned,sub-01,10,sub-01_ses-10_epoch-5,4,1
ICA-cleaned,sub-01,10,sub-01_ses-10_epoch-5,5,1
ICA-cleaned,sub-01,10,sub-01_ses-10_epoch-5,6,1
ICA-cleaned,sub-01,10,sub-01_ses-10_epoch-6,0,0
ICA-cleaned,sub-01,10,sub-01_ses-10_epoch-6,1,0
ICA-cleaned,sub-01,10,sub-01_ses-10_epoch-6,2,0
ICA-cleaned,sub-01,10,sub-01_ses-10_epoch-6,3,0
ICA-cleaned,sub-01,10,sub-01_ses-10_epoch-6,4,0
ICA-cleaned,sub-01,10,sub-01_ses-10_epoch-6,5,0
ICA-cleaned,sub-01,10,sub-01_ses-10_epoch-6,6,0
ICA-cleaned,sub-01,10,sub-01_ses-10_epoch-6,7,0
ICA-cleaned,sub-01,10,sub-01_ses-10_epoch-7,0,1
ICA-cleaned,sub-01,10,sub-01_ses-10_epoch-7,1,1
ICA-cleaned,sub-01,10,sub-01_ses-10_epoch-7,2,1
ICA-cleaned,sub-01,10,sub-01_ses-10_epoch-7,3,1
ICA-cleaned,sub-01,10,sub-01_ses-10_epoch-7,4,1
ICA-cleaned,sub-01,10,sub-01_ses-10_epoch-7,5,1
ICA-cleaned,sub-01,10,sub-01_ses-10_epoch-7,6,1
ICA-cleaned,sub-01,10,sub-01_ses-10_epoch-8,0,0
ICA-cleaned,sub-01,10,sub-01_ses-10_epoch-8,1,0
ICA-cleaned,sub-01,10,sub-01_ses-10_epoch-8,2,0
ICA-cleaned,sub-01,10,sub-01_ses-10_epoch-8,3,0
ICA-cleaned,sub-01,10,sub-01_ses-10_epoch-8,4,0
ICA-cleaned,sub-01,10,sub-01_ses-10_epoch-8,5,0
ICA-cleaned,sub-01,10,sub-01_ses-10_epoch-8,6,0
ICA-cleaned,sub-01,10,sub-01_ses-10_epoch-8,7,0
ICA-cleaned,sub-01,10,sub-01_ses-10_epoch-9,0,1
ICA-cleaned,sub-01,10,sub-01_ses-10_epoch-9,1,1
ICA-cleaned,sub-01,10,sub-01_ses-10_epoch-9,2,1
ICA-cleaned,sub-01,10,sub-01_ses-10_epoch-9,3,1
ICA-cleaned,sub-01,10,sub-01_ses-10_epoch-9,4,1
ICA-cleaned,sub-01,10,sub-01_ses-10_epoch-9,5,1
ICA-cleaned,sub-01,10,sub-01_ses-10_epoch-9,6,1
ICA-cleaned,sub-01,10,sub-01_ses-10_epoch-10,0,0
ICA-cleaned,sub-01,10,sub-01_ses-10_epoch-10,1,0
ICA-cleaned,sub-01,10,sub-01_ses-10_epoch-10,2,0
ICA-cleaned,sub-01,10,sub-01_ses-10_epoch-10,3,0
ICA-cleaned,sub-01,10,sub-01_ses-10_epoch-10,4,0
ICA-cleaned,sub-01,10,sub-01_ses-10_epoch-10,5,0
ICA-cleaned,sub-01,10,sub-01_ses-10_epoch-10,6,0
ICA-cleaned,sub-01,10,sub-01_ses-10_epoch-10,7,0
ICA-cleaned,sub-01,10,sub-01_ses-10_epoch-11,0,1
ICA-cleaned,sub-01,10,sub-01_ses-10_epoch-11,1,1
ICA-cleaned,sub-01,10,sub-01_ses-10_epoch-11,2,1
ICA-cleaned,sub-01,10,sub-01_ses-10_epoch-11,3,1
ICA-cleaned,sub-01,10,sub-01_ses-10_epoch-11,4,1
ICA-cleaned,sub-01,10,sub-01_ses-10_epoch-11,5,1
ICA-cleaned,sub-01,10,sub-01_ses-10_epoch-11,6,1
ICA-cleaned,sub-01,10,sub-01_ses-10_epoch-12,0,0
ICA-cleaned,sub-01,10,sub-01_ses-10_epoch-12,1,0
ICA-cleaned,sub-01,10,sub-01_ses-10_epoch-12,2,0
ICA-cleaned,sub-01,10,sub-01_ses-10_epoch-12,3,0
ICA-cleaned,sub-01,10,sub-01_ses-10_epoch-12,4,0
ICA-cleaned,sub-01,10,sub-01_ses-10_epoch-12,5,0
ICA-cleaned,sub-01,10,sub-01_ses-10_epoch-12,6,0
ICA-cleaned,sub-01,10,sub-01_ses-10_epoch-12,7,0
ICA-cleaned,sub-01,10,sub-01_ses-10_epoch-13,0,1
ICA-cleaned,sub-01,10,sub-01_ses-10_epoch-13,1,1
ICA-cleaned,sub-01,10,sub-01_ses-10_epoch-13,2,1
ICA-cleaned,sub-01,10,sub-01_ses-10_epoch-13,3,1
ICA-cleaned,sub-01,10,sub-01_ses-10_epoch-13,4,1
ICA-cleaned,sub-01,10,sub-01_ses-10_epoch-13,5,1
ICA-cleaned,sub-01,10,sub-01_ses-10_epoch-13,6,1
ICA-cleaned,sub-01,10,sub-01_ses-10_epoch-14,0,0
ICA-cleaned,sub-01,10,sub-01_ses-10_epoch-14,1,0
ICA-cleaned,sub-01,10,sub-01_ses-10_epoch-14,2,0
ICA-cleaned,sub-01,10,sub-01_ses-10_epoch-14,3,0
ICA-cleaned,sub-01,10,sub-01_ses-10_epoch-14,4,0
ICA-cleaned,sub-01,10,sub-01_ses-10_epoch-14,5,0
ICA-cleaned,sub-01,10,sub-01_ses-10_epoch-14,6,0
ICA-cleaned,sub-01,10,sub-01_ses-10_epoch-14,7,0
ICA-cleaned,sub-01,10,sub-01_ses-10_epoch-15,0,1
ICA-cleaned,sub-01,10,sub-01_ses-10_epoch-15,1,1
ICA-cleaned,sub-01,10,sub-01_ses-10_epoch-15,2,1
ICA-cleaned,sub-01,10,sub-01_ses-10_epoch-15,3,1
ICA-cleaned,sub-01,10,sub-01_ses-10_epoch-15,4,1
ICA-cleaned,sub-01,10,sub-01_ses-10_epoch-15,5,1
ICA-cleaned,sub-01,10,sub-01_ses-10_epoch-15,6,1
ICA-cleaned,sub-01,10,sub-01_ses-10_epoch-16,0,0
ICA-cleaned,sub-01,10,sub-01_ses-10_epoch-16,1,0
ICA-cleaned,sub-01,10,sub-01_ses-10_epoch-16,2,0
ICA-cleaned,sub-01,10,sub-01_ses-10_epoch-16,3,0
ICA-cleaned,sub-01,10,sub-01_ses-10_epoch-16,4,0
ICA-cleaned,sub-01,10,sub-01_ses-10_epoch-16,5,0
ICA-cleaned,sub-01,10,sub-01_ses-10_epoch-16,6,0
ICA-cleaned,sub-01,10,sub-01_ses-10_epoch-16,7,0
ICA-cleaned,sub-01,10,sub-01_ses-10_epoch-17,0,1
ICA-cleaned,sub-01,10,sub-01_ses-10_epoch-17,1,1
ICA-cleaned,sub-01,10,sub-01_ses-10_epoch-17,2,1
ICA-cleaned,sub-01,10,sub-01_ses-10_epoch-17,3,1
ICA-cleaned,sub-01,10,sub-01_ses-10_epoch-17,4,1
ICA-cleaned,sub-01,10,sub-01_ses-10_epoch-17,5,1
ICA-cleaned,sub-01,10,sub-01_ses-10_epoch-17,6,1
ICA-cleaned,sub-01,10,sub-01_ses-10_epoch-18,0,0
ICA-cleaned,sub-01,10,sub-01_ses-10_epoch-18,1,0
ICA-cleaned,sub-01,10,sub-01_ses-10_epoch-18,2,0
ICA-cleaned,sub-01,10,sub-01_ses-10_epoch-18,3,0
ICA-cleaned,sub-01,10,sub-01_ses-10_epoch-18,4,0
ICA-cleaned,sub-01,10,sub-01_ses-10_epoch-18,5,0
ICA-cleaned,sub-01,10,sub-01_ses-10_epoch-18,6,0
ICA-cleaned,sub-01,10,sub-01_ses-10_epoch-18,7,0
ICA-cleaned,sub-01,10,sub-01_ses-10_epoch-19,0,1
ICA-cleaned,sub-01,10,sub-01_ses-10_epoch-19,1,1
ICA-cleaned,sub-01,10,sub-01_ses-10_epoch-19,2,1
ICA-cleaned,sub-01,10,sub-01_ses-10_epoch-19,3,1
ICA-cleaned,sub-01,10,sub-01_ses-10_epoch-19,4,1
ICA-cleaned,sub-01,10,sub-01_ses-10_epoch-19,5,1
ICA-cleaned,sub-01,10,sub-01_ses-10_epoch-19,6,1
ICA-cleaned,sub-01,10,sub-01_ses-10_epoch-20,0,0
ICA-cleaned,sub-01,10,sub-01_ses-10_epoch-20,1,0
ICA-cleaned,sub-01,10,sub-01_ses-10_epoch-20,2,0
ICA-cleaned,sub-01,10,sub-01_ses-10_epoch-20,3,0
ICA-cleaned,sub-01,10,sub-01_ses-10_epoch-20,4,0
ICA-cleaned,sub-01,10,sub-01_ses-10_epoch-20,5,0
ICA-cleaned,sub-01,10,sub-01_ses-10_epoch-20,6,0
ICA-cleaned,sub-01,10,sub-01_ses-10_epoch-20,7,0
ICA-cleaned,sub-01,10,sub-01_ses-10_epoch-21,0,0
ICA-cleaned,sub-01,10,sub-01_ses-10_epoch-21,1,0
ICA-cleaned,sub-01,10,sub-01_ses-10_epoch-21,2,0
ICA-cleaned,sub-01,10,sub-01_ses-10_epoch-21,3,0
ICA-cleaned,sub-01,10,sub-01_ses-10_epoch-21,4,0
ICA-cleaned,sub-01,10,sub-01_ses-10_epoch-21,5,0
ICA-cleaned,sub-01,10,sub-01_ses-10_epoch-21,6,0
ICA-cleaned,sub-01,10,sub-01_ses-10_epoch-21,7,0
ICA-cleaned,sub-01,10,sub-01_ses-10_epoch-22,0,1
ICA-cleaned,sub-01,10,sub-01_ses-10_epoch-22,1,1
ICA-cleaned,sub-01,10,sub-01_ses-10_epoch-22,2,1
ICA-cleaned,sub-01,10,sub-01_ses-10_epoch-22,3,1
ICA-cleaned,sub-01,10,sub-01_ses-10_epoch-22,4,1
ICA-cleaned,sub-01,10,sub-01_ses-10_epoch-22,5,1
ICA-cleaned,sub-01,10,sub-01_ses-10_epoch-22,6,1
ICA-cleaned,sub-01,10,sub-01_ses-10_epoch-23,0,0
ICA-cleaned,sub-01,10,sub-01_ses-10_epoch-23,1,0
ICA-cleaned,sub-01,10,sub-01_ses-10_epoch-23,2,0
ICA-cleaned,sub-01,10,sub-01_ses-10_epoch-23,3,0
ICA-cleaned,sub-01,10,sub-01_ses-10_epoch-23,4,0
ICA-cleaned,sub-01,10,sub-01_ses-10_epoch-23,5,0
ICA-cleaned,sub-01,10,sub-01_ses-10_epoch-23,6,0
ICA-cleaned,sub-01,10,sub-01_ses-10_epoch-23,7,0
ICA-cleaned,sub-01,10,sub-01_ses-10_epoch-24,0,1
ICA-cleaned,sub-01,10,sub-01_ses-10_epoch-24,1,1
ICA-cleaned,sub-01,10,sub-01_ses-10_epoch-24,2,1
ICA-cleaned,sub-01,10,sub-01_ses-10_epoch-24,3,1
ICA-cleaned,sub-01,10,sub-01_ses-10_epoch-24,4,1
ICA-cleaned,sub-01,10,sub-01_ses-10_epoch-24,5,1
ICA-cleaned,sub-01,10,sub-01_ses-10_epoch-24,6,1
ICA-cleaned,sub-01,10,sub-01_ses-10_epoch-25,0,0
ICA-cleaned,sub-01,10,sub-01_ses-10_epoch-25,1,0
ICA-cleaned,sub-01,10,sub-01_ses-10_epoch-25,2,0
ICA-cleaned,sub-01,10,sub-01_ses-10_epoch-25,3,0
ICA-cleaned,sub-01,10,sub-01_ses-10_epoch-25,4,0
ICA-cleaned,sub-01,10,sub-01_ses-10_epoch-25,5,0
ICA-cleaned,sub-01,10,sub-01_ses-10_epoch-25,6,0
ICA-cleaned,sub-01,10,sub-01_ses-10_epoch-25,7,0
ICA-cleaned,sub-01,10,sub-01_ses-10_epoch-26,0,1
ICA-cleaned,sub-01,10,sub-01_ses-10_epoch-26,1,1
ICA-cleaned,sub-01,10,sub-01_ses-10_epoch-26,2,1
ICA-cleaned,sub-01,10,sub-01_ses-10_epoch-26,3,1
ICA-cleaned,sub-01,10,sub-01_ses-10_epoch-26,4,1
ICA-cleaned,sub-01,10,sub-01_ses-10_epoch-26,5,1
ICA-cleaned,sub-01,10,sub-01_ses-10_epoch-26,6,1
ICA-cleaned,sub-01,10,sub-01_ses-10_epoch-27,0,0
ICA-cleaned,sub-01,10,sub-01_ses-10_epoch-27,1,0
ICA-cleaned,sub-01,10,sub-01_ses-10_epoch-27,2,0
ICA-cleaned,sub-01,10,sub-01_ses-10_epoch-27,3,0
ICA-cleaned,sub-01,10,sub-01_ses-10_epoch-27,4,0
ICA-cleaned,sub-01,10,sub-01_ses-10_epoch-27,5,0
ICA-cleaned,sub-01,10,sub-01_ses-10_epoch-27,6,0
ICA-cleaned,sub-01,10,sub-01_ses-10_epoch-27,7,0
ICA-cleaned,sub-01,10,sub-01_ses-10_epoch-28,0,1
ICA-cleaned,sub-01,10,sub-01_ses-10_epoch-28,1,1
ICA-cleaned,sub-01,10,sub-01_ses-10_epoch-28,2,1
ICA-cleaned,sub-01,10,sub-01_ses-10_epoch-28,3,1
ICA-cleaned,sub-01,10,sub-01_ses-10_epoch-28,4,1
ICA-cleaned,sub-01,10,sub-01_ses-10_epoch-28,5,1
ICA-cleaned,sub-01,10,sub-01_ses-10_epoch-28,6,1
ICA-cleaned,sub-01,10,sub-01_ses-10_epoch-29,0,0
ICA-cleaned,sub-01,10,sub-01_ses-10_epoch-29,1,0
ICA-cleaned,sub-01,10,sub-01_ses-10_epoch-29,2,0
ICA-cleaned,sub-01,10,sub-01_ses-10_epoch-29,3,0
ICA-cleaned,sub-01,10,sub-01_ses-10_epoch-29,4,0
ICA-cleaned,sub-01,10,sub-01_ses-10_epoch-29,5,0
ICA-cleaned,sub-01,10,sub-01_ses-10_epoch-29,6,0
ICA-cleaned,sub-01,10,sub-01_ses-10_epoch-29,7,0
ICA-cleaned,sub-01,10,sub-01_ses-10_epoch-30,0,1
ICA-cleaned,sub-01,10,sub-01_ses-10_epoch-30,1,1
ICA-cleaned,sub-01,10,sub-01_ses-10_epoch-30,2,1
ICA-cleaned,sub-01,10,sub-01_ses-10_epoch-30,3,1
ICA-cleaned,sub-01,10,sub-01_ses-10_epoch-30,4,1
ICA-cleaned,sub-01,10,sub-01_ses-10_epoch-30,5,1
ICA-cleaned,sub-01,10,sub-01_ses-10_epoch-30,6,1
ICA-cleaned,sub-01,10,sub-01_ses-10_epoch-31,0,0
ICA-cleaned,sub-01,10,sub-01_ses-10_epoch-31,1,0
ICA-cleaned,sub-01,10,sub-01_ses-10_epoch-31,2,0
ICA-cleaned,sub-01,10,sub-01_ses-10_epoch-31,3,0
ICA-cleaned,sub-01,10,sub-01_ses-10_epoch-31,4,0
ICA-cleaned,sub-01,10,sub-01_ses-10_epoch-31,5,0
ICA-cleaned,sub-01,10,sub-01_ses-10_epoch-31,6,0
ICA-cleaned,sub-01,10,sub-01_ses-10_epoch-31,7,0
ICA-cleaned,sub-01,10,sub-01_ses-10_epoch-32,0,1
ICA-cleaned,sub-01,10,sub-01_ses-10_epoch-32,1,1
ICA-cleaned,sub-01,10,sub-01_ses-10_epoch-32,2,1
ICA-cleaned,sub-01,10,sub-01_ses-10_epoch-32,3,1
ICA-cleaned,sub-01,10,sub-01_ses-10_epoch-32,4,1
ICA-cleaned,sub-01,10,sub-01_ses-10_epoch-32,5,1
ICA-cleaned,sub-01,10,sub-01_ses-10_epoch-32,6,1
ICA-cleaned,sub-01,10,sub-01_ses-10_epoch-33,0,0
ICA-cleaned,sub-01,10,sub-01_ses-10_epoch-33,1,0
ICA-cleaned,sub-01,10,sub-01_ses-10_epoch-33,2,0
ICA-cleaned,sub-01,10,sub-01_ses-10_epoch-33,3,0
ICA-cleaned,sub-01,10,sub-01_ses-10_epoch-33,4,0
ICA-cleaned,sub-01,10,sub-01_ses-10_epoch-33,5,0
ICA-cleaned,sub-01,10,sub-01_ses-10_epoch-33,6,0
ICA-cleaned,sub-01,10,sub-01_ses-10_epoch-33,7,0
ICA-cleaned,sub-01,10,sub-01_ses-10_epoch-34,0,1
ICA-cleaned,sub-01,10,sub-01_ses-10_epoch-34,1,1
ICA-cleaned,sub-01,10,sub-01_ses-10_epoch-34,2,1
ICA-cleaned,sub-01,10,sub-01_ses-10_epoch-34,3,1
ICA-cleaned,sub-01,10,sub-01_ses-10_epoch-34,4,1
ICA-cleaned,sub-01,10,sub-01_ses-10_epoch-34,5,1
ICA-cleaned,sub-01,10,sub-01_ses-10_epoch-34,6,1
ICA-cleaned,sub-01,10,sub-01_ses-10_epoch-35,0,0
ICA-cleaned,sub-01,10,sub-01_ses-10_epoch-35,1,0
ICA-cleaned,sub-01,10,sub-01_ses-10_epoch-35,2,0
ICA-cleaned,sub-01,10,sub-01_ses-10_epoch-35,3,0
ICA-cleaned,sub-01,10,sub-01_ses-10_epoch-35,4,0
ICA-cleaned,sub-01,10,sub-01_ses-10_epoch-35,5,0
ICA-cleaned,sub-01,10,sub-01_ses-10_epoch-35,6,0
ICA-cleaned,sub-01,10,sub-01_ses-10_epoch-35,7,0
ICA-cleaned,sub-01,10,sub-01_ses-10_epoch-36,0,1
ICA-cleaned,sub-01,10,sub-01_ses-10_epoch-36,1,1
ICA-cleaned,sub-01,10,sub-01_ses-10_epoch-36,2,1
ICA-cleaned,sub-01,10,sub-01_ses-10_epoch-36,3,1
ICA-cleaned,sub-01,10,sub-01_ses-10_epoch-36,4,1
ICA-cleaned,sub-01,10,sub-01_ses-10_epoch-36,5,1
ICA-cleaned,sub-01,10,sub-01_ses-10_epoch-36,6,1
ICA-cleaned,sub-01,10,sub-01_ses-10_epoch-37,0,0
ICA-cleaned,sub-01,10,sub-01_ses-10_epoch-37,1,0
ICA-cleaned,sub-01,10,sub-01_ses-10_epoch-37,2,0
ICA-cleaned,sub-01,10,sub-01_ses-10_epoch-37,3,0
ICA-cleaned,sub-01,10,sub-01_ses-10_epoch-37,4,0
ICA-cleaned,sub-01,10,sub-01_ses-10_epoch-37,5,0
ICA-cleaned,sub-01,10,sub-01_ses-10_epoch-37,6,0
ICA-cleaned,sub-01,10,sub-01_ses-10_epoch-37,7,0
ICA-cleaned,sub-01,10,sub-01_ses-10_epoch-38,0,1
ICA-cleaned,sub-01,10,sub-01_ses-10_epoch-38,1,1
ICA-cleaned,sub-01,10,sub-01_ses-10_epoch-38,2,1
ICA-cleaned,sub-01,10,sub-01_ses-10_epoch-38,3,1
ICA-cleaned,sub-01,10,sub-01_ses-10_epoch-38,4,1
ICA-cleaned,sub-01,10,sub-01_ses-10_epoch-38,5,1
ICA-cleaned,sub-01,10,sub-01_ses-10_epoch-38,6,1
ICA-cleaned,sub-01,10,sub-01_ses-10_epoch-39,0,0
ICA-cleaned,sub-01,10,sub-01_ses-10_epoch-39,1,0
ICA-cleaned,sub-01,10,sub-01_ses-10_epoch-39,2,0
ICA-cleaned,sub-01,10,sub-01_ses-10_epoch-39,3,0
ICA-cleaned,sub-01,10,sub-01_ses-10_epoch-39,4,0
ICA-cleaned,sub-01,10,sub-01_ses-10_epoch-39,5,0
ICA-cleaned,sub-01,10,sub-01_ses-10_epoch-39,6,0
ICA-cleaned,sub-01,10,sub-01_ses-10_epoch-39,7,0
ICA-cleaned,sub-01,10,sub-01_ses-10_epoch-40,0,1
ICA-cleaned,sub-01,10,sub-01_ses-10_epoch-40,1,1
ICA-cleaned,sub-01,10,sub-01_ses-10_epoch-40,2,1
ICA-cleaned,sub-01,10,sub-01_ses-10_epoch-40,3,1
ICA-cleaned,sub-01,10,sub-01_ses-10_epoch-40,4,1
ICA-cleaned,sub-01,10,sub-01_ses-10_epoch-40,5,1
ICA-cleaned,sub-01,10,sub-01_ses-10_epoch-40,6,1
ICA-cleaned,sub-01,10,sub-01_ses-10_epoch-41,0,0
ICA-cleaned,sub-01,10,sub-01_ses-10_epoch-41,1,0
ICA-cleaned,sub-01,10,sub-01_ses-10_epoch-41,2,0
ICA-cleaned,sub-01,10,sub-01_ses-10_epoch-41,3,0
ICA-cleaned,sub-01,10,sub-01_ses-10_epoch-41,4,0
ICA-cleaned,sub-01,10,sub-01_ses-10_epoch-41,5,0
ICA-cleaned,sub-01,10,sub-01_ses-10_epoch-41,6,0
ICA-cleaned,sub-01,10,sub-01_ses-10_epoch-41,7,0
ICA-cleaned,sub-01,10,sub-01_ses-10_epoch-42,0,1
ICA-cleaned,sub-01,10,sub-01_ses-10_epoch-42,1,1
ICA-cleaned,sub-01,10,sub-01_ses-10_epoch-42,2,1
ICA-cleaned,sub-01,10,sub-01_ses-10_epoch-42,3,1
ICA-cleaned,sub-01,10,sub-01_ses-10_epoch-42,4,1
ICA-cleaned,sub-01,10,sub-01_ses-10_epoch-42,5,1
ICA-cleaned,sub-01,10,sub-01_ses-10_epoch-42,6,1
ICA-cleaned,sub-01,10,sub-01_ses-10_epoch-43,0,0
ICA-cleaned,sub-01,10,sub-01_ses-10_epoch-43,1,0
ICA-cleaned,sub-01,10,sub-01_ses-10_epoch-43,2,0
ICA-cleaned,sub-01,10,sub-01_ses-10_epoch-43,3,0
ICA-cleaned,sub-01,10,sub-01_ses-10_epoch-43,4,0
ICA-cleaned,sub-01,10,sub-01_ses-10_epoch-43,5,0
ICA-cleaned,sub-01,10,sub-01_ses-10_epoch-43,6,0
ICA-cleaned,sub-01,10,sub-01_ses-10_epoch-43,7,0
ICA-cleaned,sub-01,10,sub-01_ses-10_epoch-44,0,1
ICA-cleaned,sub-01,10,sub-01_ses-10_epoch-44,1,1
ICA-cleaned,sub-01,10,sub-01_ses-10_epoch-44,2,1
ICA-cleaned,sub-01,10,sub-01_ses-10_epoch-44,3,1
ICA-cleaned,sub-01,10,sub-01_ses-10_epoch-44,4,1
ICA-cleaned,sub-01,10,sub-01_ses-10_epoch-44,5,1
ICA-cleaned,sub-01,10,sub-01_ses-10_epoch-44,6,1
ICA-cleaned,sub-01,10,sub-01_ses-10_epoch-45,0,0
ICA-cleaned,sub-01,10,sub-01_ses-10_epoch-45,1,0
ICA-cleaned,sub-01,10,sub-01_ses-10_epoch-45,2,0
ICA-cleaned,sub-01,10,sub-01_ses-10_epoch-45,3,0
ICA-cleaned,sub-01,10,sub-01_ses-10_epoch-45,4,0
ICA-cleaned,sub-01,10,sub-01_ses-10_epoch-45,5,0
ICA-cleaned,sub-01,10,sub-01_ses-10_epoch-45,6,0
ICA-cleaned,sub-01,10,sub-01_ses-10_epoch-45,7,0
ICA-cleaned,sub-01,10,sub-01_ses-10_epoch-46,0,1
ICA-cleaned,sub-01,10,sub-01_ses-10_epoch-46,1,1
ICA-cleaned,sub-01,10,sub-01_ses-10_epoch-46,2,1
ICA-cleaned,sub-01,10,sub-01_ses-10_epoch-46,3,1
ICA-cleaned,sub-01,10,sub-01_ses-10_epoch-46,4,1
ICA-cleaned,sub-01,10,sub-01_ses-10_epoch-46,5,1
ICA-cleaned,sub-01,10,sub-01_ses-10_epoch-46,6,1
ICA-cleaned,sub-01,10,sub-01_ses-10_epoch-47,0,0
ICA-cleaned,sub-01,10,sub-01_ses-10_epoch-47,1,0
ICA-cleaned,sub-01,10,sub-01_ses-10_epoch-47,2,0
ICA-cleaned,sub-01,10,sub-01_ses-10_epoch-47,3,0
ICA-cleaned,sub-01,10,sub-01_ses-10_epoch-47,4,0
ICA-cleaned,sub-01,10,sub-01_ses-10_epoch-47,5,0
ICA-cleaned,sub-01,10,sub-01_ses-10_epoch-47,6,0
ICA-cleaned,sub-01,10,sub-01_ses-10_epoch-47,7,0
ICA-cleaned,sub-01,10,sub-01_ses-10_epoch-48,0,1
ICA-cleaned,sub-01,10,sub-01_ses-10_epoch-48,1,1
ICA-cleaned,sub-01,10,sub-01_ses-10_epoch-48,2,1
ICA-cleaned,sub-01,10,sub-01_ses-10_epoch-48,3,1
ICA-cleaned,sub-01,10,sub-01_ses-10_epoch-48,4,1
ICA-cleaned,sub-01,10,sub-01_ses-10_epoch-48,5,1
ICA-cleaned,sub-01,10,sub-01_ses-10_epoch-48,6,1
ICA-cleaned,sub-01,10,sub-01_ses-10_epoch-49,0,0
ICA-cleaned,sub-01,10,sub-01_ses-10_epoch-49,1,0
ICA-cleaned,sub-01,10,sub-01_ses-10_epoch-49,2,0
ICA-cleaned,sub-01,10,sub-01_ses-10_epoch-49,3,0
ICA-cleaned,sub-01,10,sub-01_ses-10_epoch-49,4,0
ICA-cleaned,sub-01,10,sub-01_ses-10_epoch-49,5,0
ICA-cleaned,sub-01,10,sub-01_ses-10_epoch-49,6,0
ICA-cleaned,sub-01,10,sub-01_ses-10_epoch-49,7,0
ICA-cleaned,sub-01,10,sub-01_ses-10_epoch-50,0,1
ICA-cleaned,sub-01,10,sub-01_ses-10_epoch-50,1,1
ICA-cleaned,sub-01,10,sub-01_ses-10_epoch-50,2,1
ICA-cleaned,sub-01,10,sub-01_ses-10_epoch-50,3,1
ICA-cleaned,sub-01,10,sub-01_ses-10_epoch-50,4,1
ICA-cleaned,sub-01,10,sub-01_ses-10_epoch-50,5,1
ICA-cleaned,sub-01,10,sub-01_ses-10_epoch-50,6,1
ICA-cleaned,sub-01,10,sub-01_ses-10_epoch-51,0,0
ICA-cleaned,sub-01,10,sub-01_ses-10_epoch-51,1,0
ICA-cleaned,sub-01,10,sub-01_ses-10_epoch-51,2,0
ICA-cleaned,sub-01,10,sub-01_ses-10_epoch-51,3,0
ICA-cleaned,sub-01,10,sub-01_ses-10_epoch-51,4,0
ICA-cleaned,sub-01,10,sub-01_ses-10_epoch-51,5,0
ICA-cleaned,sub-01,10,sub-01_ses-10_epoch-51,6,0
ICA-cleaned,sub-01,10,sub-01_ses-10_epoch-51,7,0
ICA-cleaned,sub-01,10,sub-01_ses-10_epoch-52,0,1
ICA-cleaned,sub-01,10,sub-01_ses-10_epoch-52,1,1
ICA-cleaned,sub-01,10,sub-01_ses-10_epoch-52,2,1
ICA-cleaned,sub-01,10,sub-01_ses-10_epoch-52,3,1
ICA-cleaned,sub-01,10,sub-01_ses-10_epoch-52,4,1
ICA-cleaned,sub-01,10,sub-01_ses-10_epoch-52,5,1
ICA-cleaned,sub-01,10,sub-01_ses-10_epoch-52,6,1
ICA-cleaned,sub-01,10,sub-01_ses-10_epoch-53,0,0
ICA-cleaned,sub-01,10,sub-01_ses-10_epoch-53,1,0
ICA-cleaned,sub-01,10,sub-01_ses-10_epoch-53,2,0
ICA-cleaned,sub-01,10,sub-01_ses-10_epoch-53,3,0
ICA-cleaned,sub-01,10,sub-01_ses-10_epoch-53,4,0
ICA-cleaned,sub-01,10,sub-01_ses-10_epoch-53,5,0
ICA-cleaned,sub-01,10,sub-01_ses-10_epoch-53,6,0
ICA-cleaned,sub-01,10,sub-01_ses-10_epoch-53,7,0
ICA-cleaned,sub-01,10,sub-01_ses-10_epoch-54,0,1
ICA-cleaned,sub-01,10,sub-01_ses-10_epoch-54,1,1
ICA-cleaned,sub-01,10,sub-01_ses-10_epoch-54,2,1
ICA-cleaned,sub-01,10,sub-01_ses-10_epoch-54,3,1
ICA-cleaned,sub-01,10,sub-01_ses-10_epoch-54,4,1
ICA-cleaned,sub-01,10,sub-01_ses-10_epoch-54,5,1
ICA-cleaned,sub-01,10,sub-01_ses-10_epoch-54,6,1
ICA-cleaned,sub-01,10,sub-01_ses-10_epoch-55,0,0
ICA-cleaned,sub-01,10,sub-01_ses-10_epoch-55,1,0
ICA-cleaned,sub-01,10,sub-01_ses-10_epoch-55,2,0
ICA-cleaned,sub-01,10,sub-01_ses-10_epoch-55,3,0
ICA-cleaned,sub-01,10,sub-01_ses-10_epoch-55,4,0
ICA-cleaned,sub-01,10,sub-01_ses-10_epoch-55,5,0
ICA-cleaned,sub-01,10,sub-01_ses-10_epoch-55,6,0
ICA-cleaned,sub-01,10,sub-01_ses-10_epoch-55,7,0
ICA-cleaned,sub-01,10,sub-01_ses-10_epoch-56,0,1
ICA-cleaned,sub-01,10,sub-01_ses-10_epoch-56,1,1
ICA-cleaned,sub-01,10,sub-01_ses-10_epoch-56,2,1
ICA-cleaned,sub-01,10,sub-01_ses-10_epoch-56,3,1
ICA-cleaned,sub-01,10,sub-01_ses-10_epoch-56,4,1
ICA-cleaned,sub-01,10,sub-01_ses-10_epoch-56,5,1
ICA-cleaned,sub-01,10,sub-01_ses-10_epoch-56,6,1
ICA-cleaned,sub-01,10,sub-01_ses-10_epoch-57,0,0
ICA-cleaned,sub-01,10,sub-01_ses-10_epoch-57,1,0
ICA-cleaned,sub-01,10,sub-01_ses-10_epoch-57,2,0
ICA-cleaned,sub-01,10,sub-01_ses-10_epoch-57,3,0
ICA-cleaned,sub-01,10,sub-01_ses-10_epoch-57,4,0
ICA-cleaned,sub-01,10,sub-01_ses-10_epoch-57,5,0
ICA-cleaned,sub-01,10,sub-01_ses-10_epoch-57,6,0
ICA-cleaned,sub-01,10,sub-01_ses-10_epoch-57,7,0
ICA-cleaned,sub-01,10,sub-01_ses-10_epoch-58,0,1
ICA-cleaned,sub-01,10,sub-01_ses-10_epoch-58,1,1
ICA-cleaned,sub-01,10,sub-01_ses-10_epoch-58,2,1
ICA-cleaned,sub-01,10,sub-01_ses-10_epoch-58,3,1
ICA-cleaned,sub-01,10,sub-01_ses-10_epoch-58,4,1
ICA-cleaned,sub-01,10,sub-01_ses-10_epoch-58,5,1
ICA-cleaned,sub-01,10,sub-01_ses-10_epoch-58,6,1
ICA-cleaned,sub-01,10,sub-01_ses-10_epoch-59,0,0
ICA-cleaned,sub-01,10,sub-01_ses-10_epoch-59,1,0
ICA-cleaned,sub-01,10,sub-01_ses-10_epoch-59,2,0
ICA-cleaned,sub-01,10,sub-01_ses-10_epoch-59,3,0
ICA-cleaned,sub-01,10,sub-01_ses-10_epoch-59,4,0
ICA-cleaned,sub-01,10,sub-01_ses-10_epoch-59,5,0
ICA-cleaned,sub-01,10,sub-01_ses-10_epoch-59,6,0
ICA-cleaned,sub-01,10,sub-01_ses-10_epoch-59,7,0
ICA-cleaned,sub-01,10,sub-01_ses-10_epoch-60,0,1
ICA-cleaned,sub-01,10,sub-01_ses-10_epoch-60,1,1
ICA-cleaned,sub-01,10,sub-01_ses-10_epoch-60,2,1
ICA-cleaned,sub-01,10,sub-01_ses-10_epoch-60,3,1
ICA-cleaned,sub-01,10,sub-01_ses-10_epoch-60,4,1
ICA-cleaned,sub-01,10,sub-01_ses-10_epoch-60,5,1
ICA-cleaned,sub-01,10,sub-01_ses-10_epoch-60,6,1
ICA-cleaned,sub-01,10,sub-01_ses-10_epoch-61,0,0
ICA-cleaned,sub-01,10,sub-01_ses-10_epoch-61,1,0
ICA-cleaned,sub-01,10,sub-01_ses-10_epoch-61,2,0
ICA-cleaned,sub-01,10,sub-01_ses-10_epoch-61,3,0
ICA-cleaned,sub-01,10,sub-01_ses-10_epoch-61,4,0
ICA-cleaned,sub-01,10,sub-01_ses-10_epoch-61,5,0
ICA-cleaned,sub-01,10,sub-01_ses-10_epoch-61,6,0
ICA-cleaned,sub-01,10,sub-01_ses-10_epoch-61,7,0
ICA-cleaned,sub-01,10,sub-01_ses-10_epoch-62,0,1
ICA-cleaned,sub-01,10,sub-01_ses-10_epoch-62,1,1
ICA-cleaned,sub-01,10,sub-01_ses-10_epoch-62,2,1
ICA-cleaned,sub-01,10,sub-01_ses-10_epoch-62,3,1
ICA-cleaned,sub-01,10,sub-01_ses-10_epoch-62,4,1
ICA-cleaned,sub-01,10,sub-01_ses-10_epoch-62,5,1
ICA-cleaned,sub-01,10,sub-01_ses-10_epoch-62,6,1
ICA-cleaned,sub-01,10,sub-01_ses-10_epoch-63,0,0
ICA-cleaned,sub-01,10,sub-01_ses-10_epoch-63,1,0
ICA-cleaned,sub-01,10,sub-01_ses-10_epoch-63,2,0
ICA-cleaned,sub-01,10,sub-01_ses-10_epoch-63,3,0
ICA-cleaned,sub-01,10,sub-01_ses-10_epoch-63,4,0
ICA-cleaned,sub-01,10,sub-01_ses-10_epoch-63,5,0
ICA-cleaned,sub-01,10,sub-01_ses-10_epoch-63,6,0
ICA-cleaned,sub-01,10,sub-01_ses-10_epoch-63,7,0
Raw,sub-01,11,sub-01_ses-11_epoch-1,0,0
Raw,sub-01,11,sub-01_ses-11_epoch-1,1,0
Raw,sub-01,11,sub-01_ses-11_epoch-1,2,0
Raw,sub-01,11,sub-01_ses-11_epoch-1,3,0
Raw,sub-01,11,sub-01_ses-11_epoch-1,4,0
Raw,sub-01,11,sub-01_ses-11_epoch-1,5,0
Raw,sub-01,11,sub-01_ses-11_epoch-1,6,0
Raw,sub-01,11,sub-01_ses-11_epoch-1,7,0
Raw,sub-01,11,sub-01_ses-11_epoch-2,0,0
Raw,sub-01,11,sub-01_ses-11_epoch-2,1,0
Raw,sub-01,11,sub-01_ses-11_epoch-2,2,0
Raw,sub-01,11,sub-01_ses-11_epoch-2,3,0
Raw,sub-01,11,sub-01_ses-11_epoch-2,4,0
Raw,sub-01,11,sub-01_ses-11_epoch-2,5,0
Raw,sub-01,11,sub-01_ses-11_epoch-2,6,0
Raw,sub-01,11,sub-01_ses-11_epoch-2,7,0
Raw,sub-01,11,sub-01_ses-11_epoch-3,0,0
Raw,sub-01,11,sub-01_ses-11_epoch-3,1,0
Raw,sub-01,11,sub-01_ses-11_epoch-3,2,0
Raw,sub-01,11,sub-01_ses-11_epoch-3,3,0
Raw,sub-01,11,sub-01_ses-11_epoch-3,4,0
Raw,sub-01,11,sub-01_ses-11_epoch-3,5,0
Raw,sub-01,11,sub-01_ses-11_epoch-3,6,0
Raw,sub-01,11,sub-01_ses-11_epoch-3,7,0
Raw,sub-01,11,sub-01_ses-11_epoch-4,0,1
Raw,sub-01,11,sub-01_ses-11_epoch-4,1,1
Raw,sub-01,11,sub-01_ses-11_epoch-4,2,1
Raw,sub-01,11,sub-01_ses-11_epoch-4,3,1
Raw,sub-01,11,sub-01_ses-11_epoch-4,4,1
Raw,sub-01,11,sub-01_ses-11_epoch-4,5,1
Raw,sub-01,11,sub-01_ses-11_epoch-4,6,1
Raw,sub-01,11,sub-01_ses-11_epoch-5,0,0
Raw,sub-01,11,sub-01_ses-11_epoch-5,1,0
Raw,sub-01,11,sub-01_ses-11_epoch-5,2,0
Raw,sub-01,11,sub-01_ses-11_epoch-5,3,0
Raw,sub-01,11,sub-01_ses-11_epoch-5,4,0
Raw,sub-01,11,sub-01_ses-11_epoch-5,5,0
Raw,sub-01,11,sub-01_ses-11_epoch-5,6,0
Raw,sub-01,11,sub-01_ses-11_epoch-5,7,0
Raw,sub-01,11,sub-01_ses-11_epoch-6,0,1
Raw,sub-01,11,sub-01_ses-11_epoch-6,1,1
Raw,sub-01,11,sub-01_ses-11_epoch-6,2,1
Raw,sub-01,11,sub-01_ses-11_epoch-6,3,1
Raw,sub-01,11,sub-01_ses-11_epoch-6,4,1
Raw,sub-01,11,sub-01_ses-11_epoch-6,5,1
Raw,sub-01,11,sub-01_ses-11_epoch-6,6,1
Raw,sub-01,11,sub-01_ses-11_epoch-7,0,0
Raw,sub-01,11,sub-01_ses-11_epoch-7,1,0
Raw,sub-01,11,sub-01_ses-11_epoch-7,2,0
Raw,sub-01,11,sub-01_ses-11_epoch-7,3,0
Raw,sub-01,11,sub-01_ses-11_epoch-7,4,0
Raw,sub-01,11,sub-01_ses-11_epoch-7,5,0
Raw,sub-01,11,sub-01_ses-11_epoch-7,6,0
Raw,sub-01,11,sub-01_ses-11_epoch-7,7,0
Raw,sub-01,11,sub-01_ses-11_epoch-8,0,1
Raw,sub-01,11,sub-01_ses-11_epoch-8,1,1
Raw,sub-01,11,sub-01_ses-11_epoch-8,2,1
Raw,sub-01,11,sub-01_ses-11_epoch-8,3,1
Raw,sub-01,11,sub-01_ses-11_epoch-8,4,1
Raw,sub-01,11,sub-01_ses-11_epoch-8,5,1
Raw,sub-01,11,sub-01_ses-11_epoch-8,6,1
Raw,sub-01,11,sub-01_ses-11_epoch-9,0,0
Raw,sub-01,11,sub-01_ses-11_epoch-9,1,0
Raw,sub-01,11,sub-01_ses-11_epoch-9,2,0
Raw,sub-01,11,sub-01_ses-11_epoch-9,3,0
Raw,sub-01,11,sub-01_ses-11_epoch-9,4,0
Raw,sub-01,11,sub-01_ses-11_epoch-9,5,0
Raw,sub-01,11,sub-01_ses-11_epoch-9,6,0
Raw,sub-01,11,sub-01_ses-11_epoch-9,7,0
Raw,sub-01,11,sub-01_ses-11_epoch-10,0,1
Raw,sub-01,11,sub-01_ses-11_epoch-10,1,1
Raw,sub-01,11,sub-01_ses-11_epoch-10,2,1
Raw,sub-01,11,sub-01_ses-11_epoch-10,3,1
Raw,sub-01,11,sub-01_ses-11_epoch-10,4,1
Raw,sub-01,11,sub-01_ses-11_epoch-10,5,1
Raw,sub-01,11,sub-01_ses-11_epoch-10,6,1
Raw,sub-01,11,sub-01_ses-11_epoch-11,0,0
Raw,sub-01,11,sub-01_ses-11_epoch-11,1,0
Raw,sub-01,11,sub-01_ses-11_epoch-11,2,0
Raw,sub-01,11,sub-01_ses-11_epoch-11,3,0
Raw,sub-01,11,sub-01_ses-11_epoch-11,4,0
Raw,sub-01,11,sub-01_ses-11_epoch-11,5,0
Raw,sub-01,11,sub-01_ses-11_epoch-11,6,0
Raw,sub-01,11,sub-01_ses-11_epoch-11,7,0
Raw,sub-01,11,sub-01_ses-11_epoch-12,0,1
Raw,sub-01,11,sub-01_ses-11_epoch-12,1,1
Raw,sub-01,11,sub-01_ses-11_epoch-12,2,1
Raw,sub-01,11,sub-01_ses-11_epoch-12,3,1
Raw,sub-01,11,sub-01_ses-11_epoch-12,4,1
Raw,sub-01,11,sub-01_ses-11_epoch-12,5,1
Raw,sub-01,11,sub-01_ses-11_epoch-12,6,1
Raw,sub-01,11,sub-01_ses-11_epoch-13,0,0
Raw,sub-01,11,sub-01_ses-11_epoch-13,1,0
Raw,sub-01,11,sub-01_ses-11_epoch-13,2,0
Raw,sub-01,11,sub-01_ses-11_epoch-13,3,0
Raw,sub-01,11,sub-01_ses-11_epoch-13,4,0
Raw,sub-01,11,sub-01_ses-11_epoch-13,5,0
Raw,sub-01,11,sub-01_ses-11_epoch-13,6,0
Raw,sub-01,11,sub-01_ses-11_epoch-13,7,0
Raw,sub-01,11,sub-01_ses-11_epoch-14,0,1
Raw,sub-01,11,sub-01_ses-11_epoch-14,1,1
Raw,sub-01,11,sub-01_ses-11_epoch-14,2,1
Raw,sub-01,11,sub-01_ses-11_epoch-14,3,1
Raw,sub-01,11,sub-01_ses-11_epoch-14,4,1
Raw,sub-01,11,sub-01_ses-11_epoch-14,5,1
Raw,sub-01,11,sub-01_ses-11_epoch-14,6,1
Raw,sub-01,11,sub-01_ses-11_epoch-15,0,0
Raw,sub-01,11,sub-01_ses-11_epoch-15,1,0
Raw,sub-01,11,sub-01_ses-11_epoch-15,2,0
Raw,sub-01,11,sub-01_ses-11_epoch-15,3,0
Raw,sub-01,11,sub-01_ses-11_epoch-15,4,0
Raw,sub-01,11,sub-01_ses-11_epoch-15,5,0
Raw,sub-01,11,sub-01_ses-11_epoch-15,6,0
Raw,sub-01,11,sub-01_ses-11_epoch-15,7,0
Raw,sub-01,11,sub-01_ses-11_epoch-16,0,1
Raw,sub-01,11,sub-01_ses-11_epoch-16,1,1
Raw,sub-01,11,sub-01_ses-11_epoch-16,2,1
Raw,sub-01,11,sub-01_ses-11_epoch-16,3,1
Raw,sub-01,11,sub-01_ses-11_epoch-16,4,1
Raw,sub-01,11,sub-01_ses-11_epoch-16,5,1
Raw,sub-01,11,sub-01_ses-11_epoch-16,6,1
Raw,sub-01,11,sub-01_ses-11_epoch-17,0,0
Raw,sub-01,11,sub-01_ses-11_epoch-17,1,0
Raw,sub-01,11,sub-01_ses-11_epoch-17,2,0
Raw,sub-01,11,sub-01_ses-11_epoch-17,3,0
Raw,sub-01,11,sub-01_ses-11_epoch-17,4,0
Raw,sub-01,11,sub-01_ses-11_epoch-17,5,0
Raw,sub-01,11,sub-01_ses-11_epoch-17,6,0
Raw,sub-01,11,sub-01_ses-11_epoch-17,7,0
Raw,sub-01,11,sub-01_ses-11_epoch-18,0,0
Raw,sub-01,11,sub-01_ses-11_epoch-18,1,0
Raw,sub-01,11,sub-01_ses-11_epoch-18,2,0
Raw,sub-01,11,sub-01_ses-11_epoch-18,3,0
Raw,sub-01,11,sub-01_ses-11_epoch-18,4,0
Raw,sub-01,11,sub-01_ses-11_epoch-18,5,0
Raw,sub-01,11,sub-01_ses-11_epoch-18,6,0
Raw,sub-01,11,sub-01_ses-11_epoch-18,7,0
Raw,sub-01,11,sub-01_ses-11_epoch-19,0,1
Raw,sub-01,11,sub-01_ses-11_epoch-19,1,1
Raw,sub-01,11,sub-01_ses-11_epoch-19,2,1
Raw,sub-01,11,sub-01_ses-11_epoch-19,3,1
Raw,sub-01,11,sub-01_ses-11_epoch-19,4,1
Raw,sub-01,11,sub-01_ses-11_epoch-19,5,1
Raw,sub-01,11,sub-01_ses-11_epoch-19,6,1
Raw,sub-01,11,sub-01_ses-11_epoch-20,0,0
Raw,sub-01,11,sub-01_ses-11_epoch-20,1,0
Raw,sub-01,11,sub-01_ses-11_epoch-20,2,0
Raw,sub-01,11,sub-01_ses-11_epoch-20,3,0
Raw,sub-01,11,sub-01_ses-11_epoch-20,4,0
Raw,sub-01,11,sub-01_ses-11_epoch-20,5,0
Raw,sub-01,11,sub-01_ses-11_epoch-20,6,0
Raw,sub-01,11,sub-01_ses-11_epoch-20,7,0
Raw,sub-01,11,sub-01_ses-11_epoch-21,0,0
Raw,sub-01,11,sub-01_ses-11_epoch-21,1,0
Raw,sub-01,11,sub-01_ses-11_epoch-21,2,0
Raw,sub-01,11,sub-01_ses-11_epoch-21,3,0
Raw,sub-01,11,sub-01_ses-11_epoch-21,4,0
Raw,sub-01,11,sub-01_ses-11_epoch-21,5,0
Raw,sub-01,11,sub-01_ses-11_epoch-21,6,0
Raw,sub-01,11,sub-01_ses-11_epoch-21,7,0
Raw,sub-01,11,sub-01_ses-11_epoch-22,0,1
Raw,sub-01,11,sub-01_ses-11_epoch-22,1,1
Raw,sub-01,11,sub-01_ses-11_epoch-22,2,1
Raw,sub-01,11,sub-01_ses-11_epoch-22,3,1
Raw,sub-01,11,sub-01_ses-11_epoch-22,4,1
Raw,sub-01,11,sub-01_ses-11_epoch-22,5,1
Raw,sub-01,11,sub-01_ses-11_epoch-22,6,1
Raw,sub-01,11,sub-01_ses-11_epoch-23,0,0
Raw,sub-01,11,sub-01_ses-11_epoch-23,1,0
Raw,sub-01,11,sub-01_ses-11_epoch-23,2,0
Raw,sub-01,11,sub-01_ses-11_epoch-23,3,0
Raw,sub-01,11,sub-01_ses-11_epoch-23,4,0
Raw,sub-01,11,sub-01_ses-11_epoch-23,5,0
Raw,sub-01,11,sub-01_ses-11_epoch-23,6,0
Raw,sub-01,11,sub-01_ses-11_epoch-23,7,0
Raw,sub-01,11,sub-01_ses-11_epoch-24,0,1
Raw,sub-01,11,sub-01_ses-11_epoch-24,1,1
Raw,sub-01,11,sub-01_ses-11_epoch-24,2,1
Raw,sub-01,11,sub-01_ses-11_epoch-24,3,1
Raw,sub-01,11,sub-01_ses-11_epoch-24,4,1
Raw,sub-01,11,sub-01_ses-11_epoch-24,5,1
Raw,sub-01,11,sub-01_ses-11_epoch-24,6,1
Raw,sub-01,11,sub-01_ses-11_epoch-25,0,0
Raw,sub-01,11,sub-01_ses-11_epoch-25,1,0
Raw,sub-01,11,sub-01_ses-11_epoch-25,2,0
Raw,sub-01,11,sub-01_ses-11_epoch-25,3,0
Raw,sub-01,11,sub-01_ses-11_epoch-25,4,0
Raw,sub-01,11,sub-01_ses-11_epoch-25,5,0
Raw,sub-01,11,sub-01_ses-11_epoch-25,6,0
Raw,sub-01,11,sub-01_ses-11_epoch-25,7,0
Raw,sub-01,11,sub-01_ses-11_epoch-26,0,1
Raw,sub-01,11,sub-01_ses-11_epoch-26,1,1
Raw,sub-01,11,sub-01_ses-11_epoch-26,2,1
Raw,sub-01,11,sub-01_ses-11_epoch-26,3,1
Raw,sub-01,11,sub-01_ses-11_epoch-26,4,1
Raw,sub-01,11,sub-01_ses-11_epoch-26,5,1
Raw,sub-01,11,sub-01_ses-11_epoch-26,6,1
Raw,sub-01,11,sub-01_ses-11_epoch-27,0,0
Raw,sub-01,11,sub-01_ses-11_epoch-27,1,0
Raw,sub-01,11,sub-01_ses-11_epoch-27,2,0
Raw,sub-01,11,sub-01_ses-11_epoch-27,3,0
Raw,sub-01,11,sub-01_ses-11_epoch-27,4,0
Raw,sub-01,11,sub-01_ses-11_epoch-27,5,0
Raw,sub-01,11,sub-01_ses-11_epoch-27,6,0
Raw,sub-01,11,sub-01_ses-11_epoch-27,7,0
Raw,sub-01,11,sub-01_ses-11_epoch-28,0,1
Raw,sub-01,11,sub-01_ses-11_epoch-28,1,1
Raw,sub-01,11,sub-01_ses-11_epoch-28,2,1
Raw,sub-01,11,sub-01_ses-11_epoch-28,3,1
Raw,sub-01,11,sub-01_ses-11_epoch-28,4,1
Raw,sub-01,11,sub-01_ses-11_epoch-28,5,1
Raw,sub-01,11,sub-01_ses-11_epoch-28,6,1
Raw,sub-01,11,sub-01_ses-11_epoch-29,0,0
Raw,sub-01,11,sub-01_ses-11_epoch-29,1,0
Raw,sub-01,11,sub-01_ses-11_epoch-29,2,0
Raw,sub-01,11,sub-01_ses-11_epoch-29,3,0
Raw,sub-01,11,sub-01_ses-11_epoch-29,4,0
Raw,sub-01,11,sub-01_ses-11_epoch-29,5,0
Raw,sub-01,11,sub-01_ses-11_epoch-29,6,0
Raw,sub-01,11,sub-01_ses-11_epoch-29,7,0
Raw,sub-01,11,sub-01_ses-11_epoch-30,0,1
Raw,sub-01,11,sub-01_ses-11_epoch-30,1,1
Raw,sub-01,11,sub-01_ses-11_epoch-30,2,1
Raw,sub-01,11,sub-01_ses-11_epoch-30,3,1
Raw,sub-01,11,sub-01_ses-11_epoch-30,4,1
Raw,sub-01,11,sub-01_ses-11_epoch-30,5,1
Raw,sub-01,11,sub-01_ses-11_epoch-30,6,1
Raw,sub-01,11,sub-01_ses-11_epoch-31,0,0
Raw,sub-01,11,sub-01_ses-11_epoch-31,1,0
Raw,sub-01,11,sub-01_ses-11_epoch-31,2,0
Raw,sub-01,11,sub-01_ses-11_epoch-31,3,0
Raw,sub-01,11,sub-01_ses-11_epoch-31,4,0
Raw,sub-01,11,sub-01_ses-11_epoch-31,5,0
Raw,sub-01,11,sub-01_ses-11_epoch-31,6,0
Raw,sub-01,11,sub-01_ses-11_epoch-31,7,0
Raw,sub-01,11,sub-01_ses-11_epoch-32,0,1
Raw,sub-01,11,sub-01_ses-11_epoch-32,1,1
Raw,sub-01,11,sub-01_ses-11_epoch-32,2,1
Raw,sub-01,11,sub-01_ses-11_epoch-32,3,1
Raw,sub-01,11,sub-01_ses-11_epoch-32,4,1
Raw,sub-01,11,sub-01_ses-11_epoch-32,5,1
Raw,sub-01,11,sub-01_ses-11_epoch-32,6,1
Raw,sub-01,11,sub-01_ses-11_epoch-33,0,0
Raw,sub-01,11,sub-01_ses-11_epoch-33,1,0
Raw,sub-01,11,sub-01_ses-11_epoch-33,2,0
Raw,sub-01,11,sub-01_ses-11_epoch-33,3,0
Raw,sub-01,11,sub-01_ses-11_epoch-33,4,0
Raw,sub-01,11,sub-01_ses-11_epoch-33,5,0
Raw,sub-01,11,sub-01_ses-11_epoch-33,6,0
Raw,sub-01,11,sub-01_ses-11_epoch-33,7,0
Raw,sub-01,11,sub-01_ses-11_epoch-34,0,1
Raw,sub-01,11,sub-01_ses-11_epoch-34,1,1
Raw,sub-01,11,sub-01_ses-11_epoch-34,2,1
Raw,sub-01,11,sub-01_ses-11_epoch-34,3,1
Raw,sub-01,11,sub-01_ses-11_epoch-34,4,1
Raw,sub-01,11,sub-01_ses-11_epoch-34,5,1
Raw,sub-01,11,sub-01_ses-11_epoch-34,6,1
Raw,sub-01,11,sub-01_ses-11_epoch-35,0,0
Raw,sub-01,11,sub-01_ses-11_epoch-35,1,0
Raw,sub-01,11,sub-01_ses-11_epoch-35,2,0
Raw,sub-01,11,sub-01_ses-11_epoch-35,3,0
Raw,sub-01,11,sub-01_ses-11_epoch-35,4,0
Raw,sub-01,11,sub-01_ses-11_epoch-35,5,0
Raw,sub-01,11,sub-01_ses-11_epoch-35,6,0
Raw,sub-01,11,sub-01_ses-11_epoch-35,7,0
Raw,sub-01,11,sub-01_ses-11_epoch-36,0,1
Raw,sub-01,11,sub-01_ses-11_epoch-36,1,1
Raw,sub-01,11,sub-01_ses-11_epoch-36,2,1
Raw,sub-01,11,sub-01_ses-11_epoch-36,3,1
Raw,sub-01,11,sub-01_ses-11_epoch-36,4,1
Raw,sub-01,11,sub-01_ses-11_epoch-36,5,1
Raw,sub-01,11,sub-01_ses-11_epoch-36,6,1
Raw,sub-01,11,sub-01_ses-11_epoch-37,0,0
Raw,sub-01,11,sub-01_ses-11_epoch-37,1,0
Raw,sub-01,11,sub-01_ses-11_epoch-37,2,0
Raw,sub-01,11,sub-01_ses-11_epoch-37,3,0
Raw,sub-01,11,sub-01_ses-11_epoch-37,4,0
Raw,sub-01,11,sub-01_ses-11_epoch-37,5,0
Raw,sub-01,11,sub-01_ses-11_epoch-37,6,0
Raw,sub-01,11,sub-01_ses-11_epoch-37,7,0
Raw,sub-01,11,sub-01_ses-11_epoch-38,0,1
Raw,sub-01,11,sub-01_ses-11_epoch-38,1,1
Raw,sub-01,11,sub-01_ses-11_epoch-38,2,1
Raw,sub-01,11,sub-01_ses-11_epoch-38,3,1
Raw,sub-01,11,sub-01_ses-11_epoch-38,4,1
Raw,sub-01,11,sub-01_ses-11_epoch-38,5,1
Raw,sub-01,11,sub-01_ses-11_epoch-38,6,1
Raw,sub-01,11,sub-01_ses-11_epoch-39,0,0
Raw,sub-01,11,sub-01_ses-11_epoch-39,1,0
Raw,sub-01,11,sub-01_ses-11_epoch-39,2,0
Raw,sub-01,11,sub-01_ses-11_epoch-39,3,0
Raw,sub-01,11,sub-01_ses-11_epoch-39,4,0
Raw,sub-01,11,sub-01_ses-11_epoch-39,5,0
Raw,sub-01,11,sub-01_ses-11_epoch-39,6,0
Raw,sub-01,11,sub-01_ses-11_epoch-39,7,0
Raw,sub-01,11,sub-01_ses-11_epoch-40,0,1
Raw,sub-01,11,sub-01_ses-11_epoch-40,1,1
Raw,sub-01,11,sub-01_ses-11_epoch-40,2,1
Raw,sub-01,11,sub-01_ses-11_epoch-40,3,1
Raw,sub-01,11,sub-01_ses-11_epoch-40,4,1
Raw,sub-01,11,sub-01_ses-11_epoch-40,5,1
Raw,sub-01,11,sub-01_ses-11_epoch-40,6,1
Raw,sub-01,11,sub-01_ses-11_epoch-41,0,0
Raw,sub-01,11,sub-01_ses-11_epoch-41,1,0
Raw,sub-01,11,sub-01_ses-11_epoch-41,2,0
Raw,sub-01,11,sub-01_ses-11_epoch-41,3,0
Raw,sub-01,11,sub-01_ses-11_epoch-41,4,0
Raw,sub-01,11,sub-01_ses-11_epoch-41,5,0
Raw,sub-01,11,sub-01_ses-11_epoch-41,6,0
Raw,sub-01,11,sub-01_ses-11_epoch-41,7,0
Raw,sub-01,11,sub-01_ses-11_epoch-42,0,1
Raw,sub-01,11,sub-01_ses-11_epoch-42,1,1
Raw,sub-01,11,sub-01_ses-11_epoch-42,2,1
Raw,sub-01,11,sub-01_ses-11_epoch-42,3,1
Raw,sub-01,11,sub-01_ses-11_epoch-42,4,1
Raw,sub-01,11,sub-01_ses-11_epoch-42,5,1
Raw,sub-01,11,sub-01_ses-11_epoch-42,6,1
Raw,sub-01,11,sub-01_ses-11_epoch-43,0,0
Raw,sub-01,11,sub-01_ses-11_epoch-43,1,0
Raw,sub-01,11,sub-01_ses-11_epoch-43,2,0
Raw,sub-01,11,sub-01_ses-11_epoch-43,3,0
Raw,sub-01,11,sub-01_ses-11_epoch-43,4,0
Raw,sub-01,11,sub-01_ses-11_epoch-43,5,0
Raw,sub-01,11,sub-01_ses-11_epoch-43,6,0
Raw,sub-01,11,sub-01_ses-11_epoch-43,7,0
Raw,sub-01,11,sub-01_ses-11_epoch-44,0,1
Raw,sub-01,11,sub-01_ses-11_epoch-44,1,1
Raw,sub-01,11,sub-01_ses-11_epoch-44,2,1
Raw,sub-01,11,sub-01_ses-11_epoch-44,3,1
Raw,sub-01,11,sub-01_ses-11_epoch-44,4,1
Raw,sub-01,11,sub-01_ses-11_epoch-44,5,1
Raw,sub-01,11,sub-01_ses-11_epoch-44,6,1
Raw,sub-01,11,sub-01_ses-11_epoch-45,0,0
Raw,sub-01,11,sub-01_ses-11_epoch-45,1,0
Raw,sub-01,11,sub-01_ses-11_epoch-45,2,0
Raw,sub-01,11,sub-01_ses-11_epoch-45,3,0
Raw,sub-01,11,sub-01_ses-11_epoch-45,4,0
Raw,sub-01,11,sub-01_ses-11_epoch-45,5,0
Raw,sub-01,11,sub-01_ses-11_epoch-45,6,0
Raw,sub-01,11,sub-01_ses-11_epoch-45,7,0
Raw,sub-01,11,sub-01_ses-11_epoch-46,0,1
Raw,sub-01,11,sub-01_ses-11_epoch-46,1,1
Raw,sub-01,11,sub-01_ses-11_epoch-46,2,1
Raw,sub-01,11,sub-01_ses-11_epoch-46,3,1
Raw,sub-01,11,sub-01_ses-11_epoch-46,4,1
Raw,sub-01,11,sub-01_ses-11_epoch-46,5,1
Raw,sub-01,11,sub-01_ses-11_epoch-46,6,1
Raw,sub-01,11,sub-01_ses-11_epoch-47,0,0
Raw,sub-01,11,sub-01_ses-11_epoch-47,1,0
Raw,sub-01,11,sub-01_ses-11_epoch-47,2,0
Raw,sub-01,11,sub-01_ses-11_epoch-47,3,0
Raw,sub-01,11,sub-01_ses-11_epoch-47,4,0
Raw,sub-01,11,sub-01_ses-11_epoch-47,5,0
Raw,sub-01,11,sub-01_ses-11_epoch-47,6,0
Raw,sub-01,11,sub-01_ses-11_epoch-47,7,0
Raw,sub-01,11,sub-01_ses-11_epoch-48,0,1
Raw,sub-01,11,sub-01_ses-11_epoch-48,1,1
Raw,sub-01,11,sub-01_ses-11_epoch-48,2,1
Raw,sub-01,11,sub-01_ses-11_epoch-48,3,1
Raw,sub-01,11,sub-01_ses-11_epoch-48,4,1
Raw,sub-01,11,sub-01_ses-11_epoch-48,5,1
Raw,sub-01,11,sub-01_ses-11_epoch-48,6,1
Raw,sub-01,11,sub-01_ses-11_epoch-49,0,0
Raw,sub-01,11,sub-01_ses-11_epoch-49,1,0
Raw,sub-01,11,sub-01_ses-11_epoch-49,2,0
Raw,sub-01,11,sub-01_ses-11_epoch-49,3,0
Raw,sub-01,11,sub-01_ses-11_epoch-49,4,0
Raw,sub-01,11,sub-01_ses-11_epoch-49,5,0
Raw,sub-01,11,sub-01_ses-11_epoch-49,6,0
Raw,sub-01,11,sub-01_ses-11_epoch-49,7,0
Raw,sub-01,11,sub-01_ses-11_epoch-50,0,1
Raw,sub-01,11,sub-01_ses-11_epoch-50,1,1
Raw,sub-01,11,sub-01_ses-11_epoch-50,2,1
Raw,sub-01,11,sub-01_ses-11_epoch-50,3,1
Raw,sub-01,11,sub-01_ses-11_epoch-50,4,1
Raw,sub-01,11,sub-01_ses-11_epoch-50,5,1
Raw,sub-01,11,sub-01_ses-11_epoch-50,6,1
Raw,sub-01,11,sub-01_ses-11_epoch-51,0,0
Raw,sub-01,11,sub-01_ses-11_epoch-51,1,0
Raw,sub-01,11,sub-01_ses-11_epoch-51,2,0
Raw,sub-01,11,sub-01_ses-11_epoch-51,3,0
Raw,sub-01,11,sub-01_ses-11_epoch-51,4,0
Raw,sub-01,11,sub-01_ses-11_epoch-51,5,0
Raw,sub-01,11,sub-01_ses-11_epoch-51,6,0
Raw,sub-01,11,sub-01_ses-11_epoch-51,7,0
Raw,sub-01,11,sub-01_ses-11_epoch-52,0,1
Raw,sub-01,11,sub-01_ses-11_epoch-52,1,1
Raw,sub-01,11,sub-01_ses-11_epoch-52,2,1
Raw,sub-01,11,sub-01_ses-11_epoch-52,3,1
Raw,sub-01,11,sub-01_ses-11_epoch-52,4,1
Raw,sub-01,11,sub-01_ses-11_epoch-52,5,1
Raw,sub-01,11,sub-01_ses-11_epoch-52,6,1
Raw,sub-01,11,sub-01_ses-11_epoch-53,0,0
Raw,sub-01,11,sub-01_ses-11_epoch-53,1,0
Raw,sub-01,11,sub-01_ses-11_epoch-53,2,0
Raw,sub-01,11,sub-01_ses-11_epoch-53,3,0
Raw,sub-01,11,sub-01_ses-11_epoch-53,4,0
Raw,sub-01,11,sub-01_ses-11_epoch-53,5,0
Raw,sub-01,11,sub-01_ses-11_epoch-53,6,0
Raw,sub-01,11,sub-01_ses-11_epoch-53,7,0
Raw,sub-01,11,sub-01_ses-11_epoch-54,0,1
Raw,sub-01,11,sub-01_ses-11_epoch-54,1,1
Raw,sub-01,11,sub-01_ses-11_epoch-54,2,1
Raw,sub-01,11,sub-01_ses-11_epoch-54,3,1
Raw,sub-01,11,sub-01_ses-11_epoch-54,4,1
Raw,sub-01,11,sub-01_ses-11_epoch-54,5,1
Raw,sub-01,11,sub-01_ses-11_epoch-54,6,1
Raw,sub-01,11,sub-01_ses-11_epoch-55,0,1
Raw,sub-01,11,sub-01_ses-11_epoch-55,1,1
Raw,sub-01,11,sub-01_ses-11_epoch-55,2,1
Raw,sub-01,11,sub-01_ses-11_epoch-55,3,1
Raw,sub-01,11,sub-01_ses-11_epoch-55,4,1
Raw,sub-01,11,sub-01_ses-11_epoch-55,5,1
Raw,sub-01,11,sub-01_ses-11_epoch-55,6,1
Raw,sub-01,11,sub-01_ses-11_epoch-56,0,0
Raw,sub-01,11,sub-01_ses-11_epoch-56,1,0
Raw,sub-01,11,sub-01_ses-11_epoch-56,2,0
Raw,sub-01,11,sub-01_ses-11_epoch-56,3,0
Raw,sub-01,11,sub-01_ses-11_epoch-56,4,0
Raw,sub-01,11,sub-01_ses-11_epoch-56,5,0
Raw,sub-01,11,sub-01_ses-11_epoch-56,6,0
Raw,sub-01,11,sub-01_ses-11_epoch-56,7,0
Raw,sub-01,11,sub-01_ses-11_epoch-57,0,1
Raw,sub-01,11,sub-01_ses-11_epoch-57,1,1
Raw,sub-01,11,sub-01_ses-11_epoch-57,2,1
Raw,sub-01,11,sub-01_ses-11_epoch-57,3,1
Raw,sub-01,11,sub-01_ses-11_epoch-57,4,1
Raw,sub-01,11,sub-01_ses-11_epoch-57,5,1
Raw,sub-01,11,sub-01_ses-11_epoch-57,6,1
Raw,sub-01,11,sub-01_ses-11_epoch-58,0,0
Raw,sub-01,11,sub-01_ses-11_epoch-58,1,0
Raw,sub-01,11,sub-01_ses-11_epoch-58,2,0
Raw,sub-01,11,sub-01_ses-11_epoch-58,3,0
Raw,sub-01,11,sub-01_ses-11_epoch-58,4,0
Raw,sub-01,11,sub-01_ses-11_epoch-58,5,0
Raw,sub-01,11,sub-01_ses-11_epoch-58,6,0
Raw,sub-01,11,sub-01_ses-11_epoch-58,7,0
Raw,sub-01,11,sub-01_ses-11_epoch-59,0,1
Raw,sub-01,11,sub-01_ses-11_epoch-59,1,1
Raw,sub-01,11,sub-01_ses-11_epoch-59,2,1
Raw,sub-01,11,sub-01_ses-11_epoch-59,3,1
Raw,sub-01,11,sub-01_ses-11_epoch-59,4,1
Raw,sub-01,11,sub-01_ses-11_epoch-59,5,1
Raw,sub-01,11,sub-01_ses-11_epoch-59,6,1
Raw,sub-01,11,sub-01_ses-11_epoch-60,0,0
Raw,sub-01,11,sub-01_ses-11_epoch-60,1,0
Raw,sub-01,11,sub-01_ses-11_epoch-60,2,0
Raw,sub-01,11,sub-01_ses-11_epoch-60,3,0
Raw,sub-01,11,sub-01_ses-11_epoch-60,4,0
Raw,sub-01,11,sub-01_ses-11_epoch-60,5,0
Raw,sub-01,11,sub-01_ses-11_epoch-60,6,0
Raw,sub-01,11,sub-01_ses-11_epoch-60,7,0
Raw,sub-01,11,sub-01_ses-11_epoch-61,0,1
Raw,sub-01,11,sub-01_ses-11_epoch-61,1,1
Raw,sub-01,11,sub-01_ses-11_epoch-61,2,1
Raw,sub-01,11,sub-01_ses-11_epoch-61,3,1
Raw,sub-01,11,sub-01_ses-11_epoch-61,4,1
Raw,sub-01,11,sub-01_ses-11_epoch-61,5,1
Raw,sub-01,11,sub-01_ses-11_epoch-61,6,1
Raw,sub-01,11,sub-01_ses-11_epoch-62,0,0
Raw,sub-01,11,sub-01_ses-11_epoch-62,1,0
Raw,sub-01,11,sub-01_ses-11_epoch-62,2,0
Raw,sub-01,11,sub-01_ses-11_epoch-62,3,0
Raw,sub-01,11,sub-01_ses-11_epoch-62,4,0
Raw,sub-01,11,sub-01_ses-11_epoch-62,5,0
Raw,sub-01,11,sub-01_ses-11_epoch-62,6,0
Raw,sub-01,11,sub-01_ses-11_epoch-62,7,0
Raw,sub-01,11,sub-01_ses-11_epoch-63,0,1
Raw,sub-01,11,sub-01_ses-11_epoch-63,1,1
Raw,sub-01,11,sub-01_ses-11_epoch-63,2,1
Raw,sub-01,11,sub-01_ses-11_epoch-63,3,1
Raw,sub-01,11,sub-01_ses-11_epoch-63,4,1
Raw,sub-01,11,sub-01_ses-11_epoch-63,5,1
Raw,sub-01,11,sub-01_ses-11_epoch-63,6,1
Raw,sub-01,11,sub-01_ses-11_epoch-64,0,0
Raw,sub-01,11,sub-01_ses-11_epoch-64,1,0
Raw,sub-01,11,sub-01_ses-11_epoch-64,2,0
Raw,sub-01,11,sub-01_ses-11_epoch-64,3,0
Raw,sub-01,11,sub-01_ses-11_epoch-64,4,0
Raw,sub-01,11,sub-01_ses-11_epoch-64,5,0
Raw,sub-01,11,sub-01_ses-11_epoch-64,6,0
Raw,sub-01,11,sub-01_ses-11_epoch-64,7,0
Raw,sub-01,11,sub-01_ses-11_epoch-65,0,1
Raw,sub-01,11,sub-01_ses-11_epoch-65,1,1
Raw,sub-01,11,sub-01_ses-11_epoch-65,2,1
Raw,sub-01,11,sub-01_ses-11_epoch-65,3,1
Raw,sub-01,11,sub-01_ses-11_epoch-65,4,1
Raw,sub-01,11,sub-01_ses-11_epoch-65,5,1
Raw,sub-01,11,sub-01_ses-11_epoch-65,6,1
Raw,sub-01,11,sub-01_ses-11_epoch-66,0,0
Raw,sub-01,11,sub-01_ses-11_epoch-66,1,0
Raw,sub-01,11,sub-01_ses-11_epoch-66,2,0
Raw,sub-01,11,sub-01_ses-11_epoch-66,3,0
Raw,sub-01,11,sub-01_ses-11_epoch-66,4,0
Raw,sub-01,11,sub-01_ses-11_epoch-66,5,0
Raw,sub-01,11,sub-01_ses-11_epoch-66,6,0
Raw,sub-01,11,sub-01_ses-11_epoch-66,7,0
Raw,sub-01,11,sub-01_ses-11_epoch-67,0,1
Raw,sub-01,11,sub-01_ses-11_epoch-67,1,1
Raw,sub-01,11,sub-01_ses-11_epoch-67,2,1
Raw,sub-01,11,sub-01_ses-11_epoch-67,3,1
Raw,sub-01,11,sub-01_ses-11_epoch-67,4,1
Raw,sub-01,11,sub-01_ses-11_epoch-67,5,1
Raw,sub-01,11,sub-01_ses-11_epoch-67,6,1
Raw,sub-01,11,sub-01_ses-11_epoch-68,0,0
Raw,sub-01,11,sub-01_ses-11_epoch-68,1,0
Raw,sub-01,11,sub-01_ses-11_epoch-68,2,0
Raw,sub-01,11,sub-01_ses-11_epoch-68,3,0
Raw,sub-01,11,sub-01_ses-11_epoch-68,4,0
Raw,sub-01,11,sub-01_ses-11_epoch-68,5,0
Raw,sub-01,11,sub-01_ses-11_epoch-68,6,0
Raw,sub-01,11,sub-01_ses-11_epoch-68,7,0
Raw,sub-01,11,sub-01_ses-11_epoch-69,0,1
Raw,sub-01,11,sub-01_ses-11_epoch-69,1,1
Raw,sub-01,11,sub-01_ses-11_epoch-69,2,1
Raw,sub-01,11,sub-01_ses-11_epoch-69,3,1
Raw,sub-01,11,sub-01_ses-11_epoch-69,4,1
Raw,sub-01,11,sub-01_ses-11_epoch-69,5,1
Raw,sub-01,11,sub-01_ses-11_epoch-69,6,1
Raw,sub-01,11,sub-01_ses-11_epoch-70,0,0
Raw,sub-01,11,sub-01_ses-11_epoch-70,1,0
Raw,sub-01,11,sub-01_ses-11_epoch-70,2,0
Raw,sub-01,11,sub-01_ses-11_epoch-70,3,0
Raw,sub-01,11,sub-01_ses-11_epoch-70,4,0
Raw,sub-01,11,sub-01_ses-11_epoch-70,5,0
Raw,sub-01,11,sub-01_ses-11_epoch-70,6,0
Raw,sub-01,11,sub-01_ses-11_epoch-70,7,0
Raw,sub-01,11,sub-01_ses-11_epoch-71,0,1
Raw,sub-01,11,sub-01_ses-11_epoch-71,1,1
Raw,sub-01,11,sub-01_ses-11_epoch-71,2,1
Raw,sub-01,11,sub-01_ses-11_epoch-71,3,1
Raw,sub-01,11,sub-01_ses-11_epoch-71,4,1
Raw,sub-01,11,sub-01_ses-11_epoch-71,5,1
Raw,sub-01,11,sub-01_ses-11_epoch-71,6,1
Raw,sub-01,11,sub-01_ses-11_epoch-72,0,0
Raw,sub-01,11,sub-01_ses-11_epoch-72,1,0
Raw,sub-01,11,sub-01_ses-11_epoch-72,2,0
Raw,sub-01,11,sub-01_ses-11_epoch-72,3,0
Raw,sub-01,11,sub-01_ses-11_epoch-72,4,0
Raw,sub-01,11,sub-01_ses-11_epoch-72,5,0
Raw,sub-01,11,sub-01_ses-11_epoch-72,6,0
Raw,sub-01,11,sub-01_ses-11_epoch-72,7,0
Raw,sub-01,11,sub-01_ses-11_epoch-73,0,1
Raw,sub-01,11,sub-01_ses-11_epoch-73,1,1
Raw,sub-01,11,sub-01_ses-11_epoch-73,2,1
Raw,sub-01,11,sub-01_ses-11_epoch-73,3,1
Raw,sub-01,11,sub-01_ses-11_epoch-73,4,1
Raw,sub-01,11,sub-01_ses-11_epoch-73,5,1
Raw,sub-01,11,sub-01_ses-11_epoch-73,6,1
Raw,sub-01,11,sub-01_ses-11_epoch-74,0,1
Raw,sub-01,11,sub-01_ses-11_epoch-74,1,1
Raw,sub-01,11,sub-01_ses-11_epoch-74,2,1
Raw,sub-01,11,sub-01_ses-11_epoch-74,3,1
Raw,sub-01,11,sub-01_ses-11_epoch-74,4,1
Raw,sub-01,11,sub-01_ses-11_epoch-74,5,1
Raw,sub-01,11,sub-01_ses-11_epoch-74,6,1
Raw,sub-01,11,sub-01_ses-11_epoch-75,0,0
Raw,sub-01,11,sub-01_ses-11_epoch-75,1,0
Raw,sub-01,11,sub-01_ses-11_epoch-75,2,0
Raw,sub-01,11,sub-01_ses-11_epoch-75,3,0
Raw,sub-01,11,sub-01_ses-11_epoch-75,4,0
Raw,sub-01,11,sub-01_ses-11_epoch-75,5,0
Raw,sub-01,11,sub-01_ses-11_epoch-75,6,0
Raw,sub-01,11,sub-01_ses-11_epoch-75,7,0
Raw,sub-01,11,sub-01_ses-11_epoch-76,0,1
Raw,sub-01,11,sub-01_ses-11_epoch-76,1,1
Raw,sub-01,11,sub-01_ses-11_epoch-76,2,1
Raw,sub-01,11,sub-01_ses-11_epoch-76,3,1
Raw,sub-01,11,sub-01_ses-11_epoch-76,4,1
Raw,sub-01,11,sub-01_ses-11_epoch-76,5,1
Raw,sub-01,11,sub-01_ses-11_epoch-76,6,1
Raw,sub-01,11,sub-01_ses-11_epoch-77,0,0
Raw,sub-01,11,sub-01_ses-11_epoch-77,1,0
Raw,sub-01,11,sub-01_ses-11_epoch-77,2,0
Raw,sub-01,11,sub-01_ses-11_epoch-77,3,0
Raw,sub-01,11,sub-01_ses-11_epoch-77,4,0
Raw,sub-01,11,sub-01_ses-11_epoch-77,5,0
Raw,sub-01,11,sub-01_ses-11_epoch-77,6,0
Raw,sub-01,11,sub-01_ses-11_epoch-77,7,0
Raw,sub-01,11,sub-01_ses-11_epoch-78,0,0
Raw,sub-01,11,sub-01_ses-11_epoch-78,1,0
Raw,sub-01,11,sub-01_ses-11_epoch-78,2,0
Raw,sub-01,11,sub-01_ses-11_epoch-78,3,0
Raw,sub-01,11,sub-01_ses-11_epoch-78,4,0
Raw,sub-01,11,sub-01_ses-11_epoch-78,5,0
Raw,sub-01,11,sub-01_ses-11_epoch-78,6,0
Raw,sub-01,11,sub-01_ses-11_epoch-78,7,0
ICA-cleaned,sub-01,11,sub-01_ses-11_epoch-1,0,0
ICA-cleaned,sub-01,11,sub-01_ses-11_epoch-1,1,0
ICA-cleaned,sub-01,11,sub-01_ses-11_epoch-1,2,0
ICA-cleaned,sub-01,11,sub-01_ses-11_epoch-1,3,0
ICA-cleaned,sub-01,11,sub-01_ses-11_epoch-1,4,0
ICA-cleaned,sub-01,11,sub-01_ses-11_epoch-1,5,0
ICA-cleaned,sub-01,11,sub-01_ses-11_epoch-1,6,0
ICA-cleaned,sub-01,11,sub-01_ses-11_epoch-1,7,0
ICA-cleaned,sub-01,11,sub-01_ses-11_epoch-2,0,0
ICA-cleaned,sub-01,11,sub-01_ses-11_epoch-2,1,0
ICA-cleaned,sub-01,11,sub-01_ses-11_epoch-2,2,0
ICA-cleaned,sub-01,11,sub-01_ses-11_epoch-2,3,0
ICA-cleaned,sub-01,11,sub-01_ses-11_epoch-2,4,0
ICA-cleaned,sub-01,11,sub-01_ses-11_epoch-2,5,0
ICA-cleaned,sub-01,11,sub-01_ses-11_epoch-2,6,0
ICA-cleaned,sub-01,11,sub-01_ses-11_epoch-2,7,0
ICA-cleaned,sub-01,11,sub-01_ses-11_epoch-3,0,0
ICA-cleaned,sub-01,11,sub-01_ses-11_epoch-3,1,0
ICA-cleaned,sub-01,11,sub-01_ses-11_epoch-3,2,0
ICA-cleaned,sub-01,11,sub-01_ses-11_epoch-3,3,0
ICA-cleaned,sub-01,11,sub-01_ses-11_epoch-3,4,0
ICA-cleaned,sub-01,11,sub-01_ses-11_epoch-3,5,0
ICA-cleaned,sub-01,11,sub-01_ses-11_epoch-3,6,0
ICA-cleaned,sub-01,11,sub-01_ses-11_epoch-3,7,0
ICA-cleaned,sub-01,11,sub-01_ses-11_epoch-4,0,1
ICA-cleaned,sub-01,11,sub-01_ses-11_epoch-4,1,1
ICA-cleaned,sub-01,11,sub-01_ses-11_epoch-4,2,1
ICA-cleaned,sub-01,11,sub-01_ses-11_epoch-4,3,1
ICA-cleaned,sub-01,11,sub-01_ses-11_epoch-4,4,1
ICA-cleaned,sub-01,11,sub-01_ses-11_epoch-4,5,1
ICA-cleaned,sub-01,11,sub-01_ses-11_epoch-4,6,1
ICA-cleaned,sub-01,11,sub-01_ses-11_epoch-5,0,0
ICA-cleaned,sub-01,11,sub-01_ses-11_epoch-5,1,0
ICA-cleaned,sub-01,11,sub-01_ses-11_epoch-5,2,0
ICA-cleaned,sub-01,11,sub-01_ses-11_epoch-5,3,0
ICA-cleaned,sub-01,11,sub-01_ses-11_epoch-5,4,0
ICA-cleaned,sub-01,11,sub-01_ses-11_epoch-5,5,0
ICA-cleaned,sub-01,11,sub-01_ses-11_epoch-5,6,0
ICA-cleaned,sub-01,11,sub-01_ses-11_epoch-5,7,0
ICA-cleaned,sub-01,11,sub-01_ses-11_epoch-6,0,1
ICA-cleaned,sub-01,11,sub-01_ses-11_epoch-6,1,1
ICA-cleaned,sub-01,11,sub-01_ses-11_epoch-6,2,1
ICA-cleaned,sub-01,11,sub-01_ses-11_epoch-6,3,1
ICA-cleaned,sub-01,11,sub-01_ses-11_epoch-6,4,1
ICA-cleaned,sub-01,11,sub-01_ses-11_epoch-6,5,1
ICA-cleaned,sub-01,11,sub-01_ses-11_epoch-6,6,1
ICA-cleaned,sub-01,11,sub-01_ses-11_epoch-7,0,0
ICA-cleaned,sub-01,11,sub-01_ses-11_epoch-7,1,0
ICA-cleaned,sub-01,11,sub-01_ses-11_epoch-7,2,0
ICA-cleaned,sub-01,11,sub-01_ses-11_epoch-7,3,0
ICA-cleaned,sub-01,11,sub-01_ses-11_epoch-7,4,0
ICA-cleaned,sub-01,11,sub-01_ses-11_epoch-7,5,0
ICA-cleaned,sub-01,11,sub-01_ses-11_epoch-7,6,0
ICA-cleaned,sub-01,11,sub-01_ses-11_epoch-7,7,0
ICA-cleaned,sub-01,11,sub-01_ses-11_epoch-8,0,1
ICA-cleaned,sub-01,11,sub-01_ses-11_epoch-8,1,1
ICA-cleaned,sub-01,11,sub-01_ses-11_epoch-8,2,1
ICA-cleaned,sub-01,11,sub-01_ses-11_epoch-8,3,1
ICA-cleaned,sub-01,11,sub-01_ses-11_epoch-8,4,1
ICA-cleaned,sub-01,11,sub-01_ses-11_epoch-8,5,1
ICA-cleaned,sub-01,11,sub-01_ses-11_epoch-8,6,1
ICA-cleaned,sub-01,11,sub-01_ses-11_epoch-9,0,0
ICA-cleaned,sub-01,11,sub-01_ses-11_epoch-9,1,0
ICA-cleaned,sub-01,11,sub-01_ses-11_epoch-9,2,0
ICA-cleaned,sub-01,11,sub-01_ses-11_epoch-9,3,0
ICA-cleaned,sub-01,11,sub-01_ses-11_epoch-9,4,0
ICA-cleaned,sub-01,11,sub-01_ses-11_epoch-9,5,0
ICA-cleaned,sub-01,11,sub-01_ses-11_epoch-9,6,0
ICA-cleaned,sub-01,11,sub-01_ses-11_epoch-9,7,0
ICA-cleaned,sub-01,11,sub-01_ses-11_epoch-10,0,1
ICA-cleaned,sub-01,11,sub-01_ses-11_epoch-10,1,1
ICA-cleaned,sub-01,11,sub-01_ses-11_epoch-10,2,1
ICA-cleaned,sub-01,11,sub-01_ses-11_epoch-10,3,1
ICA-cleaned,sub-01,11,sub-01_ses-11_epoch-10,4,1
ICA-cleaned,sub-01,11,sub-01_ses-11_epoch-10,5,1
ICA-cleaned,sub-01,11,sub-01_ses-11_epoch-10,6,1
ICA-cleaned,sub-01,11,sub-01_ses-11_epoch-11,0,0
ICA-cleaned,sub-01,11,sub-01_ses-11_epoch-11,1,0
ICA-cleaned,sub-01,11,sub-01_ses-11_epoch-11,2,0
ICA-cleaned,sub-01,11,sub-01_ses-11_epoch-11,3,0
ICA-cleaned,sub-01,11,sub-01_ses-11_epoch-11,4,0
ICA-cleaned,sub-01,11,sub-01_ses-11_epoch-11,5,0
ICA-cleaned,sub-01,11,sub-01_ses-11_epoch-11,6,0
ICA-cleaned,sub-01,11,sub-01_ses-11_epoch-11,7,0
ICA-cleaned,sub-01,11,sub-01_ses-11_epoch-12,0,1
ICA-cleaned,sub-01,11,sub-01_ses-11_epoch-12,1,1
ICA-cleaned,sub-01,11,sub-01_ses-11_epoch-12,2,1
ICA-cleaned,sub-01,11,sub-01_ses-11_epoch-12,3,1
ICA-cleaned,sub-01,11,sub-01_ses-11_epoch-12,4,1
ICA-cleaned,sub-01,11,sub-01_ses-11_epoch-12,5,1
ICA-cleaned,sub-01,11,sub-01_ses-11_epoch-12,6,1
ICA-cleaned,sub-01,11,sub-01_ses-11_epoch-13,0,0
ICA-cleaned,sub-01,11,sub-01_ses-11_epoch-13,1,0
ICA-cleaned,sub-01,11,sub-01_ses-11_epoch-13,2,0
ICA-cleaned,sub-01,11,sub-01_ses-11_epoch-13,3,0
ICA-cleaned,sub-01,11,sub-01_ses-11_epoch-13,4,0
ICA-cleaned,sub-01,11,sub-01_ses-11_epoch-13,5,0
ICA-cleaned,sub-01,11,sub-01_ses-11_epoch-13,6,0
ICA-cleaned,sub-01,11,sub-01_ses-11_epoch-13,7,0
ICA-cleaned,sub-01,11,sub-01_ses-11_epoch-14,0,1
ICA-cleaned,sub-01,11,sub-01_ses-11_epoch-14,1,1
ICA-cleaned,sub-01,11,sub-01_ses-11_epoch-14,2,1
ICA-cleaned,sub-01,11,sub-01_ses-11_epoch-14,3,1
ICA-cleaned,sub-01,11,sub-01_ses-11_epoch-14,4,1
ICA-cleaned,sub-01,11,sub-01_ses-11_epoch-14,5,1
ICA-cleaned,sub-01,11,sub-01_ses-11_epoch-14,6,1
ICA-cleaned,sub-01,11,sub-01_ses-11_epoch-15,0,0
ICA-cleaned,sub-01,11,sub-01_ses-11_epoch-15,1,0
ICA-cleaned,sub-01,11,sub-01_ses-11_epoch-15,2,0
ICA-cleaned,sub-01,11,sub-01_ses-11_epoch-15,3,0
ICA-cleaned,sub-01,11,sub-01_ses-11_epoch-15,4,0
ICA-cleaned,sub-01,11,sub-01_ses-11_epoch-15,5,0
ICA-cleaned,sub-01,11,sub-01_ses-11_epoch-15,6,0
ICA-cleaned,sub-01,11,sub-01_ses-11_epoch-15,7,0
ICA-cleaned,sub-01,11,sub-01_ses-11_epoch-16,0,1
ICA-cleaned,sub-01,11,sub-01_ses-11_epoch-16,1,1
ICA-cleaned,sub-01,11,sub-01_ses-11_epoch-16,2,1
ICA-cleaned,sub-01,11,sub-01_ses-11_epoch-16,3,1
ICA-cleaned,sub-01,11,sub-01_ses-11_epoch-16,4,1
ICA-cleaned,sub-01,11,sub-01_ses-11_epoch-16,5,1
ICA-cleaned,sub-01,11,sub-01_ses-11_epoch-16,6,1
ICA-cleaned,sub-01,11,sub-01_ses-11_epoch-17,0,0
ICA-cleaned,sub-01,11,sub-01_ses-11_epoch-17,1,0
ICA-cleaned,sub-01,11,sub-01_ses-11_epoch-17,2,0
ICA-cleaned,sub-01,11,sub-01_ses-11_epoch-17,3,0
ICA-cleaned,sub-01,11,sub-01_ses-11_epoch-17,4,0
ICA-cleaned,sub-01,11,sub-01_ses-11_epoch-17,5,0
ICA-cleaned,sub-01,11,sub-01_ses-11_epoch-17,6,0
ICA-cleaned,sub-01,11,sub-01_ses-11_epoch-17,7,0
ICA-cleaned,sub-01,11,sub-01_ses-11_epoch-18,0,0
ICA-cleaned,sub-01,11,sub-01_ses-11_epoch-18,1,0
ICA-cleaned,sub-01,11,sub-01_ses-11_epoch-18,2,0
ICA-cleaned,sub-01,11,sub-01_ses-11_epoch-18,3,0
ICA-cleaned,sub-01,11,sub-01_ses-11_epoch-18,4,0
ICA-cleaned,sub-01,11,sub-01_ses-11_epoch-18,5,0
ICA-cleaned,sub-01,11,sub-01_ses-11_epoch-18,6,0
ICA-cleaned,sub-01,11,sub-01_ses-11_epoch-18,7,0
ICA-cleaned,sub-01,11,sub-01_ses-11_epoch-19,0,1
ICA-cleaned,sub-01,11,sub-01_ses-11_epoch-19,1,1
ICA-cleaned,sub-01,11,sub-01_ses-11_epoch-19,2,1
ICA-cleaned,sub-01,11,sub-01_ses-11_epoch-19,3,1
ICA-cleaned,sub-01,11,sub-01_ses-11_epoch-19,4,1
ICA-cleaned,sub-01,11,sub-01_ses-11_epoch-19,5,1
ICA-cleaned,sub-01,11,sub-01_ses-11_epoch-19,6,1
ICA-cleaned,sub-01,11,sub-01_ses-11_epoch-20,0,0
ICA-cleaned,sub-01,11,sub-01_ses-11_epoch-20,1,0
ICA-cleaned,sub-01,11,sub-01_ses-11_epoch-20,2,0
ICA-cleaned,sub-01,11,sub-01_ses-11_epoch-20,3,0
ICA-cleaned,sub-01,11,sub-01_ses-11_epoch-20,4,0
ICA-cleaned,sub-01,11,sub-01_ses-11_epoch-20,5,0
ICA-cleaned,sub-01,11,sub-01_ses-11_epoch-20,6,0
ICA-cleaned,sub-01,11,sub-01_ses-11_epoch-20,7,0
ICA-cleaned,sub-01,11,sub-01_ses-11_epoch-21,0,0
ICA-cleaned,sub-01,11,sub-01_ses-11_epoch-21,1,0
ICA-cleaned,sub-01,11,sub-01_ses-11_epoch-21,2,0
ICA-cleaned,sub-01,11,sub-01_ses-11_epoch-21,3,0
ICA-cleaned,sub-01,11,sub-01_ses-11_epoch-21,4,0
ICA-cleaned,sub-01,11,sub-01_ses-11_epoch-21,5,0
ICA-cleaned,sub-01,11,sub-01_ses-11_epoch-21,6,0
ICA-cleaned,sub-01,11,sub-01_ses-11_epoch-21,7,0
ICA-cleaned,sub-01,11,sub-01_ses-11_epoch-22,0,1
ICA-cleaned,sub-01,11,sub-01_ses-11_epoch-22,1,1
ICA-cleaned,sub-01,11,sub-01_ses-11_epoch-22,2,1
ICA-cleaned,sub-01,11,sub-01_ses-11_epoch-22,3,1
ICA-cleaned,sub-01,11,sub-01_ses-11_epoch-22,4,1
ICA-cleaned,sub-01,11,sub-01_ses-11_epoch-22,5,1
ICA-cleaned,sub-01,11,sub-01_ses-11_epoch-22,6,1
ICA-cleaned,sub-01,11,sub-01_ses-11_epoch-23,0,0
ICA-cleaned,sub-01,11,sub-01_ses-11_epoch-23,1,0
ICA-cleaned,sub-01,11,sub-01_ses-11_epoch-23,2,0
ICA-cleaned,sub-01,11,sub-01_ses-11_epoch-23,3,0
ICA-cleaned,sub-01,11,sub-01_ses-11_epoch-23,4,0
ICA-cleaned,sub-01,11,sub-01_ses-11_epoch-23,5,0
ICA-cleaned,sub-01,11,sub-01_ses-11_epoch-23,6,0
ICA-cleaned,sub-01,11,sub-01_ses-11_epoch-23,7,0
ICA-cleaned,sub-01,11,sub-01_ses-11_epoch-24,0,1
ICA-cleaned,sub-01,11,sub-01_ses-11_epoch-24,1,1
ICA-cleaned,sub-01,11,sub-01_ses-11_epoch-24,2,1
ICA-cleaned,sub-01,11,sub-01_ses-11_epoch-24,3,1
ICA-cleaned,sub-01,11,sub-01_ses-11_epoch-24,4,1
ICA-cleaned,sub-01,11,sub-01_ses-11_epoch-24,5,1
ICA-cleaned,sub-01,11,sub-01_ses-11_epoch-24,6,1
ICA-cleaned,sub-01,11,sub-01_ses-11_epoch-25,0,0
ICA-cleaned,sub-01,11,sub-01_ses-11_epoch-25,1,0
ICA-cleaned,sub-01,11,sub-01_ses-11_epoch-25,2,0
ICA-cleaned,sub-01,11,sub-01_ses-11_epoch-25,3,0
ICA-cleaned,sub-01,11,sub-01_ses-11_epoch-25,4,0
ICA-cleaned,sub-01,11,sub-01_ses-11_epoch-25,5,0
ICA-cleaned,sub-01,11,sub-01_ses-11_epoch-25,6,0
ICA-cleaned,sub-01,11,sub-01_ses-11_epoch-25,7,0
ICA-cleaned,sub-01,11,sub-01_ses-11_epoch-26,0,1
ICA-cleaned,sub-01,11,sub-01_ses-11_epoch-26,1,1
ICA-cleaned,sub-01,11,sub-01_ses-11_epoch-26,2,1
ICA-cleaned,sub-01,11,sub-01_ses-11_epoch-26,3,1
ICA-cleaned,sub-01,11,sub-01_ses-11_epoch-26,4,1
ICA-cleaned,sub-01,11,sub-01_ses-11_epoch-26,5,1
ICA-cleaned,sub-01,11,sub-01_ses-11_epoch-26,6,1
ICA-cleaned,sub-01,11,sub-01_ses-11_epoch-27,0,0
ICA-cleaned,sub-01,11,sub-01_ses-11_epoch-27,1,0
ICA-cleaned,sub-01,11,sub-01_ses-11_epoch-27,2,0
ICA-cleaned,sub-01,11,sub-01_ses-11_epoch-27,3,0
ICA-cleaned,sub-01,11,sub-01_ses-11_epoch-27,4,0
ICA-cleaned,sub-01,11,sub-01_ses-11_epoch-27,5,0
ICA-cleaned,sub-01,11,sub-01_ses-11_epoch-27,6,0
ICA-cleaned,sub-01,11,sub-01_ses-11_epoch-27,7,0
ICA-cleaned,sub-01,11,sub-01_ses-11_epoch-28,0,1
ICA-cleaned,sub-01,11,sub-01_ses-11_epoch-28,1,1
ICA-cleaned,sub-01,11,sub-01_ses-11_epoch-28,2,1
ICA-cleaned,sub-01,11,sub-01_ses-11_epoch-28,3,1
ICA-cleaned,sub-01,11,sub-01_ses-11_epoch-28,4,1
ICA-cleaned,sub-01,11,sub-01_ses-11_epoch-28,5,1
ICA-cleaned,sub-01,11,sub-01_ses-11_epoch-28,6,1
ICA-cleaned,sub-01,11,sub-01_ses-11_epoch-29,0,0
ICA-cleaned,sub-01,11,sub-01_ses-11_epoch-29,1,0
ICA-cleaned,sub-01,11,sub-01_ses-11_epoch-29,2,0
ICA-cleaned,sub-01,11,sub-01_ses-11_epoch-29,3,0
ICA-cleaned,sub-01,11,sub-01_ses-11_epoch-29,4,0
ICA-cleaned,sub-01,11,sub-01_ses-11_epoch-29,5,0
ICA-cleaned,sub-01,11,sub-01_ses-11_epoch-29,6,0
ICA-cleaned,sub-01,11,sub-01_ses-11_epoch-29,7,0
ICA-cleaned,sub-01,11,sub-01_ses-11_epoch-30,0,1
ICA-cleaned,sub-01,11,sub-01_ses-11_epoch-30,1,1
ICA-cleaned,sub-01,11,sub-01_ses-11_epoch-30,2,1
ICA-cleaned,sub-01,11,sub-01_ses-11_epoch-30,3,1
ICA-cleaned,sub-01,11,sub-01_ses-11_epoch-30,4,1
ICA-cleaned,sub-01,11,sub-01_ses-11_epoch-30,5,1
ICA-cleaned,sub-01,11,sub-01_ses-11_epoch-30,6,1
ICA-cleaned,sub-01,11,sub-01_ses-11_epoch-31,0,0
ICA-cleaned,sub-01,11,sub-01_ses-11_epoch-31,1,0
ICA-cleaned,sub-01,11,sub-01_ses-11_epoch-31,2,0
ICA-cleaned,sub-01,11,sub-01_ses-11_epoch-31,3,0
ICA-cleaned,sub-01,11,sub-01_ses-11_epoch-31,4,0
ICA-cleaned,sub-01,11,sub-01_ses-11_epoch-31,5,0
ICA-cleaned,sub-01,11,sub-01_ses-11_epoch-31,6,0
ICA-cleaned,sub-01,11,sub-01_ses-11_epoch-31,7,0
ICA-cleaned,sub-01,11,sub-01_ses-11_epoch-32,0,1
ICA-cleaned,sub-01,11,sub-01_ses-11_epoch-32,1,1
ICA-cleaned,sub-01,11,sub-01_ses-11_epoch-32,2,1
ICA-cleaned,sub-01,11,sub-01_ses-11_epoch-32,3,1
ICA-cleaned,sub-01,11,sub-01_ses-11_epoch-32,4,1
ICA-cleaned,sub-01,11,sub-01_ses-11_epoch-32,5,1
ICA-cleaned,sub-01,11,sub-01_ses-11_epoch-32,6,1
ICA-cleaned,sub-01,11,sub-01_ses-11_epoch-33,0,0
ICA-cleaned,sub-01,11,sub-01_ses-11_epoch-33,1,0
ICA-cleaned,sub-01,11,sub-01_ses-11_epoch-33,2,0
ICA-cleaned,sub-01,11,sub-01_ses-11_epoch-33,3,0
ICA-cleaned,sub-01,11,sub-01_ses-11_epoch-33,4,0
ICA-cleaned,sub-01,11,sub-01_ses-11_epoch-33,5,0
ICA-cleaned,sub-01,11,sub-01_ses-11_epoch-33,6,0
ICA-cleaned,sub-01,11,sub-01_ses-11_epoch-33,7,0
ICA-cleaned,sub-01,11,sub-01_ses-11_epoch-34,0,1
ICA-cleaned,sub-01,11,sub-01_ses-11_epoch-34,1,1
ICA-cleaned,sub-01,11,sub-01_ses-11_epoch-34,2,1
ICA-cleaned,sub-01,11,sub-01_ses-11_epoch-34,3,1
ICA-cleaned,sub-01,11,sub-01_ses-11_epoch-34,4,1
ICA-cleaned,sub-01,11,sub-01_ses-11_epoch-34,5,1
ICA-cleaned,sub-01,11,sub-01_ses-11_epoch-34,6,1
ICA-cleaned,sub-01,11,sub-01_ses-11_epoch-35,0,0
ICA-cleaned,sub-01,11,sub-01_ses-11_epoch-35,1,0
ICA-cleaned,sub-01,11,sub-01_ses-11_epoch-35,2,0
ICA-cleaned,sub-01,11,sub-01_ses-11_epoch-35,3,0
ICA-cleaned,sub-01,11,sub-01_ses-11_epoch-35,4,0
ICA-cleaned,sub-01,11,sub-01_ses-11_epoch-35,5,0
ICA-cleaned,sub-01,11,sub-01_ses-11_epoch-35,6,0
ICA-cleaned,sub-01,11,sub-01_ses-11_epoch-35,7,0
ICA-cleaned,sub-01,11,sub-01_ses-11_epoch-36,0,1
ICA-cleaned,sub-01,11,sub-01_ses-11_epoch-36,1,1
ICA-cleaned,sub-01,11,sub-01_ses-11_epoch-36,2,1
ICA-cleaned,sub-01,11,sub-01_ses-11_epoch-36,3,1
ICA-cleaned,sub-01,11,sub-01_ses-11_epoch-36,4,1
ICA-cleaned,sub-01,11,sub-01_ses-11_epoch-36,5,1
ICA-cleaned,sub-01,11,sub-01_ses-11_epoch-36,6,1
ICA-cleaned,sub-01,11,sub-01_ses-11_epoch-37,0,0
ICA-cleaned,sub-01,11,sub-01_ses-11_epoch-37,1,0
ICA-cleaned,sub-01,11,sub-01_ses-11_epoch-37,2,0
ICA-cleaned,sub-01,11,sub-01_ses-11_epoch-37,3,0
ICA-cleaned,sub-01,11,sub-01_ses-11_epoch-37,4,0
ICA-cleaned,sub-01,11,sub-01_ses-11_epoch-37,5,0
ICA-cleaned,sub-01,11,sub-01_ses-11_epoch-37,6,0
ICA-cleaned,sub-01,11,sub-01_ses-11_epoch-37,7,0
ICA-cleaned,sub-01,11,sub-01_ses-11_epoch-38,0,1
ICA-cleaned,sub-01,11,sub-01_ses-11_epoch-38,1,1
ICA-cleaned,sub-01,11,sub-01_ses-11_epoch-38,2,1
ICA-cleaned,sub-01,11,sub-01_ses-11_epoch-38,3,1
ICA-cleaned,sub-01,11,sub-01_ses-11_epoch-38,4,1
ICA-cleaned,sub-01,11,sub-01_ses-11_epoch-38,5,1
ICA-cleaned,sub-01,11,sub-01_ses-11_epoch-38,6,1
ICA-cleaned,sub-01,11,sub-01_ses-11_epoch-39,0,0
ICA-cleaned,sub-01,11,sub-01_ses-11_epoch-39,1,0
ICA-cleaned,sub-01,11,sub-01_ses-11_epoch-39,2,0
ICA-cleaned,sub-01,11,sub-01_ses-11_epoch-39,3,0
ICA-cleaned,sub-01,11,sub-01_ses-11_epoch-39,4,0
ICA-cleaned,sub-01,11,sub-01_ses-11_epoch-39,5,0
ICA-cleaned,sub-01,11,sub-01_ses-11_epoch-39,6,0
ICA-cleaned,sub-01,11,sub-01_ses-11_epoch-39,7,0
ICA-cleaned,sub-01,11,sub-01_ses-11_epoch-40,0,1
ICA-cleaned,sub-01,11,sub-01_ses-11_epoch-40,1,1
ICA-cleaned,sub-01,11,sub-01_ses-11_epoch-40,2,1
ICA-cleaned,sub-01,11,sub-01_ses-11_epoch-40,3,1
ICA-cleaned,sub-01,11,sub-01_ses-11_epoch-40,4,1
ICA-cleaned,sub-01,11,sub-01_ses-11_epoch-40,5,1
ICA-cleaned,sub-01,11,sub-01_ses-11_epoch-40,6,1
ICA-cleaned,sub-01,11,sub-01_ses-11_epoch-41,0,0
ICA-cleaned,sub-01,11,sub-01_ses-11_epoch-41,1,0
ICA-cleaned,sub-01,11,sub-01_ses-11_epoch-41,2,0
ICA-cleaned,sub-01,11,sub-01_ses-11_epoch-41,3,0
ICA-cleaned,sub-01,11,sub-01_ses-11_epoch-41,4,0
ICA-cleaned,sub-01,11,sub-01_ses-11_epoch-41,5,0
ICA-cleaned,sub-01,11,sub-01_ses-11_epoch-41,6,0
ICA-cleaned,sub-01,11,sub-01_ses-11_epoch-41,7,0
ICA-cleaned,sub-01,11,sub-01_ses-11_epoch-42,0,1
ICA-cleaned,sub-01,11,sub-01_ses-11_epoch-42,1,1
ICA-cleaned,sub-01,11,sub-01_ses-11_epoch-42,2,1
ICA-cleaned,sub-01,11,sub-01_ses-11_epoch-42,3,1
ICA-cleaned,sub-01,11,sub-01_ses-11_epoch-42,4,1
ICA-cleaned,sub-01,11,sub-01_ses-11_epoch-42,5,1
ICA-cleaned,sub-01,11,sub-01_ses-11_epoch-42,6,1
ICA-cleaned,sub-01,11,sub-01_ses-11_epoch-43,0,0
ICA-cleaned,sub-01,11,sub-01_ses-11_epoch-43,1,0
ICA-cleaned,sub-01,11,sub-01_ses-11_epoch-43,2,0
ICA-cleaned,sub-01,11,sub-01_ses-11_epoch-43,3,0
ICA-cleaned,sub-01,11,sub-01_ses-11_epoch-43,4,0
ICA-cleaned,sub-01,11,sub-01_ses-11_epoch-43,5,0
ICA-cleaned,sub-01,11,sub-01_ses-11_epoch-43,6,0
ICA-cleaned,sub-01,11,sub-01_ses-11_epoch-43,7,0
ICA-cleaned,sub-01,11,sub-01_ses-11_epoch-44,0,1
ICA-cleaned,sub-01,11,sub-01_ses-11_epoch-44,1,1
ICA-cleaned,sub-01,11,sub-01_ses-11_epoch-44,2,1
ICA-cleaned,sub-01,11,sub-01_ses-11_epoch-44,3,1
ICA-cleaned,sub-01,11,sub-01_ses-11_epoch-44,4,1
ICA-cleaned,sub-01,11,sub-01_ses-11_epoch-44,5,1
ICA-cleaned,sub-01,11,sub-01_ses-11_epoch-44,6,1
ICA-cleaned,sub-01,11,sub-01_ses-11_epoch-45,0,0
ICA-cleaned,sub-01,11,sub-01_ses-11_epoch-45,1,0
ICA-cleaned,sub-01,11,sub-01_ses-11_epoch-45,2,0
ICA-cleaned,sub-01,11,sub-01_ses-11_epoch-45,3,0
ICA-cleaned,sub-01,11,sub-01_ses-11_epoch-45,4,0
ICA-cleaned,sub-01,11,sub-01_ses-11_epoch-45,5,0
ICA-cleaned,sub-01,11,sub-01_ses-11_epoch-45,6,0
ICA-cleaned,sub-01,11,sub-01_ses-11_epoch-45,7,0
ICA-cleaned,sub-01,11,sub-01_ses-11_epoch-46,0,1
ICA-cleaned,sub-01,11,sub-01_ses-11_epoch-46,1,1
ICA-cleaned,sub-01,11,sub-01_ses-11_epoch-46,2,1
ICA-cleaned,sub-01,11,sub-01_ses-11_epoch-46,3,1
ICA-cleaned,sub-01,11,sub-01_ses-11_epoch-46,4,1
ICA-cleaned,sub-01,11,sub-01_ses-11_epoch-46,5,1
ICA-cleaned,sub-01,11,sub-01_ses-11_epoch-46,6,1
ICA-cleaned,sub-01,11,sub-01_ses-11_epoch-47,0,0
ICA-cleaned,sub-01,11,sub-01_ses-11_epoch-47,1,0
ICA-cleaned,sub-01,11,sub-01_ses-11_epoch-47,2,0
ICA-cleaned,sub-01,11,sub-01_ses-11_epoch-47,3,0
ICA-cleaned,sub-01,11,sub-01_ses-11_epoch-47,4,0
ICA-cleaned,sub-01,11,sub-01_ses-11_epoch-47,5,0
ICA-cleaned,sub-01,11,sub-01_ses-11_epoch-47,6,0
ICA-cleaned,sub-01,11,sub-01_ses-11_epoch-47,7,0
ICA-cleaned,sub-01,11,sub-01_ses-11_epoch-48,0,1
ICA-cleaned,sub-01,11,sub-01_ses-11_epoch-48,1,1
ICA-cleaned,sub-01,11,sub-01_ses-11_epoch-48,2,1
ICA-cleaned,sub-01,11,sub-01_ses-11_epoch-48,3,1
ICA-cleaned,sub-01,11,sub-01_ses-11_epoch-48,4,1
ICA-cleaned,sub-01,11,sub-01_ses-11_epoch-48,5,1
ICA-cleaned,sub-01,11,sub-01_ses-11_epoch-48,6,1
ICA-cleaned,sub-01,11,sub-01_ses-11_epoch-49,0,0
ICA-cleaned,sub-01,11,sub-01_ses-11_epoch-49,1,0
ICA-cleaned,sub-01,11,sub-01_ses-11_epoch-49,2,0
ICA-cleaned,sub-01,11,sub-01_ses-11_epoch-49,3,0
ICA-cleaned,sub-01,11,sub-01_ses-11_epoch-49,4,0
ICA-cleaned,sub-01,11,sub-01_ses-11_epoch-49,5,0
ICA-cleaned,sub-01,11,sub-01_ses-11_epoch-49,6,0
ICA-cleaned,sub-01,11,sub-01_ses-11_epoch-49,7,0
ICA-cleaned,sub-01,11,sub-01_ses-11_epoch-50,0,1
ICA-cleaned,sub-01,11,sub-01_ses-11_epoch-50,1,1
ICA-cleaned,sub-01,11,sub-01_ses-11_epoch-50,2,1
ICA-cleaned,sub-01,11,sub-01_ses-11_epoch-50,3,1
ICA-cleaned,sub-01,11,sub-01_ses-11_epoch-50,4,1
ICA-cleaned,sub-01,11,sub-01_ses-11_epoch-50,5,1
ICA-cleaned,sub-01,11,sub-01_ses-11_epoch-50,6,1
ICA-cleaned,sub-01,11,sub-01_ses-11_epoch-51,0,0
ICA-cleaned,sub-01,11,sub-01_ses-11_epoch-51,1,0
ICA-cleaned,sub-01,11,sub-01_ses-11_epoch-51,2,0
ICA-cleaned,sub-01,11,sub-01_ses-11_epoch-51,3,0
ICA-cleaned,sub-01,11,sub-01_ses-11_epoch-51,4,0
ICA-cleaned,sub-01,11,sub-01_ses-11_epoch-51,5,0
ICA-cleaned,sub-01,11,sub-01_ses-11_epoch-51,6,0
ICA-cleaned,sub-01,11,sub-01_ses-11_epoch-51,7,0
ICA-cleaned,sub-01,11,sub-01_ses-11_epoch-52,0,1
ICA-cleaned,sub-01,11,sub-01_ses-11_epoch-52,1,1
ICA-cleaned,sub-01,11,sub-01_ses-11_epoch-52,2,1
ICA-cleaned,sub-01,11,sub-01_ses-11_epoch-52,3,1
ICA-cleaned,sub-01,11,sub-01_ses-11_epoch-52,4,1
ICA-cleaned,sub-01,11,sub-01_ses-11_epoch-52,5,1
ICA-cleaned,sub-01,11,sub-01_ses-11_epoch-52,6,1
ICA-cleaned,sub-01,11,sub-01_ses-11_epoch-53,0,0
ICA-cleaned,sub-01,11,sub-01_ses-11_epoch-53,1,0
ICA-cleaned,sub-01,11,sub-01_ses-11_epoch-53,2,0
ICA-cleaned,sub-01,11,sub-01_ses-11_epoch-53,3,0
ICA-cleaned,sub-01,11,sub-01_ses-11_epoch-53,4,0
ICA-cleaned,sub-01,11,sub-01_ses-11_epoch-53,5,0
ICA-cleaned,sub-01,11,sub-01_ses-11_epoch-53,6,0
ICA-cleaned,sub-01,11,sub-01_ses-11_epoch-53,7,0
ICA-cleaned,sub-01,11,sub-01_ses-11_epoch-54,0,1
ICA-cleaned,sub-01,11,sub-01_ses-11_epoch-54,1,1
ICA-cleaned,sub-01,11,sub-01_ses-11_epoch-54,2,1
ICA-cleaned,sub-01,11,sub-01_ses-11_epoch-54,3,1
ICA-cleaned,sub-01,11,sub-01_ses-11_epoch-54,4,1
ICA-cleaned,sub-01,11,sub-01_ses-11_epoch-54,5,1
ICA-cleaned,sub-01,11,sub-01_ses-11_epoch-54,6,1
ICA-cleaned,sub-01,11,sub-01_ses-11_epoch-55,0,1
ICA-cleaned,sub-01,11,sub-01_ses-11_epoch-55,1,1
ICA-cleaned,sub-01,11,sub-01_ses-11_epoch-55,2,1
ICA-cleaned,sub-01,11,sub-01_ses-11_epoch-55,3,1
ICA-cleaned,sub-01,11,sub-01_ses-11_epoch-55,4,1
ICA-cleaned,sub-01,11,sub-01_ses-11_epoch-55,5,1
ICA-cleaned,sub-01,11,sub-01_ses-11_epoch-55,6,1
ICA-cleaned,sub-01,11,sub-01_ses-11_epoch-56,0,0
ICA-cleaned,sub-01,11,sub-01_ses-11_epoch-56,1,0
ICA-cleaned,sub-01,11,sub-01_ses-11_epoch-56,2,0
ICA-cleaned,sub-01,11,sub-01_ses-11_epoch-56,3,0
ICA-cleaned,sub-01,11,sub-01_ses-11_epoch-56,4,0
ICA-cleaned,sub-01,11,sub-01_ses-11_epoch-56,5,0
ICA-cleaned,sub-01,11,sub-01_ses-11_epoch-56,6,0
ICA-cleaned,sub-01,11,sub-01_ses-11_epoch-56,7,0
ICA-cleaned,sub-01,11,sub-01_ses-11_epoch-57,0,1
ICA-cleaned,sub-01,11,sub-01_ses-11_epoch-57,1,1
ICA-cleaned,sub-01,11,sub-01_ses-11_epoch-57,2,1
ICA-cleaned,sub-01,11,sub-01_ses-11_epoch-57,3,1
ICA-cleaned,sub-01,11,sub-01_ses-11_epoch-57,4,1
ICA-cleaned,sub-01,11,sub-01_ses-11_epoch-57,5,1
ICA-cleaned,sub-01,11,sub-01_ses-11_epoch-57,6,1
ICA-cleaned,sub-01,11,sub-01_ses-11_epoch-58,0,0
ICA-cleaned,sub-01,11,sub-01_ses-11_epoch-58,1,0
ICA-cleaned,sub-01,11,sub-01_ses-11_epoch-58,2,0
ICA-cleaned,sub-01,11,sub-01_ses-11_epoch-58,3,0
ICA-cleaned,sub-01,11,sub-01_ses-11_epoch-58,4,0
ICA-cleaned,sub-01,11,sub-01_ses-11_epoch-58,5,0
ICA-cleaned,sub-01,11,sub-01_ses-11_epoch-58,6,0
ICA-cleaned,sub-01,11,sub-01_ses-11_epoch-58,7,0
ICA-cleaned,sub-01,11,sub-01_ses-11_epoch-59,0,1
ICA-cleaned,sub-01,11,sub-01_ses-11_epoch-59,1,1
ICA-cleaned,sub-01,11,sub-01_ses-11_epoch-59,2,1
ICA-cleaned,sub-01,11,sub-01_ses-11_epoch-59,3,1
ICA-cleaned,sub-01,11,sub-01_ses-11_epoch-59,4,1
ICA-cleaned,sub-01,11,sub-01_ses-11_epoch-59,5,1
ICA-cleaned,sub-01,11,sub-01_ses-11_epoch-59,6,1
ICA-cleaned,sub-01,11,sub-01_ses-11_epoch-60,0,0
ICA-cleaned,sub-01,11,sub-01_ses-11_epoch-60,1,0
ICA-cleaned,sub-01,11,sub-01_ses-11_epoch-60,2,0
ICA-cleaned,sub-01,11,sub-01_ses-11_epoch-60,3,0
ICA-cleaned,sub-01,11,sub-01_ses-11_epoch-60,4,0
ICA-cleaned,sub-01,11,sub-01_ses-11_epoch-60,5,0
ICA-cleaned,sub-01,11,sub-01_ses-11_epoch-60,6,0
ICA-cleaned,sub-01,11,sub-01_ses-11_epoch-60,7,0
ICA-cleaned,sub-01,11,sub-01_ses-11_epoch-61,0,1
ICA-cleaned,sub-01,11,sub-01_ses-11_epoch-61,1,1
ICA-cleaned,sub-01,11,sub-01_ses-11_epoch-61,2,1
ICA-cleaned,sub-01,11,sub-01_ses-11_epoch-61,3,1
ICA-cleaned,sub-01,11,sub-01_ses-11_epoch-61,4,1
ICA-cleaned,sub-01,11,sub-01_ses-11_epoch-61,5,1
ICA-cleaned,sub-01,11,sub-01_ses-11_epoch-61,6,1
ICA-cleaned,sub-01,11,sub-01_ses-11_epoch-62,0,0
ICA-cleaned,sub-01,11,sub-01_ses-11_epoch-62,1,0
ICA-cleaned,sub-01,11,sub-01_ses-11_epoch-62,2,0
ICA-cleaned,sub-01,11,sub-01_ses-11_epoch-62,3,0
ICA-cleaned,sub-01,11,sub-01_ses-11_epoch-62,4,0
ICA-cleaned,sub-01,11,sub-01_ses-11_epoch-62,5,0
ICA-cleaned,sub-01,11,sub-01_ses-11_epoch-62,6,0
ICA-cleaned,sub-01,11,sub-01_ses-11_epoch-62,7,0
ICA-cleaned,sub-01,11,sub-01_ses-11_epoch-63,0,1
ICA-cleaned,sub-01,11,sub-01_ses-11_epoch-63,1,1
ICA-cleaned,sub-01,11,sub-01_ses-11_epoch-63,2,1
ICA-cleaned,sub-01,11,sub-01_ses-11_epoch-63,3,1
ICA-cleaned,sub-01,11,sub-01_ses-11_epoch-63,4,1
ICA-cleaned,sub-01,11,sub-01_ses-11_epoch-63,5,1
ICA-cleaned,sub-01,11,sub-01_ses-11_epoch-63,6,1
ICA-cleaned,sub-01,11,sub-01_ses-11_epoch-64,0,0
ICA-cleaned,sub-01,11,sub-01_ses-11_epoch-64,1,0
ICA-cleaned,sub-01,11,sub-01_ses-11_epoch-64,2,0
ICA-cleaned,sub-01,11,sub-01_ses-11_epoch-64,3,0
ICA-cleaned,sub-01,11,sub-01_ses-11_epoch-64,4,0
ICA-cleaned,sub-01,11,sub-01_ses-11_epoch-64,5,0
ICA-cleaned,sub-01,11,sub-01_ses-11_epoch-64,6,0
ICA-cleaned,sub-01,11,sub-01_ses-11_epoch-64,7,0
ICA-cleaned,sub-01,11,sub-01_ses-11_epoch-65,0,1
ICA-cleaned,sub-01,11,sub-01_ses-11_epoch-65,1,1
ICA-cleaned,sub-01,11,sub-01_ses-11_epoch-65,2,1
ICA-cleaned,sub-01,11,sub-01_ses-11_epoch-65,3,1
ICA-cleaned,sub-01,11,sub-01_ses-11_epoch-65,4,1
ICA-cleaned,sub-01,11,sub-01_ses-11_epoch-65,5,1
ICA-cleaned,sub-01,11,sub-01_ses-11_epoch-65,6,1
ICA-cleaned,sub-01,11,sub-01_ses-11_epoch-66,0,0
ICA-cleaned,sub-01,11,sub-01_ses-11_epoch-66,1,0
ICA-cleaned,sub-01,11,sub-01_ses-11_epoch-66,2,0
ICA-cleaned,sub-01,11,sub-01_ses-11_epoch-66,3,0
ICA-cleaned,sub-01,11,sub-01_ses-11_epoch-66,4,0
ICA-cleaned,sub-01,11,sub-01_ses-11_epoch-66,5,0
ICA-cleaned,sub-01,11,sub-01_ses-11_epoch-66,6,0
ICA-cleaned,sub-01,11,sub-01_ses-11_epoch-66,7,0
ICA-cleaned,sub-01,11,sub-01_ses-11_epoch-67,0,1
ICA-cleaned,sub-01,11,sub-01_ses-11_epoch-67,1,1
ICA-cleaned,sub-01,11,sub-01_ses-11_epoch-67,2,1
ICA-cleaned,sub-01,11,sub-01_ses-11_epoch-67,3,1
ICA-cleaned,sub-01,11,sub-01_ses-11_epoch-67,4,1
ICA-cleaned,sub-01,11,sub-01_ses-11_epoch-67,5,1
ICA-cleaned,sub-01,11,sub-01_ses-11_epoch-67,6,1
ICA-cleaned,sub-01,11,sub-01_ses-11_epoch-68,0,0
ICA-cleaned,sub-01,11,sub-01_ses-11_epoch-68,1,0
ICA-cleaned,sub-01,11,sub-01_ses-11_epoch-68,2,0
ICA-cleaned,sub-01,11,sub-01_ses-11_epoch-68,3,0
ICA-cleaned,sub-01,11,sub-01_ses-11_epoch-68,4,0
ICA-cleaned,sub-01,11,sub-01_ses-11_epoch-68,5,0
ICA-cleaned,sub-01,11,sub-01_ses-11_epoch-68,6,0
ICA-cleaned,sub-01,11,sub-01_ses-11_epoch-68,7,0
ICA-cleaned,sub-01,11,sub-01_ses-11_epoch-69,0,1
ICA-cleaned,sub-01,11,sub-01_ses-11_epoch-69,1,1
ICA-cleaned,sub-01,11,sub-01_ses-11_epoch-69,2,1
ICA-cleaned,sub-01,11,sub-01_ses-11_epoch-69,3,1
ICA-cleaned,sub-01,11,sub-01_ses-11_epoch-69,4,1
ICA-cleaned,sub-01,11,sub-01_ses-11_epoch-69,5,1
ICA-cleaned,sub-01,11,sub-01_ses-11_epoch-69,6,1
ICA-cleaned,sub-01,11,sub-01_ses-11_epoch-70,0,0
ICA-cleaned,sub-01,11,sub-01_ses-11_epoch-70,1,0
ICA-cleaned,sub-01,11,sub-01_ses-11_epoch-70,2,0
ICA-cleaned,sub-01,11,sub-01_ses-11_epoch-70,3,0
ICA-cleaned,sub-01,11,sub-01_ses-11_epoch-70,4,0
ICA-cleaned,sub-01,11,sub-01_ses-11_epoch-70,5,0
ICA-cleaned,sub-01,11,sub-01_ses-11_epoch-70,6,0
ICA-cleaned,sub-01,11,sub-01_ses-11_epoch-70,7,0
ICA-cleaned,sub-01,11,sub-01_ses-11_epoch-71,0,1
ICA-cleaned,sub-01,11,sub-01_ses-11_epoch-71,1,1
ICA-cleaned,sub-01,11,sub-01_ses-11_epoch-71,2,1
ICA-cleaned,sub-01,11,sub-01_ses-11_epoch-71,3,1
ICA-cleaned,sub-01,11,sub-01_ses-11_epoch-71,4,1
ICA-cleaned,sub-01,11,sub-01_ses-11_epoch-71,5,1
ICA-cleaned,sub-01,11,sub-01_ses-11_epoch-71,6,1
ICA-cleaned,sub-01,11,sub-01_ses-11_epoch-72,0,0
ICA-cleaned,sub-01,11,sub-01_ses-11_epoch-72,1,0
ICA-cleaned,sub-01,11,sub-01_ses-11_epoch-72,2,0
ICA-cleaned,sub-01,11,sub-01_ses-11_epoch-72,3,0
ICA-cleaned,sub-01,11,sub-01_ses-11_epoch-72,4,0
ICA-cleaned,sub-01,11,sub-01_ses-11_epoch-72,5,0
ICA-cleaned,sub-01,11,sub-01_ses-11_epoch-72,6,0
ICA-cleaned,sub-01,11,sub-01_ses-11_epoch-72,7,0
ICA-cleaned,sub-01,11,sub-01_ses-11_epoch-73,0,1
ICA-cleaned,sub-01,11,sub-01_ses-11_epoch-73,1,1
ICA-cleaned,sub-01,11,sub-01_ses-11_epoch-73,2,1
ICA-cleaned,sub-01,11,sub-01_ses-11_epoch-73,3,1
ICA-cleaned,sub-01,11,sub-01_ses-11_epoch-73,4,1
ICA-cleaned,sub-01,11,sub-01_ses-11_epoch-73,5,1
ICA-cleaned,sub-01,11,sub-01_ses-11_epoch-73,6,1
ICA-cleaned,sub-01,11,sub-01_ses-11_epoch-74,0,1
ICA-cleaned,sub-01,11,sub-01_ses-11_epoch-74,1,1
ICA-cleaned,sub-01,11,sub-01_ses-11_epoch-74,2,1
ICA-cleaned,sub-01,11,sub-01_ses-11_epoch-74,3,1
ICA-cleaned,sub-01,11,sub-01_ses-11_epoch-74,4,1
ICA-cleaned,sub-01,11,sub-01_ses-11_epoch-74,5,1
ICA-cleaned,sub-01,11,sub-01_ses-11_epoch-74,6,1
ICA-cleaned,sub-01,11,sub-01_ses-11_epoch-75,0,0
ICA-cleaned,sub-01,11,sub-01_ses-11_epoch-75,1,0
ICA-cleaned,sub-01,11,sub-01_ses-11_epoch-75,2,0
ICA-cleaned,sub-01,11,sub-01_ses-11_epoch-75,3,0
ICA-cleaned,sub-01,11,sub-01_ses-11_epoch-75,4,0
ICA-cleaned,sub-01,11,sub-01_ses-11_epoch-75,5,0
ICA-cleaned,sub-01,11,sub-01_ses-11_epoch-75,6,0
ICA-cleaned,sub-01,11,sub-01_ses-11_epoch-75,7,0
ICA-cleaned,sub-01,11,sub-01_ses-11_epoch-76,0,1
ICA-cleaned,sub-01,11,sub-01_ses-11_epoch-76,1,1
ICA-cleaned,sub-01,11,sub-01_ses-11_epoch-76,2,1
ICA-cleaned,sub-01,11,sub-01_ses-11_epoch-76,3,1
ICA-cleaned,sub-01,11,sub-01_ses-11_epoch-76,4,1
ICA-cleaned,sub-01,11,sub-01_ses-11_epoch-76,5,1
ICA-cleaned,sub-01,11,sub-01_ses-11_epoch-76,6,1
ICA-cleaned,sub-01,11,sub-01_ses-11_epoch-77,0,0
ICA-cleaned,sub-01,11,sub-01_ses-11_epoch-77,1,0
ICA-cleaned,sub-01,11,sub-01_ses-11_epoch-77,2,0
ICA-cleaned,sub-01,11,sub-01_ses-11_epoch-77,3,0
ICA-cleaned,sub-01,11,sub-01_ses-11_epoch-77,4,0
ICA-cleaned,sub-01,11,sub-01_ses-11_epoch-77,5,0
ICA-cleaned,sub-01,11,sub-01_ses-11_epoch-77,6,0
ICA-cleaned,sub-01,11,sub-01_ses-11_epoch-77,7,0
ICA-cleaned,sub-01,11,sub-01_ses-11_epoch-78,0,0
ICA-cleaned,sub-01,11,sub-01_ses-11_epoch-78,1,0
ICA-cleaned,sub-01,11,sub-01_ses-11_epoch-78,2,0
ICA-cleaned,sub-01,11,sub-01_ses-11_epoch-78,3,0
ICA-cleaned,sub-01,11,sub-01_ses-11_epoch-78,4,0
ICA-cleaned,sub-01,11,sub-01_ses-11_epoch-78,5,0
ICA-cleaned,sub-01,11,sub-01_ses-11_epoch-78,6,0
ICA-cleaned,sub-01,11,sub-01_ses-11_epoch-78,7,0
Raw,sub-02,1,sub-02_ses-1_epoch-1,0,0
Raw,sub-02,1,sub-02_ses-1_epoch-1,1,0
Raw,sub-02,1,sub-02_ses-1_epoch-1,2,0
Raw,sub-02,1,sub-02_ses-1_epoch-1,3,0
Raw,sub-02,1,sub-02_ses-1_epoch-1,4,0
Raw,sub-02,1,sub-02_ses-1_epoch-1,5,0
Raw,sub-02,1,sub-02_ses-1_epoch-1,6,0
Raw,sub-02,1,sub-02_ses-1_epoch-1,7,0
Raw,sub-02,1,sub-02_ses-1_epoch-2,0,0
Raw,sub-02,1,sub-02_ses-1_epoch-2,1,0
Raw,sub-02,1,sub-02_ses-1_epoch-2,2,0
Raw,sub-02,1,sub-02_ses-1_epoch-2,3,0
Raw,sub-02,1,sub-02_ses-1_epoch-2,4,0
Raw,sub-02,1,sub-02_ses-1_epoch-2,5,0
Raw,sub-02,1,sub-02_ses-1_epoch-2,6,0
Raw,sub-02,1,sub-02_ses-1_epoch-2,7,0
Raw,sub-02,1,sub-02_ses-1_epoch-3,0,0
Raw,sub-02,1,sub-02_ses-1_epoch-3,1,0
Raw,sub-02,1,sub-02_ses-1_epoch-3,2,0
Raw,sub-02,1,sub-02_ses-1_epoch-3,3,0
Raw,sub-02,1,sub-02_ses-1_epoch-3,4,0
Raw,sub-02,1,sub-02_ses-1_epoch-3,5,0
Raw,sub-02,1,sub-02_ses-1_epoch-3,6,0
Raw,sub-02,1,sub-02_ses-1_epoch-3,7,0
Raw,sub-02,1,sub-02_ses-1_epoch-4,0,0
Raw,sub-02,1,sub-02_ses-1_epoch-4,1,0
Raw,sub-02,1,sub-02_ses-1_epoch-4,2,0
Raw,sub-02,1,sub-02_ses-1_epoch-4,3,0
Raw,sub-02,1,sub-02_ses-1_epoch-4,4,0
Raw,sub-02,1,sub-02_ses-1_epoch-4,5,0
Raw,sub-02,1,sub-02_ses-1_epoch-4,6,0
Raw,sub-02,1,sub-02_ses-1_epoch-4,7,0
Raw,sub-02,1,sub-02_ses-1_epoch-5,0,1
Raw,sub-02,1,sub-02_ses-1_epoch-5,1,1
Raw,sub-02,1,sub-02_ses-1_epoch-5,2,1
Raw,sub-02,1,sub-02_ses-1_epoch-5,3,1
Raw,sub-02,1,sub-02_ses-1_epoch-5,4,1
Raw,sub-02,1,sub-02_ses-1_epoch-5,5,1
Raw,sub-02,1,sub-02_ses-1_epoch-5,6,1
Raw,sub-02,1,sub-02_ses-1_epoch-6,0,0
Raw,sub-02,1,sub-02_ses-1_epoch-6,1,0
Raw,sub-02,1,sub-02_ses-1_epoch-6,2,0
Raw,sub-02,1,sub-02_ses-1_epoch-6,3,0
Raw,sub-02,1,sub-02_ses-1_epoch-6,4,0
Raw,sub-02,1,sub-02_ses-1_epoch-6,5,0
Raw,sub-02,1,sub-02_ses-1_epoch-6,6,0
Raw,sub-02,1,sub-02_ses-1_epoch-6,7,0
Raw,sub-02,1,sub-02_ses-1_epoch-7,0,1
Raw,sub-02,1,sub-02_ses-1_epoch-7,1,1
Raw,sub-02,1,sub-02_ses-1_epoch-7,2,1
Raw,sub-02,1,sub-02_ses-1_epoch-7,3,1
Raw,sub-02,1,sub-02_ses-1_epoch-7,4,1
Raw,sub-02,1,sub-02_ses-1_epoch-7,5,1
Raw,sub-02,1,sub-02_ses-1_epoch-7,6,1
Raw,sub-02,1,sub-02_ses-1_epoch-8,0,0
Raw,sub-02,1,sub-02_ses-1_epoch-8,1,0
Raw,sub-02,1,sub-02_ses-1_epoch-8,2,0
Raw,sub-02,1,sub-02_ses-1_epoch-8,3,0
Raw,sub-02,1,sub-02_ses-1_epoch-8,4,0
Raw,sub-02,1,sub-02_ses-1_epoch-8,5,0
Raw,sub-02,1,sub-02_ses-1_epoch-8,6,0
Raw,sub-02,1,sub-02_ses-1_epoch-8,7,0
Raw,sub-02,1,sub-02_ses-1_epoch-9,0,1
Raw,sub-02,1,sub-02_ses-1_epoch-9,1,1
Raw,sub-02,1,sub-02_ses-1_epoch-9,2,1
Raw,sub-02,1,sub-02_ses-1_epoch-9,3,1
Raw,sub-02,1,sub-02_ses-1_epoch-9,4,1
Raw,sub-02,1,sub-02_ses-1_epoch-9,5,1
Raw,sub-02,1,sub-02_ses-1_epoch-9,6,1
Raw,sub-02,1,sub-02_ses-1_epoch-10,0,0
Raw,sub-02,1,sub-02_ses-1_epoch-10,1,0
Raw,sub-02,1,sub-02_ses-1_epoch-10,2,0
Raw,sub-02,1,sub-02_ses-1_epoch-10,3,0
Raw,sub-02,1,sub-02_ses-1_epoch-10,4,0
Raw,sub-02,1,sub-02_ses-1_epoch-10,5,0
Raw,sub-02,1,sub-02_ses-1_epoch-10,6,0
Raw,sub-02,1,sub-02_ses-1_epoch-10,7,0
Raw,sub-02,1,sub-02_ses-1_epoch-11,0,1
Raw,sub-02,1,sub-02_ses-1_epoch-11,1,1
Raw,sub-02,1,sub-02_ses-1_epoch-11,2,1
Raw,sub-02,1,sub-02_ses-1_epoch-11,3,1
Raw,sub-02,1,sub-02_ses-1_epoch-11,4,1
Raw,sub-02,1,sub-02_ses-1_epoch-11,5,1
Raw,sub-02,1,sub-02_ses-1_epoch-11,6,1
Raw,sub-02,1,sub-02_ses-1_epoch-12,0,0
Raw,sub-02,1,sub-02_ses-1_epoch-12,1,0
Raw,sub-02,1,sub-02_ses-1_epoch-12,2,0
Raw,sub-02,1,sub-02_ses-1_epoch-12,3,0
Raw,sub-02,1,sub-02_ses-1_epoch-12,4,0
Raw,sub-02,1,sub-02_ses-1_epoch-12,5,0
Raw,sub-02,1,sub-02_ses-1_epoch-12,6,0
Raw,sub-02,1,sub-02_ses-1_epoch-12,7,0
Raw,sub-02,1,sub-02_ses-1_epoch-13,0,1
Raw,sub-02,1,sub-02_ses-1_epoch-13,1,1
Raw,sub-02,1,sub-02_ses-1_epoch-13,2,1
Raw,sub-02,1,sub-02_ses-1_epoch-13,3,1
Raw,sub-02,1,sub-02_ses-1_epoch-13,4,1
Raw,sub-02,1,sub-02_ses-1_epoch-13,5,1
Raw,sub-02,1,sub-02_ses-1_epoch-13,6,1
Raw,sub-02,1,sub-02_ses-1_epoch-14,0,0
Raw,sub-02,1,sub-02_ses-1_epoch-14,1,0
Raw,sub-02,1,sub-02_ses-1_epoch-14,2,0
Raw,sub-02,1,sub-02_ses-1_epoch-14,3,0
Raw,sub-02,1,sub-02_ses-1_epoch-14,4,0
Raw,sub-02,1,sub-02_ses-1_epoch-14,5,0
Raw,sub-02,1,sub-02_ses-1_epoch-14,6,0
Raw,sub-02,1,sub-02_ses-1_epoch-14,7,0
Raw,sub-02,1,sub-02_ses-1_epoch-15,0,1
Raw,sub-02,1,sub-02_ses-1_epoch-15,1,1
Raw,sub-02,1,sub-02_ses-1_epoch-15,2,1
Raw,sub-02,1,sub-02_ses-1_epoch-15,3,1
Raw,sub-02,1,sub-02_ses-1_epoch-15,4,1
Raw,sub-02,1,sub-02_ses-1_epoch-15,5,1
Raw,sub-02,1,sub-02_ses-1_epoch-15,6,1
Raw,sub-02,1,sub-02_ses-1_epoch-16,0,0
Raw,sub-02,1,sub-02_ses-1_epoch-16,1,0
Raw,sub-02,1,sub-02_ses-1_epoch-16,2,0
Raw,sub-02,1,sub-02_ses-1_epoch-16,3,0
Raw,sub-02,1,sub-02_ses-1_epoch-16,4,0
Raw,sub-02,1,sub-02_ses-1_epoch-16,5,0
Raw,sub-02,1,sub-02_ses-1_epoch-16,6,0
Raw,sub-02,1,sub-02_ses-1_epoch-16,7,0
Raw,sub-02,1,sub-02_ses-1_epoch-17,0,0
Raw,sub-02,1,sub-02_ses-1_epoch-17,1,0
Raw,sub-02,1,sub-02_ses-1_epoch-17,2,0
Raw,sub-02,1,sub-02_ses-1_epoch-17,3,0
Raw,sub-02,1,sub-02_ses-1_epoch-17,4,0
Raw,sub-02,1,sub-02_ses-1_epoch-17,5,0
Raw,sub-02,1,sub-02_ses-1_epoch-17,6,0
Raw,sub-02,1,sub-02_ses-1_epoch-17,7,0
Raw,sub-02,1,sub-02_ses-1_epoch-18,0,1
Raw,sub-02,1,sub-02_ses-1_epoch-18,1,1
Raw,sub-02,1,sub-02_ses-1_epoch-18,2,1
Raw,sub-02,1,sub-02_ses-1_epoch-18,3,1
Raw,sub-02,1,sub-02_ses-1_epoch-18,4,1
Raw,sub-02,1,sub-02_ses-1_epoch-18,5,1
Raw,sub-02,1,sub-02_ses-1_epoch-18,6,1
Raw,sub-02,1,sub-02_ses-1_epoch-19,0,0
Raw,sub-02,1,sub-02_ses-1_epoch-19,1,0
Raw,sub-02,1,sub-02_ses-1_epoch-19,2,0
Raw,sub-02,1,sub-02_ses-1_epoch-19,3,0
Raw,sub-02,1,sub-02_ses-1_epoch-19,4,0
Raw,sub-02,1,sub-02_ses-1_epoch-19,5,0
Raw,sub-02,1,sub-02_ses-1_epoch-19,6,0
Raw,sub-02,1,sub-02_ses-1_epoch-19,7,0
Raw,sub-02,1,sub-02_ses-1_epoch-20,0,1
Raw,sub-02,1,sub-02_ses-1_epoch-20,1,1
Raw,sub-02,1,sub-02_ses-1_epoch-20,2,1
Raw,sub-02,1,sub-02_ses-1_epoch-20,3,1
Raw,sub-02,1,sub-02_ses-1_epoch-20,4,1
Raw,sub-02,1,sub-02_ses-1_epoch-20,5,1
Raw,sub-02,1,sub-02_ses-1_epoch-20,6,1
Raw,sub-02,1,sub-02_ses-1_epoch-21,0,0
Raw,sub-02,1,sub-02_ses-1_epoch-21,1,0
Raw,sub-02,1,sub-02_ses-1_epoch-21,2,0
Raw,sub-02,1,sub-02_ses-1_epoch-21,3,0
Raw,sub-02,1,sub-02_ses-1_epoch-21,4,0
Raw,sub-02,1,sub-02_ses-1_epoch-21,5,0
Raw,sub-02,1,sub-02_ses-1_epoch-21,6,0
Raw,sub-02,1,sub-02_ses-1_epoch-21,7,0
Raw,sub-02,1,sub-02_ses-1_epoch-22,0,1
Raw,sub-02,1,sub-02_ses-1_epoch-22,1,1
Raw,sub-02,1,sub-02_ses-1_epoch-22,2,1
Raw,sub-02,1,sub-02_ses-1_epoch-22,3,1
Raw,sub-02,1,sub-02_ses-1_epoch-22,4,1
Raw,sub-02,1,sub-02_ses-1_epoch-22,5,1
Raw,sub-02,1,sub-02_ses-1_epoch-22,6,1
Raw,sub-02,1,sub-02_ses-1_epoch-23,0,0
Raw,sub-02,1,sub-02_ses-1_epoch-23,1,0
Raw,sub-02,1,sub-02_ses-1_epoch-23,2,0
Raw,sub-02,1,sub-02_ses-1_epoch-23,3,0
Raw,sub-02,1,sub-02_ses-1_epoch-23,4,0
Raw,sub-02,1,sub-02_ses-1_epoch-23,5,0
Raw,sub-02,1,sub-02_ses-1_epoch-23,6,0
Raw,sub-02,1,sub-02_ses-1_epoch-23,7,0
Raw,sub-02,1,sub-02_ses-1_epoch-24,0,1
Raw,sub-02,1,sub-02_ses-1_epoch-24,1,1
Raw,sub-02,1,sub-02_ses-1_epoch-24,2,1
Raw,sub-02,1,sub-02_ses-1_epoch-24,3,1
Raw,sub-02,1,sub-02_ses-1_epoch-24,4,1
Raw,sub-02,1,sub-02_ses-1_epoch-24,5,1
Raw,sub-02,1,sub-02_ses-1_epoch-24,6,1
Raw,sub-02,1,sub-02_ses-1_epoch-25,0,0
Raw,sub-02,1,sub-02_ses-1_epoch-25,1,0
Raw,sub-02,1,sub-02_ses-1_epoch-25,2,0
Raw,sub-02,1,sub-02_ses-1_epoch-25,3,0
Raw,sub-02,1,sub-02_ses-1_epoch-25,4,0
Raw,sub-02,1,sub-02_ses-1_epoch-25,5,0
Raw,sub-02,1,sub-02_ses-1_epoch-25,6,0
Raw,sub-02,1,sub-02_ses-1_epoch-25,7,0
Raw,sub-02,1,sub-02_ses-1_epoch-26,0,1
Raw,sub-02,1,sub-02_ses-1_epoch-26,1,1
Raw,sub-02,1,sub-02_ses-1_epoch-26,2,1
Raw,sub-02,1,sub-02_ses-1_epoch-26,3,1
Raw,sub-02,1,sub-02_ses-1_epoch-26,4,1
Raw,sub-02,1,sub-02_ses-1_epoch-26,5,1
Raw,sub-02,1,sub-02_ses-1_epoch-26,6,1
Raw,sub-02,1,sub-02_ses-1_epoch-27,0,0
Raw,sub-02,1,sub-02_ses-1_epoch-27,1,0
Raw,sub-02,1,sub-02_ses-1_epoch-27,2,0
Raw,sub-02,1,sub-02_ses-1_epoch-27,3,0
Raw,sub-02,1,sub-02_ses-1_epoch-27,4,0
Raw,sub-02,1,sub-02_ses-1_epoch-27,5,0
Raw,sub-02,1,sub-02_ses-1_epoch-27,6,0
Raw,sub-02,1,sub-02_ses-1_epoch-27,7,0
Raw,sub-02,1,sub-02_ses-1_epoch-28,0,1
Raw,sub-02,1,sub-02_ses-1_epoch-28,1,1
Raw,sub-02,1,sub-02_ses-1_epoch-28,2,1
Raw,sub-02,1,sub-02_ses-1_epoch-28,3,1
Raw,sub-02,1,sub-02_ses-1_epoch-28,4,1
Raw,sub-02,1,sub-02_ses-1_epoch-28,5,1
Raw,sub-02,1,sub-02_ses-1_epoch-28,6,1
Raw,sub-02,1,sub-02_ses-1_epoch-29,0,0
Raw,sub-02,1,sub-02_ses-1_epoch-29,1,0
Raw,sub-02,1,sub-02_ses-1_epoch-29,2,0
Raw,sub-02,1,sub-02_ses-1_epoch-29,3,0
Raw,sub-02,1,sub-02_ses-1_epoch-29,4,0
Raw,sub-02,1,sub-02_ses-1_epoch-29,5,0
Raw,sub-02,1,sub-02_ses-1_epoch-29,6,0
Raw,sub-02,1,sub-02_ses-1_epoch-29,7,0
Raw,sub-02,1,sub-02_ses-1_epoch-30,0,1
Raw,sub-02,1,sub-02_ses-1_epoch-30,1,1
Raw,sub-02,1,sub-02_ses-1_epoch-30,2,1
Raw,sub-02,1,sub-02_ses-1_epoch-30,3,1
Raw,sub-02,1,sub-02_ses-1_epoch-30,4,1
Raw,sub-02,1,sub-02_ses-1_epoch-30,5,1
Raw,sub-02,1,sub-02_ses-1_epoch-30,6,1
Raw,sub-02,1,sub-02_ses-1_epoch-31,0,0
Raw,sub-02,1,sub-02_ses-1_epoch-31,1,0
Raw,sub-02,1,sub-02_ses-1_epoch-31,2,0
Raw,sub-02,1,sub-02_ses-1_epoch-31,3,0
Raw,sub-02,1,sub-02_ses-1_epoch-31,4,0
Raw,sub-02,1,sub-02_ses-1_epoch-31,5,0
Raw,sub-02,1,sub-02_ses-1_epoch-31,6,0
Raw,sub-02,1,sub-02_ses-1_epoch-31,7,0
Raw,sub-02,1,sub-02_ses-1_epoch-32,0,1
Raw,sub-02,1,sub-02_ses-1_epoch-32,1,1
Raw,sub-02,1,sub-02_ses-1_epoch-32,2,1
Raw,sub-02,1,sub-02_ses-1_epoch-32,3,1
Raw,sub-02,1,sub-02_ses-1_epoch-32,4,1
Raw,sub-02,1,sub-02_ses-1_epoch-32,5,1
Raw,sub-02,1,sub-02_ses-1_epoch-32,6,1
Raw,sub-02,1,sub-02_ses-1_epoch-33,0,0
Raw,sub-02,1,sub-02_ses-1_epoch-33,1,0
Raw,sub-02,1,sub-02_ses-1_epoch-33,2,0
Raw,sub-02,1,sub-02_ses-1_epoch-33,3,0
Raw,sub-02,1,sub-02_ses-1_epoch-33,4,0
Raw,sub-02,1,sub-02_ses-1_epoch-33,5,0
Raw,sub-02,1,sub-02_ses-1_epoch-33,6,0
Raw,sub-02,1,sub-02_ses-1_epoch-33,7,0
Raw,sub-02,1,sub-02_ses-1_epoch-34,0,1
Raw,sub-02,1,sub-02_ses-1_epoch-34,1,1
Raw,sub-02,1,sub-02_ses-1_epoch-34,2,1
Raw,sub-02,1,sub-02_ses-1_epoch-34,3,1
Raw,sub-02,1,sub-02_ses-1_epoch-34,4,1
Raw,sub-02,1,sub-02_ses-1_epoch-34,5,1
Raw,sub-02,1,sub-02_ses-1_epoch-34,6,1
Raw,sub-02,1,sub-02_ses-1_epoch-35,0,1
Raw,sub-02,1,sub-02_ses-1_epoch-35,1,1
Raw,sub-02,1,sub-02_ses-1_epoch-35,2,1
Raw,sub-02,1,sub-02_ses-1_epoch-35,3,1
Raw,sub-02,1,sub-02_ses-1_epoch-35,4,1
Raw,sub-02,1,sub-02_ses-1_epoch-35,5,1
Raw,sub-02,1,sub-02_ses-1_epoch-35,6,1
Raw,sub-02,1,sub-02_ses-1_epoch-36,0,0
Raw,sub-02,1,sub-02_ses-1_epoch-36,1,0
Raw,sub-02,1,sub-02_ses-1_epoch-36,2,0
Raw,sub-02,1,sub-02_ses-1_epoch-36,3,0
Raw,sub-02,1,sub-02_ses-1_epoch-36,4,0
Raw,sub-02,1,sub-02_ses-1_epoch-36,5,0
Raw,sub-02,1,sub-02_ses-1_epoch-36,6,0
Raw,sub-02,1,sub-02_ses-1_epoch-36,7,0
Raw,sub-02,1,sub-02_ses-1_epoch-37,0,1
Raw,sub-02,1,sub-02_ses-1_epoch-37,1,1
Raw,sub-02,1,sub-02_ses-1_epoch-37,2,1
Raw,sub-02,1,sub-02_ses-1_epoch-37,3,1
Raw,sub-02,1,sub-02_ses-1_epoch-37,4,1
Raw,sub-02,1,sub-02_ses-1_epoch-37,5,1
Raw,sub-02,1,sub-02_ses-1_epoch-37,6,1
Raw,sub-02,1,sub-02_ses-1_epoch-38,0,0
Raw,sub-02,1,sub-02_ses-1_epoch-38,1,0
Raw,sub-02,1,sub-02_ses-1_epoch-38,2,0
Raw,sub-02,1,sub-02_ses-1_epoch-38,3,0
Raw,sub-02,1,sub-02_ses-1_epoch-38,4,0
Raw,sub-02,1,sub-02_ses-1_epoch-38,5,0
Raw,sub-02,1,sub-02_ses-1_epoch-38,6,0
Raw,sub-02,1,sub-02_ses-1_epoch-38,7,0
Raw,sub-02,1,sub-02_ses-1_epoch-39,0,0
Raw,sub-02,1,sub-02_ses-1_epoch-39,1,0
Raw,sub-02,1,sub-02_ses-1_epoch-39,2,0
Raw,sub-02,1,sub-02_ses-1_epoch-39,3,0
Raw,sub-02,1,sub-02_ses-1_epoch-39,4,0
Raw,sub-02,1,sub-02_ses-1_epoch-39,5,0
Raw,sub-02,1,sub-02_ses-1_epoch-39,6,0
Raw,sub-02,1,sub-02_ses-1_epoch-39,7,0
ICA-cleaned,sub-02,1,sub-02_ses-1_epoch-1,0,0
ICA-cleaned,sub-02,1,sub-02_ses-1_epoch-1,1,0
ICA-cleaned,sub-02,1,sub-02_ses-1_epoch-1,2,0
ICA-cleaned,sub-02,1,sub-02_ses-1_epoch-1,3,0
ICA-cleaned,sub-02,1,sub-02_ses-1_epoch-1,4,0
ICA-cleaned,sub-02,1,sub-02_ses-1_epoch-1,5,0
ICA-cleaned,sub-02,1,sub-02_ses-1_epoch-1,6,0
ICA-cleaned,sub-02,1,sub-02_ses-1_epoch-1,7,0
ICA-cleaned,sub-02,1,sub-02_ses-1_epoch-2,0,0
ICA-cleaned,sub-02,1,sub-02_ses-1_epoch-2,1,0
ICA-cleaned,sub-02,1,sub-02_ses-1_epoch-2,2,0
ICA-cleaned,sub-02,1,sub-02_ses-1_epoch-2,3,0
ICA-cleaned,sub-02,1,sub-02_ses-1_epoch-2,4,0
ICA-cleaned,sub-02,1,sub-02_ses-1_epoch-2,5,0
ICA-cleaned,sub-02,1,sub-02_ses-1_epoch-2,6,0
ICA-cleaned,sub-02,1,sub-02_ses-1_epoch-2,7,0
ICA-cleaned,sub-02,1,sub-02_ses-1_epoch-3,0,0
ICA-cleaned,sub-02,1,sub-02_ses-1_epoch-3,1,0
ICA-cleaned,sub-02,1,sub-02_ses-1_epoch-3,2,0
ICA-cleaned,sub-02,1,sub-02_ses-1_epoch-3,3,0
ICA-cleaned,sub-02,1,sub-02_ses-1_epoch-3,4,0
ICA-cleaned,sub-02,1,sub-02_ses-1_epoch-3,5,0
ICA-cleaned,sub-02,1,sub-02_ses-1_epoch-3,6,0
ICA-cleaned,sub-02,1,sub-02_ses-1_epoch-3,7,0
ICA-cleaned,sub-02,1,sub-02_ses-1_epoch-4,0,0
ICA-cleaned,sub-02,1,sub-02_ses-1_epoch-4,1,0
ICA-cleaned,sub-02,1,sub-02_ses-1_epoch-4,2,0
ICA-cleaned,sub-02,1,sub-02_ses-1_epoch-4,3,0
ICA-cleaned,sub-02,1,sub-02_ses-1_epoch-4,4,0
ICA-cleaned,sub-02,1,sub-02_ses-1_epoch-4,5,0
ICA-cleaned,sub-02,1,sub-02_ses-1_epoch-4,6,0
ICA-cleaned,sub-02,1,sub-02_ses-1_epoch-4,7,0
ICA-cleaned,sub-02,1,sub-02_ses-1_epoch-5,0,1
ICA-cleaned,sub-02,1,sub-02_ses-1_epoch-5,1,1
ICA-cleaned,sub-02,1,sub-02_ses-1_epoch-5,2,1
ICA-cleaned,sub-02,1,sub-02_ses-1_epoch-5,3,1
ICA-cleaned,sub-02,1,sub-02_ses-1_epoch-5,4,1
ICA-cleaned,sub-02,1,sub-02_ses-1_epoch-5,5,1
ICA-cleaned,sub-02,1,sub-02_ses-1_epoch-5,6,1
ICA-cleaned,sub-02,1,sub-02_ses-1_epoch-6,0,0
ICA-cleaned,sub-02,1,sub-02_ses-1_epoch-6,1,0
ICA-cleaned,sub-02,1,sub-02_ses-1_epoch-6,2,0
ICA-cleaned,sub-02,1,sub-02_ses-1_epoch-6,3,0
ICA-cleaned,sub-02,1,sub-02_ses-1_epoch-6,4,0
ICA-cleaned,sub-02,1,sub-02_ses-1_epoch-6,5,0
ICA-cleaned,sub-02,1,sub-02_ses-1_epoch-6,6,0
ICA-cleaned,sub-02,1,sub-02_ses-1_epoch-6,7,0
ICA-cleaned,sub-02,1,sub-02_ses-1_epoch-7,0,1
ICA-cleaned,sub-02,1,sub-02_ses-1_epoch-7,1,1
ICA-cleaned,sub-02,1,sub-02_ses-1_epoch-7,2,1
ICA-cleaned,sub-02,1,sub-02_ses-1_epoch-7,3,1
ICA-cleaned,sub-02,1,sub-02_ses-1_epoch-7,4,1
ICA-cleaned,sub-02,1,sub-02_ses-1_epoch-7,5,1
ICA-cleaned,sub-02,1,sub-02_ses-1_epoch-7,6,1
ICA-cleaned,sub-02,1,sub-02_ses-1_epoch-8,0,0
ICA-cleaned,sub-02,1,sub-02_ses-1_epoch-8,1,0
ICA-cleaned,sub-02,1,sub-02_ses-1_epoch-8,2,0
ICA-cleaned,sub-02,1,sub-02_ses-1_epoch-8,3,0
ICA-cleaned,sub-02,1,sub-02_ses-1_epoch-8,4,0
ICA-cleaned,sub-02,1,sub-02_ses-1_epoch-8,5,0
ICA-cleaned,sub-02,1,sub-02_ses-1_epoch-8,6,0
ICA-cleaned,sub-02,1,sub-02_ses-1_epoch-8,7,0
ICA-cleaned,sub-02,1,sub-02_ses-1_epoch-9,0,1
ICA-cleaned,sub-02,1,sub-02_ses-1_epoch-9,1,1
ICA-cleaned,sub-02,1,sub-02_ses-1_epoch-9,2,1
ICA-cleaned,sub-02,1,sub-02_ses-1_epoch-9,3,1
ICA-cleaned,sub-02,1,sub-02_ses-1_epoch-9,4,1
ICA-cleaned,sub-02,1,sub-02_ses-1_epoch-9,5,1
ICA-cleaned,sub-02,1,sub-02_ses-1_epoch-9,6,1
ICA-cleaned,sub-02,1,sub-02_ses-1_epoch-10,0,0
ICA-cleaned,sub-02,1,sub-02_ses-1_epoch-10,1,0
ICA-cleaned,sub-02,1,sub-02_ses-1_epoch-10,2,0
ICA-cleaned,sub-02,1,sub-02_ses-1_epoch-10,3,0
ICA-cleaned,sub-02,1,sub-02_ses-1_epoch-10,4,0
ICA-cleaned,sub-02,1,sub-02_ses-1_epoch-10,5,0
ICA-cleaned,sub-02,1,sub-02_ses-1_epoch-10,6,0
ICA-cleaned,sub-02,1,sub-02_ses-1_epoch-10,7,0
ICA-cleaned,sub-02,1,sub-02_ses-1_epoch-11,0,1
ICA-cleaned,sub-02,1,sub-02_ses-1_epoch-11,1,1
ICA-cleaned,sub-02,1,sub-02_ses-1_epoch-11,2,1
ICA-cleaned,sub-02,1,sub-02_ses-1_epoch-11,3,1
ICA-cleaned,sub-02,1,sub-02_ses-1_epoch-11,4,1
ICA-cleaned,sub-02,1,sub-02_ses-1_epoch-11,5,1
ICA-cleaned,sub-02,1,sub-02_ses-1_epoch-11,6,1
ICA-cleaned,sub-02,1,sub-02_ses-1_epoch-12,0,0
ICA-cleaned,sub-02,1,sub-02_ses-1_epoch-12,1,0
ICA-cleaned,sub-02,1,sub-02_ses-1_epoch-12,2,0
ICA-cleaned,sub-02,1,sub-02_ses-1_epoch-12,3,0
ICA-cleaned,sub-02,1,sub-02_ses-1_epoch-12,4,0
ICA-cleaned,sub-02,1,sub-02_ses-1_epoch-12,5,0
ICA-cleaned,sub-02,1,sub-02_ses-1_epoch-12,6,0
ICA-cleaned,sub-02,1,sub-02_ses-1_epoch-12,7,0
ICA-cleaned,sub-02,1,sub-02_ses-1_epoch-13,0,1
ICA-cleaned,sub-02,1,sub-02_ses-1_epoch-13,1,1
ICA-cleaned,sub-02,1,sub-02_ses-1_epoch-13,2,1
ICA-cleaned,sub-02,1,sub-02_ses-1_epoch-13,3,1
ICA-cleaned,sub-02,1,sub-02_ses-1_epoch-13,4,1
ICA-cleaned,sub-02,1,sub-02_ses-1_epoch-13,5,1
ICA-cleaned,sub-02,1,sub-02_ses-1_epoch-13,6,1
ICA-cleaned,sub-02,1,sub-02_ses-1_epoch-14,0,0
ICA-cleaned,sub-02,1,sub-02_ses-1_epoch-14,1,0
ICA-cleaned,sub-02,1,sub-02_ses-1_epoch-14,2,0
ICA-cleaned,sub-02,1,sub-02_ses-1_epoch-14,3,0
ICA-cleaned,sub-02,1,sub-02_ses-1_epoch-14,4,0
ICA-cleaned,sub-02,1,sub-02_ses-1_epoch-14,5,0
ICA-cleaned,sub-02,1,sub-02_ses-1_epoch-14,6,0
ICA-cleaned,sub-02,1,sub-02_ses-1_epoch-14,7,0
ICA-cleaned,sub-02,1,sub-02_ses-1_epoch-15,0,1
ICA-cleaned,sub-02,1,sub-02_ses-1_epoch-15,1,1
ICA-cleaned,sub-02,1,sub-02_ses-1_epoch-15,2,1
ICA-cleaned,sub-02,1,sub-02_ses-1_epoch-15,3,1
ICA-cleaned,sub-02,1,sub-02_ses-1_epoch-15,4,1
ICA-cleaned,sub-02,1,sub-02_ses-1_epoch-15,5,1
ICA-cleaned,sub-02,1,sub-02_ses-1_epoch-15,6,1
ICA-cleaned,sub-02,1,sub-02_ses-1_epoch-16,0,0
ICA-cleaned,sub-02,1,sub-02_ses-1_epoch-16,1,0
ICA-cleaned,sub-02,1,sub-02_ses-1_epoch-16,2,0
ICA-cleaned,sub-02,1,sub-02_ses-1_epoch-16,3,0
ICA-cleaned,sub-02,1,sub-02_ses-1_epoch-16,4,0
ICA-cleaned,sub-02,1,sub-02_ses-1_epoch-16,5,0
ICA-cleaned,sub-02,1,sub-02_ses-1_epoch-16,6,0
ICA-cleaned,sub-02,1,sub-02_ses-1_epoch-16,7,0
ICA-cleaned,sub-02,1,sub-02_ses-1_epoch-17,0,0
ICA-cleaned,sub-02,1,sub-02_ses-1_epoch-17,1,0
ICA-cleaned,sub-02,1,sub-02_ses-1_epoch-17,2,0
ICA-cleaned,sub-02,1,sub-02_ses-1_epoch-17,3,0
ICA-cleaned,sub-02,1,sub-02_ses-1_epoch-17,4,0
ICA-cleaned,sub-02,1,sub-02_ses-1_epoch-17,5,0
ICA-cleaned,sub-02,1,sub-02_ses-1_epoch-17,6,0
ICA-cleaned,sub-02,1,sub-02_ses-1_epoch-17,7,0
ICA-cleaned,sub-02,1,sub-02_ses-1_epoch-18,0,1
ICA-cleaned,sub-02,1,sub-02_ses-1_epoch-18,1,1
ICA-cleaned,sub-02,1,sub-02_ses-1_epoch-18,2,1
ICA-cleaned,sub-02,1,sub-02_ses-1_epoch-18,3,1
ICA-cleaned,sub-02,1,sub-02_ses-1_epoch-18,4,1
ICA-cleaned,sub-02,1,sub-02_ses-1_epoch-18,5,1
ICA-cleaned,sub-02,1,sub-02_ses-1_epoch-18,6,1
ICA-cleaned,sub-02,1,sub-02_ses-1_epoch-19,0,0
ICA-cleaned,sub-02,1,sub-02_ses-1_epoch-19,1,0
ICA-cleaned,sub-02,1,sub-02_ses-1_epoch-19,2,0
ICA-cleaned,sub-02,1,sub-02_ses-1_epoch-19,3,0
ICA-cleaned,sub-02,1,sub-02_ses-1_epoch-19,4,0
ICA-cleaned,sub-02,1,sub-02_ses-1_epoch-19,5,0
ICA-cleaned,sub-02,1,sub-02_ses-1_epoch-19,6,0
ICA-cleaned,sub-02,1,sub-02_ses-1_epoch-19,7,0
ICA-cleaned,sub-02,1,sub-02_ses-1_epoch-20,0,1
ICA-cleaned,sub-02,1,sub-02_ses-1_epoch-20,1,1
ICA-cleaned,sub-02,1,sub-02_ses-1_epoch-20,2,1
ICA-cleaned,sub-02,1,sub-02_ses-1_epoch-20,3,1
ICA-cleaned,sub-02,1,sub-02_ses-1_epoch-20,4,1
ICA-cleaned,sub-02,1,sub-02_ses-1_epoch-20,5,1
ICA-cleaned,sub-02,1,sub-02_ses-1_epoch-20,6,1
ICA-cleaned,sub-02,1,sub-02_ses-1_epoch-21,0,0
ICA-cleaned,sub-02,1,sub-02_ses-1_epoch-21,1,0
ICA-cleaned,sub-02,1,sub-02_ses-1_epoch-21,2,0
ICA-cleaned,sub-02,1,sub-02_ses-1_epoch-21,3,0
ICA-cleaned,sub-02,1,sub-02_ses-1_epoch-21,4,0
ICA-cleaned,sub-02,1,sub-02_ses-1_epoch-21,5,0
ICA-cleaned,sub-02,1,sub-02_ses-1_epoch-21,6,0
ICA-cleaned,sub-02,1,sub-02_ses-1_epoch-21,7,0
ICA-cleaned,sub-02,1,sub-02_ses-1_epoch-22,0,1
ICA-cleaned,sub-02,1,sub-02_ses-1_epoch-22,1,1
ICA-cleaned,sub-02,1,sub-02_ses-1_epoch-22,2,1
ICA-cleaned,sub-02,1,sub-02_ses-1_epoch-22,3,1
ICA-cleaned,sub-02,1,sub-02_ses-1_epoch-22,4,1
ICA-cleaned,sub-02,1,sub-02_ses-1_epoch-22,5,1
ICA-cleaned,sub-02,1,sub-02_ses-1_epoch-22,6,1
ICA-cleaned,sub-02,1,sub-02_ses-1_epoch-23,0,0
ICA-cleaned,sub-02,1,sub-02_ses-1_epoch-23,1,0
ICA-cleaned,sub-02,1,sub-02_ses-1_epoch-23,2,0
ICA-cleaned,sub-02,1,sub-02_ses-1_epoch-23,3,0
ICA-cleaned,sub-02,1,sub-02_ses-1_epoch-23,4,0
ICA-cleaned,sub-02,1,sub-02_ses-1_epoch-23,5,0
ICA-cleaned,sub-02,1,sub-02_ses-1_epoch-23,6,0
ICA-cleaned,sub-02,1,sub-02_ses-1_epoch-23,7,0
ICA-cleaned,sub-02,1,sub-02_ses-1_epoch-24,0,1
ICA-cleaned,sub-02,1,sub-02_ses-1_epoch-24,1,1
ICA-cleaned,sub-02,1,sub-02_ses-1_epoch-24,2,1
ICA-cleaned,sub-02,1,sub-02_ses-1_epoch-24,3,1
ICA-cleaned,sub-02,1,sub-02_ses-1_epoch-24,4,1
ICA-cleaned,sub-02,1,sub-02_ses-1_epoch-24,5,1
ICA-cleaned,sub-02,1,sub-02_ses-1_epoch-24,6,1
ICA-cleaned,sub-02,1,sub-02_ses-1_epoch-25,0,0
ICA-cleaned,sub-02,1,sub-02_ses-1_epoch-25,1,0
ICA-cleaned,sub-02,1,sub-02_ses-1_epoch-25,2,0
ICA-cleaned,sub-02,1,sub-02_ses-1_epoch-25,3,0
ICA-cleaned,sub-02,1,sub-02_ses-1_epoch-25,4,0
ICA-cleaned,sub-02,1,sub-02_ses-1_epoch-25,5,0
ICA-cleaned,sub-02,1,sub-02_ses-1_epoch-25,6,0
ICA-cleaned,sub-02,1,sub-02_ses-1_epoch-25,7,0
ICA-cleaned,sub-02,1,sub-02_ses-1_epoch-26,0,1
ICA-cleaned,sub-02,1,sub-02_ses-1_epoch-26,1,1
ICA-cleaned,sub-02,1,sub-02_ses-1_epoch-26,2,1
ICA-cleaned,sub-02,1,sub-02_ses-1_epoch-26,3,1
ICA-cleaned,sub-02,1,sub-02_ses-1_epoch-26,4,1
ICA-cleaned,sub-02,1,sub-02_ses-1_epoch-26,5,1
ICA-cleaned,sub-02,1,sub-02_ses-1_epoch-26,6,1
ICA-cleaned,sub-02,1,sub-02_ses-1_epoch-27,0,0
ICA-cleaned,sub-02,1,sub-02_ses-1_epoch-27,1,0
ICA-cleaned,sub-02,1,sub-02_ses-1_epoch-27,2,0
ICA-cleaned,sub-02,1,sub-02_ses-1_epoch-27,3,0
ICA-cleaned,sub-02,1,sub-02_ses-1_epoch-27,4,0
ICA-cleaned,sub-02,1,sub-02_ses-1_epoch-27,5,0
ICA-cleaned,sub-02,1,sub-02_ses-1_epoch-27,6,0
ICA-cleaned,sub-02,1,sub-02_ses-1_epoch-27,7,0
ICA-cleaned,sub-02,1,sub-02_ses-1_epoch-28,0,1
ICA-cleaned,sub-02,1,sub-02_ses-1_epoch-28,1,1
ICA-cleaned,sub-02,1,sub-02_ses-1_epoch-28,2,1
ICA-cleaned,sub-02,1,sub-02_ses-1_epoch-28,3,1
ICA-cleaned,sub-02,1,sub-02_ses-1_epoch-28,4,1
ICA-cleaned,sub-02,1,sub-02_ses-1_epoch-28,5,1
ICA-cleaned,sub-02,1,sub-02_ses-1_epoch-28,6,1
ICA-cleaned,sub-02,1,sub-02_ses-1_epoch-29,0,0
ICA-cleaned,sub-02,1,sub-02_ses-1_epoch-29,1,0
ICA-cleaned,sub-02,1,sub-02_ses-1_epoch-29,2,0
ICA-cleaned,sub-02,1,sub-02_ses-1_epoch-29,3,0
ICA-cleaned,sub-02,1,sub-02_ses-1_epoch-29,4,0
ICA-cleaned,sub-02,1,sub-02_ses-1_epoch-29,5,0
ICA-cleaned,sub-02,1,sub-02_ses-1_epoch-29,6,0
ICA-cleaned,sub-02,1,sub-02_ses-1_epoch-29,7,0
ICA-cleaned,sub-02,1,sub-02_ses-1_epoch-30,0,1
ICA-cleaned,sub-02,1,sub-02_ses-1_epoch-30,1,1
ICA-cleaned,sub-02,1,sub-02_ses-1_epoch-30,2,1
ICA-cleaned,sub-02,1,sub-02_ses-1_epoch-30,3,1
ICA-cleaned,sub-02,1,sub-02_ses-1_epoch-30,4,1
ICA-cleaned,sub-02,1,sub-02_ses-1_epoch-30,5,1
ICA-cleaned,sub-02,1,sub-02_ses-1_epoch-30,6,1
ICA-cleaned,sub-02,1,sub-02_ses-1_epoch-31,0,0
ICA-cleaned,sub-02,1,sub-02_ses-1_epoch-31,1,0
ICA-cleaned,sub-02,1,sub-02_ses-1_epoch-31,2,0
ICA-cleaned,sub-02,1,sub-02_ses-1_epoch-31,3,0
ICA-cleaned,sub-02,1,sub-02_ses-1_epoch-31,4,0
ICA-cleaned,sub-02,1,sub-02_ses-1_epoch-31,5,0
ICA-cleaned,sub-02,1,sub-02_ses-1_epoch-31,6,0
ICA-cleaned,sub-02,1,sub-02_ses-1_epoch-31,7,0
ICA-cleaned,sub-02,1,sub-02_ses-1_epoch-32,0,1
ICA-cleaned,sub-02,1,sub-02_ses-1_epoch-32,1,1
ICA-cleaned,sub-02,1,sub-02_ses-1_epoch-32,2,1
ICA-cleaned,sub-02,1,sub-02_ses-1_epoch-32,3,1
ICA-cleaned,sub-02,1,sub-02_ses-1_epoch-32,4,1
ICA-cleaned,sub-02,1,sub-02_ses-1_epoch-32,5,1
ICA-cleaned,sub-02,1,sub-02_ses-1_epoch-32,6,1
ICA-cleaned,sub-02,1,sub-02_ses-1_epoch-33,0,0
ICA-cleaned,sub-02,1,sub-02_ses-1_epoch-33,1,0
ICA-cleaned,sub-02,1,sub-02_ses-1_epoch-33,2,0
ICA-cleaned,sub-02,1,sub-02_ses-1_epoch-33,3,0
ICA-cleaned,sub-02,1,sub-02_ses-1_epoch-33,4,0
ICA-cleaned,sub-02,1,sub-02_ses-1_epoch-33,5,0
ICA-cleaned,sub-02,1,sub-02_ses-1_epoch-33,6,0
ICA-cleaned,sub-02,1,sub-02_ses-1_epoch-33,7,0
ICA-cleaned,sub-02,1,sub-02_ses-1_epoch-34,0,1
ICA-cleaned,sub-02,1,sub-02_ses-1_epoch-34,1,1
ICA-cleaned,sub-02,1,sub-02_ses-1_epoch-34,2,1
ICA-cleaned,sub-02,1,sub-02_ses-1_epoch-34,3,1
ICA-cleaned,sub-02,1,sub-02_ses-1_epoch-34,4,1
ICA-cleaned,sub-02,1,sub-02_ses-1_epoch-34,5,1
ICA-cleaned,sub-02,1,sub-02_ses-1_epoch-34,6,1
ICA-cleaned,sub-02,1,sub-02_ses-1_epoch-35,0,1
ICA-cleaned,sub-02,1,sub-02_ses-1_epoch-35,1,1
ICA-cleaned,sub-02,1,sub-02_ses-1_epoch-35,2,1
ICA-cleaned,sub-02,1,sub-02_ses-1_epoch-35,3,1
ICA-cleaned,sub-02,1,sub-02_ses-1_epoch-35,4,1
ICA-cleaned,sub-02,1,sub-02_ses-1_epoch-35,5,1
ICA-cleaned,sub-02,1,sub-02_ses-1_epoch-35,6,1
ICA-cleaned,sub-02,1,sub-02_ses-1_epoch-36,0,0
ICA-cleaned,sub-02,1,sub-02_ses-1_epoch-36,1,0
ICA-cleaned,sub-02,1,sub-02_ses-1_epoch-36,2,0
ICA-cleaned,sub-02,1,sub-02_ses-1_epoch-36,3,0
ICA-cleaned,sub-02,1,sub-02_ses-1_epoch-36,4,0
ICA-cleaned,sub-02,1,sub-02_ses-1_epoch-36,5,0
ICA-cleaned,sub-02,1,sub-02_ses-1_epoch-36,6,0
ICA-cleaned,sub-02,1,sub-02_ses-1_epoch-36,7,0
ICA-cleaned,sub-02,1,sub-02_ses-1_epoch-37,0,1
ICA-cleaned,sub-02,1,sub-02_ses-1_epoch-37,1,1
ICA-cleaned,sub-02,1,sub-02_ses-1_epoch-37,2,1
ICA-cleaned,sub-02,1,sub-02_ses-1_epoch-37,3,1
ICA-cleaned,sub-02,1,sub-02_ses-1_epoch-37,4,1
ICA-cleaned,sub-02,1,sub-02_ses-1_epoch-37,5,1
ICA-cleaned,sub-02,1,sub-02_ses-1_epoch-37,6,1
ICA-cleaned,sub-02,1,sub-02_ses-1_epoch-38,0,0
ICA-cleaned,sub-02,1,sub-02_ses-1_epoch-38,1,0
ICA-cleaned,sub-02,1,sub-02_ses-1_epoch-38,2,0
ICA-cleaned,sub-02,1,sub-02_ses-1_epoch-38,3,0
ICA-cleaned,sub-02,1,sub-02_ses-1_epoch-38,4,0
ICA-cleaned,sub-02,1,sub-02_ses-1_epoch-38,5,0
ICA-cleaned,sub-02,1,sub-02_ses-1_epoch-38,6,0
ICA-cleaned,sub-02,1,sub-02_ses-1_epoch-38,7,0
ICA-cleaned,sub-02,1,sub-02_ses-1_epoch-39,0,0
ICA-cleaned,sub-02,1,sub-02_ses-1_epoch-39,1,0
ICA-cleaned,sub-02,1,sub-02_ses-1_epoch-39,2,0
ICA-cleaned,sub-02,1,sub-02_ses-1_epoch-39,3,0
ICA-cleaned,sub-02,1,sub-02_ses-1_epoch-39,4,0
ICA-cleaned,sub-02,1,sub-02_ses-1_epoch-39,5,0
ICA-cleaned,sub-02,1,sub-02_ses-1_epoch-39,6,0
ICA-cleaned,sub-02,1,sub-02_ses-1_epoch-39,7,0
Raw,sub-02,2,sub-02_ses-2_epoch-1,0,0
Raw,sub-02,2,sub-02_ses-2_epoch-1,1,0
Raw,sub-02,2,sub-02_ses-2_epoch-1,2,0
Raw,sub-02,2,sub-02_ses-2_epoch-1,3,0
Raw,sub-02,2,sub-02_ses-2_epoch-1,4,0
Raw,sub-02,2,sub-02_ses-2_epoch-1,5,0
Raw,sub-02,2,sub-02_ses-2_epoch-1,6,0
Raw,sub-02,2,sub-02_ses-2_epoch-1,7,0
Raw,sub-02,2,sub-02_ses-2_epoch-2,0,0
Raw,sub-02,2,sub-02_ses-2_epoch-2,1,0
Raw,sub-02,2,sub-02_ses-2_epoch-2,2,0
Raw,sub-02,2,sub-02_ses-2_epoch-2,3,0
Raw,sub-02,2,sub-02_ses-2_epoch-2,4,0
Raw,sub-02,2,sub-02_ses-2_epoch-2,5,0
Raw,sub-02,2,sub-02_ses-2_epoch-2,6,0
Raw,sub-02,2,sub-02_ses-2_epoch-2,7,0
Raw,sub-02,2,sub-02_ses-2_epoch-3,0,0
Raw,sub-02,2,sub-02_ses-2_epoch-3,1,0
Raw,sub-02,2,sub-02_ses-2_epoch-3,2,0
Raw,sub-02,2,sub-02_ses-2_epoch-3,3,0
Raw,sub-02,2,sub-02_ses-2_epoch-3,4,0
Raw,sub-02,2,sub-02_ses-2_epoch-3,5,0
Raw,sub-02,2,sub-02_ses-2_epoch-3,6,0
Raw,sub-02,2,sub-02_ses-2_epoch-3,7,0
Raw,sub-02,2,sub-02_ses-2_epoch-4,0,0
Raw,sub-02,2,sub-02_ses-2_epoch-4,1,0
Raw,sub-02,2,sub-02_ses-2_epoch-4,2,0
Raw,sub-02,2,sub-02_ses-2_epoch-4,3,0
Raw,sub-02,2,sub-02_ses-2_epoch-4,4,0
Raw,sub-02,2,sub-02_ses-2_epoch-4,5,0
Raw,sub-02,2,sub-02_ses-2_epoch-4,6,0
Raw,sub-02,2,sub-02_ses-2_epoch-4,7,0
Raw,sub-02,2,sub-02_ses-2_epoch-5,0,1
Raw,sub-02,2,sub-02_ses-2_epoch-5,1,1
Raw,sub-02,2,sub-02_ses-2_epoch-5,2,1
Raw,sub-02,2,sub-02_ses-2_epoch-5,3,1
Raw,sub-02,2,sub-02_ses-2_epoch-5,4,1
Raw,sub-02,2,sub-02_ses-2_epoch-5,5,1
Raw,sub-02,2,sub-02_ses-2_epoch-5,6,1
Raw,sub-02,2,sub-02_ses-2_epoch-6,0,0
Raw,sub-02,2,sub-02_ses-2_epoch-6,1,0
Raw,sub-02,2,sub-02_ses-2_epoch-6,2,0
Raw,sub-02,2,sub-02_ses-2_epoch-6,3,0
Raw,sub-02,2,sub-02_ses-2_epoch-6,4,0
Raw,sub-02,2,sub-02_ses-2_epoch-6,5,0
Raw,sub-02,2,sub-02_ses-2_epoch-6,6,0
Raw,sub-02,2,sub-02_ses-2_epoch-6,7,0
Raw,sub-02,2,sub-02_ses-2_epoch-7,0,1
Raw,sub-02,2,sub-02_ses-2_epoch-7,1,1
Raw,sub-02,2,sub-02_ses-2_epoch-7,2,1
Raw,sub-02,2,sub-02_ses-2_epoch-7,3,1
Raw,sub-02,2,sub-02_ses-2_epoch-7,4,1
Raw,sub-02,2,sub-02_ses-2_epoch-7,5,1
Raw,sub-02,2,sub-02_ses-2_epoch-7,6,1
Raw,sub-02,2,sub-02_ses-2_epoch-8,0,0
Raw,sub-02,2,sub-02_ses-2_epoch-8,1,0
Raw,sub-02,2,sub-02_ses-2_epoch-8,2,0
Raw,sub-02,2,sub-02_ses-2_epoch-8,3,0
Raw,sub-02,2,sub-02_ses-2_epoch-8,4,0
Raw,sub-02,2,sub-02_ses-2_epoch-8,5,0
Raw,sub-02,2,sub-02_ses-2_epoch-8,6,0
Raw,sub-02,2,sub-02_ses-2_epoch-8,7,0
Raw,sub-02,2,sub-02_ses-2_epoch-9,0,1
Raw,sub-02,2,sub-02_ses-2_epoch-9,1,1
Raw,sub-02,2,sub-02_ses-2_epoch-9,2,1
Raw,sub-02,2,sub-02_ses-2_epoch-9,3,1
Raw,sub-02,2,sub-02_ses-2_epoch-9,4,1
Raw,sub-02,2,sub-02_ses-2_epoch-9,5,1
Raw,sub-02,2,sub-02_ses-2_epoch-9,6,1
Raw,sub-02,2,sub-02_ses-2_epoch-10,0,0
Raw,sub-02,2,sub-02_ses-2_epoch-10,1,0
Raw,sub-02,2,sub-02_ses-2_epoch-10,2,0
Raw,sub-02,2,sub-02_ses-2_epoch-10,3,0
Raw,sub-02,2,sub-02_ses-2_epoch-10,4,0
Raw,sub-02,2,sub-02_ses-2_epoch-10,5,0
Raw,sub-02,2,sub-02_ses-2_epoch-10,6,0
Raw,sub-02,2,sub-02_ses-2_epoch-10,7,0
Raw,sub-02,2,sub-02_ses-2_epoch-11,0,0
Raw,sub-02,2,sub-02_ses-2_epoch-11,1,0
Raw,sub-02,2,sub-02_ses-2_epoch-11,2,0
Raw,sub-02,2,sub-02_ses-2_epoch-11,3,0
Raw,sub-02,2,sub-02_ses-2_epoch-11,4,0
Raw,sub-02,2,sub-02_ses-2_epoch-11,5,0
Raw,sub-02,2,sub-02_ses-2_epoch-11,6,0
Raw,sub-02,2,sub-02_ses-2_epoch-11,7,0
Raw,sub-02,2,sub-02_ses-2_epoch-12,0,1
Raw,sub-02,2,sub-02_ses-2_epoch-12,1,1
Raw,sub-02,2,sub-02_ses-2_epoch-12,2,1
Raw,sub-02,2,sub-02_ses-2_epoch-12,3,1
Raw,sub-02,2,sub-02_ses-2_epoch-12,4,1
Raw,sub-02,2,sub-02_ses-2_epoch-12,5,1
Raw,sub-02,2,sub-02_ses-2_epoch-12,6,1
Raw,sub-02,2,sub-02_ses-2_epoch-13,0,0
Raw,sub-02,2,sub-02_ses-2_epoch-13,1,0
Raw,sub-02,2,sub-02_ses-2_epoch-13,2,0
Raw,sub-02,2,sub-02_ses-2_epoch-13,3,0
Raw,sub-02,2,sub-02_ses-2_epoch-13,4,0
Raw,sub-02,2,sub-02_ses-2_epoch-13,5,0
Raw,sub-02,2,sub-02_ses-2_epoch-13,6,0
Raw,sub-02,2,sub-02_ses-2_epoch-13,7,0
Raw,sub-02,2,sub-02_ses-2_epoch-14,0,1
Raw,sub-02,2,sub-02_ses-2_epoch-14,1,1
Raw,sub-02,2,sub-02_ses-2_epoch-14,2,1
Raw,sub-02,2,sub-02_ses-2_epoch-14,3,1
Raw,sub-02,2,sub-02_ses-2_epoch-14,4,1
Raw,sub-02,2,sub-02_ses-2_epoch-14,5,1
Raw,sub-02,2,sub-02_ses-2_epoch-14,6,1
Raw,sub-02,2,sub-02_ses-2_epoch-15,0,0
Raw,sub-02,2,sub-02_ses-2_epoch-15,1,0
Raw,sub-02,2,sub-02_ses-2_epoch-15,2,0
Raw,sub-02,2,sub-02_ses-2_epoch-15,3,0
Raw,sub-02,2,sub-02_ses-2_epoch-15,4,0
Raw,sub-02,2,sub-02_ses-2_epoch-15,5,0
Raw,sub-02,2,sub-02_ses-2_epoch-15,6,0
Raw,sub-02,2,sub-02_ses-2_epoch-15,7,0
Raw,sub-02,2,sub-02_ses-2_epoch-16,0,1
Raw,sub-02,2,sub-02_ses-2_epoch-16,1,1
Raw,sub-02,2,sub-02_ses-2_epoch-16,2,1
Raw,sub-02,2,sub-02_ses-2_epoch-16,3,1
Raw,sub-02,2,sub-02_ses-2_epoch-16,4,1
Raw,sub-02,2,sub-02_ses-2_epoch-16,5,1
Raw,sub-02,2,sub-02_ses-2_epoch-16,6,1
Raw,sub-02,2,sub-02_ses-2_epoch-17,0,0
Raw,sub-02,2,sub-02_ses-2_epoch-17,1,0
Raw,sub-02,2,sub-02_ses-2_epoch-17,2,0
Raw,sub-02,2,sub-02_ses-2_epoch-17,3,0
Raw,sub-02,2,sub-02_ses-2_epoch-17,4,0
Raw,sub-02,2,sub-02_ses-2_epoch-17,5,0
Raw,sub-02,2,sub-02_ses-2_epoch-17,6,0
Raw,sub-02,2,sub-02_ses-2_epoch-17,7,0
Raw,sub-02,2,sub-02_ses-2_epoch-18,0,1
Raw,sub-02,2,sub-02_ses-2_epoch-18,1,1
Raw,sub-02,2,sub-02_ses-2_epoch-18,2,1
Raw,sub-02,2,sub-02_ses-2_epoch-18,3,1
Raw,sub-02,2,sub-02_ses-2_epoch-18,4,1
Raw,sub-02,2,sub-02_ses-2_epoch-18,5,1
Raw,sub-02,2,sub-02_ses-2_epoch-18,6,1
Raw,sub-02,2,sub-02_ses-2_epoch-19,0,0
Raw,sub-02,2,sub-02_ses-2_epoch-19,1,0
Raw,sub-02,2,sub-02_ses-2_epoch-19,2,0
Raw,sub-02,2,sub-02_ses-2_epoch-19,3,0
Raw,sub-02,2,sub-02_ses-2_epoch-19,4,0
Raw,sub-02,2,sub-02_ses-2_epoch-19,5,0
Raw,sub-02,2,sub-02_ses-2_epoch-19,6,0
Raw,sub-02,2,sub-02_ses-2_epoch-19,7,0
Raw,sub-02,2,sub-02_ses-2_epoch-20,0,1
Raw,sub-02,2,sub-02_ses-2_epoch-20,1,1
Raw,sub-02,2,sub-02_ses-2_epoch-20,2,1
Raw,sub-02,2,sub-02_ses-2_epoch-20,3,1
Raw,sub-02,2,sub-02_ses-2_epoch-20,4,1
Raw,sub-02,2,sub-02_ses-2_epoch-20,5,1
Raw,sub-02,2,sub-02_ses-2_epoch-20,6,1
Raw,sub-02,2,sub-02_ses-2_epoch-21,0,0
Raw,sub-02,2,sub-02_ses-2_epoch-21,1,0
Raw,sub-02,2,sub-02_ses-2_epoch-21,2,0
Raw,sub-02,2,sub-02_ses-2_epoch-21,3,0
Raw,sub-02,2,sub-02_ses-2_epoch-21,4,0
Raw,sub-02,2,sub-02_ses-2_epoch-21,5,0
Raw,sub-02,2,sub-02_ses-2_epoch-21,6,0
Raw,sub-02,2,sub-02_ses-2_epoch-21,7,0
Raw,sub-02,2,sub-02_ses-2_epoch-22,0,1
Raw,sub-02,2,sub-02_ses-2_epoch-22,1,1
Raw,sub-02,2,sub-02_ses-2_epoch-22,2,1
Raw,sub-02,2,sub-02_ses-2_epoch-22,3,1
Raw,sub-02,2,sub-02_ses-2_epoch-22,4,1
Raw,sub-02,2,sub-02_ses-2_epoch-22,5,1
Raw,sub-02,2,sub-02_ses-2_epoch-22,6,1
Raw,sub-02,2,sub-02_ses-2_epoch-23,0,0
Raw,sub-02,2,sub-02_ses-2_epoch-23,1,0
Raw,sub-02,2,sub-02_ses-2_epoch-23,2,0
Raw,sub-02,2,sub-02_ses-2_epoch-23,3,0
Raw,sub-02,2,sub-02_ses-2_epoch-23,4,0
Raw,sub-02,2,sub-02_ses-2_epoch-23,5,0
Raw,sub-02,2,sub-02_ses-2_epoch-23,6,0
Raw,sub-02,2,sub-02_ses-2_epoch-23,7,0
Raw,sub-02,2,sub-02_ses-2_epoch-24,0,1
Raw,sub-02,2,sub-02_ses-2_epoch-24,1,1
Raw,sub-02,2,sub-02_ses-2_epoch-24,2,1
Raw,sub-02,2,sub-02_ses-2_epoch-24,3,1
Raw,sub-02,2,sub-02_ses-2_epoch-24,4,1
Raw,sub-02,2,sub-02_ses-2_epoch-24,5,1
Raw,sub-02,2,sub-02_ses-2_epoch-24,6,1
Raw,sub-02,2,sub-02_ses-2_epoch-25,0,0
Raw,sub-02,2,sub-02_ses-2_epoch-25,1,0
Raw,sub-02,2,sub-02_ses-2_epoch-25,2,0
Raw,sub-02,2,sub-02_ses-2_epoch-25,3,0
Raw,sub-02,2,sub-02_ses-2_epoch-25,4,0
Raw,sub-02,2,sub-02_ses-2_epoch-25,5,0
Raw,sub-02,2,sub-02_ses-2_epoch-25,6,0
Raw,sub-02,2,sub-02_ses-2_epoch-25,7,0
Raw,sub-02,2,sub-02_ses-2_epoch-26,0,1
Raw,sub-02,2,sub-02_ses-2_epoch-26,1,1
Raw,sub-02,2,sub-02_ses-2_epoch-26,2,1
Raw,sub-02,2,sub-02_ses-2_epoch-26,3,1
Raw,sub-02,2,sub-02_ses-2_epoch-26,4,1
Raw,sub-02,2,sub-02_ses-2_epoch-26,5,1
Raw,sub-02,2,sub-02_ses-2_epoch-26,6,1
Raw,sub-02,2,sub-02_ses-2_epoch-27,0,0
Raw,sub-02,2,sub-02_ses-2_epoch-27,1,0
Raw,sub-02,2,sub-02_ses-2_epoch-27,2,0
Raw,sub-02,2,sub-02_ses-2_epoch-27,3,0
Raw,sub-02,2,sub-02_ses-2_epoch-27,4,0
Raw,sub-02,2,sub-02_ses-2_epoch-27,5,0
Raw,sub-02,2,sub-02_ses-2_epoch-27,6,0
Raw,sub-02,2,sub-02_ses-2_epoch-27,7,0
Raw,sub-02,2,sub-02_ses-2_epoch-28,0,0
Raw,sub-02,2,sub-02_ses-2_epoch-28,1,0
Raw,sub-02,2,sub-02_ses-2_epoch-28,2,0
Raw,sub-02,2,sub-02_ses-2_epoch-28,3,0
Raw,sub-02,2,sub-02_ses-2_epoch-28,4,0
Raw,sub-02,2,sub-02_ses-2_epoch-28,5,0
Raw,sub-02,2,sub-02_ses-2_epoch-28,6,0
Raw,sub-02,2,sub-02_ses-2_epoch-28,7,0
ICA-cleaned,sub-02,2,sub-02_ses-2_epoch-1,0,0
ICA-cleaned,sub-02,2,sub-02_ses-2_epoch-1,1,0
ICA-cleaned,sub-02,2,sub-02_ses-2_epoch-1,2,0
ICA-cleaned,sub-02,2,sub-02_ses-2_epoch-1,3,0
ICA-cleaned,sub-02,2,sub-02_ses-2_epoch-1,4,0
ICA-cleaned,sub-02,2,sub-02_ses-2_epoch-1,5,0
ICA-cleaned,sub-02,2,sub-02_ses-2_epoch-1,6,0
ICA-cleaned,sub-02,2,sub-02_ses-2_epoch-1,7,0
ICA-cleaned,sub-02,2,sub-02_ses-2_epoch-2,0,0
ICA-cleaned,sub-02,2,sub-02_ses-2_epoch-2,1,0
ICA-cleaned,sub-02,2,sub-02_ses-2_epoch-2,2,0
ICA-cleaned,sub-02,2,sub-02_ses-2_epoch-2,3,0
ICA-cleaned,sub-02,2,sub-02_ses-2_epoch-2,4,0
ICA-cleaned,sub-02,2,sub-02_ses-2_epoch-2,5,0
ICA-cleaned,sub-02,2,sub-02_ses-2_epoch-2,6,0
ICA-cleaned,sub-02,2,sub-02_ses-2_epoch-2,7,0
ICA-cleaned,sub-02,2,sub-02_ses-2_epoch-3,0,0
ICA-cleaned,sub-02,2,sub-02_ses-2_epoch-3,1,0
ICA-cleaned,sub-02,2,sub-02_ses-2_epoch-3,2,0
ICA-cleaned,sub-02,2,sub-02_ses-2_epoch-3,3,0
ICA-cleaned,sub-02,2,sub-02_ses-2_epoch-3,4,0
ICA-cleaned,sub-02,2,sub-02_ses-2_epoch-3,5,0
ICA-cleaned,sub-02,2,sub-02_ses-2_epoch-3,6,0
ICA-cleaned,sub-02,2,sub-02_ses-2_epoch-3,7,0
ICA-cleaned,sub-02,2,sub-02_ses-2_epoch-4,0,0
ICA-cleaned,sub-02,2,sub-02_ses-2_epoch-4,1,0
ICA-cleaned,sub-02,2,sub-02_ses-2_epoch-4,2,0
ICA-cleaned,sub-02,2,sub-02_ses-2_epoch-4,3,0
ICA-cleaned,sub-02,2,sub-02_ses-2_epoch-4,4,0
ICA-cleaned,sub-02,2,sub-02_ses-2_epoch-4,5,0
ICA-cleaned,sub-02,2,sub-02_ses-2_epoch-4,6,0
ICA-cleaned,sub-02,2,sub-02_ses-2_epoch-4,7,0
ICA-cleaned,sub-02,2,sub-02_ses-2_epoch-5,0,1
ICA-cleaned,sub-02,2,sub-02_ses-2_epoch-5,1,1
ICA-cleaned,sub-02,2,sub-02_ses-2_epoch-5,2,1
ICA-cleaned,sub-02,2,sub-02_ses-2_epoch-5,3,1
ICA-cleaned,sub-02,2,sub-02_ses-2_epoch-5,4,1
ICA-cleaned,sub-02,2,sub-02_ses-2_epoch-5,5,1
ICA-cleaned,sub-02,2,sub-02_ses-2_epoch-5,6,1
ICA-cleaned,sub-02,2,sub-02_ses-2_epoch-6,0,0
ICA-cleaned,sub-02,2,sub-02_ses-2_epoch-6,1,0
ICA-cleaned,sub-02,2,sub-02_ses-2_epoch-6,2,0
ICA-cleaned,sub-02,2,sub-02_ses-2_epoch-6,3,0
ICA-cleaned,sub-02,2,sub-02_ses-2_epoch-6,4,0
ICA-cleaned,sub-02,2,sub-02_ses-2_epoch-6,5,0
ICA-cleaned,sub-02,2,sub-02_ses-2_epoch-6,6,0
ICA-cleaned,sub-02,2,sub-02_ses-2_epoch-6,7,0
ICA-cleaned,sub-02,2,sub-02_ses-2_epoch-7,0,1
ICA-cleaned,sub-02,2,sub-02_ses-2_epoch-7,1,1
ICA-cleaned,sub-02,2,sub-02_ses-2_epoch-7,2,1
ICA-cleaned,sub-02,2,sub-02_ses-2_epoch-7,3,1
ICA-cleaned,sub-02,2,sub-02_ses-2_epoch-7,4,1
ICA-cleaned,sub-02,2,sub-02_ses-2_epoch-7,5,1
ICA-cleaned,sub-02,2,sub-02_ses-2_epoch-7,6,1
ICA-cleaned,sub-02,2,sub-02_ses-2_epoch-8,0,0
ICA-cleaned,sub-02,2,sub-02_ses-2_epoch-8,1,0
ICA-cleaned,sub-02,2,sub-02_ses-2_epoch-8,2,0
ICA-cleaned,sub-02,2,sub-02_ses-2_epoch-8,3,0
ICA-cleaned,sub-02,2,sub-02_ses-2_epoch-8,4,0
ICA-cleaned,sub-02,2,sub-02_ses-2_epoch-8,5,0
ICA-cleaned,sub-02,2,sub-02_ses-2_epoch-8,6,0
ICA-cleaned,sub-02,2,sub-02_ses-2_epoch-8,7,0
ICA-cleaned,sub-02,2,sub-02_ses-2_epoch-9,0,1
ICA-cleaned,sub-02,2,sub-02_ses-2_epoch-9,1,1
ICA-cleaned,sub-02,2,sub-02_ses-2_epoch-9,2,1
ICA-cleaned,sub-02,2,sub-02_ses-2_epoch-9,3,1
ICA-cleaned,sub-02,2,sub-02_ses-2_epoch-9,4,1
ICA-cleaned,sub-02,2,sub-02_ses-2_epoch-9,5,1
ICA-cleaned,sub-02,2,sub-02_ses-2_epoch-9,6,1
ICA-cleaned,sub-02,2,sub-02_ses-2_epoch-10,0,0
ICA-cleaned,sub-02,2,sub-02_ses-2_epoch-10,1,0
ICA-cleaned,sub-02,2,sub-02_ses-2_epoch-10,2,0
ICA-cleaned,sub-02,2,sub-02_ses-2_epoch-10,3,0
ICA-cleaned,sub-02,2,sub-02_ses-2_epoch-10,4,0
ICA-cleaned,sub-02,2,sub-02_ses-2_epoch-10,5,0
ICA-cleaned,sub-02,2,sub-02_ses-2_epoch-10,6,0
ICA-cleaned,sub-02,2,sub-02_ses-2_epoch-10,7,0
ICA-cleaned,sub-02,2,sub-02_ses-2_epoch-11,0,0
ICA-cleaned,sub-02,2,sub-02_ses-2_epoch-11,1,0
ICA-cleaned,sub-02,2,sub-02_ses-2_epoch-11,2,0
ICA-cleaned,sub-02,2,sub-02_ses-2_epoch-11,3,0
ICA-cleaned,sub-02,2,sub-02_ses-2_epoch-11,4,0
ICA-cleaned,sub-02,2,sub-02_ses-2_epoch-11,5,0
ICA-cleaned,sub-02,2,sub-02_ses-2_epoch-11,6,0
ICA-cleaned,sub-02,2,sub-02_ses-2_epoch-11,7,0
ICA-cleaned,sub-02,2,sub-02_ses-2_epoch-12,0,1
ICA-cleaned,sub-02,2,sub-02_ses-2_epoch-12,1,1
ICA-cleaned,sub-02,2,sub-02_ses-2_epoch-12,2,1
ICA-cleaned,sub-02,2,sub-02_ses-2_epoch-12,3,1
ICA-cleaned,sub-02,2,sub-02_ses-2_epoch-12,4,1
ICA-cleaned,sub-02,2,sub-02_ses-2_epoch-12,5,1
ICA-cleaned,sub-02,2,sub-02_ses-2_epoch-12,6,1
ICA-cleaned,sub-02,2,sub-02_ses-2_epoch-13,0,0
ICA-cleaned,sub-02,2,sub-02_ses-2_epoch-13,1,0
ICA-cleaned,sub-02,2,sub-02_ses-2_epoch-13,2,0
ICA-cleaned,sub-02,2,sub-02_ses-2_epoch-13,3,0
ICA-cleaned,sub-02,2,sub-02_ses-2_epoch-13,4,0
ICA-cleaned,sub-02,2,sub-02_ses-2_epoch-13,5,0
ICA-cleaned,sub-02,2,sub-02_ses-2_epoch-13,6,0
ICA-cleaned,sub-02,2,sub-02_ses-2_epoch-13,7,0
ICA-cleaned,sub-02,2,sub-02_ses-2_epoch-14,0,1
ICA-cleaned,sub-02,2,sub-02_ses-2_epoch-14,1,1
ICA-cleaned,sub-02,2,sub-02_ses-2_epoch-14,2,1
ICA-cleaned,sub-02,2,sub-02_ses-2_epoch-14,3,1
ICA-cleaned,sub-02,2,sub-02_ses-2_epoch-14,4,1
ICA-cleaned,sub-02,2,sub-02_ses-2_epoch-14,5,1
ICA-cleaned,sub-02,2,sub-02_ses-2_epoch-14,6,1
ICA-cleaned,sub-02,2,sub-02_ses-2_epoch-15,0,0
ICA-cleaned,sub-02,2,sub-02_ses-2_epoch-15,1,0
ICA-cleaned,sub-02,2,sub-02_ses-2_epoch-15,2,0
ICA-cleaned,sub-02,2,sub-02_ses-2_epoch-15,3,0
ICA-cleaned,sub-02,2,sub-02_ses-2_epoch-15,4,0
ICA-cleaned,sub-02,2,sub-02_ses-2_epoch-15,5,0
ICA-cleaned,sub-02,2,sub-02_ses-2_epoch-15,6,0
ICA-cleaned,sub-02,2,sub-02_ses-2_epoch-15,7,0
ICA-cleaned,sub-02,2,sub-02_ses-2_epoch-16,0,1
ICA-cleaned,sub-02,2,sub-02_ses-2_epoch-16,1,1
ICA-cleaned,sub-02,2,sub-02_ses-2_epoch-16,2,1
ICA-cleaned,sub-02,2,sub-02_ses-2_epoch-16,3,1
ICA-cleaned,sub-02,2,sub-02_ses-2_epoch-16,4,1
ICA-cleaned,sub-02,2,sub-02_ses-2_epoch-16,5,1
ICA-cleaned,sub-02,2,sub-02_ses-2_epoch-16,6,1
ICA-cleaned,sub-02,2,sub-02_ses-2_epoch-17,0,0
ICA-cleaned,sub-02,2,sub-02_ses-2_epoch-17,1,0
ICA-cleaned,sub-02,2,sub-02_ses-2_epoch-17,2,0
ICA-cleaned,sub-02,2,sub-02_ses-2_epoch-17,3,0
ICA-cleaned,sub-02,2,sub-02_ses-2_epoch-17,4,0
ICA-cleaned,sub-02,2,sub-02_ses-2_epoch-17,5,0
ICA-cleaned,sub-02,2,sub-02_ses-2_epoch-17,6,0
ICA-cleaned,sub-02,2,sub-02_ses-2_epoch-17,7,0
ICA-cleaned,sub-02,2,sub-02_ses-2_epoch-18,0,1
ICA-cleaned,sub-02,2,sub-02_ses-2_epoch-18,1,1
ICA-cleaned,sub-02,2,sub-02_ses-2_epoch-18,2,1
ICA-cleaned,sub-02,2,sub-02_ses-2_epoch-18,3,1
ICA-cleaned,sub-02,2,sub-02_ses-2_epoch-18,4,1
ICA-cleaned,sub-02,2,sub-02_ses-2_epoch-18,5,1
ICA-cleaned,sub-02,2,sub-02_ses-2_epoch-18,6,1
ICA-cleaned,sub-02,2,sub-02_ses-2_epoch-19,0,0
ICA-cleaned,sub-02,2,sub-02_ses-2_epoch-19,1,0
ICA-cleaned,sub-02,2,sub-02_ses-2_epoch-19,2,0
ICA-cleaned,sub-02,2,sub-02_ses-2_epoch-19,3,0
ICA-cleaned,sub-02,2,sub-02_ses-2_epoch-19,4,0
ICA-cleaned,sub-02,2,sub-02_ses-2_epoch-19,5,0
ICA-cleaned,sub-02,2,sub-02_ses-2_epoch-19,6,0
ICA-cleaned,sub-02,2,sub-02_ses-2_epoch-19,7,0
ICA-cleaned,sub-02,2,sub-02_ses-2_epoch-20,0,1
ICA-cleaned,sub-02,2,sub-02_ses-2_epoch-20,1,1
ICA-cleaned,sub-02,2,sub-02_ses-2_epoch-20,2,1
ICA-cleaned,sub-02,2,sub-02_ses-2_epoch-20,3,1
ICA-cleaned,sub-02,2,sub-02_ses-2_epoch-20,4,1
ICA-cleaned,sub-02,2,sub-02_ses-2_epoch-20,5,1
ICA-cleaned,sub-02,2,sub-02_ses-2_epoch-20,6,1
ICA-cleaned,sub-02,2,sub-02_ses-2_epoch-21,0,0
ICA-cleaned,sub-02,2,sub-02_ses-2_epoch-21,1,0
ICA-cleaned,sub-02,2,sub-02_ses-2_epoch-21,2,0
ICA-cleaned,sub-02,2,sub-02_ses-2_epoch-21,3,0
ICA-cleaned,sub-02,2,sub-02_ses-2_epoch-21,4,0
ICA-cleaned,sub-02,2,sub-02_ses-2_epoch-21,5,0
ICA-cleaned,sub-02,2,sub-02_ses-2_epoch-21,6,0
ICA-cleaned,sub-02,2,sub-02_ses-2_epoch-21,7,0
ICA-cleaned,sub-02,2,sub-02_ses-2_epoch-22,0,1
ICA-cleaned,sub-02,2,sub-02_ses-2_epoch-22,1,1
ICA-cleaned,sub-02,2,sub-02_ses-2_epoch-22,2,1
ICA-cleaned,sub-02,2,sub-02_ses-2_epoch-22,3,1
ICA-cleaned,sub-02,2,sub-02_ses-2_epoch-22,4,1
ICA-cleaned,sub-02,2,sub-02_ses-2_epoch-22,5,1
ICA-cleaned,sub-02,2,sub-02_ses-2_epoch-22,6,1
ICA-cleaned,sub-02,2,sub-02_ses-2_epoch-23,0,0
ICA-cleaned,sub-02,2,sub-02_ses-2_epoch-23,1,0
ICA-cleaned,sub-02,2,sub-02_ses-2_epoch-23,2,0
ICA-cleaned,sub-02,2,sub-02_ses-2_epoch-23,3,0
ICA-cleaned,sub-02,2,sub-02_ses-2_epoch-23,4,0
ICA-cleaned,sub-02,2,sub-02_ses-2_epoch-23,5,0
ICA-cleaned,sub-02,2,sub-02_ses-2_epoch-23,6,0
ICA-cleaned,sub-02,2,sub-02_ses-2_epoch-23,7,0
ICA-cleaned,sub-02,2,sub-02_ses-2_epoch-24,0,1
ICA-cleaned,sub-02,2,sub-02_ses-2_epoch-24,1,1
ICA-cleaned,sub-02,2,sub-02_ses-2_epoch-24,2,1
ICA-cleaned,sub-02,2,sub-02_ses-2_epoch-24,3,1
ICA-cleaned,sub-02,2,sub-02_ses-2_epoch-24,4,1
ICA-cleaned,sub-02,2,sub-02_ses-2_epoch-24,5,1
ICA-cleaned,sub-02,2,sub-02_ses-2_epoch-24,6,1
ICA-cleaned,sub-02,2,sub-02_ses-2_epoch-25,0,0
ICA-cleaned,sub-02,2,sub-02_ses-2_epoch-25,1,0
ICA-cleaned,sub-02,2,sub-02_ses-2_epoch-25,2,0
ICA-cleaned,sub-02,2,sub-02_ses-2_epoch-25,3,0
ICA-cleaned,sub-02,2,sub-02_ses-2_epoch-25,4,0
ICA-cleaned,sub-02,2,sub-02_ses-2_epoch-25,5,0
ICA-cleaned,sub-02,2,sub-02_ses-2_epoch-25,6,0
ICA-cleaned,sub-02,2,sub-02_ses-2_epoch-25,7,0
ICA-cleaned,sub-02,2,sub-02_ses-2_epoch-26,0,1
ICA-cleaned,sub-02,2,sub-02_ses-2_epoch-26,1,1
ICA-cleaned,sub-02,2,sub-02_ses-2_epoch-26,2,1
ICA-cleaned,sub-02,2,sub-02_ses-2_epoch-26,3,1
ICA-cleaned,sub-02,2,sub-02_ses-2_epoch-26,4,1
ICA-cleaned,sub-02,2,sub-02_ses-2_epoch-26,5,1
ICA-cleaned,sub-02,2,sub-02_ses-2_epoch-26,6,1
ICA-cleaned,sub-02,2,sub-02_ses-2_epoch-27,0,0
ICA-cleaned,sub-02,2,sub-02_ses-2_epoch-27,1,0
ICA-cleaned,sub-02,2,sub-02_ses-2_epoch-27,2,0
ICA-cleaned,sub-02,2,sub-02_ses-2_epoch-27,3,0
ICA-cleaned,sub-02,2,sub-02_ses-2_epoch-27,4,0
ICA-cleaned,sub-02,2,sub-02_ses-2_epoch-27,5,0
ICA-cleaned,sub-02,2,sub-02_ses-2_epoch-27,6,0
ICA-cleaned,sub-02,2,sub-02_ses-2_epoch-27,7,0
ICA-cleaned,sub-02,2,sub-02_ses-2_epoch-28,0,0
ICA-cleaned,sub-02,2,sub-02_ses-2_epoch-28,1,0
ICA-cleaned,sub-02,2,sub-02_ses-2_epoch-28,2,0
ICA-cleaned,sub-02,2,sub-02_ses-2_epoch-28,3,0
ICA-cleaned,sub-02,2,sub-02_ses-2_epoch-28,4,0
ICA-cleaned,sub-02,2,sub-02_ses-2_epoch-28,5,0
ICA-cleaned,sub-02,2,sub-02_ses-2_epoch-28,6,0
ICA-cleaned,sub-02,2,sub-02_ses-2_epoch-28,7,0
Raw,sub-02,3,sub-02_ses-3_epoch-1,0,0
Raw,sub-02,3,sub-02_ses-3_epoch-1,1,0
Raw,sub-02,3,sub-02_ses-3_epoch-1,2,0
Raw,sub-02,3,sub-02_ses-3_epoch-1,3,0
Raw,sub-02,3,sub-02_ses-3_epoch-1,4,0
Raw,sub-02,3,sub-02_ses-3_epoch-1,5,0
Raw,sub-02,3,sub-02_ses-3_epoch-1,6,0
Raw,sub-02,3,sub-02_ses-3_epoch-1,7,0
Raw,sub-02,3,sub-02_ses-3_epoch-2,0,0
Raw,sub-02,3,sub-02_ses-3_epoch-2,1,0
Raw,sub-02,3,sub-02_ses-3_epoch-2,2,0
Raw,sub-02,3,sub-02_ses-3_epoch-2,3,0
Raw,sub-02,3,sub-02_ses-3_epoch-2,4,0
Raw,sub-02,3,sub-02_ses-3_epoch-2,5,0
Raw,sub-02,3,sub-02_ses-3_epoch-2,6,0
Raw,sub-02,3,sub-02_ses-3_epoch-2,7,0
Raw,sub-02,3,sub-02_ses-3_epoch-3,0,0
Raw,sub-02,3,sub-02_ses-3_epoch-3,1,0
Raw,sub-02,3,sub-02_ses-3_epoch-3,2,0
Raw,sub-02,3,sub-02_ses-3_epoch-3,3,0
Raw,sub-02,3,sub-02_ses-3_epoch-3,4,0
Raw,sub-02,3,sub-02_ses-3_epoch-3,5,0
Raw,sub-02,3,sub-02_ses-3_epoch-3,6,0
Raw,sub-02,3,sub-02_ses-3_epoch-3,7,0
Raw,sub-02,3,sub-02_ses-3_epoch-4,0,0
Raw,sub-02,3,sub-02_ses-3_epoch-4,1,0
Raw,sub-02,3,sub-02_ses-3_epoch-4,2,0
Raw,sub-02,3,sub-02_ses-3_epoch-4,3,0
Raw,sub-02,3,sub-02_ses-3_epoch-4,4,0
Raw,sub-02,3,sub-02_ses-3_epoch-4,5,0
Raw,sub-02,3,sub-02_ses-3_epoch-4,6,0
Raw,sub-02,3,sub-02_ses-3_epoch-4,7,0
Raw,sub-02,3,sub-02_ses-3_epoch-5,0,1
Raw,sub-02,3,sub-02_ses-3_epoch-5,1,1
Raw,sub-02,3,sub-02_ses-3_epoch-5,2,1
Raw,sub-02,3,sub-02_ses-3_epoch-5,3,1
Raw,sub-02,3,sub-02_ses-3_epoch-5,4,1
Raw,sub-02,3,sub-02_ses-3_epoch-5,5,1
Raw,sub-02,3,sub-02_ses-3_epoch-5,6,1
Raw,sub-02,3,sub-02_ses-3_epoch-6,0,0
Raw,sub-02,3,sub-02_ses-3_epoch-6,1,0
Raw,sub-02,3,sub-02_ses-3_epoch-6,2,0
Raw,sub-02,3,sub-02_ses-3_epoch-6,3,0
Raw,sub-02,3,sub-02_ses-3_epoch-6,4,0
Raw,sub-02,3,sub-02_ses-3_epoch-6,5,0
Raw,sub-02,3,sub-02_ses-3_epoch-6,6,0
Raw,sub-02,3,sub-02_ses-3_epoch-6,7,0
Raw,sub-02,3,sub-02_ses-3_epoch-7,0,1
Raw,sub-02,3,sub-02_ses-3_epoch-7,1,1
Raw,sub-02,3,sub-02_ses-3_epoch-7,2,1
Raw,sub-02,3,sub-02_ses-3_epoch-7,3,1
Raw,sub-02,3,sub-02_ses-3_epoch-7,4,1
Raw,sub-02,3,sub-02_ses-3_epoch-7,5,1
Raw,sub-02,3,sub-02_ses-3_epoch-7,6,1
Raw,sub-02,3,sub-02_ses-3_epoch-8,0,0
Raw,sub-02,3,sub-02_ses-3_epoch-8,1,0
Raw,sub-02,3,sub-02_ses-3_epoch-8,2,0
Raw,sub-02,3,sub-02_ses-3_epoch-8,3,0
Raw,sub-02,3,sub-02_ses-3_epoch-8,4,0
Raw,sub-02,3,sub-02_ses-3_epoch-8,5,0
Raw,sub-02,3,sub-02_ses-3_epoch-8,6,0
Raw,sub-02,3,sub-02_ses-3_epoch-8,7,0
Raw,sub-02,3,sub-02_ses-3_epoch-9,0,1
Raw,sub-02,3,sub-02_ses-3_epoch-9,1,1
Raw,sub-02,3,sub-02_ses-3_epoch-9,2,1
Raw,sub-02,3,sub-02_ses-3_epoch-9,3,1
Raw,sub-02,3,sub-02_ses-3_epoch-9,4,1
Raw,sub-02,3,sub-02_ses-3_epoch-9,5,1
Raw,sub-02,3,sub-02_ses-3_epoch-9,6,1
Raw,sub-02,3,sub-02_ses-3_epoch-10,0,0
Raw,sub-02,3,sub-02_ses-3_epoch-10,1,0
Raw,sub-02,3,sub-02_ses-3_epoch-10,2,0
Raw,sub-02,3,sub-02_ses-3_epoch-10,3,0
Raw,sub-02,3,sub-02_ses-3_epoch-10,4,0
Raw,sub-02,3,sub-02_ses-3_epoch-10,5,0
Raw,sub-02,3,sub-02_ses-3_epoch-10,6,0
Raw,sub-02,3,sub-02_ses-3_epoch-10,7,0
Raw,sub-02,3,sub-02_ses-3_epoch-11,0,1
Raw,sub-02,3,sub-02_ses-3_epoch-11,1,1
Raw,sub-02,3,sub-02_ses-3_epoch-11,2,1
Raw,sub-02,3,sub-02_ses-3_epoch-11,3,1
Raw,sub-02,3,sub-02_ses-3_epoch-11,4,1
Raw,sub-02,3,sub-02_ses-3_epoch-11,5,1
Raw,sub-02,3,sub-02_ses-3_epoch-11,6,1
Raw,sub-02,3,sub-02_ses-3_epoch-12,0,0
Raw,sub-02,3,sub-02_ses-3_epoch-12,1,0
Raw,sub-02,3,sub-02_ses-3_epoch-12,2,0
Raw,sub-02,3,sub-02_ses-3_epoch-12,3,0
Raw,sub-02,3,sub-02_ses-3_epoch-12,4,0
Raw,sub-02,3,sub-02_ses-3_epoch-12,5,0
Raw,sub-02,3,sub-02_ses-3_epoch-12,6,0
Raw,sub-02,3,sub-02_ses-3_epoch-12,7,0
Raw,sub-02,3,sub-02_ses-3_epoch-13,0,1
Raw,sub-02,3,sub-02_ses-3_epoch-13,1,1
Raw,sub-02,3,sub-02_ses-3_epoch-13,2,1
Raw,sub-02,3,sub-02_ses-3_epoch-13,3,1
Raw,sub-02,3,sub-02_ses-3_epoch-13,4,1
Raw,sub-02,3,sub-02_ses-3_epoch-13,5,1
Raw,sub-02,3,sub-02_ses-3_epoch-13,6,1
Raw,sub-02,3,sub-02_ses-3_epoch-14,0,0
Raw,sub-02,3,sub-02_ses-3_epoch-14,1,0
Raw,sub-02,3,sub-02_ses-3_epoch-14,2,0
Raw,sub-02,3,sub-02_ses-3_epoch-14,3,0
Raw,sub-02,3,sub-02_ses-3_epoch-14,4,0
Raw,sub-02,3,sub-02_ses-3_epoch-14,5,0
Raw,sub-02,3,sub-02_ses-3_epoch-14,6,0
Raw,sub-02,3,sub-02_ses-3_epoch-14,7,0
Raw,sub-02,3,sub-02_ses-3_epoch-15,0,1
Raw,sub-02,3,sub-02_ses-3_epoch-15,1,1
Raw,sub-02,3,sub-02_ses-3_epoch-15,2,1
Raw,sub-02,3,sub-02_ses-3_epoch-15,3,1
Raw,sub-02,3,sub-02_ses-3_epoch-15,4,1
Raw,sub-02,3,sub-02_ses-3_epoch-15,5,1
Raw,sub-02,3,sub-02_ses-3_epoch-15,6,1
Raw,sub-02,3,sub-02_ses-3_epoch-16,0,0
Raw,sub-02,3,sub-02_ses-3_epoch-16,1,0
Raw,sub-02,3,sub-02_ses-3_epoch-16,2,0
Raw,sub-02,3,sub-02_ses-3_epoch-16,3,0
Raw,sub-02,3,sub-02_ses-3_epoch-16,4,0
Raw,sub-02,3,sub-02_ses-3_epoch-16,5,0
Raw,sub-02,3,sub-02_ses-3_epoch-16,6,0
Raw,sub-02,3,sub-02_ses-3_epoch-16,7,0
Raw,sub-02,3,sub-02_ses-3_epoch-17,0,1
Raw,sub-02,3,sub-02_ses-3_epoch-17,1,1
Raw,sub-02,3,sub-02_ses-3_epoch-17,2,1
Raw,sub-02,3,sub-02_ses-3_epoch-17,3,1
Raw,sub-02,3,sub-02_ses-3_epoch-17,4,1
Raw,sub-02,3,sub-02_ses-3_epoch-17,5,1
Raw,sub-02,3,sub-02_ses-3_epoch-17,6,1
Raw,sub-02,3,sub-02_ses-3_epoch-18,0,0
Raw,sub-02,3,sub-02_ses-3_epoch-18,1,0
Raw,sub-02,3,sub-02_ses-3_epoch-18,2,0
Raw,sub-02,3,sub-02_ses-3_epoch-18,3,0
Raw,sub-02,3,sub-02_ses-3_epoch-18,4,0
Raw,sub-02,3,sub-02_ses-3_epoch-18,5,0
Raw,sub-02,3,sub-02_ses-3_epoch-18,6,0
Raw,sub-02,3,sub-02_ses-3_epoch-18,7,0
Raw,sub-02,3,sub-02_ses-3_epoch-19,0,1
Raw,sub-02,3,sub-02_ses-3_epoch-19,1,1
Raw,sub-02,3,sub-02_ses-3_epoch-19,2,1
Raw,sub-02,3,sub-02_ses-3_epoch-19,3,1
Raw,sub-02,3,sub-02_ses-3_epoch-19,4,1
Raw,sub-02,3,sub-02_ses-3_epoch-19,5,1
Raw,sub-02,3,sub-02_ses-3_epoch-19,6,1
Raw,sub-02,3,sub-02_ses-3_epoch-20,0,0
Raw,sub-02,3,sub-02_ses-3_epoch-20,1,0
Raw,sub-02,3,sub-02_ses-3_epoch-20,2,0
Raw,sub-02,3,sub-02_ses-3_epoch-20,3,0
Raw,sub-02,3,sub-02_ses-3_epoch-20,4,0
Raw,sub-02,3,sub-02_ses-3_epoch-20,5,0
Raw,sub-02,3,sub-02_ses-3_epoch-20,6,0
Raw,sub-02,3,sub-02_ses-3_epoch-20,7,0
Raw,sub-02,3,sub-02_ses-3_epoch-21,0,1
Raw,sub-02,3,sub-02_ses-3_epoch-21,1,1
Raw,sub-02,3,sub-02_ses-3_epoch-21,2,1
Raw,sub-02,3,sub-02_ses-3_epoch-21,3,1
Raw,sub-02,3,sub-02_ses-3_epoch-21,4,1
Raw,sub-02,3,sub-02_ses-3_epoch-21,5,1
Raw,sub-02,3,sub-02_ses-3_epoch-21,6,1
Raw,sub-02,3,sub-02_ses-3_epoch-22,0,0
Raw,sub-02,3,sub-02_ses-3_epoch-22,1,0
Raw,sub-02,3,sub-02_ses-3_epoch-22,2,0
Raw,sub-02,3,sub-02_ses-3_epoch-22,3,0
Raw,sub-02,3,sub-02_ses-3_epoch-22,4,0
Raw,sub-02,3,sub-02_ses-3_epoch-22,5,0
Raw,sub-02,3,sub-02_ses-3_epoch-22,6,0
Raw,sub-02,3,sub-02_ses-3_epoch-22,7,0
Raw,sub-02,3,sub-02_ses-3_epoch-23,0,1
Raw,sub-02,3,sub-02_ses-3_epoch-23,1,1
Raw,sub-02,3,sub-02_ses-3_epoch-23,2,1
Raw,sub-02,3,sub-02_ses-3_epoch-23,3,1
Raw,sub-02,3,sub-02_ses-3_epoch-23,4,1
Raw,sub-02,3,sub-02_ses-3_epoch-23,5,1
Raw,sub-02,3,sub-02_ses-3_epoch-23,6,1
Raw,sub-02,3,sub-02_ses-3_epoch-24,0,0
Raw,sub-02,3,sub-02_ses-3_epoch-24,1,0
Raw,sub-02,3,sub-02_ses-3_epoch-24,2,0
Raw,sub-02,3,sub-02_ses-3_epoch-24,3,0
Raw,sub-02,3,sub-02_ses-3_epoch-24,4,0
Raw,sub-02,3,sub-02_ses-3_epoch-24,5,0
Raw,sub-02,3,sub-02_ses-3_epoch-24,6,0
Raw,sub-02,3,sub-02_ses-3_epoch-24,7,0
Raw,sub-02,3,sub-02_ses-3_epoch-25,0,1
Raw,sub-02,3,sub-02_ses-3_epoch-25,1,1
Raw,sub-02,3,sub-02_ses-3_epoch-25,2,1
Raw,sub-02,3,sub-02_ses-3_epoch-25,3,1
Raw,sub-02,3,sub-02_ses-3_epoch-25,4,1
Raw,sub-02,3,sub-02_ses-3_epoch-25,5,1
Raw,sub-02,3,sub-02_ses-3_epoch-25,6,1
Raw,sub-02,3,sub-02_ses-3_epoch-26,0,0
Raw,sub-02,3,sub-02_ses-3_epoch-26,1,0
Raw,sub-02,3,sub-02_ses-3_epoch-26,2,0
Raw,sub-02,3,sub-02_ses-3_epoch-26,3,0
Raw,sub-02,3,sub-02_ses-3_epoch-26,4,0
Raw,sub-02,3,sub-02_ses-3_epoch-26,5,0
Raw,sub-02,3,sub-02_ses-3_epoch-26,6,0
Raw,sub-02,3,sub-02_ses-3_epoch-26,7,0
Raw,sub-02,3,sub-02_ses-3_epoch-27,0,1
Raw,sub-02,3,sub-02_ses-3_epoch-27,1,1
Raw,sub-02,3,sub-02_ses-3_epoch-27,2,1
Raw,sub-02,3,sub-02_ses-3_epoch-27,3,1
Raw,sub-02,3,sub-02_ses-3_epoch-27,4,1
Raw,sub-02,3,sub-02_ses-3_epoch-27,5,1
Raw,sub-02,3,sub-02_ses-3_epoch-27,6,1
Raw,sub-02,3,sub-02_ses-3_epoch-28,0,0
Raw,sub-02,3,sub-02_ses-3_epoch-28,1,0
Raw,sub-02,3,sub-02_ses-3_epoch-28,2,0
Raw,sub-02,3,sub-02_ses-3_epoch-28,3,0
Raw,sub-02,3,sub-02_ses-3_epoch-28,4,0
Raw,sub-02,3,sub-02_ses-3_epoch-28,5,0
Raw,sub-02,3,sub-02_ses-3_epoch-28,6,0
Raw,sub-02,3,sub-02_ses-3_epoch-28,7,0
Raw,sub-02,3,sub-02_ses-3_epoch-29,0,0
Raw,sub-02,3,sub-02_ses-3_epoch-29,1,0
Raw,sub-02,3,sub-02_ses-3_epoch-29,2,0
Raw,sub-02,3,sub-02_ses-3_epoch-29,3,0
Raw,sub-02,3,sub-02_ses-3_epoch-29,4,0
Raw,sub-02,3,sub-02_ses-3_epoch-29,5,0
Raw,sub-02,3,sub-02_ses-3_epoch-29,6,0
Raw,sub-02,3,sub-02_ses-3_epoch-29,7,0
Raw,sub-02,3,sub-02_ses-3_epoch-30,0,1
Raw,sub-02,3,sub-02_ses-3_epoch-30,1,1
Raw,sub-02,3,sub-02_ses-3_epoch-30,2,1
Raw,sub-02,3,sub-02_ses-3_epoch-30,3,1
Raw,sub-02,3,sub-02_ses-3_epoch-30,4,1
Raw,sub-02,3,sub-02_ses-3_epoch-30,5,1
Raw,sub-02,3,sub-02_ses-3_epoch-30,6,1
Raw,sub-02,3,sub-02_ses-3_epoch-31,0,0
Raw,sub-02,3,sub-02_ses-3_epoch-31,1,0
Raw,sub-02,3,sub-02_ses-3_epoch-31,2,0
Raw,sub-02,3,sub-02_ses-3_epoch-31,3,0
Raw,sub-02,3,sub-02_ses-3_epoch-31,4,0
Raw,sub-02,3,sub-02_ses-3_epoch-31,5,0
Raw,sub-02,3,sub-02_ses-3_epoch-31,6,0
Raw,sub-02,3,sub-02_ses-3_epoch-31,7,0
Raw,sub-02,3,sub-02_ses-3_epoch-32,0,1
Raw,sub-02,3,sub-02_ses-3_epoch-32,1,1
Raw,sub-02,3,sub-02_ses-3_epoch-32,2,1
Raw,sub-02,3,sub-02_ses-3_epoch-32,3,1
Raw,sub-02,3,sub-02_ses-3_epoch-32,4,1
Raw,sub-02,3,sub-02_ses-3_epoch-32,5,1
Raw,sub-02,3,sub-02_ses-3_epoch-32,6,1
Raw,sub-02,3,sub-02_ses-3_epoch-33,0,0
Raw,sub-02,3,sub-02_ses-3_epoch-33,1,0
Raw,sub-02,3,sub-02_ses-3_epoch-33,2,0
Raw,sub-02,3,sub-02_ses-3_epoch-33,3,0
Raw,sub-02,3,sub-02_ses-3_epoch-33,4,0
Raw,sub-02,3,sub-02_ses-3_epoch-33,5,0
Raw,sub-02,3,sub-02_ses-3_epoch-33,6,0
Raw,sub-02,3,sub-02_ses-3_epoch-33,7,0
Raw,sub-02,3,sub-02_ses-3_epoch-34,0,0
Raw,sub-02,3,sub-02_ses-3_epoch-34,1,0
Raw,sub-02,3,sub-02_ses-3_epoch-34,2,0
Raw,sub-02,3,sub-02_ses-3_epoch-34,3,0
Raw,sub-02,3,sub-02_ses-3_epoch-34,4,0
Raw,sub-02,3,sub-02_ses-3_epoch-34,5,0
Raw,sub-02,3,sub-02_ses-3_epoch-34,6,0
Raw,sub-02,3,sub-02_ses-3_epoch-34,7,0
ICA-cleaned,sub-02,3,sub-02_ses-3_epoch-1,0,0
ICA-cleaned,sub-02,3,sub-02_ses-3_epoch-1,1,0
ICA-cleaned,sub-02,3,sub-02_ses-3_epoch-1,2,0
ICA-cleaned,sub-02,3,sub-02_ses-3_epoch-1,3,0
ICA-cleaned,sub-02,3,sub-02_ses-3_epoch-1,4,0
ICA-cleaned,sub-02,3,sub-02_ses-3_epoch-1,5,0
ICA-cleaned,sub-02,3,sub-02_ses-3_epoch-1,6,0
ICA-cleaned,sub-02,3,sub-02_ses-3_epoch-1,7,0
ICA-cleaned,sub-02,3,sub-02_ses-3_epoch-2,0,0
ICA-cleaned,sub-02,3,sub-02_ses-3_epoch-2,1,0
ICA-cleaned,sub-02,3,sub-02_ses-3_epoch-2,2,0
ICA-cleaned,sub-02,3,sub-02_ses-3_epoch-2,3,0
ICA-cleaned,sub-02,3,sub-02_ses-3_epoch-2,4,0
ICA-cleaned,sub-02,3,sub-02_ses-3_epoch-2,5,0
ICA-cleaned,sub-02,3,sub-02_ses-3_epoch-2,6,0
ICA-cleaned,sub-02,3,sub-02_ses-3_epoch-2,7,0
ICA-cleaned,sub-02,3,sub-02_ses-3_epoch-3,0,0
ICA-cleaned,sub-02,3,sub-02_ses-3_epoch-3,1,0
ICA-cleaned,sub-02,3,sub-02_ses-3_epoch-3,2,0
ICA-cleaned,sub-02,3,sub-02_ses-3_epoch-3,3,0
ICA-cleaned,sub-02,3,sub-02_ses-3_epoch-3,4,0
ICA-cleaned,sub-02,3,sub-02_ses-3_epoch-3,5,0
ICA-cleaned,sub-02,3,sub-02_ses-3_epoch-3,6,0
ICA-cleaned,sub-02,3,sub-02_ses-3_epoch-3,7,0
ICA-cleaned,sub-02,3,sub-02_ses-3_epoch-4,0,0
ICA-cleaned,sub-02,3,sub-02_ses-3_epoch-4,1,0
ICA-cleaned,sub-02,3,sub-02_ses-3_epoch-4,2,0
ICA-cleaned,sub-02,3,sub-02_ses-3_epoch-4,3,0
ICA-cleaned,sub-02,3,sub-02_ses-3_epoch-4,4,0
ICA-cleaned,sub-02,3,sub-02_ses-3_epoch-4,5,0
ICA-cleaned,sub-02,3,sub-02_ses-3_epoch-4,6,0
ICA-cleaned,sub-02,3,sub-02_ses-3_epoch-4,7,0
ICA-cleaned,sub-02,3,sub-02_ses-3_epoch-5,0,1
ICA-cleaned,sub-02,3,sub-02_ses-3_epoch-5,1,1
ICA-cleaned,sub-02,3,sub-02_ses-3_epoch-5,2,1
ICA-cleaned,sub-02,3,sub-02_ses-3_epoch-5,3,1
ICA-cleaned,sub-02,3,sub-02_ses-3_epoch-5,4,1
ICA-cleaned,sub-02,3,sub-02_ses-3_epoch-5,5,1
ICA-cleaned,sub-02,3,sub-02_ses-3_epoch-5,6,1
ICA-cleaned,sub-02,3,sub-02_ses-3_epoch-6,0,0
ICA-cleaned,sub-02,3,sub-02_ses-3_epoch-6,1,0
ICA-cleaned,sub-02,3,sub-02_ses-3_epoch-6,2,0
ICA-cleaned,sub-02,3,sub-02_ses-3_epoch-6,3,0
ICA-cleaned,sub-02,3,sub-02_ses-3_epoch-6,4,0
ICA-cleaned,sub-02,3,sub-02_ses-3_epoch-6,5,0
ICA-cleaned,sub-02,3,sub-02_ses-3_epoch-6,6,0
ICA-cleaned,sub-02,3,sub-02_ses-3_epoch-6,7,0
ICA-cleaned,sub-02,3,sub-02_ses-3_epoch-7,0,1
ICA-cleaned,sub-02,3,sub-02_ses-3_epoch-7,1,1
ICA-cleaned,sub-02,3,sub-02_ses-3_epoch-7,2,1
ICA-cleaned,sub-02,3,sub-02_ses-3_epoch-7,3,1
ICA-cleaned,sub-02,3,sub-02_ses-3_epoch-7,4,1
ICA-cleaned,sub-02,3,sub-02_ses-3_epoch-7,5,1
ICA-cleaned,sub-02,3,sub-02_ses-3_epoch-7,6,1
ICA-cleaned,sub-02,3,sub-02_ses-3_epoch-8,0,0
ICA-cleaned,sub-02,3,sub-02_ses-3_epoch-8,1,0
ICA-cleaned,sub-02,3,sub-02_ses-3_epoch-8,2,0
ICA-cleaned,sub-02,3,sub-02_ses-3_epoch-8,3,0
ICA-cleaned,sub-02,3,sub-02_ses-3_epoch-8,4,0
ICA-cleaned,sub-02,3,sub-02_ses-3_epoch-8,5,0
ICA-cleaned,sub-02,3,sub-02_ses-3_epoch-8,6,0
ICA-cleaned,sub-02,3,sub-02_ses-3_epoch-8,7,0
ICA-cleaned,sub-02,3,sub-02_ses-3_epoch-9,0,1
ICA-cleaned,sub-02,3,sub-02_ses-3_epoch-9,1,1
ICA-cleaned,sub-02,3,sub-02_ses-3_epoch-9,2,1
ICA-cleaned,sub-02,3,sub-02_ses-3_epoch-9,3,1
ICA-cleaned,sub-02,3,sub-02_ses-3_epoch-9,4,1
ICA-cleaned,sub-02,3,sub-02_ses-3_epoch-9,5,1
ICA-cleaned,sub-02,3,sub-02_ses-3_epoch-9,6,1
ICA-cleaned,sub-02,3,sub-02_ses-3_epoch-10,0,0
ICA-cleaned,sub-02,3,sub-02_ses-3_epoch-10,1,0
ICA-cleaned,sub-02,3,sub-02_ses-3_epoch-10,2,0
ICA-cleaned,sub-02,3,sub-02_ses-3_epoch-10,3,0
ICA-cleaned,sub-02,3,sub-02_ses-3_epoch-10,4,0
ICA-cleaned,sub-02,3,sub-02_ses-3_epoch-10,5,0
ICA-cleaned,sub-02,3,sub-02_ses-3_epoch-10,6,0
ICA-cleaned,sub-02,3,sub-02_ses-3_epoch-10,7,0
ICA-cleaned,sub-02,3,sub-02_ses-3_epoch-11,0,1
ICA-cleaned,sub-02,3,sub-02_ses-3_epoch-11,1,1
ICA-cleaned,sub-02,3,sub-02_ses-3_epoch-11,2,1
ICA-cleaned,sub-02,3,sub-02_ses-3_epoch-11,3,1
ICA-cleaned,sub-02,3,sub-02_ses-3_epoch-11,4,1
ICA-cleaned,sub-02,3,sub-02_ses-3_epoch-11,5,1
ICA-cleaned,sub-02,3,sub-02_ses-3_epoch-11,6,1
ICA-cleaned,sub-02,3,sub-02_ses-3_epoch-12,0,0
ICA-cleaned,sub-02,3,sub-02_ses-3_epoch-12,1,0
ICA-cleaned,sub-02,3,sub-02_ses-3_epoch-12,2,0
ICA-cleaned,sub-02,3,sub-02_ses-3_epoch-12,3,0
ICA-cleaned,sub-02,3,sub-02_ses-3_epoch-12,4,0
ICA-cleaned,sub-02,3,sub-02_ses-3_epoch-12,5,0
ICA-cleaned,sub-02,3,sub-02_ses-3_epoch-12,6,0
ICA-cleaned,sub-02,3,sub-02_ses-3_epoch-12,7,0
ICA-cleaned,sub-02,3,sub-02_ses-3_epoch-13,0,1
ICA-cleaned,sub-02,3,sub-02_ses-3_epoch-13,1,1
ICA-cleaned,sub-02,3,sub-02_ses-3_epoch-13,2,1
ICA-cleaned,sub-02,3,sub-02_ses-3_epoch-13,3,1
ICA-cleaned,sub-02,3,sub-02_ses-3_epoch-13,4,1
ICA-cleaned,sub-02,3,sub-02_ses-3_epoch-13,5,1
ICA-cleaned,sub-02,3,sub-02_ses-3_epoch-13,6,1
ICA-cleaned,sub-02,3,sub-02_ses-3_epoch-14,0,0
ICA-cleaned,sub-02,3,sub-02_ses-3_epoch-14,1,0
ICA-cleaned,sub-02,3,sub-02_ses-3_epoch-14,2,0
ICA-cleaned,sub-02,3,sub-02_ses-3_epoch-14,3,0
ICA-cleaned,sub-02,3,sub-02_ses-3_epoch-14,4,0
ICA-cleaned,sub-02,3,sub-02_ses-3_epoch-14,5,0
ICA-cleaned,sub-02,3,sub-02_ses-3_epoch-14,6,0
ICA-cleaned,sub-02,3,sub-02_ses-3_epoch-14,7,0
ICA-cleaned,sub-02,3,sub-02_ses-3_epoch-15,0,1
ICA-cleaned,sub-02,3,sub-02_ses-3_epoch-15,1,1
ICA-cleaned,sub-02,3,sub-02_ses-3_epoch-15,2,1
ICA-cleaned,sub-02,3,sub-02_ses-3_epoch-15,3,1
ICA-cleaned,sub-02,3,sub-02_ses-3_epoch-15,4,1
ICA-cleaned,sub-02,3,sub-02_ses-3_epoch-15,5,1
ICA-cleaned,sub-02,3,sub-02_ses-3_epoch-15,6,1
ICA-cleaned,sub-02,3,sub-02_ses-3_epoch-16,0,0
ICA-cleaned,sub-02,3,sub-02_ses-3_epoch-16,1,0
ICA-cleaned,sub-02,3,sub-02_ses-3_epoch-16,2,0
ICA-cleaned,sub-02,3,sub-02_ses-3_epoch-16,3,0
ICA-cleaned,sub-02,3,sub-02_ses-3_epoch-16,4,0
ICA-cleaned,sub-02,3,sub-02_ses-3_epoch-16,5,0
ICA-cleaned,sub-02,3,sub-02_ses-3_epoch-16,6,0
ICA-cleaned,sub-02,3,sub-02_ses-3_epoch-16,7,0
ICA-cleaned,sub-02,3,sub-02_ses-3_epoch-17,0,1
ICA-cleaned,sub-02,3,sub-02_ses-3_epoch-17,1,1
ICA-cleaned,sub-02,3,sub-02_ses-3_epoch-17,2,1
ICA-cleaned,sub-02,3,sub-02_ses-3_epoch-17,3,1
ICA-cleaned,sub-02,3,sub-02_ses-3_epoch-17,4,1
ICA-cleaned,sub-02,3,sub-02_ses-3_epoch-17,5,1
ICA-cleaned,sub-02,3,sub-02_ses-3_epoch-17,6,1
ICA-cleaned,sub-02,3,sub-02_ses-3_epoch-18,0,0
ICA-cleaned,sub-02,3,sub-02_ses-3_epoch-18,1,0
ICA-cleaned,sub-02,3,sub-02_ses-3_epoch-18,2,0
ICA-cleaned,sub-02,3,sub-02_ses-3_epoch-18,3,0
ICA-cleaned,sub-02,3,sub-02_ses-3_epoch-18,4,0
ICA-cleaned,sub-02,3,sub-02_ses-3_epoch-18,5,0
ICA-cleaned,sub-02,3,sub-02_ses-3_epoch-18,6,0
ICA-cleaned,sub-02,3,sub-02_ses-3_epoch-18,7,0
ICA-cleaned,sub-02,3,sub-02_ses-3_epoch-19,0,1
ICA-cleaned,sub-02,3,sub-02_ses-3_epoch-19,1,1
ICA-cleaned,sub-02,3,sub-02_ses-3_epoch-19,2,1
ICA-cleaned,sub-02,3,sub-02_ses-3_epoch-19,3,1
ICA-cleaned,sub-02,3,sub-02_ses-3_epoch-19,4,1
ICA-cleaned,sub-02,3,sub-02_ses-3_epoch-19,5,1
ICA-cleaned,sub-02,3,sub-02_ses-3_epoch-19,6,1
ICA-cleaned,sub-02,3,sub-02_ses-3_epoch-20,0,0
ICA-cleaned,sub-02,3,sub-02_ses-3_epoch-20,1,0
ICA-cleaned,sub-02,3,sub-02_ses-3_epoch-20,2,0
ICA-cleaned,sub-02,3,sub-02_ses-3_epoch-20,3,0
ICA-cleaned,sub-02,3,sub-02_ses-3_epoch-20,4,0
ICA-cleaned,sub-02,3,sub-02_ses-3_epoch-20,5,0
ICA-cleaned,sub-02,3,sub-02_ses-3_epoch-20,6,0
ICA-cleaned,sub-02,3,sub-02_ses-3_epoch-20,7,0
ICA-cleaned,sub-02,3,sub-02_ses-3_epoch-21,0,1
ICA-cleaned,sub-02,3,sub-02_ses-3_epoch-21,1,1
ICA-cleaned,sub-02,3,sub-02_ses-3_epoch-21,2,1
ICA-cleaned,sub-02,3,sub-02_ses-3_epoch-21,3,1
ICA-cleaned,sub-02,3,sub-02_ses-3_epoch-21,4,1
ICA-cleaned,sub-02,3,sub-02_ses-3_epoch-21,5,1
ICA-cleaned,sub-02,3,sub-02_ses-3_epoch-21,6,1
ICA-cleaned,sub-02,3,sub-02_ses-3_epoch-22,0,0
ICA-cleaned,sub-02,3,sub-02_ses-3_epoch-22,1,0
ICA-cleaned,sub-02,3,sub-02_ses-3_epoch-22,2,0
ICA-cleaned,sub-02,3,sub-02_ses-3_epoch-22,3,0
ICA-cleaned,sub-02,3,sub-02_ses-3_epoch-22,4,0
ICA-cleaned,sub-02,3,sub-02_ses-3_epoch-22,5,0
ICA-cleaned,sub-02,3,sub-02_ses-3_epoch-22,6,0
ICA-cleaned,sub-02,3,sub-02_ses-3_epoch-22,7,0
ICA-cleaned,sub-02,3,sub-02_ses-3_epoch-23,0,1
ICA-cleaned,sub-02,3,sub-02_ses-3_epoch-23,1,1
ICA-cleaned,sub-02,3,sub-02_ses-3_epoch-23,2,1
ICA-cleaned,sub-02,3,sub-02_ses-3_epoch-23,3,1
ICA-cleaned,sub-02,3,sub-02_ses-3_epoch-23,4,1
ICA-cleaned,sub-02,3,sub-02_ses-3_epoch-23,5,1
ICA-cleaned,sub-02,3,sub-02_ses-3_epoch-23,6,1
ICA-cleaned,sub-02,3,sub-02_ses-3_epoch-24,0,0
ICA-cleaned,sub-02,3,sub-02_ses-3_epoch-24,1,0
ICA-cleaned,sub-02,3,sub-02_ses-3_epoch-24,2,0
ICA-cleaned,sub-02,3,sub-02_ses-3_epoch-24,3,0
ICA-cleaned,sub-02,3,sub-02_ses-3_epoch-24,4,0
ICA-cleaned,sub-02,3,sub-02_ses-3_epoch-24,5,0
ICA-cleaned,sub-02,3,sub-02_ses-3_epoch-24,6,0
ICA-cleaned,sub-02,3,sub-02_ses-3_epoch-24,7,0
ICA-cleaned,sub-02,3,sub-02_ses-3_epoch-25,0,1
ICA-cleaned,sub-02,3,sub-02_ses-3_epoch-25,1,1
ICA-cleaned,sub-02,3,sub-02_ses-3_epoch-25,2,1
ICA-cleaned,sub-02,3,sub-02_ses-3_epoch-25,3,1
ICA-cleaned,sub-02,3,sub-02_ses-3_epoch-25,4,1
ICA-cleaned,sub-02,3,sub-02_ses-3_epoch-25,5,1
ICA-cleaned,sub-02,3,sub-02_ses-3_epoch-25,6,1
ICA-cleaned,sub-02,3,sub-02_ses-3_epoch-26,0,0
ICA-cleaned,sub-02,3,sub-02_ses-3_epoch-26,1,0
ICA-cleaned,sub-02,3,sub-02_ses-3_epoch-26,2,0
ICA-cleaned,sub-02,3,sub-02_ses-3_epoch-26,3,0
ICA-cleaned,sub-02,3,sub-02_ses-3_epoch-26,4,0
ICA-cleaned,sub-02,3,sub-02_ses-3_epoch-26,5,0
ICA-cleaned,sub-02,3,sub-02_ses-3_epoch-26,6,0
ICA-cleaned,sub-02,3,sub-02_ses-3_epoch-26,7,0
ICA-cleaned,sub-02,3,sub-02_ses-3_epoch-27,0,1
ICA-cleaned,sub-02,3,sub-02_ses-3_epoch-27,1,1
ICA-cleaned,sub-02,3,sub-02_ses-3_epoch-27,2,1
ICA-cleaned,sub-02,3,sub-02_ses-3_epoch-27,3,1
ICA-cleaned,sub-02,3,sub-02_ses-3_epoch-27,4,1
ICA-cleaned,sub-02,3,sub-02_ses-3_epoch-27,5,1
ICA-cleaned,sub-02,3,sub-02_ses-3_epoch-27,6,1
ICA-cleaned,sub-02,3,sub-02_ses-3_epoch-28,0,0
ICA-cleaned,sub-02,3,sub-02_ses-3_epoch-28,1,0
ICA-cleaned,sub-02,3,sub-02_ses-3_epoch-28,2,0
ICA-cleaned,sub-02,3,sub-02_ses-3_epoch-28,3,0
ICA-cleaned,sub-02,3,sub-02_ses-3_epoch-28,4,0
ICA-cleaned,sub-02,3,sub-02_ses-3_epoch-28,5,0
ICA-cleaned,sub-02,3,sub-02_ses-3_epoch-28,6,0
ICA-cleaned,sub-02,3,sub-02_ses-3_epoch-28,7,0
ICA-cleaned,sub-02,3,sub-02_ses-3_epoch-29,0,0
ICA-cleaned,sub-02,3,sub-02_ses-3_epoch-29,1,0
ICA-cleaned,sub-02,3,sub-02_ses-3_epoch-29,2,0
ICA-cleaned,sub-02,3,sub-02_ses-3_epoch-29,3,0
ICA-cleaned,sub-02,3,sub-02_ses-3_epoch-29,4,0
ICA-cleaned,sub-02,3,sub-02_ses-3_epoch-29,5,0
ICA-cleaned,sub-02,3,sub-02_ses-3_epoch-29,6,0
ICA-cleaned,sub-02,3,sub-02_ses-3_epoch-29,7,0
ICA-cleaned,sub-02,3,sub-02_ses-3_epoch-30,0,1
ICA-cleaned,sub-02,3,sub-02_ses-3_epoch-30,1,1
ICA-cleaned,sub-02,3,sub-02_ses-3_epoch-30,2,1
ICA-cleaned,sub-02,3,sub-02_ses-3_epoch-30,3,1
ICA-cleaned,sub-02,3,sub-02_ses-3_epoch-30,4,1
ICA-cleaned,sub-02,3,sub-02_ses-3_epoch-30,5,1
ICA-cleaned,sub-02,3,sub-02_ses-3_epoch-30,6,1
ICA-cleaned,sub-02,3,sub-02_ses-3_epoch-31,0,0
ICA-cleaned,sub-02,3,sub-02_ses-3_epoch-31,1,0
ICA-cleaned,sub-02,3,sub-02_ses-3_epoch-31,2,0
ICA-cleaned,sub-02,3,sub-02_ses-3_epoch-31,3,0
ICA-cleaned,sub-02,3,sub-02_ses-3_epoch-31,4,0
ICA-cleaned,sub-02,3,sub-02_ses-3_epoch-31,5,0
ICA-cleaned,sub-02,3,sub-02_ses-3_epoch-31,6,0
ICA-cleaned,sub-02,3,sub-02_ses-3_epoch-31,7,0
ICA-cleaned,sub-02,3,sub-02_ses-3_epoch-32,0,1
ICA-cleaned,sub-02,3,sub-02_ses-3_epoch-32,1,1
ICA-cleaned,sub-02,3,sub-02_ses-3_epoch-32,2,1
ICA-cleaned,sub-02,3,sub-02_ses-3_epoch-32,3,1
ICA-cleaned,sub-02,3,sub-02_ses-3_epoch-32,4,1
ICA-cleaned,sub-02,3,sub-02_ses-3_epoch-32,5,1
ICA-cleaned,sub-02,3,sub-02_ses-3_epoch-32,6,1
ICA-cleaned,sub-02,3,sub-02_ses-3_epoch-33,0,0
ICA-cleaned,sub-02,3,sub-02_ses-3_epoch-33,1,0
ICA-cleaned,sub-02,3,sub-02_ses-3_epoch-33,2,0
ICA-cleaned,sub-02,3,sub-02_ses-3_epoch-33,3,0
ICA-cleaned,sub-02,3,sub-02_ses-3_epoch-33,4,0
ICA-cleaned,sub-02,3,sub-02_ses-3_epoch-33,5,0
ICA-cleaned,sub-02,3,sub-02_ses-3_epoch-33,6,0
ICA-cleaned,sub-02,3,sub-02_ses-3_epoch-33,7,0
ICA-cleaned,sub-02,3,sub-02_ses-3_epoch-34,0,0
ICA-cleaned,sub-02,3,sub-02_ses-3_epoch-34,1,0
ICA-cleaned,sub-02,3,sub-02_ses-3_epoch-34,2,0
ICA-cleaned,sub-02,3,sub-02_ses-3_epoch-34,3,0
ICA-cleaned,sub-02,3,sub-02_ses-3_epoch-34,4,0
ICA-cleaned,sub-02,3,sub-02_ses-3_epoch-34,5,0
ICA-cleaned,sub-02,3,sub-02_ses-3_epoch-34,6,0
ICA-cleaned,sub-02,3,sub-02_ses-3_epoch-34,7,0
Raw,sub-02,4,sub-02_ses-4_epoch-1,0,0
Raw,sub-02,4,sub-02_ses-4_epoch-1,1,0
Raw,sub-02,4,sub-02_ses-4_epoch-1,2,0
Raw,sub-02,4,sub-02_ses-4_epoch-1,3,0
Raw,sub-02,4,sub-02_ses-4_epoch-1,4,0
Raw,sub-02,4,sub-02_ses-4_epoch-1,5,0
Raw,sub-02,4,sub-02_ses-4_epoch-1,6,0
Raw,sub-02,4,sub-02_ses-4_epoch-1,7,0
Raw,sub-02,4,sub-02_ses-4_epoch-2,0,0
Raw,sub-02,4,sub-02_ses-4_epoch-2,1,0
Raw,sub-02,4,sub-02_ses-4_epoch-2,2,0
Raw,sub-02,4,sub-02_ses-4_epoch-2,3,0
Raw,sub-02,4,sub-02_ses-4_epoch-2,4,0
Raw,sub-02,4,sub-02_ses-4_epoch-2,5,0
Raw,sub-02,4,sub-02_ses-4_epoch-2,6,0
Raw,sub-02,4,sub-02_ses-4_epoch-2,7,0
Raw,sub-02,4,sub-02_ses-4_epoch-3,0,0
Raw,sub-02,4,sub-02_ses-4_epoch-3,1,0
Raw,sub-02,4,sub-02_ses-4_epoch-3,2,0
Raw,sub-02,4,sub-02_ses-4_epoch-3,3,0
Raw,sub-02,4,sub-02_ses-4_epoch-3,4,0
Raw,sub-02,4,sub-02_ses-4_epoch-3,5,0
Raw,sub-02,4,sub-02_ses-4_epoch-3,6,0
Raw,sub-02,4,sub-02_ses-4_epoch-3,7,0
Raw,sub-02,4,sub-02_ses-4_epoch-4,0,0
Raw,sub-02,4,sub-02_ses-4_epoch-4,1,0
Raw,sub-02,4,sub-02_ses-4_epoch-4,2,0
Raw,sub-02,4,sub-02_ses-4_epoch-4,3,0
Raw,sub-02,4,sub-02_ses-4_epoch-4,4,0
Raw,sub-02,4,sub-02_ses-4_epoch-4,5,0
Raw,sub-02,4,sub-02_ses-4_epoch-4,6,0
Raw,sub-02,4,sub-02_ses-4_epoch-4,7,0
Raw,sub-02,4,sub-02_ses-4_epoch-5,0,1
Raw,sub-02,4,sub-02_ses-4_epoch-5,1,1
Raw,sub-02,4,sub-02_ses-4_epoch-5,2,1
Raw,sub-02,4,sub-02_ses-4_epoch-5,3,1
Raw,sub-02,4,sub-02_ses-4_epoch-5,4,1
Raw,sub-02,4,sub-02_ses-4_epoch-5,5,1
Raw,sub-02,4,sub-02_ses-4_epoch-5,6,1
Raw,sub-02,4,sub-02_ses-4_epoch-6,0,0
Raw,sub-02,4,sub-02_ses-4_epoch-6,1,0
Raw,sub-02,4,sub-02_ses-4_epoch-6,2,0
Raw,sub-02,4,sub-02_ses-4_epoch-6,3,0
Raw,sub-02,4,sub-02_ses-4_epoch-6,4,0
Raw,sub-02,4,sub-02_ses-4_epoch-6,5,0
Raw,sub-02,4,sub-02_ses-4_epoch-6,6,0
Raw,sub-02,4,sub-02_ses-4_epoch-6,7,0
Raw,sub-02,4,sub-02_ses-4_epoch-7,0,0
Raw,sub-02,4,sub-02_ses-4_epoch-7,1,0
Raw,sub-02,4,sub-02_ses-4_epoch-7,2,0
Raw,sub-02,4,sub-02_ses-4_epoch-7,3,0
Raw,sub-02,4,sub-02_ses-4_epoch-7,4,0
Raw,sub-02,4,sub-02_ses-4_epoch-7,5,0
Raw,sub-02,4,sub-02_ses-4_epoch-7,6,0
Raw,sub-02,4,sub-02_ses-4_epoch-7,7,0
Raw,sub-02,4,sub-02_ses-4_epoch-8,0,1
Raw,sub-02,4,sub-02_ses-4_epoch-8,1,1
Raw,sub-02,4,sub-02_ses-4_epoch-8,2,1
Raw,sub-02,4,sub-02_ses-4_epoch-8,3,1
Raw,sub-02,4,sub-02_ses-4_epoch-8,4,1
Raw,sub-02,4,sub-02_ses-4_epoch-8,5,1
Raw,sub-02,4,sub-02_ses-4_epoch-8,6,1
Raw,sub-02,4,sub-02_ses-4_epoch-9,0,0
Raw,sub-02,4,sub-02_ses-4_epoch-9,1,0
Raw,sub-02,4,sub-02_ses-4_epoch-9,2,0
Raw,sub-02,4,sub-02_ses-4_epoch-9,3,0
Raw,sub-02,4,sub-02_ses-4_epoch-9,4,0
Raw,sub-02,4,sub-02_ses-4_epoch-9,5,0
Raw,sub-02,4,sub-02_ses-4_epoch-9,6,0
Raw,sub-02,4,sub-02_ses-4_epoch-9,7,0
Raw,sub-02,4,sub-02_ses-4_epoch-10,0,1
Raw,sub-02,4,sub-02_ses-4_epoch-10,1,1
Raw,sub-02,4,sub-02_ses-4_epoch-10,2,1
Raw,sub-02,4,sub-02_ses-4_epoch-10,3,1
Raw,sub-02,4,sub-02_ses-4_epoch-10,4,1
Raw,sub-02,4,sub-02_ses-4_epoch-10,5,1
Raw,sub-02,4,sub-02_ses-4_epoch-10,6,1
Raw,sub-02,4,sub-02_ses-4_epoch-11,0,0
Raw,sub-02,4,sub-02_ses-4_epoch-11,1,0
Raw,sub-02,4,sub-02_ses-4_epoch-11,2,0
Raw,sub-02,4,sub-02_ses-4_epoch-11,3,0
Raw,sub-02,4,sub-02_ses-4_epoch-11,4,0
Raw,sub-02,4,sub-02_ses-4_epoch-11,5,0
Raw,sub-02,4,sub-02_ses-4_epoch-11,6,0
Raw,sub-02,4,sub-02_ses-4_epoch-11,7,0
Raw,sub-02,4,sub-02_ses-4_epoch-12,0,1
Raw,sub-02,4,sub-02_ses-4_epoch-12,1,1
Raw,sub-02,4,sub-02_ses-4_epoch-12,2,1
Raw,sub-02,4,sub-02_ses-4_epoch-12,3,1
Raw,sub-02,4,sub-02_ses-4_epoch-12,4,1
Raw,sub-02,4,sub-02_ses-4_epoch-12,5,1
Raw,sub-02,4,sub-02_ses-4_epoch-12,6,1
Raw,sub-02,4,sub-02_ses-4_epoch-13,0,0
Raw,sub-02,4,sub-02_ses-4_epoch-13,1,0
Raw,sub-02,4,sub-02_ses-4_epoch-13,2,0
Raw,sub-02,4,sub-02_ses-4_epoch-13,3,0
Raw,sub-02,4,sub-02_ses-4_epoch-13,4,0
Raw,sub-02,4,sub-02_ses-4_epoch-13,5,0
Raw,sub-02,4,sub-02_ses-4_epoch-13,6,0
Raw,sub-02,4,sub-02_ses-4_epoch-13,7,0
Raw,sub-02,4,sub-02_ses-4_epoch-14,0,1
Raw,sub-02,4,sub-02_ses-4_epoch-14,1,1
Raw,sub-02,4,sub-02_ses-4_epoch-14,2,1
Raw,sub-02,4,sub-02_ses-4_epoch-14,3,1
Raw,sub-02,4,sub-02_ses-4_epoch-14,4,1
Raw,sub-02,4,sub-02_ses-4_epoch-14,5,1
Raw,sub-02,4,sub-02_ses-4_epoch-14,6,1
Raw,sub-02,4,sub-02_ses-4_epoch-15,0,0
Raw,sub-02,4,sub-02_ses-4_epoch-15,1,0
Raw,sub-02,4,sub-02_ses-4_epoch-15,2,0
Raw,sub-02,4,sub-02_ses-4_epoch-15,3,0
Raw,sub-02,4,sub-02_ses-4_epoch-15,4,0
Raw,sub-02,4,sub-02_ses-4_epoch-15,5,0
Raw,sub-02,4,sub-02_ses-4_epoch-15,6,0
Raw,sub-02,4,sub-02_ses-4_epoch-15,7,0
Raw,sub-02,4,sub-02_ses-4_epoch-16,0,1
Raw,sub-02,4,sub-02_ses-4_epoch-16,1,1
Raw,sub-02,4,sub-02_ses-4_epoch-16,2,1
Raw,sub-02,4,sub-02_ses-4_epoch-16,3,1
Raw,sub-02,4,sub-02_ses-4_epoch-16,4,1
Raw,sub-02,4,sub-02_ses-4_epoch-16,5,1
Raw,sub-02,4,sub-02_ses-4_epoch-16,6,1
Raw,sub-02,4,sub-02_ses-4_epoch-17,0,0
Raw,sub-02,4,sub-02_ses-4_epoch-17,1,0
Raw,sub-02,4,sub-02_ses-4_epoch-17,2,0
Raw,sub-02,4,sub-02_ses-4_epoch-17,3,0
Raw,sub-02,4,sub-02_ses-4_epoch-17,4,0
Raw,sub-02,4,sub-02_ses-4_epoch-17,5,0
Raw,sub-02,4,sub-02_ses-4_epoch-17,6,0
Raw,sub-02,4,sub-02_ses-4_epoch-17,7,0
Raw,sub-02,4,sub-02_ses-4_epoch-18,0,1
Raw,sub-02,4,sub-02_ses-4_epoch-18,1,1
Raw,sub-02,4,sub-02_ses-4_epoch-18,2,1
Raw,sub-02,4,sub-02_ses-4_epoch-18,3,1
Raw,sub-02,4,sub-02_ses-4_epoch-18,4,1
Raw,sub-02,4,sub-02_ses-4_epoch-18,5,1
Raw,sub-02,4,sub-02_ses-4_epoch-18,6,1
Raw,sub-02,4,sub-02_ses-4_epoch-19,0,0
Raw,sub-02,4,sub-02_ses-4_epoch-19,1,0
Raw,sub-02,4,sub-02_ses-4_epoch-19,2,0
Raw,sub-02,4,sub-02_ses-4_epoch-19,3,0
Raw,sub-02,4,sub-02_ses-4_epoch-19,4,0
Raw,sub-02,4,sub-02_ses-4_epoch-19,5,0
Raw,sub-02,4,sub-02_ses-4_epoch-19,6,0
Raw,sub-02,4,sub-02_ses-4_epoch-19,7,0
Raw,sub-02,4,sub-02_ses-4_epoch-20,0,1
Raw,sub-02,4,sub-02_ses-4_epoch-20,1,1
Raw,sub-02,4,sub-02_ses-4_epoch-20,2,1
Raw,sub-02,4,sub-02_ses-4_epoch-20,3,1
Raw,sub-02,4,sub-02_ses-4_epoch-20,4,1
Raw,sub-02,4,sub-02_ses-4_epoch-20,5,1
Raw,sub-02,4,sub-02_ses-4_epoch-20,6,1
Raw,sub-02,4,sub-02_ses-4_epoch-21,0,0
Raw,sub-02,4,sub-02_ses-4_epoch-21,1,0
Raw,sub-02,4,sub-02_ses-4_epoch-21,2,0
Raw,sub-02,4,sub-02_ses-4_epoch-21,3,0
Raw,sub-02,4,sub-02_ses-4_epoch-21,4,0
Raw,sub-02,4,sub-02_ses-4_epoch-21,5,0
Raw,sub-02,4,sub-02_ses-4_epoch-21,6,0
Raw,sub-02,4,sub-02_ses-4_epoch-21,7,0
Raw,sub-02,4,sub-02_ses-4_epoch-22,0,1
Raw,sub-02,4,sub-02_ses-4_epoch-22,1,1
Raw,sub-02,4,sub-02_ses-4_epoch-22,2,1
Raw,sub-02,4,sub-02_ses-4_epoch-22,3,1
Raw,sub-02,4,sub-02_ses-4_epoch-22,4,1
Raw,sub-02,4,sub-02_ses-4_epoch-22,5,1
Raw,sub-02,4,sub-02_ses-4_epoch-22,6,1
Raw,sub-02,4,sub-02_ses-4_epoch-23,0,0
Raw,sub-02,4,sub-02_ses-4_epoch-23,1,0
Raw,sub-02,4,sub-02_ses-4_epoch-23,2,0
Raw,sub-02,4,sub-02_ses-4_epoch-23,3,0
Raw,sub-02,4,sub-02_ses-4_epoch-23,4,0
Raw,sub-02,4,sub-02_ses-4_epoch-23,5,0
Raw,sub-02,4,sub-02_ses-4_epoch-23,6,0
Raw,sub-02,4,sub-02_ses-4_epoch-23,7,0
Raw,sub-02,4,sub-02_ses-4_epoch-24,0,1
Raw,sub-02,4,sub-02_ses-4_epoch-24,1,1
Raw,sub-02,4,sub-02_ses-4_epoch-24,2,1
Raw,sub-02,4,sub-02_ses-4_epoch-24,3,1
Raw,sub-02,4,sub-02_ses-4_epoch-24,4,1
Raw,sub-02,4,sub-02_ses-4_epoch-24,5,1
Raw,sub-02,4,sub-02_ses-4_epoch-24,6,1
Raw,sub-02,4,sub-02_ses-4_epoch-25,0,0
Raw,sub-02,4,sub-02_ses-4_epoch-25,1,0
Raw,sub-02,4,sub-02_ses-4_epoch-25,2,0
Raw,sub-02,4,sub-02_ses-4_epoch-25,3,0
Raw,sub-02,4,sub-02_ses-4_epoch-25,4,0
Raw,sub-02,4,sub-02_ses-4_epoch-25,5,0
Raw,sub-02,4,sub-02_ses-4_epoch-25,6,0
Raw,sub-02,4,sub-02_ses-4_epoch-25,7,0
Raw,sub-02,4,sub-02_ses-4_epoch-26,0,1
Raw,sub-02,4,sub-02_ses-4_epoch-26,1,1
Raw,sub-02,4,sub-02_ses-4_epoch-26,2,1
Raw,sub-02,4,sub-02_ses-4_epoch-26,3,1
Raw,sub-02,4,sub-02_ses-4_epoch-26,4,1
Raw,sub-02,4,sub-02_ses-4_epoch-26,5,1
Raw,sub-02,4,sub-02_ses-4_epoch-26,6,1
Raw,sub-02,4,sub-02_ses-4_epoch-27,0,0
Raw,sub-02,4,sub-02_ses-4_epoch-27,1,0
Raw,sub-02,4,sub-02_ses-4_epoch-27,2,0
Raw,sub-02,4,sub-02_ses-4_epoch-27,3,0
Raw,sub-02,4,sub-02_ses-4_epoch-27,4,0
Raw,sub-02,4,sub-02_ses-4_epoch-27,5,0
Raw,sub-02,4,sub-02_ses-4_epoch-27,6,0
Raw,sub-02,4,sub-02_ses-4_epoch-27,7,0
Raw,sub-02,4,sub-02_ses-4_epoch-28,0,1
Raw,sub-02,4,sub-02_ses-4_epoch-28,1,1
Raw,sub-02,4,sub-02_ses-4_epoch-28,2,1
Raw,sub-02,4,sub-02_ses-4_epoch-28,3,1
Raw,sub-02,4,sub-02_ses-4_epoch-28,4,1
Raw,sub-02,4,sub-02_ses-4_epoch-28,5,1
Raw,sub-02,4,sub-02_ses-4_epoch-28,6,1
Raw,sub-02,4,sub-02_ses-4_epoch-29,0,0
Raw,sub-02,4,sub-02_ses-4_epoch-29,1,0
Raw,sub-02,4,sub-02_ses-4_epoch-29,2,0
Raw,sub-02,4,sub-02_ses-4_epoch-29,3,0
Raw,sub-02,4,sub-02_ses-4_epoch-29,4,0
Raw,sub-02,4,sub-02_ses-4_epoch-29,5,0
Raw,sub-02,4,sub-02_ses-4_epoch-29,6,0
Raw,sub-02,4,sub-02_ses-4_epoch-29,7,0
Raw,sub-02,4,sub-02_ses-4_epoch-30,0,1
Raw,sub-02,4,sub-02_ses-4_epoch-30,1,1
Raw,sub-02,4,sub-02_ses-4_epoch-30,2,1
Raw,sub-02,4,sub-02_ses-4_epoch-30,3,1
Raw,sub-02,4,sub-02_ses-4_epoch-30,4,1
Raw,sub-02,4,sub-02_ses-4_epoch-30,5,1
Raw,sub-02,4,sub-02_ses-4_epoch-30,6,1
Raw,sub-02,4,sub-02_ses-4_epoch-31,0,0
Raw,sub-02,4,sub-02_ses-4_epoch-31,1,0
Raw,sub-02,4,sub-02_ses-4_epoch-31,2,0
Raw,sub-02,4,sub-02_ses-4_epoch-31,3,0
Raw,sub-02,4,sub-02_ses-4_epoch-31,4,0
Raw,sub-02,4,sub-02_ses-4_epoch-31,5,0
Raw,sub-02,4,sub-02_ses-4_epoch-31,6,0
Raw,sub-02,4,sub-02_ses-4_epoch-31,7,0
Raw,sub-02,4,sub-02_ses-4_epoch-32,0,0
Raw,sub-02,4,sub-02_ses-4_epoch-32,1,0
Raw,sub-02,4,sub-02_ses-4_epoch-32,2,0
Raw,sub-02,4,sub-02_ses-4_epoch-32,3,0
Raw,sub-02,4,sub-02_ses-4_epoch-32,4,0
Raw,sub-02,4,sub-02_ses-4_epoch-32,5,0
Raw,sub-02,4,sub-02_ses-4_epoch-32,6,0
Raw,sub-02,4,sub-02_ses-4_epoch-32,7,0
ICA-cleaned,sub-02,4,sub-02_ses-4_epoch-1,0,0
ICA-cleaned,sub-02,4,sub-02_ses-4_epoch-1,1,0
ICA-cleaned,sub-02,4,sub-02_ses-4_epoch-1,2,0
ICA-cleaned,sub-02,4,sub-02_ses-4_epoch-1,3,0
ICA-cleaned,sub-02,4,sub-02_ses-4_epoch-1,4,0
ICA-cleaned,sub-02,4,sub-02_ses-4_epoch-1,5,0
ICA-cleaned,sub-02,4,sub-02_ses-4_epoch-1,6,0
ICA-cleaned,sub-02,4,sub-02_ses-4_epoch-1,7,0
ICA-cleaned,sub-02,4,sub-02_ses-4_epoch-2,0,0
ICA-cleaned,sub-02,4,sub-02_ses-4_epoch-2,1,0
ICA-cleaned,sub-02,4,sub-02_ses-4_epoch-2,2,0
ICA-cleaned,sub-02,4,sub-02_ses-4_epoch-2,3,0
ICA-cleaned,sub-02,4,sub-02_ses-4_epoch-2,4,0
ICA-cleaned,sub-02,4,sub-02_ses-4_epoch-2,5,0
ICA-cleaned,sub-02,4,sub-02_ses-4_epoch-2,6,0
ICA-cleaned,sub-02,4,sub-02_ses-4_epoch-2,7,0
ICA-cleaned,sub-02,4,sub-02_ses-4_epoch-3,0,0
ICA-cleaned,sub-02,4,sub-02_ses-4_epoch-3,1,0
ICA-cleaned,sub-02,4,sub-02_ses-4_epoch-3,2,0
ICA-cleaned,sub-02,4,sub-02_ses-4_epoch-3,3,0
ICA-cleaned,sub-02,4,sub-02_ses-4_epoch-3,4,0
ICA-cleaned,sub-02,4,sub-02_ses-4_epoch-3,5,0
ICA-cleaned,sub-02,4,sub-02_ses-4_epoch-3,6,0
ICA-cleaned,sub-02,4,sub-02_ses-4_epoch-3,7,0
ICA-cleaned,sub-02,4,sub-02_ses-4_epoch-4,0,0
ICA-cleaned,sub-02,4,sub-02_ses-4_epoch-4,1,0
ICA-cleaned,sub-02,4,sub-02_ses-4_epoch-4,2,0
ICA-cleaned,sub-02,4,sub-02_ses-4_epoch-4,3,0
ICA-cleaned,sub-02,4,sub-02_ses-4_epoch-4,4,0
ICA-cleaned,sub-02,4,sub-02_ses-4_epoch-4,5,0
ICA-cleaned,sub-02,4,sub-02_ses-4_epoch-4,6,0
ICA-cleaned,sub-02,4,sub-02_ses-4_epoch-4,7,0
ICA-cleaned,sub-02,4,sub-02_ses-4_epoch-5,0,1
ICA-cleaned,sub-02,4,sub-02_ses-4_epoch-5,1,1
ICA-cleaned,sub-02,4,sub-02_ses-4_epoch-5,2,1
ICA-cleaned,sub-02,4,sub-02_ses-4_epoch-5,3,1
ICA-cleaned,sub-02,4,sub-02_ses-4_epoch-5,4,1
ICA-cleaned,sub-02,4,sub-02_ses-4_epoch-5,5,1
ICA-cleaned,sub-02,4,sub-02_ses-4_epoch-5,6,1
ICA-cleaned,sub-02,4,sub-02_ses-4_epoch-6,0,0
ICA-cleaned,sub-02,4,sub-02_ses-4_epoch-6,1,0
ICA-cleaned,sub-02,4,sub-02_ses-4_epoch-6,2,0
ICA-cleaned,sub-02,4,sub-02_ses-4_epoch-6,3,0
ICA-cleaned,sub-02,4,sub-02_ses-4_epoch-6,4,0
ICA-cleaned,sub-02,4,sub-02_ses-4_epoch-6,5,0
ICA-cleaned,sub-02,4,sub-02_ses-4_epoch-6,6,0
ICA-cleaned,sub-02,4,sub-02_ses-4_epoch-6,7,0
ICA-cleaned,sub-02,4,sub-02_ses-4_epoch-7,0,0
ICA-cleaned,sub-02,4,sub-02_ses-4_epoch-7,1,0
ICA-cleaned,sub-02,4,sub-02_ses-4_epoch-7,2,0
ICA-cleaned,sub-02,4,sub-02_ses-4_epoch-7,3,0
ICA-cleaned,sub-02,4,sub-02_ses-4_epoch-7,4,0
ICA-cleaned,sub-02,4,sub-02_ses-4_epoch-7,5,0
ICA-cleaned,sub-02,4,sub-02_ses-4_epoch-7,6,0
ICA-cleaned,sub-02,4,sub-02_ses-4_epoch-7,7,0
ICA-cleaned,sub-02,4,sub-02_ses-4_epoch-8,0,1
ICA-cleaned,sub-02,4,sub-02_ses-4_epoch-8,1,1
ICA-cleaned,sub-02,4,sub-02_ses-4_epoch-8,2,1
ICA-cleaned,sub-02,4,sub-02_ses-4_epoch-8,3,1
ICA-cleaned,sub-02,4,sub-02_ses-4_epoch-8,4,1
ICA-cleaned,sub-02,4,sub-02_ses-4_epoch-8,5,1
ICA-cleaned,sub-02,4,sub-02_ses-4_epoch-8,6,1
ICA-cleaned,sub-02,4,sub-02_ses-4_epoch-9,0,0
ICA-cleaned,sub-02,4,sub-02_ses-4_epoch-9,1,0
ICA-cleaned,sub-02,4,sub-02_ses-4_epoch-9,2,0
ICA-cleaned,sub-02,4,sub-02_ses-4_epoch-9,3,0
ICA-cleaned,sub-02,4,sub-02_ses-4_epoch-9,4,0
ICA-cleaned,sub-02,4,sub-02_ses-4_epoch-9,5,0
ICA-cleaned,sub-02,4,sub-02_ses-4_epoch-9,6,0
ICA-cleaned,sub-02,4,sub-02_ses-4_epoch-9,7,0
ICA-cleaned,sub-02,4,sub-02_ses-4_epoch-10,0,1
ICA-cleaned,sub-02,4,sub-02_ses-4_epoch-10,1,1
ICA-cleaned,sub-02,4,sub-02_ses-4_epoch-10,2,1
ICA-cleaned,sub-02,4,sub-02_ses-4_epoch-10,3,1
ICA-cleaned,sub-02,4,sub-02_ses-4_epoch-10,4,1
ICA-cleaned,sub-02,4,sub-02_ses-4_epoch-10,5,1
ICA-cleaned,sub-02,4,sub-02_ses-4_epoch-10,6,1
ICA-cleaned,sub-02,4,sub-02_ses-4_epoch-11,0,0
ICA-cleaned,sub-02,4,sub-02_ses-4_epoch-11,1,0
ICA-cleaned,sub-02,4,sub-02_ses-4_epoch-11,2,0
ICA-cleaned,sub-02,4,sub-02_ses-4_epoch-11,3,0
ICA-cleaned,sub-02,4,sub-02_ses-4_epoch-11,4,0
ICA-cleaned,sub-02,4,sub-02_ses-4_epoch-11,5,0
ICA-cleaned,sub-02,4,sub-02_ses-4_epoch-11,6,0
ICA-cleaned,sub-02,4,sub-02_ses-4_epoch-11,7,0
ICA-cleaned,sub-02,4,sub-02_ses-4_epoch-12,0,1
ICA-cleaned,sub-02,4,sub-02_ses-4_epoch-12,1,1
ICA-cleaned,sub-02,4,sub-02_ses-4_epoch-12,2,1
ICA-cleaned,sub-02,4,sub-02_ses-4_epoch-12,3,1
ICA-cleaned,sub-02,4,sub-02_ses-4_epoch-12,4,1
ICA-cleaned,sub-02,4,sub-02_ses-4_epoch-12,5,1
ICA-cleaned,sub-02,4,sub-02_ses-4_epoch-12,6,1
ICA-cleaned,sub-02,4,sub-02_ses-4_epoch-13,0,0
ICA-cleaned,sub-02,4,sub-02_ses-4_epoch-13,1,0
ICA-cleaned,sub-02,4,sub-02_ses-4_epoch-13,2,0
ICA-cleaned,sub-02,4,sub-02_ses-4_epoch-13,3,0
ICA-cleaned,sub-02,4,sub-02_ses-4_epoch-13,4,0
ICA-cleaned,sub-02,4,sub-02_ses-4_epoch-13,5,0
ICA-cleaned,sub-02,4,sub-02_ses-4_epoch-13,6,0
ICA-cleaned,sub-02,4,sub-02_ses-4_epoch-13,7,0
ICA-cleaned,sub-02,4,sub-02_ses-4_epoch-14,0,1
ICA-cleaned,sub-02,4,sub-02_ses-4_epoch-14,1,1
ICA-cleaned,sub-02,4,sub-02_ses-4_epoch-14,2,1
ICA-cleaned,sub-02,4,sub-02_ses-4_epoch-14,3,1
ICA-cleaned,sub-02,4,sub-02_ses-4_epoch-14,4,1
ICA-cleaned,sub-02,4,sub-02_ses-4_epoch-14,5,1
ICA-cleaned,sub-02,4,sub-02_ses-4_epoch-14,6,1
ICA-cleaned,sub-02,4,sub-02_ses-4_epoch-15,0,0
ICA-cleaned,sub-02,4,sub-02_ses-4_epoch-15,1,0
ICA-cleaned,sub-02,4,sub-02_ses-4_epoch-15,2,0
ICA-cleaned,sub-02,4,sub-02_ses-4_epoch-15,3,0
ICA-cleaned,sub-02,4,sub-02_ses-4_epoch-15,4,0
ICA-cleaned,sub-02,4,sub-02_ses-4_epoch-15,5,0
ICA-cleaned,sub-02,4,sub-02_ses-4_epoch-15,6,0
ICA-cleaned,sub-02,4,sub-02_ses-4_epoch-15,7,0
ICA-cleaned,sub-02,4,sub-02_ses-4_epoch-16,0,1
ICA-cleaned,sub-02,4,sub-02_ses-4_epoch-16,1,1
ICA-cleaned,sub-02,4,sub-02_ses-4_epoch-16,2,1
ICA-cleaned,sub-02,4,sub-02_ses-4_epoch-16,3,1
ICA-cleaned,sub-02,4,sub-02_ses-4_epoch-16,4,1
ICA-cleaned,sub-02,4,sub-02_ses-4_epoch-16,5,1
ICA-cleaned,sub-02,4,sub-02_ses-4_epoch-16,6,1
ICA-cleaned,sub-02,4,sub-02_ses-4_epoch-17,0,0
ICA-cleaned,sub-02,4,sub-02_ses-4_epoch-17,1,0
ICA-cleaned,sub-02,4,sub-02_ses-4_epoch-17,2,0
ICA-cleaned,sub-02,4,sub-02_ses-4_epoch-17,3,0
ICA-cleaned,sub-02,4,sub-02_ses-4_epoch-17,4,0
ICA-cleaned,sub-02,4,sub-02_ses-4_epoch-17,5,0
ICA-cleaned,sub-02,4,sub-02_ses-4_epoch-17,6,0
ICA-cleaned,sub-02,4,sub-02_ses-4_epoch-17,7,0
ICA-cleaned,sub-02,4,sub-02_ses-4_epoch-18,0,1
ICA-cleaned,sub-02,4,sub-02_ses-4_epoch-18,1,1
ICA-cleaned,sub-02,4,sub-02_ses-4_epoch-18,2,1
ICA-cleaned,sub-02,4,sub-02_ses-4_epoch-18,3,1
ICA-cleaned,sub-02,4,sub-02_ses-4_epoch-18,4,1
ICA-cleaned,sub-02,4,sub-02_ses-4_epoch-18,5,1
ICA-cleaned,sub-02,4,sub-02_ses-4_epoch-18,6,1
ICA-cleaned,sub-02,4,sub-02_ses-4_epoch-19,0,0
ICA-cleaned,sub-02,4,sub-02_ses-4_epoch-19,1,0
ICA-cleaned,sub-02,4,sub-02_ses-4_epoch-19,2,0
ICA-cleaned,sub-02,4,sub-02_ses-4_epoch-19,3,0
ICA-cleaned,sub-02,4,sub-02_ses-4_epoch-19,4,0
ICA-cleaned,sub-02,4,sub-02_ses-4_epoch-19,5,0
ICA-cleaned,sub-02,4,sub-02_ses-4_epoch-19,6,0
ICA-cleaned,sub-02,4,sub-02_ses-4_epoch-19,7,0
ICA-cleaned,sub-02,4,sub-02_ses-4_epoch-20,0,1
ICA-cleaned,sub-02,4,sub-02_ses-4_epoch-20,1,1
ICA-cleaned,sub-02,4,sub-02_ses-4_epoch-20,2,1
ICA-cleaned,sub-02,4,sub-02_ses-4_epoch-20,3,1
ICA-cleaned,sub-02,4,sub-02_ses-4_epoch-20,4,1
ICA-cleaned,sub-02,4,sub-02_ses-4_epoch-20,5,1
ICA-cleaned,sub-02,4,sub-02_ses-4_epoch-20,6,1
ICA-cleaned,sub-02,4,sub-02_ses-4_epoch-21,0,0
ICA-cleaned,sub-02,4,sub-02_ses-4_epoch-21,1,0
ICA-cleaned,sub-02,4,sub-02_ses-4_epoch-21,2,0
ICA-cleaned,sub-02,4,sub-02_ses-4_epoch-21,3,0
ICA-cleaned,sub-02,4,sub-02_ses-4_epoch-21,4,0
ICA-cleaned,sub-02,4,sub-02_ses-4_epoch-21,5,0
ICA-cleaned,sub-02,4,sub-02_ses-4_epoch-21,6,0
ICA-cleaned,sub-02,4,sub-02_ses-4_epoch-21,7,0
ICA-cleaned,sub-02,4,sub-02_ses-4_epoch-22,0,1
ICA-cleaned,sub-02,4,sub-02_ses-4_epoch-22,1,1
ICA-cleaned,sub-02,4,sub-02_ses-4_epoch-22,2,1
ICA-cleaned,sub-02,4,sub-02_ses-4_epoch-22,3,1
ICA-cleaned,sub-02,4,sub-02_ses-4_epoch-22,4,1
ICA-cleaned,sub-02,4,sub-02_ses-4_epoch-22,5,1
ICA-cleaned,sub-02,4,sub-02_ses-4_epoch-22,6,1
ICA-cleaned,sub-02,4,sub-02_ses-4_epoch-23,0,0
ICA-cleaned,sub-02,4,sub-02_ses-4_epoch-23,1,0
ICA-cleaned,sub-02,4,sub-02_ses-4_epoch-23,2,0
ICA-cleaned,sub-02,4,sub-02_ses-4_epoch-23,3,0
ICA-cleaned,sub-02,4,sub-02_ses-4_epoch-23,4,0
ICA-cleaned,sub-02,4,sub-02_ses-4_epoch-23,5,0
ICA-cleaned,sub-02,4,sub-02_ses-4_epoch-23,6,0
ICA-cleaned,sub-02,4,sub-02_ses-4_epoch-23,7,0
ICA-cleaned,sub-02,4,sub-02_ses-4_epoch-24,0,1
ICA-cleaned,sub-02,4,sub-02_ses-4_epoch-24,1,1
ICA-cleaned,sub-02,4,sub-02_ses-4_epoch-24,2,1
ICA-cleaned,sub-02,4,sub-02_ses-4_epoch-24,3,1
ICA-cleaned,sub-02,4,sub-02_ses-4_epoch-24,4,1
ICA-cleaned,sub-02,4,sub-02_ses-4_epoch-24,5,1
ICA-cleaned,sub-02,4,sub-02_ses-4_epoch-24,6,1
ICA-cleaned,sub-02,4,sub-02_ses-4_epoch-25,0,0
ICA-cleaned,sub-02,4,sub-02_ses-4_epoch-25,1,0
ICA-cleaned,sub-02,4,sub-02_ses-4_epoch-25,2,0
ICA-cleaned,sub-02,4,sub-02_ses-4_epoch-25,3,0
ICA-cleaned,sub-02,4,sub-02_ses-4_epoch-25,4,0
ICA-cleaned,sub-02,4,sub-02_ses-4_epoch-25,5,0
ICA-cleaned,sub-02,4,sub-02_ses-4_epoch-25,6,0
ICA-cleaned,sub-02,4,sub-02_ses-4_epoch-25,7,0
ICA-cleaned,sub-02,4,sub-02_ses-4_epoch-26,0,1
ICA-cleaned,sub-02,4,sub-02_ses-4_epoch-26,1,1
ICA-cleaned,sub-02,4,sub-02_ses-4_epoch-26,2,1
ICA-cleaned,sub-02,4,sub-02_ses-4_epoch-26,3,1
ICA-cleaned,sub-02,4,sub-02_ses-4_epoch-26,4,1
ICA-cleaned,sub-02,4,sub-02_ses-4_epoch-26,5,1
ICA-cleaned,sub-02,4,sub-02_ses-4_epoch-26,6,1
ICA-cleaned,sub-02,4,sub-02_ses-4_epoch-27,0,0
ICA-cleaned,sub-02,4,sub-02_ses-4_epoch-27,1,0
ICA-cleaned,sub-02,4,sub-02_ses-4_epoch-27,2,0
ICA-cleaned,sub-02,4,sub-02_ses-4_epoch-27,3,0
ICA-cleaned,sub-02,4,sub-02_ses-4_epoch-27,4,0
ICA-cleaned,sub-02,4,sub-02_ses-4_epoch-27,5,0
ICA-cleaned,sub-02,4,sub-02_ses-4_epoch-27,6,0
ICA-cleaned,sub-02,4,sub-02_ses-4_epoch-27,7,0
ICA-cleaned,sub-02,4,sub-02_ses-4_epoch-28,0,1
ICA-cleaned,sub-02,4,sub-02_ses-4_epoch-28,1,1
ICA-cleaned,sub-02,4,sub-02_ses-4_epoch-28,2,1
ICA-cleaned,sub-02,4,sub-02_ses-4_epoch-28,3,1
ICA-cleaned,sub-02,4,sub-02_ses-4_epoch-28,4,1
ICA-cleaned,sub-02,4,sub-02_ses-4_epoch-28,5,1
ICA-cleaned,sub-02,4,sub-02_ses-4_epoch-28,6,1
ICA-cleaned,sub-02,4,sub-02_ses-4_epoch-29,0,0
ICA-cleaned,sub-02,4,sub-02_ses-4_epoch-29,1,0
ICA-cleaned,sub-02,4,sub-02_ses-4_epoch-29,2,0
ICA-cleaned,sub-02,4,sub-02_ses-4_epoch-29,3,0
ICA-cleaned,sub-02,4,sub-02_ses-4_epoch-29,4,0
ICA-cleaned,sub-02,4,sub-02_ses-4_epoch-29,5,0
ICA-cleaned,sub-02,4,sub-02_ses-4_epoch-29,6,0
ICA-cleaned,sub-02,4,sub-02_ses-4_epoch-29,7,0
ICA-cleaned,sub-02,4,sub-02_ses-4_epoch-30,0,1
ICA-cleaned,sub-02,4,sub-02_ses-4_epoch-30,1,1
ICA-cleaned,sub-02,4,sub-02_ses-4_epoch-30,2,1
ICA-cleaned,sub-02,4,sub-02_ses-4_epoch-30,3,1
ICA-cleaned,sub-02,4,sub-02_ses-4_epoch-30,4,1
ICA-cleaned,sub-02,4,sub-02_ses-4_epoch-30,5,1
ICA-cleaned,sub-02,4,sub-02_ses-4_epoch-30,6,1
ICA-cleaned,sub-02,4,sub-02_ses-4_epoch-31,0,0
ICA-cleaned,sub-02,4,sub-02_ses-4_epoch-31,1,0
ICA-cleaned,sub-02,4,sub-02_ses-4_epoch-31,2,0
ICA-cleaned,sub-02,4,sub-02_ses-4_epoch-31,3,0
ICA-cleaned,sub-02,4,sub-02_ses-4_epoch-31,4,0
ICA-cleaned,sub-02,4,sub-02_ses-4_epoch-31,5,0
ICA-cleaned,sub-02,4,sub-02_ses-4_epoch-31,6,0
ICA-cleaned,sub-02,4,sub-02_ses-4_epoch-31,7,0
ICA-cleaned,sub-02,4,sub-02_ses-4_epoch-32,0,0
ICA-cleaned,sub-02,4,sub-02_ses-4_epoch-32,1,0
ICA-cleaned,sub-02,4,sub-02_ses-4_epoch-32,2,0
ICA-cleaned,sub-02,4,sub-02_ses-4_epoch-32,3,0
ICA-cleaned,sub-02,4,sub-02_ses-4_epoch-32,4,0
ICA-cleaned,sub-02,4,sub-02_ses-4_epoch-32,5,0
ICA-cleaned,sub-02,4,sub-02_ses-4_epoch-32,6,0
ICA-cleaned,sub-02,4,sub-02_ses-4_epoch-32,7,0
Raw,sub-02,5,sub-02_ses-5_epoch-1,0,0
Raw,sub-02,5,sub-02_ses-5_epoch-1,1,0
Raw,sub-02,5,sub-02_ses-5_epoch-1,2,0
Raw,sub-02,5,sub-02_ses-5_epoch-1,3,0
Raw,sub-02,5,sub-02_ses-5_epoch-1,4,0
Raw,sub-02,5,sub-02_ses-5_epoch-1,5,0
Raw,sub-02,5,sub-02_ses-5_epoch-1,6,0
Raw,sub-02,5,sub-02_ses-5_epoch-1,7,0
Raw,sub-02,5,sub-02_ses-5_epoch-2,0,0
Raw,sub-02,5,sub-02_ses-5_epoch-2,1,0
Raw,sub-02,5,sub-02_ses-5_epoch-2,2,0
Raw,sub-02,5,sub-02_ses-5_epoch-2,3,0
Raw,sub-02,5,sub-02_ses-5_epoch-2,4,0
Raw,sub-02,5,sub-02_ses-5_epoch-2,5,0
Raw,sub-02,5,sub-02_ses-5_epoch-2,6,0
Raw,sub-02,5,sub-02_ses-5_epoch-2,7,0
Raw,sub-02,5,sub-02_ses-5_epoch-3,0,0
Raw,sub-02,5,sub-02_ses-5_epoch-3,1,0
Raw,sub-02,5,sub-02_ses-5_epoch-3,2,0
Raw,sub-02,5,sub-02_ses-5_epoch-3,3,0
Raw,sub-02,5,sub-02_ses-5_epoch-3,4,0
Raw,sub-02,5,sub-02_ses-5_epoch-3,5,0
Raw,sub-02,5,sub-02_ses-5_epoch-3,6,0
Raw,sub-02,5,sub-02_ses-5_epoch-3,7,0
Raw,sub-02,5,sub-02_ses-5_epoch-4,0,0
Raw,sub-02,5,sub-02_ses-5_epoch-4,1,0
Raw,sub-02,5,sub-02_ses-5_epoch-4,2,0
Raw,sub-02,5,sub-02_ses-5_epoch-4,3,0
Raw,sub-02,5,sub-02_ses-5_epoch-4,4,0
Raw,sub-02,5,sub-02_ses-5_epoch-4,5,0
Raw,sub-02,5,sub-02_ses-5_epoch-4,6,0
Raw,sub-02,5,sub-02_ses-5_epoch-4,7,0
Raw,sub-02,5,sub-02_ses-5_epoch-5,0,1
Raw,sub-02,5,sub-02_ses-5_epoch-5,1,1
Raw,sub-02,5,sub-02_ses-5_epoch-5,2,1
Raw,sub-02,5,sub-02_ses-5_epoch-5,3,1
Raw,sub-02,5,sub-02_ses-5_epoch-5,4,1
Raw,sub-02,5,sub-02_ses-5_epoch-5,5,1
Raw,sub-02,5,sub-02_ses-5_epoch-5,6,1
Raw,sub-02,5,sub-02_ses-5_epoch-6,0,0
Raw,sub-02,5,sub-02_ses-5_epoch-6,1,0
Raw,sub-02,5,sub-02_ses-5_epoch-6,2,0
Raw,sub-02,5,sub-02_ses-5_epoch-6,3,0
Raw,sub-02,5,sub-02_ses-5_epoch-6,4,0
Raw,sub-02,5,sub-02_ses-5_epoch-6,5,0
Raw,sub-02,5,sub-02_ses-5_epoch-6,6,0
Raw,sub-02,5,sub-02_ses-5_epoch-6,7,0
Raw,sub-02,5,sub-02_ses-5_epoch-7,0,1
Raw,sub-02,5,sub-02_ses-5_epoch-7,1,1
Raw,sub-02,5,sub-02_ses-5_epoch-7,2,1
Raw,sub-02,5,sub-02_ses-5_epoch-7,3,1
Raw,sub-02,5,sub-02_ses-5_epoch-7,4,1
Raw,sub-02,5,sub-02_ses-5_epoch-7,5,1
Raw,sub-02,5,sub-02_ses-5_epoch-7,6,1
Raw,sub-02,5,sub-02_ses-5_epoch-8,0,0
Raw,sub-02,5,sub-02_ses-5_epoch-8,1,0
Raw,sub-02,5,sub-02_ses-5_epoch-8,2,0
Raw,sub-02,5,sub-02_ses-5_epoch-8,3,0
Raw,sub-02,5,sub-02_ses-5_epoch-8,4,0
Raw,sub-02,5,sub-02_ses-5_epoch-8,5,0
Raw,sub-02,5,sub-02_ses-5_epoch-8,6,0
Raw,sub-02,5,sub-02_ses-5_epoch-8,7,0
Raw,sub-02,5,sub-02_ses-5_epoch-9,0,1
Raw,sub-02,5,sub-02_ses-5_epoch-9,1,1
Raw,sub-02,5,sub-02_ses-5_epoch-9,2,1
Raw,sub-02,5,sub-02_ses-5_epoch-9,3,1
Raw,sub-02,5,sub-02_ses-5_epoch-9,4,1
Raw,sub-02,5,sub-02_ses-5_epoch-9,5,1
Raw,sub-02,5,sub-02_ses-5_epoch-9,6,1
Raw,sub-02,5,sub-02_ses-5_epoch-10,0,0
Raw,sub-02,5,sub-02_ses-5_epoch-10,1,0
Raw,sub-02,5,sub-02_ses-5_epoch-10,2,0
Raw,sub-02,5,sub-02_ses-5_epoch-10,3,0
Raw,sub-02,5,sub-02_ses-5_epoch-10,4,0
Raw,sub-02,5,sub-02_ses-5_epoch-10,5,0
Raw,sub-02,5,sub-02_ses-5_epoch-10,6,0
Raw,sub-02,5,sub-02_ses-5_epoch-10,7,0
Raw,sub-02,5,sub-02_ses-5_epoch-11,0,1
Raw,sub-02,5,sub-02_ses-5_epoch-11,1,1
Raw,sub-02,5,sub-02_ses-5_epoch-11,2,1
Raw,sub-02,5,sub-02_ses-5_epoch-11,3,1
Raw,sub-02,5,sub-02_ses-5_epoch-11,4,1
Raw,sub-02,5,sub-02_ses-5_epoch-11,5,1
Raw,sub-02,5,sub-02_ses-5_epoch-11,6,1
Raw,sub-02,5,sub-02_ses-5_epoch-12,0,0
Raw,sub-02,5,sub-02_ses-5_epoch-12,1,0
Raw,sub-02,5,sub-02_ses-5_epoch-12,2,0
Raw,sub-02,5,sub-02_ses-5_epoch-12,3,0
Raw,sub-02,5,sub-02_ses-5_epoch-12,4,0
Raw,sub-02,5,sub-02_ses-5_epoch-12,5,0
Raw,sub-02,5,sub-02_ses-5_epoch-12,6,0
Raw,sub-02,5,sub-02_ses-5_epoch-12,7,0
Raw,sub-02,5,sub-02_ses-5_epoch-13,0,1
Raw,sub-02,5,sub-02_ses-5_epoch-13,1,1
Raw,sub-02,5,sub-02_ses-5_epoch-13,2,1
Raw,sub-02,5,sub-02_ses-5_epoch-13,3,1
Raw,sub-02,5,sub-02_ses-5_epoch-13,4,1
Raw,sub-02,5,sub-02_ses-5_epoch-13,5,1
Raw,sub-02,5,sub-02_ses-5_epoch-13,6,1
Raw,sub-02,5,sub-02_ses-5_epoch-14,0,0
Raw,sub-02,5,sub-02_ses-5_epoch-14,1,0
Raw,sub-02,5,sub-02_ses-5_epoch-14,2,0
Raw,sub-02,5,sub-02_ses-5_epoch-14,3,0
Raw,sub-02,5,sub-02_ses-5_epoch-14,4,0
Raw,sub-02,5,sub-02_ses-5_epoch-14,5,0
Raw,sub-02,5,sub-02_ses-5_epoch-14,6,0
Raw,sub-02,5,sub-02_ses-5_epoch-14,7,0
Raw,sub-02,5,sub-02_ses-5_epoch-15,0,1
Raw,sub-02,5,sub-02_ses-5_epoch-15,1,1
Raw,sub-02,5,sub-02_ses-5_epoch-15,2,1
Raw,sub-02,5,sub-02_ses-5_epoch-15,3,1
Raw,sub-02,5,sub-02_ses-5_epoch-15,4,1
Raw,sub-02,5,sub-02_ses-5_epoch-15,5,1
Raw,sub-02,5,sub-02_ses-5_epoch-15,6,1
Raw,sub-02,5,sub-02_ses-5_epoch-16,0,0
Raw,sub-02,5,sub-02_ses-5_epoch-16,1,0
Raw,sub-02,5,sub-02_ses-5_epoch-16,2,0
Raw,sub-02,5,sub-02_ses-5_epoch-16,3,0
Raw,sub-02,5,sub-02_ses-5_epoch-16,4,0
Raw,sub-02,5,sub-02_ses-5_epoch-16,5,0
Raw,sub-02,5,sub-02_ses-5_epoch-16,6,0
Raw,sub-02,5,sub-02_ses-5_epoch-16,7,0
Raw,sub-02,5,sub-02_ses-5_epoch-17,0,1
Raw,sub-02,5,sub-02_ses-5_epoch-17,1,1
Raw,sub-02,5,sub-02_ses-5_epoch-17,2,1
Raw,sub-02,5,sub-02_ses-5_epoch-17,3,1
Raw,sub-02,5,sub-02_ses-5_epoch-17,4,1
Raw,sub-02,5,sub-02_ses-5_epoch-17,5,1
Raw,sub-02,5,sub-02_ses-5_epoch-17,6,1
Raw,sub-02,5,sub-02_ses-5_epoch-18,0,0
Raw,sub-02,5,sub-02_ses-5_epoch-18,1,0
Raw,sub-02,5,sub-02_ses-5_epoch-18,2,0
Raw,sub-02,5,sub-02_ses-5_epoch-18,3,0
Raw,sub-02,5,sub-02_ses-5_epoch-18,4,0
Raw,sub-02,5,sub-02_ses-5_epoch-18,5,0
Raw,sub-02,5,sub-02_ses-5_epoch-18,6,0
Raw,sub-02,5,sub-02_ses-5_epoch-18,7,0
Raw,sub-02,5,sub-02_ses-5_epoch-19,0,1
Raw,sub-02,5,sub-02_ses-5_epoch-19,1,1
Raw,sub-02,5,sub-02_ses-5_epoch-19,2,1
Raw,sub-02,5,sub-02_ses-5_epoch-19,3,1
Raw,sub-02,5,sub-02_ses-5_epoch-19,4,1
Raw,sub-02,5,sub-02_ses-5_epoch-19,5,1
Raw,sub-02,5,sub-02_ses-5_epoch-19,6,1
Raw,sub-02,5,sub-02_ses-5_epoch-20,0,0
Raw,sub-02,5,sub-02_ses-5_epoch-20,1,0
Raw,sub-02,5,sub-02_ses-5_epoch-20,2,0
Raw,sub-02,5,sub-02_ses-5_epoch-20,3,0
Raw,sub-02,5,sub-02_ses-5_epoch-20,4,0
Raw,sub-02,5,sub-02_ses-5_epoch-20,5,0
Raw,sub-02,5,sub-02_ses-5_epoch-20,6,0
Raw,sub-02,5,sub-02_ses-5_epoch-20,7,0
Raw,sub-02,5,sub-02_ses-5_epoch-21,0,1
Raw,sub-02,5,sub-02_ses-5_epoch-21,1,1
Raw,sub-02,5,sub-02_ses-5_epoch-21,2,1
Raw,sub-02,5,sub-02_ses-5_epoch-21,3,1
Raw,sub-02,5,sub-02_ses-5_epoch-21,4,1
Raw,sub-02,5,sub-02_ses-5_epoch-21,5,1
Raw,sub-02,5,sub-02_ses-5_epoch-21,6,1
Raw,sub-02,5,sub-02_ses-5_epoch-22,0,0
Raw,sub-02,5,sub-02_ses-5_epoch-22,1,0
Raw,sub-02,5,sub-02_ses-5_epoch-22,2,0
Raw,sub-02,5,sub-02_ses-5_epoch-22,3,0
Raw,sub-02,5,sub-02_ses-5_epoch-22,4,0
Raw,sub-02,5,sub-02_ses-5_epoch-22,5,0
Raw,sub-02,5,sub-02_ses-5_epoch-22,6,0
Raw,sub-02,5,sub-02_ses-5_epoch-22,7,0
Raw,sub-02,5,sub-02_ses-5_epoch-23,0,1
Raw,sub-02,5,sub-02_ses-5_epoch-23,1,1
Raw,sub-02,5,sub-02_ses-5_epoch-23,2,1
Raw,sub-02,5,sub-02_ses-5_epoch-23,3,1
Raw,sub-02,5,sub-02_ses-5_epoch-23,4,1
Raw,sub-02,5,sub-02_ses-5_epoch-23,5,1
Raw,sub-02,5,sub-02_ses-5_epoch-23,6,1
Raw,sub-02,5,sub-02_ses-5_epoch-24,0,1
Raw,sub-02,5,sub-02_ses-5_epoch-24,1,1
Raw,sub-02,5,sub-02_ses-5_epoch-24,2,1
Raw,sub-02,5,sub-02_ses-5_epoch-24,3,1
Raw,sub-02,5,sub-02_ses-5_epoch-24,4,1
Raw,sub-02,5,sub-02_ses-5_epoch-24,5,1
Raw,sub-02,5,sub-02_ses-5_epoch-24,6,1
Raw,sub-02,5,sub-02_ses-5_epoch-25,0,0
Raw,sub-02,5,sub-02_ses-5_epoch-25,1,0
Raw,sub-02,5,sub-02_ses-5_epoch-25,2,0
Raw,sub-02,5,sub-02_ses-5_epoch-25,3,0
Raw,sub-02,5,sub-02_ses-5_epoch-25,4,0
Raw,sub-02,5,sub-02_ses-5_epoch-25,5,0
Raw,sub-02,5,sub-02_ses-5_epoch-25,6,0
Raw,sub-02,5,sub-02_ses-5_epoch-25,7,0
Raw,sub-02,5,sub-02_ses-5_epoch-26,0,1
Raw,sub-02,5,sub-02_ses-5_epoch-26,1,1
Raw,sub-02,5,sub-02_ses-5_epoch-26,2,1
Raw,sub-02,5,sub-02_ses-5_epoch-26,3,1
Raw,sub-02,5,sub-02_ses-5_epoch-26,4,1
Raw,sub-02,5,sub-02_ses-5_epoch-26,5,1
Raw,sub-02,5,sub-02_ses-5_epoch-26,6,1
Raw,sub-02,5,sub-02_ses-5_epoch-27,0,0
Raw,sub-02,5,sub-02_ses-5_epoch-27,1,0
Raw,sub-02,5,sub-02_ses-5_epoch-27,2,0
Raw,sub-02,5,sub-02_ses-5_epoch-27,3,0
Raw,sub-02,5,sub-02_ses-5_epoch-27,4,0
Raw,sub-02,5,sub-02_ses-5_epoch-27,5,0
Raw,sub-02,5,sub-02_ses-5_epoch-27,6,0
Raw,sub-02,5,sub-02_ses-5_epoch-27,7,0
Raw,sub-02,5,sub-02_ses-5_epoch-28,0,1
Raw,sub-02,5,sub-02_ses-5_epoch-28,1,1
Raw,sub-02,5,sub-02_ses-5_epoch-28,2,1
Raw,sub-02,5,sub-02_ses-5_epoch-28,3,1
Raw,sub-02,5,sub-02_ses-5_epoch-28,4,1
Raw,sub-02,5,sub-02_ses-5_epoch-28,5,1
Raw,sub-02,5,sub-02_ses-5_epoch-28,6,1
Raw,sub-02,5,sub-02_ses-5_epoch-29,0,0
Raw,sub-02,5,sub-02_ses-5_epoch-29,1,0
Raw,sub-02,5,sub-02_ses-5_epoch-29,2,0
Raw,sub-02,5,sub-02_ses-5_epoch-29,3,0
Raw,sub-02,5,sub-02_ses-5_epoch-29,4,0
Raw,sub-02,5,sub-02_ses-5_epoch-29,5,0
Raw,sub-02,5,sub-02_ses-5_epoch-29,6,0
Raw,sub-02,5,sub-02_ses-5_epoch-29,7,0
Raw,sub-02,5,sub-02_ses-5_epoch-30,0,1
Raw,sub-02,5,sub-02_ses-5_epoch-30,1,1
Raw,sub-02,5,sub-02_ses-5_epoch-30,2,1
Raw,sub-02,5,sub-02_ses-5_epoch-30,3,1
Raw,sub-02,5,sub-02_ses-5_epoch-30,4,1
Raw,sub-02,5,sub-02_ses-5_epoch-30,5,1
Raw,sub-02,5,sub-02_ses-5_epoch-30,6,1
Raw,sub-02,5,sub-02_ses-5_epoch-31,0,0
Raw,sub-02,5,sub-02_ses-5_epoch-31,1,0
Raw,sub-02,5,sub-02_ses-5_epoch-31,2,0
Raw,sub-02,5,sub-02_ses-5_epoch-31,3,0
Raw,sub-02,5,sub-02_ses-5_epoch-31,4,0
Raw,sub-02,5,sub-02_ses-5_epoch-31,5,0
Raw,sub-02,5,sub-02_ses-5_epoch-31,6,0
Raw,sub-02,5,sub-02_ses-5_epoch-31,7,0
Raw,sub-02,5,sub-02_ses-5_epoch-32,0,1
Raw,sub-02,5,sub-02_ses-5_epoch-32,1,1
Raw,sub-02,5,sub-02_ses-5_epoch-32,2,1
Raw,sub-02,5,sub-02_ses-5_epoch-32,3,1
Raw,sub-02,5,sub-02_ses-5_epoch-32,4,1
Raw,sub-02,5,sub-02_ses-5_epoch-32,5,1
Raw,sub-02,5,sub-02_ses-5_epoch-32,6,1
Raw,sub-02,5,sub-02_ses-5_epoch-33,0,0
Raw,sub-02,5,sub-02_ses-5_epoch-33,1,0
Raw,sub-02,5,sub-02_ses-5_epoch-33,2,0
Raw,sub-02,5,sub-02_ses-5_epoch-33,3,0
Raw,sub-02,5,sub-02_ses-5_epoch-33,4,0
Raw,sub-02,5,sub-02_ses-5_epoch-33,5,0
Raw,sub-02,5,sub-02_ses-5_epoch-33,6,0
Raw,sub-02,5,sub-02_ses-5_epoch-33,7,0
Raw,sub-02,5,sub-02_ses-5_epoch-34,0,1
Raw,sub-02,5,sub-02_ses-5_epoch-34,1,1
Raw,sub-02,5,sub-02_ses-5_epoch-34,2,1
Raw,sub-02,5,sub-02_ses-5_epoch-34,3,1
Raw,sub-02,5,sub-02_ses-5_epoch-34,4,1
Raw,sub-02,5,sub-02_ses-5_epoch-34,5,1
Raw,sub-02,5,sub-02_ses-5_epoch-34,6,1
Raw,sub-02,5,sub-02_ses-5_epoch-35,0,0
Raw,sub-02,5,sub-02_ses-5_epoch-35,1,0
Raw,sub-02,5,sub-02_ses-5_epoch-35,2,0
Raw,sub-02,5,sub-02_ses-5_epoch-35,3,0
Raw,sub-02,5,sub-02_ses-5_epoch-35,4,0
Raw,sub-02,5,sub-02_ses-5_epoch-35,5,0
Raw,sub-02,5,sub-02_ses-5_epoch-35,6,0
Raw,sub-02,5,sub-02_ses-5_epoch-35,7,0
Raw,sub-02,5,sub-02_ses-5_epoch-36,0,0
Raw,sub-02,5,sub-02_ses-5_epoch-36,1,0
Raw,sub-02,5,sub-02_ses-5_epoch-36,2,0
Raw,sub-02,5,sub-02_ses-5_epoch-36,3,0
Raw,sub-02,5,sub-02_ses-5_epoch-36,4,0
Raw,sub-02,5,sub-02_ses-5_epoch-36,5,0
Raw,sub-02,5,sub-02_ses-5_epoch-36,6,0
Raw,sub-02,5,sub-02_ses-5_epoch-36,7,0
ICA-cleaned,sub-02,5,sub-02_ses-5_epoch-1,0,0
ICA-cleaned,sub-02,5,sub-02_ses-5_epoch-1,1,0
ICA-cleaned,sub-02,5,sub-02_ses-5_epoch-1,2,0
ICA-cleaned,sub-02,5,sub-02_ses-5_epoch-1,3,0
ICA-cleaned,sub-02,5,sub-02_ses-5_epoch-1,4,0
ICA-cleaned,sub-02,5,sub-02_ses-5_epoch-1,5,0
ICA-cleaned,sub-02,5,sub-02_ses-5_epoch-1,6,0
ICA-cleaned,sub-02,5,sub-02_ses-5_epoch-1,7,0
ICA-cleaned,sub-02,5,sub-02_ses-5_epoch-2,0,0
ICA-cleaned,sub-02,5,sub-02_ses-5_epoch-2,1,0
ICA-cleaned,sub-02,5,sub-02_ses-5_epoch-2,2,0
ICA-cleaned,sub-02,5,sub-02_ses-5_epoch-2,3,0
ICA-cleaned,sub-02,5,sub-02_ses-5_epoch-2,4,0
ICA-cleaned,sub-02,5,sub-02_ses-5_epoch-2,5,0
ICA-cleaned,sub-02,5,sub-02_ses-5_epoch-2,6,0
ICA-cleaned,sub-02,5,sub-02_ses-5_epoch-2,7,0
ICA-cleaned,sub-02,5,sub-02_ses-5_epoch-3,0,0
ICA-cleaned,sub-02,5,sub-02_ses-5_epoch-3,1,0
ICA-cleaned,sub-02,5,sub-02_ses-5_epoch-3,2,0
ICA-cleaned,sub-02,5,sub-02_ses-5_epoch-3,3,0
ICA-cleaned,sub-02,5,sub-02_ses-5_epoch-3,4,0
ICA-cleaned,sub-02,5,sub-02_ses-5_epoch-3,5,0
ICA-cleaned,sub-02,5,sub-02_ses-5_epoch-3,6,0
ICA-cleaned,sub-02,5,sub-02_ses-5_epoch-3,7,0
ICA-cleaned,sub-02,5,sub-02_ses-5_epoch-4,0,0
ICA-cleaned,sub-02,5,sub-02_ses-5_epoch-4,1,0
ICA-cleaned,sub-02,5,sub-02_ses-5_epoch-4,2,0
ICA-cleaned,sub-02,5,sub-02_ses-5_epoch-4,3,0
ICA-cleaned,sub-02,5,sub-02_ses-5_epoch-4,4,0
ICA-cleaned,sub-02,5,sub-02_ses-5_epoch-4,5,0
ICA-cleaned,sub-02,5,sub-02_ses-5_epoch-4,6,0
ICA-cleaned,sub-02,5,sub-02_ses-5_epoch-4,7,0
ICA-cleaned,sub-02,5,sub-02_ses-5_epoch-5,0,1
ICA-cleaned,sub-02,5,sub-02_ses-5_epoch-5,1,1
ICA-cleaned,sub-02,5,sub-02_ses-5_epoch-5,2,1
ICA-cleaned,sub-02,5,sub-02_ses-5_epoch-5,3,1
ICA-cleaned,sub-02,5,sub-02_ses-5_epoch-5,4,1
ICA-cleaned,sub-02,5,sub-02_ses-5_epoch-5,5,1
ICA-cleaned,sub-02,5,sub-02_ses-5_epoch-5,6,1
ICA-cleaned,sub-02,5,sub-02_ses-5_epoch-6,0,0
ICA-cleaned,sub-02,5,sub-02_ses-5_epoch-6,1,0
ICA-cleaned,sub-02,5,sub-02_ses-5_epoch-6,2,0
ICA-cleaned,sub-02,5,sub-02_ses-5_epoch-6,3,0
ICA-cleaned,sub-02,5,sub-02_ses-5_epoch-6,4,0
ICA-cleaned,sub-02,5,sub-02_ses-5_epoch-6,5,0
ICA-cleaned,sub-02,5,sub-02_ses-5_epoch-6,6,0
ICA-cleaned,sub-02,5,sub-02_ses-5_epoch-6,7,0
ICA-cleaned,sub-02,5,sub-02_ses-5_epoch-7,0,1
ICA-cleaned,sub-02,5,sub-02_ses-5_epoch-7,1,1
ICA-cleaned,sub-02,5,sub-02_ses-5_epoch-7,2,1
ICA-cleaned,sub-02,5,sub-02_ses-5_epoch-7,3,1
ICA-cleaned,sub-02,5,sub-02_ses-5_epoch-7,4,1
ICA-cleaned,sub-02,5,sub-02_ses-5_epoch-7,5,1
ICA-cleaned,sub-02,5,sub-02_ses-5_epoch-7,6,1
ICA-cleaned,sub-02,5,sub-02_ses-5_epoch-8,0,0
ICA-cleaned,sub-02,5,sub-02_ses-5_epoch-8,1,0
ICA-cleaned,sub-02,5,sub-02_ses-5_epoch-8,2,0
ICA-cleaned,sub-02,5,sub-02_ses-5_epoch-8,3,0
ICA-cleaned,sub-02,5,sub-02_ses-5_epoch-8,4,0
ICA-cleaned,sub-02,5,sub-02_ses-5_epoch-8,5,0
ICA-cleaned,sub-02,5,sub-02_ses-5_epoch-8,6,0
ICA-cleaned,sub-02,5,sub-02_ses-5_epoch-8,7,0
ICA-cleaned,sub-02,5,sub-02_ses-5_epoch-9,0,1
ICA-cleaned,sub-02,5,sub-02_ses-5_epoch-9,1,1
ICA-cleaned,sub-02,5,sub-02_ses-5_epoch-9,2,1
ICA-cleaned,sub-02,5,sub-02_ses-5_epoch-9,3,1
ICA-cleaned,sub-02,5,sub-02_ses-5_epoch-9,4,1
ICA-cleaned,sub-02,5,sub-02_ses-5_epoch-9,5,1
ICA-cleaned,sub-02,5,sub-02_ses-5_epoch-9,6,1
ICA-cleaned,sub-02,5,sub-02_ses-5_epoch-10,0,0
ICA-cleaned,sub-02,5,sub-02_ses-5_epoch-10,1,0
ICA-cleaned,sub-02,5,sub-02_ses-5_epoch-10,2,0
ICA-cleaned,sub-02,5,sub-02_ses-5_epoch-10,3,0
ICA-cleaned,sub-02,5,sub-02_ses-5_epoch-10,4,0
ICA-cleaned,sub-02,5,sub-02_ses-5_epoch-10,5,0
ICA-cleaned,sub-02,5,sub-02_ses-5_epoch-10,6,0
ICA-cleaned,sub-02,5,sub-02_ses-5_epoch-10,7,0
ICA-cleaned,sub-02,5,sub-02_ses-5_epoch-11,0,1
ICA-cleaned,sub-02,5,sub-02_ses-5_epoch-11,1,1
ICA-cleaned,sub-02,5,sub-02_ses-5_epoch-11,2,1
ICA-cleaned,sub-02,5,sub-02_ses-5_epoch-11,3,1
ICA-cleaned,sub-02,5,sub-02_ses-5_epoch-11,4,1
ICA-cleaned,sub-02,5,sub-02_ses-5_epoch-11,5,1
ICA-cleaned,sub-02,5,sub-02_ses-5_epoch-11,6,1
ICA-cleaned,sub-02,5,sub-02_ses-5_epoch-12,0,0
ICA-cleaned,sub-02,5,sub-02_ses-5_epoch-12,1,0
ICA-cleaned,sub-02,5,sub-02_ses-5_epoch-12,2,0
ICA-cleaned,sub-02,5,sub-02_ses-5_epoch-12,3,0
ICA-cleaned,sub-02,5,sub-02_ses-5_epoch-12,4,0
ICA-cleaned,sub-02,5,sub-02_ses-5_epoch-12,5,0
ICA-cleaned,sub-02,5,sub-02_ses-5_epoch-12,6,0
ICA-cleaned,sub-02,5,sub-02_ses-5_epoch-12,7,0
ICA-cleaned,sub-02,5,sub-02_ses-5_epoch-13,0,1
ICA-cleaned,sub-02,5,sub-02_ses-5_epoch-13,1,1
ICA-cleaned,sub-02,5,sub-02_ses-5_epoch-13,2,1
ICA-cleaned,sub-02,5,sub-02_ses-5_epoch-13,3,1
ICA-cleaned,sub-02,5,sub-02_ses-5_epoch-13,4,1
ICA-cleaned,sub-02,5,sub-02_ses-5_epoch-13,5,1
ICA-cleaned,sub-02,5,sub-02_ses-5_epoch-13,6,1
ICA-cleaned,sub-02,5,sub-02_ses-5_epoch-14,0,0
ICA-cleaned,sub-02,5,sub-02_ses-5_epoch-14,1,0
ICA-cleaned,sub-02,5,sub-02_ses-5_epoch-14,2,0
ICA-cleaned,sub-02,5,sub-02_ses-5_epoch-14,3,0
ICA-cleaned,sub-02,5,sub-02_ses-5_epoch-14,4,0
ICA-cleaned,sub-02,5,sub-02_ses-5_epoch-14,5,0
ICA-cleaned,sub-02,5,sub-02_ses-5_epoch-14,6,0
ICA-cleaned,sub-02,5,sub-02_ses-5_epoch-14,7,0
ICA-cleaned,sub-02,5,sub-02_ses-5_epoch-15,0,1
ICA-cleaned,sub-02,5,sub-02_ses-5_epoch-15,1,1
ICA-cleaned,sub-02,5,sub-02_ses-5_epoch-15,2,1
ICA-cleaned,sub-02,5,sub-02_ses-5_epoch-15,3,1
ICA-cleaned,sub-02,5,sub-02_ses-5_epoch-15,4,1
ICA-cleaned,sub-02,5,sub-02_ses-5_epoch-15,5,1
ICA-cleaned,sub-02,5,sub-02_ses-5_epoch-15,6,1
ICA-cleaned,sub-02,5,sub-02_ses-5_epoch-16,0,0
ICA-cleaned,sub-02,5,sub-02_ses-5_epoch-16,1,0
ICA-cleaned,sub-02,5,sub-02_ses-5_epoch-16,2,0
ICA-cleaned,sub-02,5,sub-02_ses-5_epoch-16,3,0
ICA-cleaned,sub-02,5,sub-02_ses-5_epoch-16,4,0
ICA-cleaned,sub-02,5,sub-02_ses-5_epoch-16,5,0
ICA-cleaned,sub-02,5,sub-02_ses-5_epoch-16,6,0
ICA-cleaned,sub-02,5,sub-02_ses-5_epoch-16,7,0
ICA-cleaned,sub-02,5,sub-02_ses-5_epoch-17,0,1
ICA-cleaned,sub-02,5,sub-02_ses-5_epoch-17,1,1
ICA-cleaned,sub-02,5,sub-02_ses-5_epoch-17,2,1
ICA-cleaned,sub-02,5,sub-02_ses-5_epoch-17,3,1
ICA-cleaned,sub-02,5,sub-02_ses-5_epoch-17,4,1
ICA-cleaned,sub-02,5,sub-02_ses-5_epoch-17,5,1
ICA-cleaned,sub-02,5,sub-02_ses-5_epoch-17,6,1
ICA-cleaned,sub-02,5,sub-02_ses-5_epoch-18,0,0
ICA-cleaned,sub-02,5,sub-02_ses-5_epoch-18,1,0
ICA-cleaned,sub-02,5,sub-02_ses-5_epoch-18,2,0
ICA-cleaned,sub-02,5,sub-02_ses-5_epoch-18,3,0
ICA-cleaned,sub-02,5,sub-02_ses-5_epoch-18,4,0
ICA-cleaned,sub-02,5,sub-02_ses-5_epoch-18,5,0
ICA-cleaned,sub-02,5,sub-02_ses-5_epoch-18,6,0
ICA-cleaned,sub-02,5,sub-02_ses-5_epoch-18,7,0
ICA-cleaned,sub-02,5,sub-02_ses-5_epoch-19,0,1
ICA-cleaned,sub-02,5,sub-02_ses-5_epoch-19,1,1
ICA-cleaned,sub-02,5,sub-02_ses-5_epoch-19,2,1
ICA-cleaned,sub-02,5,sub-02_ses-5_epoch-19,3,1
ICA-cleaned,sub-02,5,sub-02_ses-5_epoch-19,4,1
ICA-cleaned,sub-02,5,sub-02_ses-5_epoch-19,5,1
ICA-cleaned,sub-02,5,sub-02_ses-5_epoch-19,6,1
ICA-cleaned,sub-02,5,sub-02_ses-5_epoch-20,0,0
ICA-cleaned,sub-02,5,sub-02_ses-5_epoch-20,1,0
ICA-cleaned,sub-02,5,sub-02_ses-5_epoch-20,2,0
ICA-cleaned,sub-02,5,sub-02_ses-5_epoch-20,3,0
ICA-cleaned,sub-02,5,sub-02_ses-5_epoch-20,4,0
ICA-cleaned,sub-02,5,sub-02_ses-5_epoch-20,5,0
ICA-cleaned,sub-02,5,sub-02_ses-5_epoch-20,6,0
ICA-cleaned,sub-02,5,sub-02_ses-5_epoch-20,7,0
ICA-cleaned,sub-02,5,sub-02_ses-5_epoch-21,0,1
ICA-cleaned,sub-02,5,sub-02_ses-5_epoch-21,1,1
ICA-cleaned,sub-02,5,sub-02_ses-5_epoch-21,2,1
ICA-cleaned,sub-02,5,sub-02_ses-5_epoch-21,3,1
ICA-cleaned,sub-02,5,sub-02_ses-5_epoch-21,4,1
ICA-cleaned,sub-02,5,sub-02_ses-5_epoch-21,5,1
ICA-cleaned,sub-02,5,sub-02_ses-5_epoch-21,6,1
ICA-cleaned,sub-02,5,sub-02_ses-5_epoch-22,0,0
ICA-cleaned,sub-02,5,sub-02_ses-5_epoch-22,1,0
ICA-cleaned,sub-02,5,sub-02_ses-5_epoch-22,2,0
ICA-cleaned,sub-02,5,sub-02_ses-5_epoch-22,3,0
ICA-cleaned,sub-02,5,sub-02_ses-5_epoch-22,4,0
ICA-cleaned,sub-02,5,sub-02_ses-5_epoch-22,5,0
ICA-cleaned,sub-02,5,sub-02_ses-5_epoch-22,6,0
ICA-cleaned,sub-02,5,sub-02_ses-5_epoch-22,7,0
ICA-cleaned,sub-02,5,sub-02_ses-5_epoch-23,0,1
ICA-cleaned,sub-02,5,sub-02_ses-5_epoch-23,1,1
ICA-cleaned,sub-02,5,sub-02_ses-5_epoch-23,2,1
ICA-cleaned,sub-02,5,sub-02_ses-5_epoch-23,3,1
ICA-cleaned,sub-02,5,sub-02_ses-5_epoch-23,4,1
ICA-cleaned,sub-02,5,sub-02_ses-5_epoch-23,5,1
ICA-cleaned,sub-02,5,sub-02_ses-5_epoch-23,6,1
ICA-cleaned,sub-02,5,sub-02_ses-5_epoch-24,0,1
ICA-cleaned,sub-02,5,sub-02_ses-5_epoch-24,1,1
ICA-cleaned,sub-02,5,sub-02_ses-5_epoch-24,2,1
ICA-cleaned,sub-02,5,sub-02_ses-5_epoch-24,3,1
ICA-cleaned,sub-02,5,sub-02_ses-5_epoch-24,4,1
ICA-cleaned,sub-02,5,sub-02_ses-5_epoch-24,5,1
ICA-cleaned,sub-02,5,sub-02_ses-5_epoch-24,6,1
ICA-cleaned,sub-02,5,sub-02_ses-5_epoch-25,0,0
ICA-cleaned,sub-02,5,sub-02_ses-5_epoch-25,1,0
ICA-cleaned,sub-02,5,sub-02_ses-5_epoch-25,2,0
ICA-cleaned,sub-02,5,sub-02_ses-5_epoch-25,3,0
ICA-cleaned,sub-02,5,sub-02_ses-5_epoch-25,4,0
ICA-cleaned,sub-02,5,sub-02_ses-5_epoch-25,5,0
ICA-cleaned,sub-02,5,sub-02_ses-5_epoch-25,6,0
ICA-cleaned,sub-02,5,sub-02_ses-5_epoch-25,7,0
ICA-cleaned,sub-02,5,sub-02_ses-5_epoch-26,0,1
ICA-cleaned,sub-02,5,sub-02_ses-5_epoch-26,1,1
ICA-cleaned,sub-02,5,sub-02_ses-5_epoch-26,2,1
ICA-cleaned,sub-02,5,sub-02_ses-5_epoch-26,3,1
ICA-cleaned,sub-02,5,sub-02_ses-5_epoch-26,4,1
ICA-cleaned,sub-02,5,sub-02_ses-5_epoch-26,5,1
ICA-cleaned,sub-02,5,sub-02_ses-5_epoch-26,6,1
ICA-cleaned,sub-02,5,sub-02_ses-5_epoch-27,0,0
ICA-cleaned,sub-02,5,sub-02_ses-5_epoch-27,1,0
ICA-cleaned,sub-02,5,sub-02_ses-5_epoch-27,2,0
ICA-cleaned,sub-02,5,sub-02_ses-5_epoch-27,3,0
ICA-cleaned,sub-02,5,sub-02_ses-5_epoch-27,4,0
ICA-cleaned,sub-02,5,sub-02_ses-5_epoch-27,5,0
ICA-cleaned,sub-02,5,sub-02_ses-5_epoch-27,6,0
ICA-cleaned,sub-02,5,sub-02_ses-5_epoch-27,7,0
ICA-cleaned,sub-02,5,sub-02_ses-5_epoch-28,0,1
ICA-cleaned,sub-02,5,sub-02_ses-5_epoch-28,1,1
ICA-cleaned,sub-02,5,sub-02_ses-5_epoch-28,2,1
ICA-cleaned,sub-02,5,sub-02_ses-5_epoch-28,3,1
ICA-cleaned,sub-02,5,sub-02_ses-5_epoch-28,4,1
ICA-cleaned,sub-02,5,sub-02_ses-5_epoch-28,5,1
ICA-cleaned,sub-02,5,sub-02_ses-5_epoch-28,6,1
ICA-cleaned,sub-02,5,sub-02_ses-5_epoch-29,0,0
ICA-cleaned,sub-02,5,sub-02_ses-5_epoch-29,1,0
ICA-cleaned,sub-02,5,sub-02_ses-5_epoch-29,2,0
ICA-cleaned,sub-02,5,sub-02_ses-5_epoch-29,3,0
ICA-cleaned,sub-02,5,sub-02_ses-5_epoch-29,4,0
ICA-cleaned,sub-02,5,sub-02_ses-5_epoch-29,5,0
ICA-cleaned,sub-02,5,sub-02_ses-5_epoch-29,6,0
ICA-cleaned,sub-02,5,sub-02_ses-5_epoch-29,7,0
ICA-cleaned,sub-02,5,sub-02_ses-5_epoch-30,0,1
ICA-cleaned,sub-02,5,sub-02_ses-5_epoch-30,1,1
ICA-cleaned,sub-02,5,sub-02_ses-5_epoch-30,2,1
ICA-cleaned,sub-02,5,sub-02_ses-5_epoch-30,3,1
ICA-cleaned,sub-02,5,sub-02_ses-5_epoch-30,4,1
ICA-cleaned,sub-02,5,sub-02_ses-5_epoch-30,5,1
ICA-cleaned,sub-02,5,sub-02_ses-5_epoch-30,6,1
ICA-cleaned,sub-02,5,sub-02_ses-5_epoch-31,0,0
ICA-cleaned,sub-02,5,sub-02_ses-5_epoch-31,1,0
ICA-cleaned,sub-02,5,sub-02_ses-5_epoch-31,2,0
ICA-cleaned,sub-02,5,sub-02_ses-5_epoch-31,3,0
ICA-cleaned,sub-02,5,sub-02_ses-5_epoch-31,4,0
ICA-cleaned,sub-02,5,sub-02_ses-5_epoch-31,5,0
ICA-cleaned,sub-02,5,sub-02_ses-5_epoch-31,6,0
ICA-cleaned,sub-02,5,sub-02_ses-5_epoch-31,7,0
ICA-cleaned,sub-02,5,sub-02_ses-5_epoch-32,0,1
ICA-cleaned,sub-02,5,sub-02_ses-5_epoch-32,1,1
ICA-cleaned,sub-02,5,sub-02_ses-5_epoch-32,2,1
ICA-cleaned,sub-02,5,sub-02_ses-5_epoch-32,3,1
ICA-cleaned,sub-02,5,sub-02_ses-5_epoch-32,4,1
ICA-cleaned,sub-02,5,sub-02_ses-5_epoch-32,5,1
ICA-cleaned,sub-02,5,sub-02_ses-5_epoch-32,6,1
ICA-cleaned,sub-02,5,sub-02_ses-5_epoch-33,0,0
ICA-cleaned,sub-02,5,sub-02_ses-5_epoch-33,1,0
ICA-cleaned,sub-02,5,sub-02_ses-5_epoch-33,2,0
ICA-cleaned,sub-02,5,sub-02_ses-5_epoch-33,3,0
ICA-cleaned,sub-02,5,sub-02_ses-5_epoch-33,4,0
ICA-cleaned,sub-02,5,sub-02_ses-5_epoch-33,5,0
ICA-cleaned,sub-02,5,sub-02_ses-5_epoch-33,6,0
ICA-cleaned,sub-02,5,sub-02_ses-5_epoch-33,7,0
ICA-cleaned,sub-02,5,sub-02_ses-5_epoch-34,0,1
ICA-cleaned,sub-02,5,sub-02_ses-5_epoch-34,1,1
ICA-cleaned,sub-02,5,sub-02_ses-5_epoch-34,2,1
ICA-cleaned,sub-02,5,sub-02_ses-5_epoch-34,3,1
ICA-cleaned,sub-02,5,sub-02_ses-5_epoch-34,4,1
ICA-cleaned,sub-02,5,sub-02_ses-5_epoch-34,5,1
ICA-cleaned,sub-02,5,sub-02_ses-5_epoch-34,6,1
ICA-cleaned,sub-02,5,sub-02_ses-5_epoch-35,0,0
ICA-cleaned,sub-02,5,sub-02_ses-5_epoch-35,1,0
ICA-cleaned,sub-02,5,sub-02_ses-5_epoch-35,2,0
ICA-cleaned,sub-02,5,sub-02_ses-5_epoch-35,3,0
ICA-cleaned,sub-02,5,sub-02_ses-5_epoch-35,4,0
ICA-cleaned,sub-02,5,sub-02_ses-5_epoch-35,5,0
ICA-cleaned,sub-02,5,sub-02_ses-5_epoch-35,6,0
ICA-cleaned,sub-02,5,sub-02_ses-5_epoch-35,7,0
ICA-cleaned,sub-02,5,sub-02_ses-5_epoch-36,0,0
ICA-cleaned,sub-02,5,sub-02_ses-5_epoch-36,1,0
ICA-cleaned,sub-02,5,sub-02_ses-5_epoch-36,2,0
ICA-cleaned,sub-02,5,sub-02_ses-5_epoch-36,3,0
ICA-cleaned,sub-02,5,sub-02_ses-5_epoch-36,4,0
ICA-cleaned,sub-02,5,sub-02_ses-5_epoch-36,5,0
ICA-cleaned,sub-02,5,sub-02_ses-5_epoch-36,6,0
ICA-cleaned,sub-02,5,sub-02_ses-5_epoch-36,7,0
Raw,sub-02,6,sub-02_ses-6_epoch-1,0,0
Raw,sub-02,6,sub-02_ses-6_epoch-1,1,0
Raw,sub-02,6,sub-02_ses-6_epoch-1,2,0
Raw,sub-02,6,sub-02_ses-6_epoch-1,3,0
Raw,sub-02,6,sub-02_ses-6_epoch-1,4,0
Raw,sub-02,6,sub-02_ses-6_epoch-1,5,0
Raw,sub-02,6,sub-02_ses-6_epoch-1,6,0
Raw,sub-02,6,sub-02_ses-6_epoch-1,7,0
Raw,sub-02,6,sub-02_ses-6_epoch-2,0,0
Raw,sub-02,6,sub-02_ses-6_epoch-2,1,0
Raw,sub-02,6,sub-02_ses-6_epoch-2,2,0
Raw,sub-02,6,sub-02_ses-6_epoch-2,3,0
Raw,sub-02,6,sub-02_ses-6_epoch-2,4,0
Raw,sub-02,6,sub-02_ses-6_epoch-2,5,0
Raw,sub-02,6,sub-02_ses-6_epoch-2,6,0
Raw,sub-02,6,sub-02_ses-6_epoch-2,7,0
Raw,sub-02,6,sub-02_ses-6_epoch-3,0,0
Raw,sub-02,6,sub-02_ses-6_epoch-3,1,0
Raw,sub-02,6,sub-02_ses-6_epoch-3,2,0
Raw,sub-02,6,sub-02_ses-6_epoch-3,3,0
Raw,sub-02,6,sub-02_ses-6_epoch-3,4,0
Raw,sub-02,6,sub-02_ses-6_epoch-3,5,0
Raw,sub-02,6,sub-02_ses-6_epoch-3,6,0
Raw,sub-02,6,sub-02_ses-6_epoch-3,7,0
Raw,sub-02,6,sub-02_ses-6_epoch-4,0,0
Raw,sub-02,6,sub-02_ses-6_epoch-4,1,0
Raw,sub-02,6,sub-02_ses-6_epoch-4,2,0
Raw,sub-02,6,sub-02_ses-6_epoch-4,3,0
Raw,sub-02,6,sub-02_ses-6_epoch-4,4,0
Raw,sub-02,6,sub-02_ses-6_epoch-4,5,0
Raw,sub-02,6,sub-02_ses-6_epoch-4,6,0
Raw,sub-02,6,sub-02_ses-6_epoch-4,7,0
Raw,sub-02,6,sub-02_ses-6_epoch-5,0,1
Raw,sub-02,6,sub-02_ses-6_epoch-5,1,1
Raw,sub-02,6,sub-02_ses-6_epoch-5,2,1
Raw,sub-02,6,sub-02_ses-6_epoch-5,3,1
Raw,sub-02,6,sub-02_ses-6_epoch-5,4,1
Raw,sub-02,6,sub-02_ses-6_epoch-5,5,1
Raw,sub-02,6,sub-02_ses-6_epoch-5,6,1
Raw,sub-02,6,sub-02_ses-6_epoch-6,0,0
Raw,sub-02,6,sub-02_ses-6_epoch-6,1,0
Raw,sub-02,6,sub-02_ses-6_epoch-6,2,0
Raw,sub-02,6,sub-02_ses-6_epoch-6,3,0
Raw,sub-02,6,sub-02_ses-6_epoch-6,4,0
Raw,sub-02,6,sub-02_ses-6_epoch-6,5,0
Raw,sub-02,6,sub-02_ses-6_epoch-6,6,0
Raw,sub-02,6,sub-02_ses-6_epoch-6,7,0
Raw,sub-02,6,sub-02_ses-6_epoch-7,0,1
Raw,sub-02,6,sub-02_ses-6_epoch-7,1,1
Raw,sub-02,6,sub-02_ses-6_epoch-7,2,1
Raw,sub-02,6,sub-02_ses-6_epoch-7,3,1
Raw,sub-02,6,sub-02_ses-6_epoch-7,4,1
Raw,sub-02,6,sub-02_ses-6_epoch-7,5,1
Raw,sub-02,6,sub-02_ses-6_epoch-7,6,1
Raw,sub-02,6,sub-02_ses-6_epoch-8,0,0
Raw,sub-02,6,sub-02_ses-6_epoch-8,1,0
Raw,sub-02,6,sub-02_ses-6_epoch-8,2,0
Raw,sub-02,6,sub-02_ses-6_epoch-8,3,0
Raw,sub-02,6,sub-02_ses-6_epoch-8,4,0
Raw,sub-02,6,sub-02_ses-6_epoch-8,5,0
Raw,sub-02,6,sub-02_ses-6_epoch-8,6,0
Raw,sub-02,6,sub-02_ses-6_epoch-8,7,0
Raw,sub-02,6,sub-02_ses-6_epoch-9,0,1
Raw,sub-02,6,sub-02_ses-6_epoch-9,1,1
Raw,sub-02,6,sub-02_ses-6_epoch-9,2,1
Raw,sub-02,6,sub-02_ses-6_epoch-9,3,1
Raw,sub-02,6,sub-02_ses-6_epoch-9,4,1
Raw,sub-02,6,sub-02_ses-6_epoch-9,5,1
Raw,sub-02,6,sub-02_ses-6_epoch-9,6,1
Raw,sub-02,6,sub-02_ses-6_epoch-10,0,0
Raw,sub-02,6,sub-02_ses-6_epoch-10,1,0
Raw,sub-02,6,sub-02_ses-6_epoch-10,2,0
Raw,sub-02,6,sub-02_ses-6_epoch-10,3,0
Raw,sub-02,6,sub-02_ses-6_epoch-10,4,0
Raw,sub-02,6,sub-02_ses-6_epoch-10,5,0
Raw,sub-02,6,sub-02_ses-6_epoch-10,6,0
Raw,sub-02,6,sub-02_ses-6_epoch-10,7,0
Raw,sub-02,6,sub-02_ses-6_epoch-11,0,1
Raw,sub-02,6,sub-02_ses-6_epoch-11,1,1
Raw,sub-02,6,sub-02_ses-6_epoch-11,2,1
Raw,sub-02,6,sub-02_ses-6_epoch-11,3,1
Raw,sub-02,6,sub-02_ses-6_epoch-11,4,1
Raw,sub-02,6,sub-02_ses-6_epoch-11,5,1
Raw,sub-02,6,sub-02_ses-6_epoch-11,6,1
Raw,sub-02,6,sub-02_ses-6_epoch-12,0,0
Raw,sub-02,6,sub-02_ses-6_epoch-12,1,0
Raw,sub-02,6,sub-02_ses-6_epoch-12,2,0
Raw,sub-02,6,sub-02_ses-6_epoch-12,3,0
Raw,sub-02,6,sub-02_ses-6_epoch-12,4,0
Raw,sub-02,6,sub-02_ses-6_epoch-12,5,0
Raw,sub-02,6,sub-02_ses-6_epoch-12,6,0
Raw,sub-02,6,sub-02_ses-6_epoch-12,7,0
Raw,sub-02,6,sub-02_ses-6_epoch-13,0,1
Raw,sub-02,6,sub-02_ses-6_epoch-13,1,1
Raw,sub-02,6,sub-02_ses-6_epoch-13,2,1
Raw,sub-02,6,sub-02_ses-6_epoch-13,3,1
Raw,sub-02,6,sub-02_ses-6_epoch-13,4,1
Raw,sub-02,6,sub-02_ses-6_epoch-13,5,1
Raw,sub-02,6,sub-02_ses-6_epoch-13,6,1
Raw,sub-02,6,sub-02_ses-6_epoch-14,0,0
Raw,sub-02,6,sub-02_ses-6_epoch-14,1,0
Raw,sub-02,6,sub-02_ses-6_epoch-14,2,0
Raw,sub-02,6,sub-02_ses-6_epoch-14,3,0
Raw,sub-02,6,sub-02_ses-6_epoch-14,4,0
Raw,sub-02,6,sub-02_ses-6_epoch-14,5,0
Raw,sub-02,6,sub-02_ses-6_epoch-14,6,0
Raw,sub-02,6,sub-02_ses-6_epoch-14,7,0
Raw,sub-02,6,sub-02_ses-6_epoch-15,0,1
Raw,sub-02,6,sub-02_ses-6_epoch-15,1,1
Raw,sub-02,6,sub-02_ses-6_epoch-15,2,1
Raw,sub-02,6,sub-02_ses-6_epoch-15,3,1
Raw,sub-02,6,sub-02_ses-6_epoch-15,4,1
Raw,sub-02,6,sub-02_ses-6_epoch-15,5,1
Raw,sub-02,6,sub-02_ses-6_epoch-15,6,1
Raw,sub-02,6,sub-02_ses-6_epoch-16,0,0
Raw,sub-02,6,sub-02_ses-6_epoch-16,1,0
Raw,sub-02,6,sub-02_ses-6_epoch-16,2,0
Raw,sub-02,6,sub-02_ses-6_epoch-16,3,0
Raw,sub-02,6,sub-02_ses-6_epoch-16,4,0
Raw,sub-02,6,sub-02_ses-6_epoch-16,5,0
Raw,sub-02,6,sub-02_ses-6_epoch-16,6,0
Raw,sub-02,6,sub-02_ses-6_epoch-16,7,0
Raw,sub-02,6,sub-02_ses-6_epoch-17,0,1
Raw,sub-02,6,sub-02_ses-6_epoch-17,1,1
Raw,sub-02,6,sub-02_ses-6_epoch-17,2,1
Raw,sub-02,6,sub-02_ses-6_epoch-17,3,1
Raw,sub-02,6,sub-02_ses-6_epoch-17,4,1
Raw,sub-02,6,sub-02_ses-6_epoch-17,5,1
Raw,sub-02,6,sub-02_ses-6_epoch-17,6,1
Raw,sub-02,6,sub-02_ses-6_epoch-18,0,0
Raw,sub-02,6,sub-02_ses-6_epoch-18,1,0
Raw,sub-02,6,sub-02_ses-6_epoch-18,2,0
Raw,sub-02,6,sub-02_ses-6_epoch-18,3,0
Raw,sub-02,6,sub-02_ses-6_epoch-18,4,0
Raw,sub-02,6,sub-02_ses-6_epoch-18,5,0
Raw,sub-02,6,sub-02_ses-6_epoch-18,6,0
Raw,sub-02,6,sub-02_ses-6_epoch-18,7,0
Raw,sub-02,6,sub-02_ses-6_epoch-19,0,1
Raw,sub-02,6,sub-02_ses-6_epoch-19,1,1
Raw,sub-02,6,sub-02_ses-6_epoch-19,2,1
Raw,sub-02,6,sub-02_ses-6_epoch-19,3,1
Raw,sub-02,6,sub-02_ses-6_epoch-19,4,1
Raw,sub-02,6,sub-02_ses-6_epoch-19,5,1
Raw,sub-02,6,sub-02_ses-6_epoch-19,6,1
Raw,sub-02,6,sub-02_ses-6_epoch-20,0,0
Raw,sub-02,6,sub-02_ses-6_epoch-20,1,0
Raw,sub-02,6,sub-02_ses-6_epoch-20,2,0
Raw,sub-02,6,sub-02_ses-6_epoch-20,3,0
Raw,sub-02,6,sub-02_ses-6_epoch-20,4,0
Raw,sub-02,6,sub-02_ses-6_epoch-20,5,0
Raw,sub-02,6,sub-02_ses-6_epoch-20,6,0
Raw,sub-02,6,sub-02_ses-6_epoch-20,7,0
Raw,sub-02,6,sub-02_ses-6_epoch-21,0,1
Raw,sub-02,6,sub-02_ses-6_epoch-21,1,1
Raw,sub-02,6,sub-02_ses-6_epoch-21,2,1
Raw,sub-02,6,sub-02_ses-6_epoch-21,3,1
Raw,sub-02,6,sub-02_ses-6_epoch-21,4,1
Raw,sub-02,6,sub-02_ses-6_epoch-21,5,1
Raw,sub-02,6,sub-02_ses-6_epoch-21,6,1
Raw,sub-02,6,sub-02_ses-6_epoch-22,0,0
Raw,sub-02,6,sub-02_ses-6_epoch-22,1,0
Raw,sub-02,6,sub-02_ses-6_epoch-22,2,0
Raw,sub-02,6,sub-02_ses-6_epoch-22,3,0
Raw,sub-02,6,sub-02_ses-6_epoch-22,4,0
Raw,sub-02,6,sub-02_ses-6_epoch-22,5,0
Raw,sub-02,6,sub-02_ses-6_epoch-22,6,0
Raw,sub-02,6,sub-02_ses-6_epoch-22,7,0
Raw,sub-02,6,sub-02_ses-6_epoch-23,0,1
Raw,sub-02,6,sub-02_ses-6_epoch-23,1,1
Raw,sub-02,6,sub-02_ses-6_epoch-23,2,1
Raw,sub-02,6,sub-02_ses-6_epoch-23,3,1
Raw,sub-02,6,sub-02_ses-6_epoch-23,4,1
Raw,sub-02,6,sub-02_ses-6_epoch-23,5,1
Raw,sub-02,6,sub-02_ses-6_epoch-23,6,1
Raw,sub-02,6,sub-02_ses-6_epoch-24,0,0
Raw,sub-02,6,sub-02_ses-6_epoch-24,1,0
Raw,sub-02,6,sub-02_ses-6_epoch-24,2,0
Raw,sub-02,6,sub-02_ses-6_epoch-24,3,0
Raw,sub-02,6,sub-02_ses-6_epoch-24,4,0
Raw,sub-02,6,sub-02_ses-6_epoch-24,5,0
Raw,sub-02,6,sub-02_ses-6_epoch-24,6,0
Raw,sub-02,6,sub-02_ses-6_epoch-24,7,0
Raw,sub-02,6,sub-02_ses-6_epoch-25,0,1
Raw,sub-02,6,sub-02_ses-6_epoch-25,1,1
Raw,sub-02,6,sub-02_ses-6_epoch-25,2,1
Raw,sub-02,6,sub-02_ses-6_epoch-25,3,1
Raw,sub-02,6,sub-02_ses-6_epoch-25,4,1
Raw,sub-02,6,sub-02_ses-6_epoch-25,5,1
Raw,sub-02,6,sub-02_ses-6_epoch-25,6,1
Raw,sub-02,6,sub-02_ses-6_epoch-26,0,0
Raw,sub-02,6,sub-02_ses-6_epoch-26,1,0
Raw,sub-02,6,sub-02_ses-6_epoch-26,2,0
Raw,sub-02,6,sub-02_ses-6_epoch-26,3,0
Raw,sub-02,6,sub-02_ses-6_epoch-26,4,0
Raw,sub-02,6,sub-02_ses-6_epoch-26,5,0
Raw,sub-02,6,sub-02_ses-6_epoch-26,6,0
Raw,sub-02,6,sub-02_ses-6_epoch-26,7,0
Raw,sub-02,6,sub-02_ses-6_epoch-27,0,1
Raw,sub-02,6,sub-02_ses-6_epoch-27,1,1
Raw,sub-02,6,sub-02_ses-6_epoch-27,2,1
Raw,sub-02,6,sub-02_ses-6_epoch-27,3,1
Raw,sub-02,6,sub-02_ses-6_epoch-27,4,1
Raw,sub-02,6,sub-02_ses-6_epoch-27,5,1
Raw,sub-02,6,sub-02_ses-6_epoch-27,6,1
Raw,sub-02,6,sub-02_ses-6_epoch-28,0,0
Raw,sub-02,6,sub-02_ses-6_epoch-28,1,0
Raw,sub-02,6,sub-02_ses-6_epoch-28,2,0
Raw,sub-02,6,sub-02_ses-6_epoch-28,3,0
Raw,sub-02,6,sub-02_ses-6_epoch-28,4,0
Raw,sub-02,6,sub-02_ses-6_epoch-28,5,0
Raw,sub-02,6,sub-02_ses-6_epoch-28,6,0
Raw,sub-02,6,sub-02_ses-6_epoch-28,7,0
Raw,sub-02,6,sub-02_ses-6_epoch-29,0,1
Raw,sub-02,6,sub-02_ses-6_epoch-29,1,1
Raw,sub-02,6,sub-02_ses-6_epoch-29,2,1
Raw,sub-02,6,sub-02_ses-6_epoch-29,3,1
Raw,sub-02,6,sub-02_ses-6_epoch-29,4,1
Raw,sub-02,6,sub-02_ses-6_epoch-29,5,1
Raw,sub-02,6,sub-02_ses-6_epoch-29,6,1
Raw,sub-02,6,sub-02_ses-6_epoch-30,0,0
Raw,sub-02,6,sub-02_ses-6_epoch-30,1,0
Raw,sub-02,6,sub-02_ses-6_epoch-30,2,0
Raw,sub-02,6,sub-02_ses-6_epoch-30,3,0
Raw,sub-02,6,sub-02_ses-6_epoch-30,4,0
Raw,sub-02,6,sub-02_ses-6_epoch-30,5,0
Raw,sub-02,6,sub-02_ses-6_epoch-30,6,0
Raw,sub-02,6,sub-02_ses-6_epoch-30,7,0
Raw,sub-02,6,sub-02_ses-6_epoch-31,0,1
Raw,sub-02,6,sub-02_ses-6_epoch-31,1,1
Raw,sub-02,6,sub-02_ses-6_epoch-31,2,1
Raw,sub-02,6,sub-02_ses-6_epoch-31,3,1
Raw,sub-02,6,sub-02_ses-6_epoch-31,4,1
Raw,sub-02,6,sub-02_ses-6_epoch-31,5,1
Raw,sub-02,6,sub-02_ses-6_epoch-31,6,1
Raw,sub-02,6,sub-02_ses-6_epoch-32,0,0
Raw,sub-02,6,sub-02_ses-6_epoch-32,1,0
Raw,sub-02,6,sub-02_ses-6_epoch-32,2,0
Raw,sub-02,6,sub-02_ses-6_epoch-32,3,0
Raw,sub-02,6,sub-02_ses-6_epoch-32,4,0
Raw,sub-02,6,sub-02_ses-6_epoch-32,5,0
Raw,sub-02,6,sub-02_ses-6_epoch-32,6,0
Raw,sub-02,6,sub-02_ses-6_epoch-32,7,0
Raw,sub-02,6,sub-02_ses-6_epoch-33,0,1
Raw,sub-02,6,sub-02_ses-6_epoch-33,1,1
Raw,sub-02,6,sub-02_ses-6_epoch-33,2,1
Raw,sub-02,6,sub-02_ses-6_epoch-33,3,1
Raw,sub-02,6,sub-02_ses-6_epoch-33,4,1
Raw,sub-02,6,sub-02_ses-6_epoch-33,5,1
Raw,sub-02,6,sub-02_ses-6_epoch-33,6,1
Raw,sub-02,6,sub-02_ses-6_epoch-34,0,0
Raw,sub-02,6,sub-02_ses-6_epoch-34,1,0
Raw,sub-02,6,sub-02_ses-6_epoch-34,2,0
Raw,sub-02,6,sub-02_ses-6_epoch-34,3,0
Raw,sub-02,6,sub-02_ses-6_epoch-34,4,0
Raw,sub-02,6,sub-02_ses-6_epoch-34,5,0
Raw,sub-02,6,sub-02_ses-6_epoch-34,6,0
Raw,sub-02,6,sub-02_ses-6_epoch-34,7,0
Raw,sub-02,6,sub-02_ses-6_epoch-35,0,1
Raw,sub-02,6,sub-02_ses-6_epoch-35,1,1
Raw,sub-02,6,sub-02_ses-6_epoch-35,2,1
Raw,sub-02,6,sub-02_ses-6_epoch-35,3,1
Raw,sub-02,6,sub-02_ses-6_epoch-35,4,1
Raw,sub-02,6,sub-02_ses-6_epoch-35,5,1
Raw,sub-02,6,sub-02_ses-6_epoch-35,6,1
Raw,sub-02,6,sub-02_ses-6_epoch-36,0,0
Raw,sub-02,6,sub-02_ses-6_epoch-36,1,0
Raw,sub-02,6,sub-02_ses-6_epoch-36,2,0
Raw,sub-02,6,sub-02_ses-6_epoch-36,3,0
Raw,sub-02,6,sub-02_ses-6_epoch-36,4,0
Raw,sub-02,6,sub-02_ses-6_epoch-36,5,0
Raw,sub-02,6,sub-02_ses-6_epoch-36,6,0
Raw,sub-02,6,sub-02_ses-6_epoch-36,7,0
Raw,sub-02,6,sub-02_ses-6_epoch-37,0,1
Raw,sub-02,6,sub-02_ses-6_epoch-37,1,1
Raw,sub-02,6,sub-02_ses-6_epoch-37,2,1
Raw,sub-02,6,sub-02_ses-6_epoch-37,3,1
Raw,sub-02,6,sub-02_ses-6_epoch-37,4,1
Raw,sub-02,6,sub-02_ses-6_epoch-37,5,1
Raw,sub-02,6,sub-02_ses-6_epoch-37,6,1
Raw,sub-02,6,sub-02_ses-6_epoch-38,0,0
Raw,sub-02,6,sub-02_ses-6_epoch-38,1,0
Raw,sub-02,6,sub-02_ses-6_epoch-38,2,0
Raw,sub-02,6,sub-02_ses-6_epoch-38,3,0
Raw,sub-02,6,sub-02_ses-6_epoch-38,4,0
Raw,sub-02,6,sub-02_ses-6_epoch-38,5,0
Raw,sub-02,6,sub-02_ses-6_epoch-38,6,0
Raw,sub-02,6,sub-02_ses-6_epoch-38,7,0
Raw,sub-02,6,sub-02_ses-6_epoch-39,0,1
Raw,sub-02,6,sub-02_ses-6_epoch-39,1,1
Raw,sub-02,6,sub-02_ses-6_epoch-39,2,1
Raw,sub-02,6,sub-02_ses-6_epoch-39,3,1
Raw,sub-02,6,sub-02_ses-6_epoch-39,4,1
Raw,sub-02,6,sub-02_ses-6_epoch-39,5,1
Raw,sub-02,6,sub-02_ses-6_epoch-39,6,1
Raw,sub-02,6,sub-02_ses-6_epoch-40,0,0
Raw,sub-02,6,sub-02_ses-6_epoch-40,1,0
Raw,sub-02,6,sub-02_ses-6_epoch-40,2,0
Raw,sub-02,6,sub-02_ses-6_epoch-40,3,0
Raw,sub-02,6,sub-02_ses-6_epoch-40,4,0
Raw,sub-02,6,sub-02_ses-6_epoch-40,5,0
Raw,sub-02,6,sub-02_ses-6_epoch-40,6,0
Raw,sub-02,6,sub-02_ses-6_epoch-40,7,0
Raw,sub-02,6,sub-02_ses-6_epoch-41,0,1
Raw,sub-02,6,sub-02_ses-6_epoch-41,1,1
Raw,sub-02,6,sub-02_ses-6_epoch-41,2,1
Raw,sub-02,6,sub-02_ses-6_epoch-41,3,1
Raw,sub-02,6,sub-02_ses-6_epoch-41,4,1
Raw,sub-02,6,sub-02_ses-6_epoch-41,5,1
Raw,sub-02,6,sub-02_ses-6_epoch-41,6,1
Raw,sub-02,6,sub-02_ses-6_epoch-42,0,0
Raw,sub-02,6,sub-02_ses-6_epoch-42,1,0
Raw,sub-02,6,sub-02_ses-6_epoch-42,2,0
Raw,sub-02,6,sub-02_ses-6_epoch-42,3,0
Raw,sub-02,6,sub-02_ses-6_epoch-42,4,0
Raw,sub-02,6,sub-02_ses-6_epoch-42,5,0
Raw,sub-02,6,sub-02_ses-6_epoch-42,6,0
Raw,sub-02,6,sub-02_ses-6_epoch-42,7,0
Raw,sub-02,6,sub-02_ses-6_epoch-43,0,1
Raw,sub-02,6,sub-02_ses-6_epoch-43,1,1
Raw,sub-02,6,sub-02_ses-6_epoch-43,2,1
Raw,sub-02,6,sub-02_ses-6_epoch-43,3,1
Raw,sub-02,6,sub-02_ses-6_epoch-43,4,1
Raw,sub-02,6,sub-02_ses-6_epoch-43,5,1
Raw,sub-02,6,sub-02_ses-6_epoch-43,6,1
Raw,sub-02,6,sub-02_ses-6_epoch-44,0,0
Raw,sub-02,6,sub-02_ses-6_epoch-44,1,0
Raw,sub-02,6,sub-02_ses-6_epoch-44,2,0
Raw,sub-02,6,sub-02_ses-6_epoch-44,3,0
Raw,sub-02,6,sub-02_ses-6_epoch-44,4,0
Raw,sub-02,6,sub-02_ses-6_epoch-44,5,0
Raw,sub-02,6,sub-02_ses-6_epoch-44,6,0
Raw,sub-02,6,sub-02_ses-6_epoch-44,7,0
Raw,sub-02,6,sub-02_ses-6_epoch-45,0,0
Raw,sub-02,6,sub-02_ses-6_epoch-45,1,0
Raw,sub-02,6,sub-02_ses-6_epoch-45,2,0
Raw,sub-02,6,sub-02_ses-6_epoch-45,3,0
Raw,sub-02,6,sub-02_ses-6_epoch-45,4,0
Raw,sub-02,6,sub-02_ses-6_epoch-45,5,0
Raw,sub-02,6,sub-02_ses-6_epoch-45,6,0
Raw,sub-02,6,sub-02_ses-6_epoch-45,7,0
ICA-cleaned,sub-02,6,sub-02_ses-6_epoch-1,0,0
ICA-cleaned,sub-02,6,sub-02_ses-6_epoch-1,1,0
ICA-cleaned,sub-02,6,sub-02_ses-6_epoch-1,2,0
ICA-cleaned,sub-02,6,sub-02_ses-6_epoch-1,3,0
ICA-cleaned,sub-02,6,sub-02_ses-6_epoch-1,4,0
ICA-cleaned,sub-02,6,sub-02_ses-6_epoch-1,5,0
ICA-cleaned,sub-02,6,sub-02_ses-6_epoch-1,6,0
ICA-cleaned,sub-02,6,sub-02_ses-6_epoch-1,7,0
ICA-cleaned,sub-02,6,sub-02_ses-6_epoch-2,0,0
ICA-cleaned,sub-02,6,sub-02_ses-6_epoch-2,1,0
ICA-cleaned,sub-02,6,sub-02_ses-6_epoch-2,2,0
ICA-cleaned,sub-02,6,sub-02_ses-6_epoch-2,3,0
ICA-cleaned,sub-02,6,sub-02_ses-6_epoch-2,4,0
ICA-cleaned,sub-02,6,sub-02_ses-6_epoch-2,5,0
ICA-cleaned,sub-02,6,sub-02_ses-6_epoch-2,6,0
ICA-cleaned,sub-02,6,sub-02_ses-6_epoch-2,7,0
ICA-cleaned,sub-02,6,sub-02_ses-6_epoch-3,0,0
ICA-cleaned,sub-02,6,sub-02_ses-6_epoch-3,1,0
ICA-cleaned,sub-02,6,sub-02_ses-6_epoch-3,2,0
ICA-cleaned,sub-02,6,sub-02_ses-6_epoch-3,3,0
ICA-cleaned,sub-02,6,sub-02_ses-6_epoch-3,4,0
ICA-cleaned,sub-02,6,sub-02_ses-6_epoch-3,5,0
ICA-cleaned,sub-02,6,sub-02_ses-6_epoch-3,6,0
ICA-cleaned,sub-02,6,sub-02_ses-6_epoch-3,7,0
ICA-cleaned,sub-02,6,sub-02_ses-6_epoch-4,0,0
ICA-cleaned,sub-02,6,sub-02_ses-6_epoch-4,1,0
ICA-cleaned,sub-02,6,sub-02_ses-6_epoch-4,2,0
ICA-cleaned,sub-02,6,sub-02_ses-6_epoch-4,3,0
ICA-cleaned,sub-02,6,sub-02_ses-6_epoch-4,4,0
ICA-cleaned,sub-02,6,sub-02_ses-6_epoch-4,5,0
ICA-cleaned,sub-02,6,sub-02_ses-6_epoch-4,6,0
ICA-cleaned,sub-02,6,sub-02_ses-6_epoch-4,7,0
ICA-cleaned,sub-02,6,sub-02_ses-6_epoch-5,0,1
ICA-cleaned,sub-02,6,sub-02_ses-6_epoch-5,1,1
ICA-cleaned,sub-02,6,sub-02_ses-6_epoch-5,2,1
ICA-cleaned,sub-02,6,sub-02_ses-6_epoch-5,3,1
ICA-cleaned,sub-02,6,sub-02_ses-6_epoch-5,4,1
ICA-cleaned,sub-02,6,sub-02_ses-6_epoch-5,5,1
ICA-cleaned,sub-02,6,sub-02_ses-6_epoch-5,6,1
ICA-cleaned,sub-02,6,sub-02_ses-6_epoch-6,0,0
ICA-cleaned,sub-02,6,sub-02_ses-6_epoch-6,1,0
ICA-cleaned,sub-02,6,sub-02_ses-6_epoch-6,2,0
ICA-cleaned,sub-02,6,sub-02_ses-6_epoch-6,3,0
ICA-cleaned,sub-02,6,sub-02_ses-6_epoch-6,4,0
ICA-cleaned,sub-02,6,sub-02_ses-6_epoch-6,5,0
ICA-cleaned,sub-02,6,sub-02_ses-6_epoch-6,6,0
ICA-cleaned,sub-02,6,sub-02_ses-6_epoch-6,7,0
ICA-cleaned,sub-02,6,sub-02_ses-6_epoch-7,0,1
ICA-cleaned,sub-02,6,sub-02_ses-6_epoch-7,1,1
ICA-cleaned,sub-02,6,sub-02_ses-6_epoch-7,2,1
ICA-cleaned,sub-02,6,sub-02_ses-6_epoch-7,3,1
ICA-cleaned,sub-02,6,sub-02_ses-6_epoch-7,4,1
ICA-cleaned,sub-02,6,sub-02_ses-6_epoch-7,5,1
ICA-cleaned,sub-02,6,sub-02_ses-6_epoch-7,6,1
ICA-cleaned,sub-02,6,sub-02_ses-6_epoch-8,0,0
ICA-cleaned,sub-02,6,sub-02_ses-6_epoch-8,1,0
ICA-cleaned,sub-02,6,sub-02_ses-6_epoch-8,2,0
ICA-cleaned,sub-02,6,sub-02_ses-6_epoch-8,3,0
ICA-cleaned,sub-02,6,sub-02_ses-6_epoch-8,4,0
ICA-cleaned,sub-02,6,sub-02_ses-6_epoch-8,5,0
ICA-cleaned,sub-02,6,sub-02_ses-6_epoch-8,6,0
ICA-cleaned,sub-02,6,sub-02_ses-6_epoch-8,7,0
ICA-cleaned,sub-02,6,sub-02_ses-6_epoch-9,0,1
ICA-cleaned,sub-02,6,sub-02_ses-6_epoch-9,1,1
ICA-cleaned,sub-02,6,sub-02_ses-6_epoch-9,2,1
ICA-cleaned,sub-02,6,sub-02_ses-6_epoch-9,3,1
ICA-cleaned,sub-02,6,sub-02_ses-6_epoch-9,4,1
ICA-cleaned,sub-02,6,sub-02_ses-6_epoch-9,5,1
ICA-cleaned,sub-02,6,sub-02_ses-6_epoch-9,6,1
ICA-cleaned,sub-02,6,sub-02_ses-6_epoch-10,0,0
ICA-cleaned,sub-02,6,sub-02_ses-6_epoch-10,1,0
ICA-cleaned,sub-02,6,sub-02_ses-6_epoch-10,2,0
ICA-cleaned,sub-02,6,sub-02_ses-6_epoch-10,3,0
ICA-cleaned,sub-02,6,sub-02_ses-6_epoch-10,4,0
ICA-cleaned,sub-02,6,sub-02_ses-6_epoch-10,5,0
ICA-cleaned,sub-02,6,sub-02_ses-6_epoch-10,6,0
ICA-cleaned,sub-02,6,sub-02_ses-6_epoch-10,7,0
ICA-cleaned,sub-02,6,sub-02_ses-6_epoch-11,0,1
ICA-cleaned,sub-02,6,sub-02_ses-6_epoch-11,1,1
ICA-cleaned,sub-02,6,sub-02_ses-6_epoch-11,2,1
ICA-cleaned,sub-02,6,sub-02_ses-6_epoch-11,3,1
ICA-cleaned,sub-02,6,sub-02_ses-6_epoch-11,4,1
ICA-cleaned,sub-02,6,sub-02_ses-6_epoch-11,5,1
ICA-cleaned,sub-02,6,sub-02_ses-6_epoch-11,6,1
ICA-cleaned,sub-02,6,sub-02_ses-6_epoch-12,0,0
ICA-cleaned,sub-02,6,sub-02_ses-6_epoch-12,1,0
ICA-cleaned,sub-02,6,sub-02_ses-6_epoch-12,2,0
ICA-cleaned,sub-02,6,sub-02_ses-6_epoch-12,3,0
ICA-cleaned,sub-02,6,sub-02_ses-6_epoch-12,4,0
ICA-cleaned,sub-02,6,sub-02_ses-6_epoch-12,5,0
ICA-cleaned,sub-02,6,sub-02_ses-6_epoch-12,6,0
ICA-cleaned,sub-02,6,sub-02_ses-6_epoch-12,7,0
ICA-cleaned,sub-02,6,sub-02_ses-6_epoch-13,0,1
ICA-cleaned,sub-02,6,sub-02_ses-6_epoch-13,1,1
ICA-cleaned,sub-02,6,sub-02_ses-6_epoch-13,2,1
ICA-cleaned,sub-02,6,sub-02_ses-6_epoch-13,3,1
ICA-cleaned,sub-02,6,sub-02_ses-6_epoch-13,4,1
ICA-cleaned,sub-02,6,sub-02_ses-6_epoch-13,5,1
ICA-cleaned,sub-02,6,sub-02_ses-6_epoch-13,6,1
ICA-cleaned,sub-02,6,sub-02_ses-6_epoch-14,0,0
ICA-cleaned,sub-02,6,sub-02_ses-6_epoch-14,1,0
ICA-cleaned,sub-02,6,sub-02_ses-6_epoch-14,2,0
ICA-cleaned,sub-02,6,sub-02_ses-6_epoch-14,3,0
ICA-cleaned,sub-02,6,sub-02_ses-6_epoch-14,4,0
ICA-cleaned,sub-02,6,sub-02_ses-6_epoch-14,5,0
ICA-cleaned,sub-02,6,sub-02_ses-6_epoch-14,6,0
ICA-cleaned,sub-02,6,sub-02_ses-6_epoch-14,7,0
ICA-cleaned,sub-02,6,sub-02_ses-6_epoch-15,0,1
ICA-cleaned,sub-02,6,sub-02_ses-6_epoch-15,1,1
ICA-cleaned,sub-02,6,sub-02_ses-6_epoch-15,2,1
ICA-cleaned,sub-02,6,sub-02_ses-6_epoch-15,3,1
ICA-cleaned,sub-02,6,sub-02_ses-6_epoch-15,4,1
ICA-cleaned,sub-02,6,sub-02_ses-6_epoch-15,5,1
ICA-cleaned,sub-02,6,sub-02_ses-6_epoch-15,6,1
ICA-cleaned,sub-02,6,sub-02_ses-6_epoch-16,0,0
ICA-cleaned,sub-02,6,sub-02_ses-6_epoch-16,1,0
ICA-cleaned,sub-02,6,sub-02_ses-6_epoch-16,2,0
ICA-cleaned,sub-02,6,sub-02_ses-6_epoch-16,3,0
ICA-cleaned,sub-02,6,sub-02_ses-6_epoch-16,4,0
ICA-cleaned,sub-02,6,sub-02_ses-6_epoch-16,5,0
ICA-cleaned,sub-02,6,sub-02_ses-6_epoch-16,6,0
ICA-cleaned,sub-02,6,sub-02_ses-6_epoch-16,7,0
ICA-cleaned,sub-02,6,sub-02_ses-6_epoch-17,0,1
ICA-cleaned,sub-02,6,sub-02_ses-6_epoch-17,1,1
ICA-cleaned,sub-02,6,sub-02_ses-6_epoch-17,2,1
ICA-cleaned,sub-02,6,sub-02_ses-6_epoch-17,3,1
ICA-cleaned,sub-02,6,sub-02_ses-6_epoch-17,4,1
ICA-cleaned,sub-02,6,sub-02_ses-6_epoch-17,5,1
ICA-cleaned,sub-02,6,sub-02_ses-6_epoch-17,6,1
ICA-cleaned,sub-02,6,sub-02_ses-6_epoch-18,0,0
ICA-cleaned,sub-02,6,sub-02_ses-6_epoch-18,1,0
ICA-cleaned,sub-02,6,sub-02_ses-6_epoch-18,2,0
ICA-cleaned,sub-02,6,sub-02_ses-6_epoch-18,3,0
ICA-cleaned,sub-02,6,sub-02_ses-6_epoch-18,4,0
ICA-cleaned,sub-02,6,sub-02_ses-6_epoch-18,5,0
ICA-cleaned,sub-02,6,sub-02_ses-6_epoch-18,6,0
ICA-cleaned,sub-02,6,sub-02_ses-6_epoch-18,7,0
ICA-cleaned,sub-02,6,sub-02_ses-6_epoch-19,0,1
ICA-cleaned,sub-02,6,sub-02_ses-6_epoch-19,1,1
ICA-cleaned,sub-02,6,sub-02_ses-6_epoch-19,2,1
ICA-cleaned,sub-02,6,sub-02_ses-6_epoch-19,3,1
ICA-cleaned,sub-02,6,sub-02_ses-6_epoch-19,4,1
ICA-cleaned,sub-02,6,sub-02_ses-6_epoch-19,5,1
ICA-cleaned,sub-02,6,sub-02_ses-6_epoch-19,6,1
ICA-cleaned,sub-02,6,sub-02_ses-6_epoch-20,0,0
ICA-cleaned,sub-02,6,sub-02_ses-6_epoch-20,1,0
ICA-cleaned,sub-02,6,sub-02_ses-6_epoch-20,2,0
ICA-cleaned,sub-02,6,sub-02_ses-6_epoch-20,3,0
ICA-cleaned,sub-02,6,sub-02_ses-6_epoch-20,4,0
ICA-cleaned,sub-02,6,sub-02_ses-6_epoch-20,5,0
ICA-cleaned,sub-02,6,sub-02_ses-6_epoch-20,6,0
ICA-cleaned,sub-02,6,sub-02_ses-6_epoch-20,7,0
ICA-cleaned,sub-02,6,sub-02_ses-6_epoch-21,0,1
ICA-cleaned,sub-02,6,sub-02_ses-6_epoch-21,1,1
ICA-cleaned,sub-02,6,sub-02_ses-6_epoch-21,2,1
ICA-cleaned,sub-02,6,sub-02_ses-6_epoch-21,3,1
ICA-cleaned,sub-02,6,sub-02_ses-6_epoch-21,4,1
ICA-cleaned,sub-02,6,sub-02_ses-6_epoch-21,5,1
ICA-cleaned,sub-02,6,sub-02_ses-6_epoch-21,6,1
ICA-cleaned,sub-02,6,sub-02_ses-6_epoch-22,0,0
ICA-cleaned,sub-02,6,sub-02_ses-6_epoch-22,1,0
ICA-cleaned,sub-02,6,sub-02_ses-6_epoch-22,2,0
ICA-cleaned,sub-02,6,sub-02_ses-6_epoch-22,3,0
ICA-cleaned,sub-02,6,sub-02_ses-6_epoch-22,4,0
ICA-cleaned,sub-02,6,sub-02_ses-6_epoch-22,5,0
ICA-cleaned,sub-02,6,sub-02_ses-6_epoch-22,6,0
ICA-cleaned,sub-02,6,sub-02_ses-6_epoch-22,7,0
ICA-cleaned,sub-02,6,sub-02_ses-6_epoch-23,0,1
ICA-cleaned,sub-02,6,sub-02_ses-6_epoch-23,1,1
ICA-cleaned,sub-02,6,sub-02_ses-6_epoch-23,2,1
ICA-cleaned,sub-02,6,sub-02_ses-6_epoch-23,3,1
ICA-cleaned,sub-02,6,sub-02_ses-6_epoch-23,4,1
ICA-cleaned,sub-02,6,sub-02_ses-6_epoch-23,5,1
ICA-cleaned,sub-02,6,sub-02_ses-6_epoch-23,6,1
ICA-cleaned,sub-02,6,sub-02_ses-6_epoch-24,0,0
ICA-cleaned,sub-02,6,sub-02_ses-6_epoch-24,1,0
ICA-cleaned,sub-02,6,sub-02_ses-6_epoch-24,2,0
ICA-cleaned,sub-02,6,sub-02_ses-6_epoch-24,3,0
ICA-cleaned,sub-02,6,sub-02_ses-6_epoch-24,4,0
ICA-cleaned,sub-02,6,sub-02_ses-6_epoch-24,5,0
ICA-cleaned,sub-02,6,sub-02_ses-6_epoch-24,6,0
ICA-cleaned,sub-02,6,sub-02_ses-6_epoch-24,7,0
ICA-cleaned,sub-02,6,sub-02_ses-6_epoch-25,0,1
ICA-cleaned,sub-02,6,sub-02_ses-6_epoch-25,1,1
ICA-cleaned,sub-02,6,sub-02_ses-6_epoch-25,2,1
ICA-cleaned,sub-02,6,sub-02_ses-6_epoch-25,3,1
ICA-cleaned,sub-02,6,sub-02_ses-6_epoch-25,4,1
ICA-cleaned,sub-02,6,sub-02_ses-6_epoch-25,5,1
ICA-cleaned,sub-02,6,sub-02_ses-6_epoch-25,6,1
ICA-cleaned,sub-02,6,sub-02_ses-6_epoch-26,0,0
ICA-cleaned,sub-02,6,sub-02_ses-6_epoch-26,1,0
ICA-cleaned,sub-02,6,sub-02_ses-6_epoch-26,2,0
ICA-cleaned,sub-02,6,sub-02_ses-6_epoch-26,3,0
ICA-cleaned,sub-02,6,sub-02_ses-6_epoch-26,4,0
ICA-cleaned,sub-02,6,sub-02_ses-6_epoch-26,5,0
ICA-cleaned,sub-02,6,sub-02_ses-6_epoch-26,6,0
ICA-cleaned,sub-02,6,sub-02_ses-6_epoch-26,7,0
ICA-cleaned,sub-02,6,sub-02_ses-6_epoch-27,0,1
ICA-cleaned,sub-02,6,sub-02_ses-6_epoch-27,1,1
ICA-cleaned,sub-02,6,sub-02_ses-6_epoch-27,2,1
ICA-cleaned,sub-02,6,sub-02_ses-6_epoch-27,3,1
ICA-cleaned,sub-02,6,sub-02_ses-6_epoch-27,4,1
ICA-cleaned,sub-02,6,sub-02_ses-6_epoch-27,5,1
ICA-cleaned,sub-02,6,sub-02_ses-6_epoch-27,6,1
ICA-cleaned,sub-02,6,sub-02_ses-6_epoch-28,0,0
ICA-cleaned,sub-02,6,sub-02_ses-6_epoch-28,1,0
ICA-cleaned,sub-02,6,sub-02_ses-6_epoch-28,2,0
ICA-cleaned,sub-02,6,sub-02_ses-6_epoch-28,3,0
ICA-cleaned,sub-02,6,sub-02_ses-6_epoch-28,4,0
ICA-cleaned,sub-02,6,sub-02_ses-6_epoch-28,5,0
ICA-cleaned,sub-02,6,sub-02_ses-6_epoch-28,6,0
ICA-cleaned,sub-02,6,sub-02_ses-6_epoch-28,7,0
ICA-cleaned,sub-02,6,sub-02_ses-6_epoch-29,0,1
ICA-cleaned,sub-02,6,sub-02_ses-6_epoch-29,1,1
ICA-cleaned,sub-02,6,sub-02_ses-6_epoch-29,2,1
ICA-cleaned,sub-02,6,sub-02_ses-6_epoch-29,3,1
ICA-cleaned,sub-02,6,sub-02_ses-6_epoch-29,4,1
ICA-cleaned,sub-02,6,sub-02_ses-6_epoch-29,5,1
ICA-cleaned,sub-02,6,sub-02_ses-6_epoch-29,6,1
ICA-cleaned,sub-02,6,sub-02_ses-6_epoch-30,0,0
ICA-cleaned,sub-02,6,sub-02_ses-6_epoch-30,1,0
ICA-cleaned,sub-02,6,sub-02_ses-6_epoch-30,2,0
ICA-cleaned,sub-02,6,sub-02_ses-6_epoch-30,3,0
ICA-cleaned,sub-02,6,sub-02_ses-6_epoch-30,4,0
ICA-cleaned,sub-02,6,sub-02_ses-6_epoch-30,5,0
ICA-cleaned,sub-02,6,sub-02_ses-6_epoch-30,6,0
ICA-cleaned,sub-02,6,sub-02_ses-6_epoch-30,7,0
ICA-cleaned,sub-02,6,sub-02_ses-6_epoch-31,0,1
ICA-cleaned,sub-02,6,sub-02_ses-6_epoch-31,1,1
ICA-cleaned,sub-02,6,sub-02_ses-6_epoch-31,2,1
ICA-cleaned,sub-02,6,sub-02_ses-6_epoch-31,3,1
ICA-cleaned,sub-02,6,sub-02_ses-6_epoch-31,4,1
ICA-cleaned,sub-02,6,sub-02_ses-6_epoch-31,5,1
ICA-cleaned,sub-02,6,sub-02_ses-6_epoch-31,6,1
ICA-cleaned,sub-02,6,sub-02_ses-6_epoch-32,0,0
ICA-cleaned,sub-02,6,sub-02_ses-6_epoch-32,1,0
ICA-cleaned,sub-02,6,sub-02_ses-6_epoch-32,2,0
ICA-cleaned,sub-02,6,sub-02_ses-6_epoch-32,3,0
ICA-cleaned,sub-02,6,sub-02_ses-6_epoch-32,4,0
ICA-cleaned,sub-02,6,sub-02_ses-6_epoch-32,5,0
ICA-cleaned,sub-02,6,sub-02_ses-6_epoch-32,6,0
ICA-cleaned,sub-02,6,sub-02_ses-6_epoch-32,7,0
ICA-cleaned,sub-02,6,sub-02_ses-6_epoch-33,0,1
ICA-cleaned,sub-02,6,sub-02_ses-6_epoch-33,1,1
ICA-cleaned,sub-02,6,sub-02_ses-6_epoch-33,2,1
ICA-cleaned,sub-02,6,sub-02_ses-6_epoch-33,3,1
ICA-cleaned,sub-02,6,sub-02_ses-6_epoch-33,4,1
ICA-cleaned,sub-02,6,sub-02_ses-6_epoch-33,5,1
ICA-cleaned,sub-02,6,sub-02_ses-6_epoch-33,6,1
ICA-cleaned,sub-02,6,sub-02_ses-6_epoch-34,0,0
ICA-cleaned,sub-02,6,sub-02_ses-6_epoch-34,1,0
ICA-cleaned,sub-02,6,sub-02_ses-6_epoch-34,2,0
ICA-cleaned,sub-02,6,sub-02_ses-6_epoch-34,3,0
ICA-cleaned,sub-02,6,sub-02_ses-6_epoch-34,4,0
ICA-cleaned,sub-02,6,sub-02_ses-6_epoch-34,5,0
ICA-cleaned,sub-02,6,sub-02_ses-6_epoch-34,6,0
ICA-cleaned,sub-02,6,sub-02_ses-6_epoch-34,7,0
ICA-cleaned,sub-02,6,sub-02_ses-6_epoch-35,0,1
ICA-cleaned,sub-02,6,sub-02_ses-6_epoch-35,1,1
ICA-cleaned,sub-02,6,sub-02_ses-6_epoch-35,2,1
ICA-cleaned,sub-02,6,sub-02_ses-6_epoch-35,3,1
ICA-cleaned,sub-02,6,sub-02_ses-6_epoch-35,4,1
ICA-cleaned,sub-02,6,sub-02_ses-6_epoch-35,5,1
ICA-cleaned,sub-02,6,sub-02_ses-6_epoch-35,6,1
ICA-cleaned,sub-02,6,sub-02_ses-6_epoch-36,0,0
ICA-cleaned,sub-02,6,sub-02_ses-6_epoch-36,1,0
ICA-cleaned,sub-02,6,sub-02_ses-6_epoch-36,2,0
ICA-cleaned,sub-02,6,sub-02_ses-6_epoch-36,3,0
ICA-cleaned,sub-02,6,sub-02_ses-6_epoch-36,4,0
ICA-cleaned,sub-02,6,sub-02_ses-6_epoch-36,5,0
ICA-cleaned,sub-02,6,sub-02_ses-6_epoch-36,6,0
ICA-cleaned,sub-02,6,sub-02_ses-6_epoch-36,7,0
ICA-cleaned,sub-02,6,sub-02_ses-6_epoch-37,0,1
ICA-cleaned,sub-02,6,sub-02_ses-6_epoch-37,1,1
ICA-cleaned,sub-02,6,sub-02_ses-6_epoch-37,2,1
ICA-cleaned,sub-02,6,sub-02_ses-6_epoch-37,3,1
ICA-cleaned,sub-02,6,sub-02_ses-6_epoch-37,4,1
ICA-cleaned,sub-02,6,sub-02_ses-6_epoch-37,5,1
ICA-cleaned,sub-02,6,sub-02_ses-6_epoch-37,6,1
ICA-cleaned,sub-02,6,sub-02_ses-6_epoch-38,0,0
ICA-cleaned,sub-02,6,sub-02_ses-6_epoch-38,1,0
ICA-cleaned,sub-02,6,sub-02_ses-6_epoch-38,2,0
ICA-cleaned,sub-02,6,sub-02_ses-6_epoch-38,3,0
ICA-cleaned,sub-02,6,sub-02_ses-6_epoch-38,4,0
ICA-cleaned,sub-02,6,sub-02_ses-6_epoch-38,5,0
ICA-cleaned,sub-02,6,sub-02_ses-6_epoch-38,6,0
ICA-cleaned,sub-02,6,sub-02_ses-6_epoch-38,7,0
ICA-cleaned,sub-02,6,sub-02_ses-6_epoch-39,0,1
ICA-cleaned,sub-02,6,sub-02_ses-6_epoch-39,1,1
ICA-cleaned,sub-02,6,sub-02_ses-6_epoch-39,2,1
ICA-cleaned,sub-02,6,sub-02_ses-6_epoch-39,3,1
ICA-cleaned,sub-02,6,sub-02_ses-6_epoch-39,4,1
ICA-cleaned,sub-02,6,sub-02_ses-6_epoch-39,5,1
ICA-cleaned,sub-02,6,sub-02_ses-6_epoch-39,6,1
ICA-cleaned,sub-02,6,sub-02_ses-6_epoch-40,0,0
ICA-cleaned,sub-02,6,sub-02_ses-6_epoch-40,1,0
ICA-cleaned,sub-02,6,sub-02_ses-6_epoch-40,2,0
ICA-cleaned,sub-02,6,sub-02_ses-6_epoch-40,3,0
ICA-cleaned,sub-02,6,sub-02_ses-6_epoch-40,4,0
ICA-cleaned,sub-02,6,sub-02_ses-6_epoch-40,5,0
ICA-cleaned,sub-02,6,sub-02_ses-6_epoch-40,6,0
ICA-cleaned,sub-02,6,sub-02_ses-6_epoch-40,7,0
ICA-cleaned,sub-02,6,sub-02_ses-6_epoch-41,0,1
ICA-cleaned,sub-02,6,sub-02_ses-6_epoch-41,1,1
ICA-cleaned,sub-02,6,sub-02_ses-6_epoch-41,2,1
ICA-cleaned,sub-02,6,sub-02_ses-6_epoch-41,3,1
ICA-cleaned,sub-02,6,sub-02_ses-6_epoch-41,4,1
ICA-cleaned,sub-02,6,sub-02_ses-6_epoch-41,5,1
ICA-cleaned,sub-02,6,sub-02_ses-6_epoch-41,6,1
ICA-cleaned,sub-02,6,sub-02_ses-6_epoch-42,0,0
ICA-cleaned,sub-02,6,sub-02_ses-6_epoch-42,1,0
ICA-cleaned,sub-02,6,sub-02_ses-6_epoch-42,2,0
ICA-cleaned,sub-02,6,sub-02_ses-6_epoch-42,3,0
ICA-cleaned,sub-02,6,sub-02_ses-6_epoch-42,4,0
ICA-cleaned,sub-02,6,sub-02_ses-6_epoch-42,5,0
ICA-cleaned,sub-02,6,sub-02_ses-6_epoch-42,6,0
ICA-cleaned,sub-02,6,sub-02_ses-6_epoch-42,7,0
ICA-cleaned,sub-02,6,sub-02_ses-6_epoch-43,0,1
ICA-cleaned,sub-02,6,sub-02_ses-6_epoch-43,1,1
ICA-cleaned,sub-02,6,sub-02_ses-6_epoch-43,2,1
ICA-cleaned,sub-02,6,sub-02_ses-6_epoch-43,3,1
ICA-cleaned,sub-02,6,sub-02_ses-6_epoch-43,4,1
ICA-cleaned,sub-02,6,sub-02_ses-6_epoch-43,5,1
ICA-cleaned,sub-02,6,sub-02_ses-6_epoch-43,6,1
ICA-cleaned,sub-02,6,sub-02_ses-6_epoch-44,0,0
ICA-cleaned,sub-02,6,sub-02_ses-6_epoch-44,1,0
ICA-cleaned,sub-02,6,sub-02_ses-6_epoch-44,2,0
ICA-cleaned,sub-02,6,sub-02_ses-6_epoch-44,3,0
ICA-cleaned,sub-02,6,sub-02_ses-6_epoch-44,4,0
ICA-cleaned,sub-02,6,sub-02_ses-6_epoch-44,5,0
ICA-cleaned,sub-02,6,sub-02_ses-6_epoch-44,6,0
ICA-cleaned,sub-02,6,sub-02_ses-6_epoch-44,7,0
ICA-cleaned,sub-02,6,sub-02_ses-6_epoch-45,0,0
ICA-cleaned,sub-02,6,sub-02_ses-6_epoch-45,1,0
ICA-cleaned,sub-02,6,sub-02_ses-6_epoch-45,2,0
ICA-cleaned,sub-02,6,sub-02_ses-6_epoch-45,3,0
ICA-cleaned,sub-02,6,sub-02_ses-6_epoch-45,4,0
ICA-cleaned,sub-02,6,sub-02_ses-6_epoch-45,5,0
ICA-cleaned,sub-02,6,sub-02_ses-6_epoch-45,6,0
ICA-cleaned,sub-02,6,sub-02_ses-6_epoch-45,7,0
Raw,sub-02,7,sub-02_ses-7_epoch-1,0,0
Raw,sub-02,7,sub-02_ses-7_epoch-1,1,0
Raw,sub-02,7,sub-02_ses-7_epoch-1,2,0
Raw,sub-02,7,sub-02_ses-7_epoch-1,3,0
Raw,sub-02,7,sub-02_ses-7_epoch-1,4,0
Raw,sub-02,7,sub-02_ses-7_epoch-1,5,0
Raw,sub-02,7,sub-02_ses-7_epoch-1,6,0
Raw,sub-02,7,sub-02_ses-7_epoch-1,7,0
Raw,sub-02,7,sub-02_ses-7_epoch-2,0,0
Raw,sub-02,7,sub-02_ses-7_epoch-2,1,0
Raw,sub-02,7,sub-02_ses-7_epoch-2,2,0
Raw,sub-02,7,sub-02_ses-7_epoch-2,3,0
Raw,sub-02,7,sub-02_ses-7_epoch-2,4,0
Raw,sub-02,7,sub-02_ses-7_epoch-2,5,0
Raw,sub-02,7,sub-02_ses-7_epoch-2,6,0
Raw,sub-02,7,sub-02_ses-7_epoch-2,7,0
Raw,sub-02,7,sub-02_ses-7_epoch-3,0,0
Raw,sub-02,7,sub-02_ses-7_epoch-3,1,0
Raw,sub-02,7,sub-02_ses-7_epoch-3,2,0
Raw,sub-02,7,sub-02_ses-7_epoch-3,3,0
Raw,sub-02,7,sub-02_ses-7_epoch-3,4,0
Raw,sub-02,7,sub-02_ses-7_epoch-3,5,0
Raw,sub-02,7,sub-02_ses-7_epoch-3,6,0
Raw,sub-02,7,sub-02_ses-7_epoch-3,7,0
Raw,sub-02,7,sub-02_ses-7_epoch-4,0,0
Raw,sub-02,7,sub-02_ses-7_epoch-4,1,0
Raw,sub-02,7,sub-02_ses-7_epoch-4,2,0
Raw,sub-02,7,sub-02_ses-7_epoch-4,3,0
Raw,sub-02,7,sub-02_ses-7_epoch-4,4,0
Raw,sub-02,7,sub-02_ses-7_epoch-4,5,0
Raw,sub-02,7,sub-02_ses-7_epoch-4,6,0
Raw,sub-02,7,sub-02_ses-7_epoch-4,7,0
Raw,sub-02,7,sub-02_ses-7_epoch-5,0,1
Raw,sub-02,7,sub-02_ses-7_epoch-5,1,1
Raw,sub-02,7,sub-02_ses-7_epoch-5,2,1
Raw,sub-02,7,sub-02_ses-7_epoch-5,3,1
Raw,sub-02,7,sub-02_ses-7_epoch-5,4,1
Raw,sub-02,7,sub-02_ses-7_epoch-5,5,1
Raw,sub-02,7,sub-02_ses-7_epoch-5,6,1
Raw,sub-02,7,sub-02_ses-7_epoch-6,0,0
Raw,sub-02,7,sub-02_ses-7_epoch-6,1,0
Raw,sub-02,7,sub-02_ses-7_epoch-6,2,0
Raw,sub-02,7,sub-02_ses-7_epoch-6,3,0
Raw,sub-02,7,sub-02_ses-7_epoch-6,4,0
Raw,sub-02,7,sub-02_ses-7_epoch-6,5,0
Raw,sub-02,7,sub-02_ses-7_epoch-6,6,0
Raw,sub-02,7,sub-02_ses-7_epoch-6,7,0
Raw,sub-02,7,sub-02_ses-7_epoch-7,0,1
Raw,sub-02,7,sub-02_ses-7_epoch-7,1,1
Raw,sub-02,7,sub-02_ses-7_epoch-7,2,1
Raw,sub-02,7,sub-02_ses-7_epoch-7,3,1
Raw,sub-02,7,sub-02_ses-7_epoch-7,4,1
Raw,sub-02,7,sub-02_ses-7_epoch-7,5,1
Raw,sub-02,7,sub-02_ses-7_epoch-7,6,1
Raw,sub-02,7,sub-02_ses-7_epoch-8,0,0
Raw,sub-02,7,sub-02_ses-7_epoch-8,1,0
Raw,sub-02,7,sub-02_ses-7_epoch-8,2,0
Raw,sub-02,7,sub-02_ses-7_epoch-8,3,0
Raw,sub-02,7,sub-02_ses-7_epoch-8,4,0
Raw,sub-02,7,sub-02_ses-7_epoch-8,5,0
Raw,sub-02,7,sub-02_ses-7_epoch-8,6,0
Raw,sub-02,7,sub-02_ses-7_epoch-8,7,0
Raw,sub-02,7,sub-02_ses-7_epoch-9,0,1
Raw,sub-02,7,sub-02_ses-7_epoch-9,1,1
Raw,sub-02,7,sub-02_ses-7_epoch-9,2,1
Raw,sub-02,7,sub-02_ses-7_epoch-9,3,1
Raw,sub-02,7,sub-02_ses-7_epoch-9,4,1
Raw,sub-02,7,sub-02_ses-7_epoch-9,5,1
Raw,sub-02,7,sub-02_ses-7_epoch-9,6,1
Raw,sub-02,7,sub-02_ses-7_epoch-10,0,0
Raw,sub-02,7,sub-02_ses-7_epoch-10,1,0
Raw,sub-02,7,sub-02_ses-7_epoch-10,2,0
Raw,sub-02,7,sub-02_ses-7_epoch-10,3,0
Raw,sub-02,7,sub-02_ses-7_epoch-10,4,0
Raw,sub-02,7,sub-02_ses-7_epoch-10,5,0
Raw,sub-02,7,sub-02_ses-7_epoch-10,6,0
Raw,sub-02,7,sub-02_ses-7_epoch-10,7,0
Raw,sub-02,7,sub-02_ses-7_epoch-11,0,1
Raw,sub-02,7,sub-02_ses-7_epoch-11,1,1
Raw,sub-02,7,sub-02_ses-7_epoch-11,2,1
Raw,sub-02,7,sub-02_ses-7_epoch-11,3,1
Raw,sub-02,7,sub-02_ses-7_epoch-11,4,1
Raw,sub-02,7,sub-02_ses-7_epoch-11,5,1
Raw,sub-02,7,sub-02_ses-7_epoch-11,6,1
Raw,sub-02,7,sub-02_ses-7_epoch-12,0,0
Raw,sub-02,7,sub-02_ses-7_epoch-12,1,0
Raw,sub-02,7,sub-02_ses-7_epoch-12,2,0
Raw,sub-02,7,sub-02_ses-7_epoch-12,3,0
Raw,sub-02,7,sub-02_ses-7_epoch-12,4,0
Raw,sub-02,7,sub-02_ses-7_epoch-12,5,0
Raw,sub-02,7,sub-02_ses-7_epoch-12,6,0
Raw,sub-02,7,sub-02_ses-7_epoch-12,7,0
Raw,sub-02,7,sub-02_ses-7_epoch-13,0,1
Raw,sub-02,7,sub-02_ses-7_epoch-13,1,1
Raw,sub-02,7,sub-02_ses-7_epoch-13,2,1
Raw,sub-02,7,sub-02_ses-7_epoch-13,3,1
Raw,sub-02,7,sub-02_ses-7_epoch-13,4,1
Raw,sub-02,7,sub-02_ses-7_epoch-13,5,1
Raw,sub-02,7,sub-02_ses-7_epoch-13,6,1
Raw,sub-02,7,sub-02_ses-7_epoch-14,0,0
Raw,sub-02,7,sub-02_ses-7_epoch-14,1,0
Raw,sub-02,7,sub-02_ses-7_epoch-14,2,0
Raw,sub-02,7,sub-02_ses-7_epoch-14,3,0
Raw,sub-02,7,sub-02_ses-7_epoch-14,4,0
Raw,sub-02,7,sub-02_ses-7_epoch-14,5,0
Raw,sub-02,7,sub-02_ses-7_epoch-14,6,0
Raw,sub-02,7,sub-02_ses-7_epoch-14,7,0
Raw,sub-02,7,sub-02_ses-7_epoch-15,0,1
Raw,sub-02,7,sub-02_ses-7_epoch-15,1,1
Raw,sub-02,7,sub-02_ses-7_epoch-15,2,1
Raw,sub-02,7,sub-02_ses-7_epoch-15,3,1
Raw,sub-02,7,sub-02_ses-7_epoch-15,4,1
Raw,sub-02,7,sub-02_ses-7_epoch-15,5,1
Raw,sub-02,7,sub-02_ses-7_epoch-15,6,1
Raw,sub-02,7,sub-02_ses-7_epoch-16,0,0
Raw,sub-02,7,sub-02_ses-7_epoch-16,1,0
Raw,sub-02,7,sub-02_ses-7_epoch-16,2,0
Raw,sub-02,7,sub-02_ses-7_epoch-16,3,0
Raw,sub-02,7,sub-02_ses-7_epoch-16,4,0
Raw,sub-02,7,sub-02_ses-7_epoch-16,5,0
Raw,sub-02,7,sub-02_ses-7_epoch-16,6,0
Raw,sub-02,7,sub-02_ses-7_epoch-16,7,0
Raw,sub-02,7,sub-02_ses-7_epoch-17,0,1
Raw,sub-02,7,sub-02_ses-7_epoch-17,1,1
Raw,sub-02,7,sub-02_ses-7_epoch-17,2,1
Raw,sub-02,7,sub-02_ses-7_epoch-17,3,1
Raw,sub-02,7,sub-02_ses-7_epoch-17,4,1
Raw,sub-02,7,sub-02_ses-7_epoch-17,5,1
Raw,sub-02,7,sub-02_ses-7_epoch-17,6,1
Raw,sub-02,7,sub-02_ses-7_epoch-18,0,0
Raw,sub-02,7,sub-02_ses-7_epoch-18,1,0
Raw,sub-02,7,sub-02_ses-7_epoch-18,2,0
Raw,sub-02,7,sub-02_ses-7_epoch-18,3,0
Raw,sub-02,7,sub-02_ses-7_epoch-18,4,0
Raw,sub-02,7,sub-02_ses-7_epoch-18,5,0
Raw,sub-02,7,sub-02_ses-7_epoch-18,6,0
Raw,sub-02,7,sub-02_ses-7_epoch-18,7,0
Raw,sub-02,7,sub-02_ses-7_epoch-19,0,1
Raw,sub-02,7,sub-02_ses-7_epoch-19,1,1
Raw,sub-02,7,sub-02_ses-7_epoch-19,2,1
Raw,sub-02,7,sub-02_ses-7_epoch-19,3,1
Raw,sub-02,7,sub-02_ses-7_epoch-19,4,1
Raw,sub-02,7,sub-02_ses-7_epoch-19,5,1
Raw,sub-02,7,sub-02_ses-7_epoch-19,6,1
Raw,sub-02,7,sub-02_ses-7_epoch-20,0,0
Raw,sub-02,7,sub-02_ses-7_epoch-20,1,0
Raw,sub-02,7,sub-02_ses-7_epoch-20,2,0
Raw,sub-02,7,sub-02_ses-7_epoch-20,3,0
Raw,sub-02,7,sub-02_ses-7_epoch-20,4,0
Raw,sub-02,7,sub-02_ses-7_epoch-20,5,0
Raw,sub-02,7,sub-02_ses-7_epoch-20,6,0
Raw,sub-02,7,sub-02_ses-7_epoch-20,7,0
Raw,sub-02,7,sub-02_ses-7_epoch-21,0,1
Raw,sub-02,7,sub-02_ses-7_epoch-21,1,1
Raw,sub-02,7,sub-02_ses-7_epoch-21,2,1
Raw,sub-02,7,sub-02_ses-7_epoch-21,3,1
Raw,sub-02,7,sub-02_ses-7_epoch-21,4,1
Raw,sub-02,7,sub-02_ses-7_epoch-21,5,1
Raw,sub-02,7,sub-02_ses-7_epoch-21,6,1
Raw,sub-02,7,sub-02_ses-7_epoch-22,0,0
Raw,sub-02,7,sub-02_ses-7_epoch-22,1,0
Raw,sub-02,7,sub-02_ses-7_epoch-22,2,0
Raw,sub-02,7,sub-02_ses-7_epoch-22,3,0
Raw,sub-02,7,sub-02_ses-7_epoch-22,4,0
Raw,sub-02,7,sub-02_ses-7_epoch-22,5,0
Raw,sub-02,7,sub-02_ses-7_epoch-22,6,0
Raw,sub-02,7,sub-02_ses-7_epoch-22,7,0
Raw,sub-02,7,sub-02_ses-7_epoch-23,0,1
Raw,sub-02,7,sub-02_ses-7_epoch-23,1,1
Raw,sub-02,7,sub-02_ses-7_epoch-23,2,1
Raw,sub-02,7,sub-02_ses-7_epoch-23,3,1
Raw,sub-02,7,sub-02_ses-7_epoch-23,4,1
Raw,sub-02,7,sub-02_ses-7_epoch-23,5,1
Raw,sub-02,7,sub-02_ses-7_epoch-23,6,1
Raw,sub-02,7,sub-02_ses-7_epoch-24,0,0
Raw,sub-02,7,sub-02_ses-7_epoch-24,1,0
Raw,sub-02,7,sub-02_ses-7_epoch-24,2,0
Raw,sub-02,7,sub-02_ses-7_epoch-24,3,0
Raw,sub-02,7,sub-02_ses-7_epoch-24,4,0
Raw,sub-02,7,sub-02_ses-7_epoch-24,5,0
Raw,sub-02,7,sub-02_ses-7_epoch-24,6,0
Raw,sub-02,7,sub-02_ses-7_epoch-24,7,0
Raw,sub-02,7,sub-02_ses-7_epoch-25,0,1
Raw,sub-02,7,sub-02_ses-7_epoch-25,1,1
Raw,sub-02,7,sub-02_ses-7_epoch-25,2,1
Raw,sub-02,7,sub-02_ses-7_epoch-25,3,1
Raw,sub-02,7,sub-02_ses-7_epoch-25,4,1
Raw,sub-02,7,sub-02_ses-7_epoch-25,5,1
Raw,sub-02,7,sub-02_ses-7_epoch-25,6,1
Raw,sub-02,7,sub-02_ses-7_epoch-26,0,0
Raw,sub-02,7,sub-02_ses-7_epoch-26,1,0
Raw,sub-02,7,sub-02_ses-7_epoch-26,2,0
Raw,sub-02,7,sub-02_ses-7_epoch-26,3,0
Raw,sub-02,7,sub-02_ses-7_epoch-26,4,0
Raw,sub-02,7,sub-02_ses-7_epoch-26,5,0
Raw,sub-02,7,sub-02_ses-7_epoch-26,6,0
Raw,sub-02,7,sub-02_ses-7_epoch-26,7,0
Raw,sub-02,7,sub-02_ses-7_epoch-27,0,1
Raw,sub-02,7,sub-02_ses-7_epoch-27,1,1
Raw,sub-02,7,sub-02_ses-7_epoch-27,2,1
Raw,sub-02,7,sub-02_ses-7_epoch-27,3,1
Raw,sub-02,7,sub-02_ses-7_epoch-27,4,1
Raw,sub-02,7,sub-02_ses-7_epoch-27,5,1
Raw,sub-02,7,sub-02_ses-7_epoch-27,6,1
Raw,sub-02,7,sub-02_ses-7_epoch-28,0,0
Raw,sub-02,7,sub-02_ses-7_epoch-28,1,0
Raw,sub-02,7,sub-02_ses-7_epoch-28,2,0
Raw,sub-02,7,sub-02_ses-7_epoch-28,3,0
Raw,sub-02,7,sub-02_ses-7_epoch-28,4,0
Raw,sub-02,7,sub-02_ses-7_epoch-28,5,0
Raw,sub-02,7,sub-02_ses-7_epoch-28,6,0
Raw,sub-02,7,sub-02_ses-7_epoch-28,7,0
Raw,sub-02,7,sub-02_ses-7_epoch-29,0,1
Raw,sub-02,7,sub-02_ses-7_epoch-29,1,1
Raw,sub-02,7,sub-02_ses-7_epoch-29,2,1
Raw,sub-02,7,sub-02_ses-7_epoch-29,3,1
Raw,sub-02,7,sub-02_ses-7_epoch-29,4,1
Raw,sub-02,7,sub-02_ses-7_epoch-29,5,1
Raw,sub-02,7,sub-02_ses-7_epoch-29,6,1
Raw,sub-02,7,sub-02_ses-7_epoch-30,0,0
Raw,sub-02,7,sub-02_ses-7_epoch-30,1,0
Raw,sub-02,7,sub-02_ses-7_epoch-30,2,0
Raw,sub-02,7,sub-02_ses-7_epoch-30,3,0
Raw,sub-02,7,sub-02_ses-7_epoch-30,4,0
Raw,sub-02,7,sub-02_ses-7_epoch-30,5,0
Raw,sub-02,7,sub-02_ses-7_epoch-30,6,0
Raw,sub-02,7,sub-02_ses-7_epoch-30,7,0
Raw,sub-02,7,sub-02_ses-7_epoch-31,0,1
Raw,sub-02,7,sub-02_ses-7_epoch-31,1,1
Raw,sub-02,7,sub-02_ses-7_epoch-31,2,1
Raw,sub-02,7,sub-02_ses-7_epoch-31,3,1
Raw,sub-02,7,sub-02_ses-7_epoch-31,4,1
Raw,sub-02,7,sub-02_ses-7_epoch-31,5,1
Raw,sub-02,7,sub-02_ses-7_epoch-31,6,1
Raw,sub-02,7,sub-02_ses-7_epoch-32,0,0
Raw,sub-02,7,sub-02_ses-7_epoch-32,1,0
Raw,sub-02,7,sub-02_ses-7_epoch-32,2,0
Raw,sub-02,7,sub-02_ses-7_epoch-32,3,0
Raw,sub-02,7,sub-02_ses-7_epoch-32,4,0
Raw,sub-02,7,sub-02_ses-7_epoch-32,5,0
Raw,sub-02,7,sub-02_ses-7_epoch-32,6,0
Raw,sub-02,7,sub-02_ses-7_epoch-32,7,0
Raw,sub-02,7,sub-02_ses-7_epoch-33,0,1
Raw,sub-02,7,sub-02_ses-7_epoch-33,1,1
Raw,sub-02,7,sub-02_ses-7_epoch-33,2,1
Raw,sub-02,7,sub-02_ses-7_epoch-33,3,1
Raw,sub-02,7,sub-02_ses-7_epoch-33,4,1
Raw,sub-02,7,sub-02_ses-7_epoch-33,5,1
Raw,sub-02,7,sub-02_ses-7_epoch-33,6,1
Raw,sub-02,7,sub-02_ses-7_epoch-34,0,0
Raw,sub-02,7,sub-02_ses-7_epoch-34,1,0
Raw,sub-02,7,sub-02_ses-7_epoch-34,2,0
Raw,sub-02,7,sub-02_ses-7_epoch-34,3,0
Raw,sub-02,7,sub-02_ses-7_epoch-34,4,0
Raw,sub-02,7,sub-02_ses-7_epoch-34,5,0
Raw,sub-02,7,sub-02_ses-7_epoch-34,6,0
Raw,sub-02,7,sub-02_ses-7_epoch-34,7,0
Raw,sub-02,7,sub-02_ses-7_epoch-35,0,1
Raw,sub-02,7,sub-02_ses-7_epoch-35,1,1
Raw,sub-02,7,sub-02_ses-7_epoch-35,2,1
Raw,sub-02,7,sub-02_ses-7_epoch-35,3,1
Raw,sub-02,7,sub-02_ses-7_epoch-35,4,1
Raw,sub-02,7,sub-02_ses-7_epoch-35,5,1
Raw,sub-02,7,sub-02_ses-7_epoch-35,6,1
Raw,sub-02,7,sub-02_ses-7_epoch-36,0,0
Raw,sub-02,7,sub-02_ses-7_epoch-36,1,0
Raw,sub-02,7,sub-02_ses-7_epoch-36,2,0
Raw,sub-02,7,sub-02_ses-7_epoch-36,3,0
Raw,sub-02,7,sub-02_ses-7_epoch-36,4,0
Raw,sub-02,7,sub-02_ses-7_epoch-36,5,0
Raw,sub-02,7,sub-02_ses-7_epoch-36,6,0
Raw,sub-02,7,sub-02_ses-7_epoch-36,7,0
Raw,sub-02,7,sub-02_ses-7_epoch-37,0,1
Raw,sub-02,7,sub-02_ses-7_epoch-37,1,1
Raw,sub-02,7,sub-02_ses-7_epoch-37,2,1
Raw,sub-02,7,sub-02_ses-7_epoch-37,3,1
Raw,sub-02,7,sub-02_ses-7_epoch-37,4,1
Raw,sub-02,7,sub-02_ses-7_epoch-37,5,1
Raw,sub-02,7,sub-02_ses-7_epoch-37,6,1
Raw,sub-02,7,sub-02_ses-7_epoch-38,0,0
Raw,sub-02,7,sub-02_ses-7_epoch-38,1,0
Raw,sub-02,7,sub-02_ses-7_epoch-38,2,0
Raw,sub-02,7,sub-02_ses-7_epoch-38,3,0
Raw,sub-02,7,sub-02_ses-7_epoch-38,4,0
Raw,sub-02,7,sub-02_ses-7_epoch-38,5,0
Raw,sub-02,7,sub-02_ses-7_epoch-38,6,0
Raw,sub-02,7,sub-02_ses-7_epoch-38,7,0
Raw,sub-02,7,sub-02_ses-7_epoch-39,0,1
Raw,sub-02,7,sub-02_ses-7_epoch-39,1,1
Raw,sub-02,7,sub-02_ses-7_epoch-39,2,1
Raw,sub-02,7,sub-02_ses-7_epoch-39,3,1
Raw,sub-02,7,sub-02_ses-7_epoch-39,4,1
Raw,sub-02,7,sub-02_ses-7_epoch-39,5,1
Raw,sub-02,7,sub-02_ses-7_epoch-39,6,1
Raw,sub-02,7,sub-02_ses-7_epoch-40,0,0
Raw,sub-02,7,sub-02_ses-7_epoch-40,1,0
Raw,sub-02,7,sub-02_ses-7_epoch-40,2,0
Raw,sub-02,7,sub-02_ses-7_epoch-40,3,0
Raw,sub-02,7,sub-02_ses-7_epoch-40,4,0
Raw,sub-02,7,sub-02_ses-7_epoch-40,5,0
Raw,sub-02,7,sub-02_ses-7_epoch-40,6,0
Raw,sub-02,7,sub-02_ses-7_epoch-40,7,0
Raw,sub-02,7,sub-02_ses-7_epoch-41,0,1
Raw,sub-02,7,sub-02_ses-7_epoch-41,1,1
Raw,sub-02,7,sub-02_ses-7_epoch-41,2,1
Raw,sub-02,7,sub-02_ses-7_epoch-41,3,1
Raw,sub-02,7,sub-02_ses-7_epoch-41,4,1
Raw,sub-02,7,sub-02_ses-7_epoch-41,5,1
Raw,sub-02,7,sub-02_ses-7_epoch-41,6,1
Raw,sub-02,7,sub-02_ses-7_epoch-42,0,0
Raw,sub-02,7,sub-02_ses-7_epoch-42,1,0
Raw,sub-02,7,sub-02_ses-7_epoch-42,2,0
Raw,sub-02,7,sub-02_ses-7_epoch-42,3,0
Raw,sub-02,7,sub-02_ses-7_epoch-42,4,0
Raw,sub-02,7,sub-02_ses-7_epoch-42,5,0
Raw,sub-02,7,sub-02_ses-7_epoch-42,6,0
Raw,sub-02,7,sub-02_ses-7_epoch-42,7,0
Raw,sub-02,7,sub-02_ses-7_epoch-43,0,0
Raw,sub-02,7,sub-02_ses-7_epoch-43,1,0
Raw,sub-02,7,sub-02_ses-7_epoch-43,2,0
Raw,sub-02,7,sub-02_ses-7_epoch-43,3,0
Raw,sub-02,7,sub-02_ses-7_epoch-43,4,0
Raw,sub-02,7,sub-02_ses-7_epoch-43,5,0
Raw,sub-02,7,sub-02_ses-7_epoch-43,6,0
Raw,sub-02,7,sub-02_ses-7_epoch-43,7,0
ICA-cleaned,sub-02,7,sub-02_ses-7_epoch-1,0,0
ICA-cleaned,sub-02,7,sub-02_ses-7_epoch-1,1,0
ICA-cleaned,sub-02,7,sub-02_ses-7_epoch-1,2,0
ICA-cleaned,sub-02,7,sub-02_ses-7_epoch-1,3,0
ICA-cleaned,sub-02,7,sub-02_ses-7_epoch-1,4,0
ICA-cleaned,sub-02,7,sub-02_ses-7_epoch-1,5,0
ICA-cleaned,sub-02,7,sub-02_ses-7_epoch-1,6,0
ICA-cleaned,sub-02,7,sub-02_ses-7_epoch-1,7,0
ICA-cleaned,sub-02,7,sub-02_ses-7_epoch-2,0,0
ICA-cleaned,sub-02,7,sub-02_ses-7_epoch-2,1,0
ICA-cleaned,sub-02,7,sub-02_ses-7_epoch-2,2,0
ICA-cleaned,sub-02,7,sub-02_ses-7_epoch-2,3,0
ICA-cleaned,sub-02,7,sub-02_ses-7_epoch-2,4,0
ICA-cleaned,sub-02,7,sub-02_ses-7_epoch-2,5,0
ICA-cleaned,sub-02,7,sub-02_ses-7_epoch-2,6,0
ICA-cleaned,sub-02,7,sub-02_ses-7_epoch-2,7,0
ICA-cleaned,sub-02,7,sub-02_ses-7_epoch-3,0,0
ICA-cleaned,sub-02,7,sub-02_ses-7_epoch-3,1,0
ICA-cleaned,sub-02,7,sub-02_ses-7_epoch-3,2,0
ICA-cleaned,sub-02,7,sub-02_ses-7_epoch-3,3,0
ICA-cleaned,sub-02,7,sub-02_ses-7_epoch-3,4,0
ICA-cleaned,sub-02,7,sub-02_ses-7_epoch-3,5,0
ICA-cleaned,sub-02,7,sub-02_ses-7_epoch-3,6,0
ICA-cleaned,sub-02,7,sub-02_ses-7_epoch-3,7,0
ICA-cleaned,sub-02,7,sub-02_ses-7_epoch-4,0,0
ICA-cleaned,sub-02,7,sub-02_ses-7_epoch-4,1,0
ICA-cleaned,sub-02,7,sub-02_ses-7_epoch-4,2,0
ICA-cleaned,sub-02,7,sub-02_ses-7_epoch-4,3,0
ICA-cleaned,sub-02,7,sub-02_ses-7_epoch-4,4,0
ICA-cleaned,sub-02,7,sub-02_ses-7_epoch-4,5,0
ICA-cleaned,sub-02,7,sub-02_ses-7_epoch-4,6,0
ICA-cleaned,sub-02,7,sub-02_ses-7_epoch-4,7,0
ICA-cleaned,sub-02,7,sub-02_ses-7_epoch-5,0,1
ICA-cleaned,sub-02,7,sub-02_ses-7_epoch-5,1,1
ICA-cleaned,sub-02,7,sub-02_ses-7_epoch-5,2,1
ICA-cleaned,sub-02,7,sub-02_ses-7_epoch-5,3,1
ICA-cleaned,sub-02,7,sub-02_ses-7_epoch-5,4,1
ICA-cleaned,sub-02,7,sub-02_ses-7_epoch-5,5,1
ICA-cleaned,sub-02,7,sub-02_ses-7_epoch-5,6,1
ICA-cleaned,sub-02,7,sub-02_ses-7_epoch-6,0,0
ICA-cleaned,sub-02,7,sub-02_ses-7_epoch-6,1,0
ICA-cleaned,sub-02,7,sub-02_ses-7_epoch-6,2,0
ICA-cleaned,sub-02,7,sub-02_ses-7_epoch-6,3,0
ICA-cleaned,sub-02,7,sub-02_ses-7_epoch-6,4,0
ICA-cleaned,sub-02,7,sub-02_ses-7_epoch-6,5,0
ICA-cleaned,sub-02,7,sub-02_ses-7_epoch-6,6,0
ICA-cleaned,sub-02,7,sub-02_ses-7_epoch-6,7,0
ICA-cleaned,sub-02,7,sub-02_ses-7_epoch-7,0,1
ICA-cleaned,sub-02,7,sub-02_ses-7_epoch-7,1,1
ICA-cleaned,sub-02,7,sub-02_ses-7_epoch-7,2,1
ICA-cleaned,sub-02,7,sub-02_ses-7_epoch-7,3,1
ICA-cleaned,sub-02,7,sub-02_ses-7_epoch-7,4,1
ICA-cleaned,sub-02,7,sub-02_ses-7_epoch-7,5,1
ICA-cleaned,sub-02,7,sub-02_ses-7_epoch-7,6,1
ICA-cleaned,sub-02,7,sub-02_ses-7_epoch-8,0,0
ICA-cleaned,sub-02,7,sub-02_ses-7_epoch-8,1,0
ICA-cleaned,sub-02,7,sub-02_ses-7_epoch-8,2,0
ICA-cleaned,sub-02,7,sub-02_ses-7_epoch-8,3,0
ICA-cleaned,sub-02,7,sub-02_ses-7_epoch-8,4,0
ICA-cleaned,sub-02,7,sub-02_ses-7_epoch-8,5,0
ICA-cleaned,sub-02,7,sub-02_ses-7_epoch-8,6,0
ICA-cleaned,sub-02,7,sub-02_ses-7_epoch-8,7,0
ICA-cleaned,sub-02,7,sub-02_ses-7_epoch-9,0,1
ICA-cleaned,sub-02,7,sub-02_ses-7_epoch-9,1,1
ICA-cleaned,sub-02,7,sub-02_ses-7_epoch-9,2,1
ICA-cleaned,sub-02,7,sub-02_ses-7_epoch-9,3,1
ICA-cleaned,sub-02,7,sub-02_ses-7_epoch-9,4,1
ICA-cleaned,sub-02,7,sub-02_ses-7_epoch-9,5,1
ICA-cleaned,sub-02,7,sub-02_ses-7_epoch-9,6,1
ICA-cleaned,sub-02,7,sub-02_ses-7_epoch-10,0,0
ICA-cleaned,sub-02,7,sub-02_ses-7_epoch-10,1,0
ICA-cleaned,sub-02,7,sub-02_ses-7_epoch-10,2,0
ICA-cleaned,sub-02,7,sub-02_ses-7_epoch-10,3,0
ICA-cleaned,sub-02,7,sub-02_ses-7_epoch-10,4,0
ICA-cleaned,sub-02,7,sub-02_ses-7_epoch-10,5,0
ICA-cleaned,sub-02,7,sub-02_ses-7_epoch-10,6,0
ICA-cleaned,sub-02,7,sub-02_ses-7_epoch-10,7,0
ICA-cleaned,sub-02,7,sub-02_ses-7_epoch-11,0,1
ICA-cleaned,sub-02,7,sub-02_ses-7_epoch-11,1,1
ICA-cleaned,sub-02,7,sub-02_ses-7_epoch-11,2,1
ICA-cleaned,sub-02,7,sub-02_ses-7_epoch-11,3,1
ICA-cleaned,sub-02,7,sub-02_ses-7_epoch-11,4,1
ICA-cleaned,sub-02,7,sub-02_ses-7_epoch-11,5,1
ICA-cleaned,sub-02,7,sub-02_ses-7_epoch-11,6,1
ICA-cleaned,sub-02,7,sub-02_ses-7_epoch-12,0,0
ICA-cleaned,sub-02,7,sub-02_ses-7_epoch-12,1,0
ICA-cleaned,sub-02,7,sub-02_ses-7_epoch-12,2,0
ICA-cleaned,sub-02,7,sub-02_ses-7_epoch-12,3,0
ICA-cleaned,sub-02,7,sub-02_ses-7_epoch-12,4,0
ICA-cleaned,sub-02,7,sub-02_ses-7_epoch-12,5,0
ICA-cleaned,sub-02,7,sub-02_ses-7_epoch-12,6,0
ICA-cleaned,sub-02,7,sub-02_ses-7_epoch-12,7,0
ICA-cleaned,sub-02,7,sub-02_ses-7_epoch-13,0,1
ICA-cleaned,sub-02,7,sub-02_ses-7_epoch-13,1,1
ICA-cleaned,sub-02,7,sub-02_ses-7_epoch-13,2,1
ICA-cleaned,sub-02,7,sub-02_ses-7_epoch-13,3,1
ICA-cleaned,sub-02,7,sub-02_ses-7_epoch-13,4,1
ICA-cleaned,sub-02,7,sub-02_ses-7_epoch-13,5,1
ICA-cleaned,sub-02,7,sub-02_ses-7_epoch-13,6,1
ICA-cleaned,sub-02,7,sub-02_ses-7_epoch-14,0,0
ICA-cleaned,sub-02,7,sub-02_ses-7_epoch-14,1,0
ICA-cleaned,sub-02,7,sub-02_ses-7_epoch-14,2,0
ICA-cleaned,sub-02,7,sub-02_ses-7_epoch-14,3,0
ICA-cleaned,sub-02,7,sub-02_ses-7_epoch-14,4,0
ICA-cleaned,sub-02,7,sub-02_ses-7_epoch-14,5,0
ICA-cleaned,sub-02,7,sub-02_ses-7_epoch-14,6,0
ICA-cleaned,sub-02,7,sub-02_ses-7_epoch-14,7,0
ICA-cleaned,sub-02,7,sub-02_ses-7_epoch-15,0,1
ICA-cleaned,sub-02,7,sub-02_ses-7_epoch-15,1,1
ICA-cleaned,sub-02,7,sub-02_ses-7_epoch-15,2,1
ICA-cleaned,sub-02,7,sub-02_ses-7_epoch-15,3,1
ICA-cleaned,sub-02,7,sub-02_ses-7_epoch-15,4,1
ICA-cleaned,sub-02,7,sub-02_ses-7_epoch-15,5,1
ICA-cleaned,sub-02,7,sub-02_ses-7_epoch-15,6,1
ICA-cleaned,sub-02,7,sub-02_ses-7_epoch-16,0,0
ICA-cleaned,sub-02,7,sub-02_ses-7_epoch-16,1,0
ICA-cleaned,sub-02,7,sub-02_ses-7_epoch-16,2,0
ICA-cleaned,sub-02,7,sub-02_ses-7_epoch-16,3,0
ICA-cleaned,sub-02,7,sub-02_ses-7_epoch-16,4,0
ICA-cleaned,sub-02,7,sub-02_ses-7_epoch-16,5,0
ICA-cleaned,sub-02,7,sub-02_ses-7_epoch-16,6,0
ICA-cleaned,sub-02,7,sub-02_ses-7_epoch-16,7,0
ICA-cleaned,sub-02,7,sub-02_ses-7_epoch-17,0,1
ICA-cleaned,sub-02,7,sub-02_ses-7_epoch-17,1,1
ICA-cleaned,sub-02,7,sub-02_ses-7_epoch-17,2,1
ICA-cleaned,sub-02,7,sub-02_ses-7_epoch-17,3,1
ICA-cleaned,sub-02,7,sub-02_ses-7_epoch-17,4,1
ICA-cleaned,sub-02,7,sub-02_ses-7_epoch-17,5,1
ICA-cleaned,sub-02,7,sub-02_ses-7_epoch-17,6,1
ICA-cleaned,sub-02,7,sub-02_ses-7_epoch-18,0,0
ICA-cleaned,sub-02,7,sub-02_ses-7_epoch-18,1,0
ICA-cleaned,sub-02,7,sub-02_ses-7_epoch-18,2,0
ICA-cleaned,sub-02,7,sub-02_ses-7_epoch-18,3,0
ICA-cleaned,sub-02,7,sub-02_ses-7_epoch-18,4,0
ICA-cleaned,sub-02,7,sub-02_ses-7_epoch-18,5,0
ICA-cleaned,sub-02,7,sub-02_ses-7_epoch-18,6,0
ICA-cleaned,sub-02,7,sub-02_ses-7_epoch-18,7,0
ICA-cleaned,sub-02,7,sub-02_ses-7_epoch-19,0,1
ICA-cleaned,sub-02,7,sub-02_ses-7_epoch-19,1,1
ICA-cleaned,sub-02,7,sub-02_ses-7_epoch-19,2,1
ICA-cleaned,sub-02,7,sub-02_ses-7_epoch-19,3,1
ICA-cleaned,sub-02,7,sub-02_ses-7_epoch-19,4,1
ICA-cleaned,sub-02,7,sub-02_ses-7_epoch-19,5,1
ICA-cleaned,sub-02,7,sub-02_ses-7_epoch-19,6,1
ICA-cleaned,sub-02,7,sub-02_ses-7_epoch-20,0,0
ICA-cleaned,sub-02,7,sub-02_ses-7_epoch-20,1,0
ICA-cleaned,sub-02,7,sub-02_ses-7_epoch-20,2,0
ICA-cleaned,sub-02,7,sub-02_ses-7_epoch-20,3,0
ICA-cleaned,sub-02,7,sub-02_ses-7_epoch-20,4,0
ICA-cleaned,sub-02,7,sub-02_ses-7_epoch-20,5,0
ICA-cleaned,sub-02,7,sub-02_ses-7_epoch-20,6,0
ICA-cleaned,sub-02,7,sub-02_ses-7_epoch-20,7,0
ICA-cleaned,sub-02,7,sub-02_ses-7_epoch-21,0,1
ICA-cleaned,sub-02,7,sub-02_ses-7_epoch-21,1,1
ICA-cleaned,sub-02,7,sub-02_ses-7_epoch-21,2,1
ICA-cleaned,sub-02,7,sub-02_ses-7_epoch-21,3,1
ICA-cleaned,sub-02,7,sub-02_ses-7_epoch-21,4,1
ICA-cleaned,sub-02,7,sub-02_ses-7_epoch-21,5,1
ICA-cleaned,sub-02,7,sub-02_ses-7_epoch-21,6,1
ICA-cleaned,sub-02,7,sub-02_ses-7_epoch-22,0,0
ICA-cleaned,sub-02,7,sub-02_ses-7_epoch-22,1,0
ICA-cleaned,sub-02,7,sub-02_ses-7_epoch-22,2,0
ICA-cleaned,sub-02,7,sub-02_ses-7_epoch-22,3,0
ICA-cleaned,sub-02,7,sub-02_ses-7_epoch-22,4,0
ICA-cleaned,sub-02,7,sub-02_ses-7_epoch-22,5,0
ICA-cleaned,sub-02,7,sub-02_ses-7_epoch-22,6,0
ICA-cleaned,sub-02,7,sub-02_ses-7_epoch-22,7,0
ICA-cleaned,sub-02,7,sub-02_ses-7_epoch-23,0,1
ICA-cleaned,sub-02,7,sub-02_ses-7_epoch-23,1,1
ICA-cleaned,sub-02,7,sub-02_ses-7_epoch-23,2,1
ICA-cleaned,sub-02,7,sub-02_ses-7_epoch-23,3,1
ICA-cleaned,sub-02,7,sub-02_ses-7_epoch-23,4,1
ICA-cleaned,sub-02,7,sub-02_ses-7_epoch-23,5,1
ICA-cleaned,sub-02,7,sub-02_ses-7_epoch-23,6,1
ICA-cleaned,sub-02,7,sub-02_ses-7_epoch-24,0,0
ICA-cleaned,sub-02,7,sub-02_ses-7_epoch-24,1,0
ICA-cleaned,sub-02,7,sub-02_ses-7_epoch-24,2,0
ICA-cleaned,sub-02,7,sub-02_ses-7_epoch-24,3,0
ICA-cleaned,sub-02,7,sub-02_ses-7_epoch-24,4,0
ICA-cleaned,sub-02,7,sub-02_ses-7_epoch-24,5,0
ICA-cleaned,sub-02,7,sub-02_ses-7_epoch-24,6,0
ICA-cleaned,sub-02,7,sub-02_ses-7_epoch-24,7,0
ICA-cleaned,sub-02,7,sub-02_ses-7_epoch-25,0,1
ICA-cleaned,sub-02,7,sub-02_ses-7_epoch-25,1,1
ICA-cleaned,sub-02,7,sub-02_ses-7_epoch-25,2,1
ICA-cleaned,sub-02,7,sub-02_ses-7_epoch-25,3,1
ICA-cleaned,sub-02,7,sub-02_ses-7_epoch-25,4,1
ICA-cleaned,sub-02,7,sub-02_ses-7_epoch-25,5,1
ICA-cleaned,sub-02,7,sub-02_ses-7_epoch-25,6,1
ICA-cleaned,sub-02,7,sub-02_ses-7_epoch-26,0,0
ICA-cleaned,sub-02,7,sub-02_ses-7_epoch-26,1,0
ICA-cleaned,sub-02,7,sub-02_ses-7_epoch-26,2,0
ICA-cleaned,sub-02,7,sub-02_ses-7_epoch-26,3,0
ICA-cleaned,sub-02,7,sub-02_ses-7_epoch-26,4,0
ICA-cleaned,sub-02,7,sub-02_ses-7_epoch-26,5,0
ICA-cleaned,sub-02,7,sub-02_ses-7_epoch-26,6,0
ICA-cleaned,sub-02,7,sub-02_ses-7_epoch-26,7,0
ICA-cleaned,sub-02,7,sub-02_ses-7_epoch-27,0,1
ICA-cleaned,sub-02,7,sub-02_ses-7_epoch-27,1,1
ICA-cleaned,sub-02,7,sub-02_ses-7_epoch-27,2,1
ICA-cleaned,sub-02,7,sub-02_ses-7_epoch-27,3,1
ICA-cleaned,sub-02,7,sub-02_ses-7_epoch-27,4,1
ICA-cleaned,sub-02,7,sub-02_ses-7_epoch-27,5,1
ICA-cleaned,sub-02,7,sub-02_ses-7_epoch-27,6,1
ICA-cleaned,sub-02,7,sub-02_ses-7_epoch-28,0,0
ICA-cleaned,sub-02,7,sub-02_ses-7_epoch-28,1,0
ICA-cleaned,sub-02,7,sub-02_ses-7_epoch-28,2,0
ICA-cleaned,sub-02,7,sub-02_ses-7_epoch-28,3,0
ICA-cleaned,sub-02,7,sub-02_ses-7_epoch-28,4,0
ICA-cleaned,sub-02,7,sub-02_ses-7_epoch-28,5,0
ICA-cleaned,sub-02,7,sub-02_ses-7_epoch-28,6,0
ICA-cleaned,sub-02,7,sub-02_ses-7_epoch-28,7,0
ICA-cleaned,sub-02,7,sub-02_ses-7_epoch-29,0,1
ICA-cleaned,sub-02,7,sub-02_ses-7_epoch-29,1,1
ICA-cleaned,sub-02,7,sub-02_ses-7_epoch-29,2,1
ICA-cleaned,sub-02,7,sub-02_ses-7_epoch-29,3,1
ICA-cleaned,sub-02,7,sub-02_ses-7_epoch-29,4,1
ICA-cleaned,sub-02,7,sub-02_ses-7_epoch-29,5,1
ICA-cleaned,sub-02,7,sub-02_ses-7_epoch-29,6,1
ICA-cleaned,sub-02,7,sub-02_ses-7_epoch-30,0,0
ICA-cleaned,sub-02,7,sub-02_ses-7_epoch-30,1,0
ICA-cleaned,sub-02,7,sub-02_ses-7_epoch-30,2,0
ICA-cleaned,sub-02,7,sub-02_ses-7_epoch-30,3,0
ICA-cleaned,sub-02,7,sub-02_ses-7_epoch-30,4,0
ICA-cleaned,sub-02,7,sub-02_ses-7_epoch-30,5,0
ICA-cleaned,sub-02,7,sub-02_ses-7_epoch-30,6,0
ICA-cleaned,sub-02,7,sub-02_ses-7_epoch-30,7,0
ICA-cleaned,sub-02,7,sub-02_ses-7_epoch-31,0,1
ICA-cleaned,sub-02,7,sub-02_ses-7_epoch-31,1,1
ICA-cleaned,sub-02,7,sub-02_ses-7_epoch-31,2,1
ICA-cleaned,sub-02,7,sub-02_ses-7_epoch-31,3,1
ICA-cleaned,sub-02,7,sub-02_ses-7_epoch-31,4,1
ICA-cleaned,sub-02,7,sub-02_ses-7_epoch-31,5,1
ICA-cleaned,sub-02,7,sub-02_ses-7_epoch-31,6,1
ICA-cleaned,sub-02,7,sub-02_ses-7_epoch-32,0,0
ICA-cleaned,sub-02,7,sub-02_ses-7_epoch-32,1,0
ICA-cleaned,sub-02,7,sub-02_ses-7_epoch-32,2,0
ICA-cleaned,sub-02,7,sub-02_ses-7_epoch-32,3,0
ICA-cleaned,sub-02,7,sub-02_ses-7_epoch-32,4,0
ICA-cleaned,sub-02,7,sub-02_ses-7_epoch-32,5,0
ICA-cleaned,sub-02,7,sub-02_ses-7_epoch-32,6,0
ICA-cleaned,sub-02,7,sub-02_ses-7_epoch-32,7,0
ICA-cleaned,sub-02,7,sub-02_ses-7_epoch-33,0,1
ICA-cleaned,sub-02,7,sub-02_ses-7_epoch-33,1,1
ICA-cleaned,sub-02,7,sub-02_ses-7_epoch-33,2,1
ICA-cleaned,sub-02,7,sub-02_ses-7_epoch-33,3,1
ICA-cleaned,sub-02,7,sub-02_ses-7_epoch-33,4,1
ICA-cleaned,sub-02,7,sub-02_ses-7_epoch-33,5,1
ICA-cleaned,sub-02,7,sub-02_ses-7_epoch-33,6,1
ICA-cleaned,sub-02,7,sub-02_ses-7_epoch-34,0,0
ICA-cleaned,sub-02,7,sub-02_ses-7_epoch-34,1,0
ICA-cleaned,sub-02,7,sub-02_ses-7_epoch-34,2,0
ICA-cleaned,sub-02,7,sub-02_ses-7_epoch-34,3,0
ICA-cleaned,sub-02,7,sub-02_ses-7_epoch-34,4,0
ICA-cleaned,sub-02,7,sub-02_ses-7_epoch-34,5,0
ICA-cleaned,sub-02,7,sub-02_ses-7_epoch-34,6,0
ICA-cleaned,sub-02,7,sub-02_ses-7_epoch-34,7,0
ICA-cleaned,sub-02,7,sub-02_ses-7_epoch-35,0,1
ICA-cleaned,sub-02,7,sub-02_ses-7_epoch-35,1,1
ICA-cleaned,sub-02,7,sub-02_ses-7_epoch-35,2,1
ICA-cleaned,sub-02,7,sub-02_ses-7_epoch-35,3,1
ICA-cleaned,sub-02,7,sub-02_ses-7_epoch-35,4,1
ICA-cleaned,sub-02,7,sub-02_ses-7_epoch-35,5,1
ICA-cleaned,sub-02,7,sub-02_ses-7_epoch-35,6,1
ICA-cleaned,sub-02,7,sub-02_ses-7_epoch-36,0,0
ICA-cleaned,sub-02,7,sub-02_ses-7_epoch-36,1,0
ICA-cleaned,sub-02,7,sub-02_ses-7_epoch-36,2,0
ICA-cleaned,sub-02,7,sub-02_ses-7_epoch-36,3,0
ICA-cleaned,sub-02,7,sub-02_ses-7_epoch-36,4,0
ICA-cleaned,sub-02,7,sub-02_ses-7_epoch-36,5,0
ICA-cleaned,sub-02,7,sub-02_ses-7_epoch-36,6,0
ICA-cleaned,sub-02,7,sub-02_ses-7_epoch-36,7,0
ICA-cleaned,sub-02,7,sub-02_ses-7_epoch-37,0,1
ICA-cleaned,sub-02,7,sub-02_ses-7_epoch-37,1,1
ICA-cleaned,sub-02,7,sub-02_ses-7_epoch-37,2,1
ICA-cleaned,sub-02,7,sub-02_ses-7_epoch-37,3,1
ICA-cleaned,sub-02,7,sub-02_ses-7_epoch-37,4,1
ICA-cleaned,sub-02,7,sub-02_ses-7_epoch-37,5,1
ICA-cleaned,sub-02,7,sub-02_ses-7_epoch-37,6,1
ICA-cleaned,sub-02,7,sub-02_ses-7_epoch-38,0,0
ICA-cleaned,sub-02,7,sub-02_ses-7_epoch-38,1,0
ICA-cleaned,sub-02,7,sub-02_ses-7_epoch-38,2,0
ICA-cleaned,sub-02,7,sub-02_ses-7_epoch-38,3,0
ICA-cleaned,sub-02,7,sub-02_ses-7_epoch-38,4,0
ICA-cleaned,sub-02,7,sub-02_ses-7_epoch-38,5,0
ICA-cleaned,sub-02,7,sub-02_ses-7_epoch-38,6,0
ICA-cleaned,sub-02,7,sub-02_ses-7_epoch-38,7,0
ICA-cleaned,sub-02,7,sub-02_ses-7_epoch-39,0,1
ICA-cleaned,sub-02,7,sub-02_ses-7_epoch-39,1,1
ICA-cleaned,sub-02,7,sub-02_ses-7_epoch-39,2,1
ICA-cleaned,sub-02,7,sub-02_ses-7_epoch-39,3,1
ICA-cleaned,sub-02,7,sub-02_ses-7_epoch-39,4,1
ICA-cleaned,sub-02,7,sub-02_ses-7_epoch-39,5,1
ICA-cleaned,sub-02,7,sub-02_ses-7_epoch-39,6,1
ICA-cleaned,sub-02,7,sub-02_ses-7_epoch-40,0,0
ICA-cleaned,sub-02,7,sub-02_ses-7_epoch-40,1,0
ICA-cleaned,sub-02,7,sub-02_ses-7_epoch-40,2,0
ICA-cleaned,sub-02,7,sub-02_ses-7_epoch-40,3,0
ICA-cleaned,sub-02,7,sub-02_ses-7_epoch-40,4,0
ICA-cleaned,sub-02,7,sub-02_ses-7_epoch-40,5,0
ICA-cleaned,sub-02,7,sub-02_ses-7_epoch-40,6,0
ICA-cleaned,sub-02,7,sub-02_ses-7_epoch-40,7,0
ICA-cleaned,sub-02,7,sub-02_ses-7_epoch-41,0,1
ICA-cleaned,sub-02,7,sub-02_ses-7_epoch-41,1,1
ICA-cleaned,sub-02,7,sub-02_ses-7_epoch-41,2,1
ICA-cleaned,sub-02,7,sub-02_ses-7_epoch-41,3,1
ICA-cleaned,sub-02,7,sub-02_ses-7_epoch-41,4,1
ICA-cleaned,sub-02,7,sub-02_ses-7_epoch-41,5,1
ICA-cleaned,sub-02,7,sub-02_ses-7_epoch-41,6,1
ICA-cleaned,sub-02,7,sub-02_ses-7_epoch-42,0,0
ICA-cleaned,sub-02,7,sub-02_ses-7_epoch-42,1,0
ICA-cleaned,sub-02,7,sub-02_ses-7_epoch-42,2,0
ICA-cleaned,sub-02,7,sub-02_ses-7_epoch-42,3,0
ICA-cleaned,sub-02,7,sub-02_ses-7_epoch-42,4,0
ICA-cleaned,sub-02,7,sub-02_ses-7_epoch-42,5,0
ICA-cleaned,sub-02,7,sub-02_ses-7_epoch-42,6,0
ICA-cleaned,sub-02,7,sub-02_ses-7_epoch-42,7,0
ICA-cleaned,sub-02,7,sub-02_ses-7_epoch-43,0,0
ICA-cleaned,sub-02,7,sub-02_ses-7_epoch-43,1,0
ICA-cleaned,sub-02,7,sub-02_ses-7_epoch-43,2,0
ICA-cleaned,sub-02,7,sub-02_ses-7_epoch-43,3,0
ICA-cleaned,sub-02,7,sub-02_ses-7_epoch-43,4,0
ICA-cleaned,sub-02,7,sub-02_ses-7_epoch-43,5,0
ICA-cleaned,sub-02,7,sub-02_ses-7_epoch-43,6,0
ICA-cleaned,sub-02,7,sub-02_ses-7_epoch-43,7,0
Raw,sub-02,8,sub-02_ses-8_epoch-1,0,0
Raw,sub-02,8,sub-02_ses-8_epoch-1,1,0
Raw,sub-02,8,sub-02_ses-8_epoch-1,2,0
Raw,sub-02,8,sub-02_ses-8_epoch-1,3,0
Raw,sub-02,8,sub-02_ses-8_epoch-1,4,0
Raw,sub-02,8,sub-02_ses-8_epoch-1,5,0
Raw,sub-02,8,sub-02_ses-8_epoch-1,6,0
Raw,sub-02,8,sub-02_ses-8_epoch-1,7,0
Raw,sub-02,8,sub-02_ses-8_epoch-2,0,0
Raw,sub-02,8,sub-02_ses-8_epoch-2,1,0
Raw,sub-02,8,sub-02_ses-8_epoch-2,2,0
Raw,sub-02,8,sub-02_ses-8_epoch-2,3,0
Raw,sub-02,8,sub-02_ses-8_epoch-2,4,0
Raw,sub-02,8,sub-02_ses-8_epoch-2,5,0
Raw,sub-02,8,sub-02_ses-8_epoch-2,6,0
Raw,sub-02,8,sub-02_ses-8_epoch-2,7,0
Raw,sub-02,8,sub-02_ses-8_epoch-3,0,0
Raw,sub-02,8,sub-02_ses-8_epoch-3,1,0
Raw,sub-02,8,sub-02_ses-8_epoch-3,2,0
Raw,sub-02,8,sub-02_ses-8_epoch-3,3,0
Raw,sub-02,8,sub-02_ses-8_epoch-3,4,0
Raw,sub-02,8,sub-02_ses-8_epoch-3,5,0
Raw,sub-02,8,sub-02_ses-8_epoch-3,6,0
Raw,sub-02,8,sub-02_ses-8_epoch-3,7,0
Raw,sub-02,8,sub-02_ses-8_epoch-4,0,0
Raw,sub-02,8,sub-02_ses-8_epoch-4,1,0
Raw,sub-02,8,sub-02_ses-8_epoch-4,2,0
Raw,sub-02,8,sub-02_ses-8_epoch-4,3,0
Raw,sub-02,8,sub-02_ses-8_epoch-4,4,0
Raw,sub-02,8,sub-02_ses-8_epoch-4,5,0
Raw,sub-02,8,sub-02_ses-8_epoch-4,6,0
Raw,sub-02,8,sub-02_ses-8_epoch-4,7,0
Raw,sub-02,8,sub-02_ses-8_epoch-5,0,1
Raw,sub-02,8,sub-02_ses-8_epoch-5,1,1
Raw,sub-02,8,sub-02_ses-8_epoch-5,2,1
Raw,sub-02,8,sub-02_ses-8_epoch-5,3,1
Raw,sub-02,8,sub-02_ses-8_epoch-5,4,1
Raw,sub-02,8,sub-02_ses-8_epoch-5,5,1
Raw,sub-02,8,sub-02_ses-8_epoch-5,6,1
Raw,sub-02,8,sub-02_ses-8_epoch-6,0,0
Raw,sub-02,8,sub-02_ses-8_epoch-6,1,0
Raw,sub-02,8,sub-02_ses-8_epoch-6,2,0
Raw,sub-02,8,sub-02_ses-8_epoch-6,3,0
Raw,sub-02,8,sub-02_ses-8_epoch-6,4,0
Raw,sub-02,8,sub-02_ses-8_epoch-6,5,0
Raw,sub-02,8,sub-02_ses-8_epoch-6,6,0
Raw,sub-02,8,sub-02_ses-8_epoch-6,7,0
Raw,sub-02,8,sub-02_ses-8_epoch-7,0,1
Raw,sub-02,8,sub-02_ses-8_epoch-7,1,1
Raw,sub-02,8,sub-02_ses-8_epoch-7,2,1
Raw,sub-02,8,sub-02_ses-8_epoch-7,3,1
Raw,sub-02,8,sub-02_ses-8_epoch-7,4,1
Raw,sub-02,8,sub-02_ses-8_epoch-7,5,1
Raw,sub-02,8,sub-02_ses-8_epoch-7,6,1
Raw,sub-02,8,sub-02_ses-8_epoch-8,0,0
Raw,sub-02,8,sub-02_ses-8_epoch-8,1,0
Raw,sub-02,8,sub-02_ses-8_epoch-8,2,0
Raw,sub-02,8,sub-02_ses-8_epoch-8,3,0
Raw,sub-02,8,sub-02_ses-8_epoch-8,4,0
Raw,sub-02,8,sub-02_ses-8_epoch-8,5,0
Raw,sub-02,8,sub-02_ses-8_epoch-8,6,0
Raw,sub-02,8,sub-02_ses-8_epoch-8,7,0
Raw,sub-02,8,sub-02_ses-8_epoch-9,0,1
Raw,sub-02,8,sub-02_ses-8_epoch-9,1,1
Raw,sub-02,8,sub-02_ses-8_epoch-9,2,1
Raw,sub-02,8,sub-02_ses-8_epoch-9,3,1
Raw,sub-02,8,sub-02_ses-8_epoch-9,4,1
Raw,sub-02,8,sub-02_ses-8_epoch-9,5,1
Raw,sub-02,8,sub-02_ses-8_epoch-9,6,1
Raw,sub-02,8,sub-02_ses-8_epoch-10,0,0
Raw,sub-02,8,sub-02_ses-8_epoch-10,1,0
Raw,sub-02,8,sub-02_ses-8_epoch-10,2,0
Raw,sub-02,8,sub-02_ses-8_epoch-10,3,0
Raw,sub-02,8,sub-02_ses-8_epoch-10,4,0
Raw,sub-02,8,sub-02_ses-8_epoch-10,5,0
Raw,sub-02,8,sub-02_ses-8_epoch-10,6,0
Raw,sub-02,8,sub-02_ses-8_epoch-10,7,0
Raw,sub-02,8,sub-02_ses-8_epoch-11,0,1
Raw,sub-02,8,sub-02_ses-8_epoch-11,1,1
Raw,sub-02,8,sub-02_ses-8_epoch-11,2,1
Raw,sub-02,8,sub-02_ses-8_epoch-11,3,1
Raw,sub-02,8,sub-02_ses-8_epoch-11,4,1
Raw,sub-02,8,sub-02_ses-8_epoch-11,5,1
Raw,sub-02,8,sub-02_ses-8_epoch-11,6,1
Raw,sub-02,8,sub-02_ses-8_epoch-12,0,0
Raw,sub-02,8,sub-02_ses-8_epoch-12,1,0
Raw,sub-02,8,sub-02_ses-8_epoch-12,2,0
Raw,sub-02,8,sub-02_ses-8_epoch-12,3,0
Raw,sub-02,8,sub-02_ses-8_epoch-12,4,0
Raw,sub-02,8,sub-02_ses-8_epoch-12,5,0
Raw,sub-02,8,sub-02_ses-8_epoch-12,6,0
Raw,sub-02,8,sub-02_ses-8_epoch-12,7,0
Raw,sub-02,8,sub-02_ses-8_epoch-13,0,1
Raw,sub-02,8,sub-02_ses-8_epoch-13,1,1
Raw,sub-02,8,sub-02_ses-8_epoch-13,2,1
Raw,sub-02,8,sub-02_ses-8_epoch-13,3,1
Raw,sub-02,8,sub-02_ses-8_epoch-13,4,1
Raw,sub-02,8,sub-02_ses-8_epoch-13,5,1
Raw,sub-02,8,sub-02_ses-8_epoch-13,6,1
Raw,sub-02,8,sub-02_ses-8_epoch-14,0,0
Raw,sub-02,8,sub-02_ses-8_epoch-14,1,0
Raw,sub-02,8,sub-02_ses-8_epoch-14,2,0
Raw,sub-02,8,sub-02_ses-8_epoch-14,3,0
Raw,sub-02,8,sub-02_ses-8_epoch-14,4,0
Raw,sub-02,8,sub-02_ses-8_epoch-14,5,0
Raw,sub-02,8,sub-02_ses-8_epoch-14,6,0
Raw,sub-02,8,sub-02_ses-8_epoch-14,7,0
Raw,sub-02,8,sub-02_ses-8_epoch-15,0,1
Raw,sub-02,8,sub-02_ses-8_epoch-15,1,1
Raw,sub-02,8,sub-02_ses-8_epoch-15,2,1
Raw,sub-02,8,sub-02_ses-8_epoch-15,3,1
Raw,sub-02,8,sub-02_ses-8_epoch-15,4,1
Raw,sub-02,8,sub-02_ses-8_epoch-15,5,1
Raw,sub-02,8,sub-02_ses-8_epoch-15,6,1
Raw,sub-02,8,sub-02_ses-8_epoch-16,0,0
Raw,sub-02,8,sub-02_ses-8_epoch-16,1,0
Raw,sub-02,8,sub-02_ses-8_epoch-16,2,0
Raw,sub-02,8,sub-02_ses-8_epoch-16,3,0
Raw,sub-02,8,sub-02_ses-8_epoch-16,4,0
Raw,sub-02,8,sub-02_ses-8_epoch-16,5,0
Raw,sub-02,8,sub-02_ses-8_epoch-16,6,0
Raw,sub-02,8,sub-02_ses-8_epoch-16,7,0
Raw,sub-02,8,sub-02_ses-8_epoch-17,0,1
Raw,sub-02,8,sub-02_ses-8_epoch-17,1,1
Raw,sub-02,8,sub-02_ses-8_epoch-17,2,1
Raw,sub-02,8,sub-02_ses-8_epoch-17,3,1
Raw,sub-02,8,sub-02_ses-8_epoch-17,4,1
Raw,sub-02,8,sub-02_ses-8_epoch-17,5,1
Raw,sub-02,8,sub-02_ses-8_epoch-17,6,1
Raw,sub-02,8,sub-02_ses-8_epoch-18,0,0
Raw,sub-02,8,sub-02_ses-8_epoch-18,1,0
Raw,sub-02,8,sub-02_ses-8_epoch-18,2,0
Raw,sub-02,8,sub-02_ses-8_epoch-18,3,0
Raw,sub-02,8,sub-02_ses-8_epoch-18,4,0
Raw,sub-02,8,sub-02_ses-8_epoch-18,5,0
Raw,sub-02,8,sub-02_ses-8_epoch-18,6,0
Raw,sub-02,8,sub-02_ses-8_epoch-18,7,0
Raw,sub-02,8,sub-02_ses-8_epoch-19,0,1
Raw,sub-02,8,sub-02_ses-8_epoch-19,1,1
Raw,sub-02,8,sub-02_ses-8_epoch-19,2,1
Raw,sub-02,8,sub-02_ses-8_epoch-19,3,1
Raw,sub-02,8,sub-02_ses-8_epoch-19,4,1
Raw,sub-02,8,sub-02_ses-8_epoch-19,5,1
Raw,sub-02,8,sub-02_ses-8_epoch-19,6,1
Raw,sub-02,8,sub-02_ses-8_epoch-20,0,0
Raw,sub-02,8,sub-02_ses-8_epoch-20,1,0
Raw,sub-02,8,sub-02_ses-8_epoch-20,2,0
Raw,sub-02,8,sub-02_ses-8_epoch-20,3,0
Raw,sub-02,8,sub-02_ses-8_epoch-20,4,0
Raw,sub-02,8,sub-02_ses-8_epoch-20,5,0
Raw,sub-02,8,sub-02_ses-8_epoch-20,6,0
Raw,sub-02,8,sub-02_ses-8_epoch-20,7,0
Raw,sub-02,8,sub-02_ses-8_epoch-21,0,1
Raw,sub-02,8,sub-02_ses-8_epoch-21,1,1
Raw,sub-02,8,sub-02_ses-8_epoch-21,2,1
Raw,sub-02,8,sub-02_ses-8_epoch-21,3,1
Raw,sub-02,8,sub-02_ses-8_epoch-21,4,1
Raw,sub-02,8,sub-02_ses-8_epoch-21,5,1
Raw,sub-02,8,sub-02_ses-8_epoch-21,6,1
Raw,sub-02,8,sub-02_ses-8_epoch-22,0,0
Raw,sub-02,8,sub-02_ses-8_epoch-22,1,0
Raw,sub-02,8,sub-02_ses-8_epoch-22,2,0
Raw,sub-02,8,sub-02_ses-8_epoch-22,3,0
Raw,sub-02,8,sub-02_ses-8_epoch-22,4,0
Raw,sub-02,8,sub-02_ses-8_epoch-22,5,0
Raw,sub-02,8,sub-02_ses-8_epoch-22,6,0
Raw,sub-02,8,sub-02_ses-8_epoch-22,7,0
Raw,sub-02,8,sub-02_ses-8_epoch-23,0,1
Raw,sub-02,8,sub-02_ses-8_epoch-23,1,1
Raw,sub-02,8,sub-02_ses-8_epoch-23,2,1
Raw,sub-02,8,sub-02_ses-8_epoch-23,3,1
Raw,sub-02,8,sub-02_ses-8_epoch-23,4,1
Raw,sub-02,8,sub-02_ses-8_epoch-23,5,1
Raw,sub-02,8,sub-02_ses-8_epoch-23,6,1
Raw,sub-02,8,sub-02_ses-8_epoch-24,0,0
Raw,sub-02,8,sub-02_ses-8_epoch-24,1,0
Raw,sub-02,8,sub-02_ses-8_epoch-24,2,0
Raw,sub-02,8,sub-02_ses-8_epoch-24,3,0
Raw,sub-02,8,sub-02_ses-8_epoch-24,4,0
Raw,sub-02,8,sub-02_ses-8_epoch-24,5,0
Raw,sub-02,8,sub-02_ses-8_epoch-24,6,0
Raw,sub-02,8,sub-02_ses-8_epoch-24,7,0
Raw,sub-02,8,sub-02_ses-8_epoch-25,0,1
Raw,sub-02,8,sub-02_ses-8_epoch-25,1,1
Raw,sub-02,8,sub-02_ses-8_epoch-25,2,1
Raw,sub-02,8,sub-02_ses-8_epoch-25,3,1
Raw,sub-02,8,sub-02_ses-8_epoch-25,4,1
Raw,sub-02,8,sub-02_ses-8_epoch-25,5,1
Raw,sub-02,8,sub-02_ses-8_epoch-25,6,1
Raw,sub-02,8,sub-02_ses-8_epoch-26,0,0
Raw,sub-02,8,sub-02_ses-8_epoch-26,1,0
Raw,sub-02,8,sub-02_ses-8_epoch-26,2,0
Raw,sub-02,8,sub-02_ses-8_epoch-26,3,0
Raw,sub-02,8,sub-02_ses-8_epoch-26,4,0
Raw,sub-02,8,sub-02_ses-8_epoch-26,5,0
Raw,sub-02,8,sub-02_ses-8_epoch-26,6,0
Raw,sub-02,8,sub-02_ses-8_epoch-26,7,0
Raw,sub-02,8,sub-02_ses-8_epoch-27,0,1
Raw,sub-02,8,sub-02_ses-8_epoch-27,1,1
Raw,sub-02,8,sub-02_ses-8_epoch-27,2,1
Raw,sub-02,8,sub-02_ses-8_epoch-27,3,1
Raw,sub-02,8,sub-02_ses-8_epoch-27,4,1
Raw,sub-02,8,sub-02_ses-8_epoch-27,5,1
Raw,sub-02,8,sub-02_ses-8_epoch-27,6,1
Raw,sub-02,8,sub-02_ses-8_epoch-28,0,0
Raw,sub-02,8,sub-02_ses-8_epoch-28,1,0
Raw,sub-02,8,sub-02_ses-8_epoch-28,2,0
Raw,sub-02,8,sub-02_ses-8_epoch-28,3,0
Raw,sub-02,8,sub-02_ses-8_epoch-28,4,0
Raw,sub-02,8,sub-02_ses-8_epoch-28,5,0
Raw,sub-02,8,sub-02_ses-8_epoch-28,6,0
Raw,sub-02,8,sub-02_ses-8_epoch-28,7,0
Raw,sub-02,8,sub-02_ses-8_epoch-29,0,1
Raw,sub-02,8,sub-02_ses-8_epoch-29,1,1
Raw,sub-02,8,sub-02_ses-8_epoch-29,2,1
Raw,sub-02,8,sub-02_ses-8_epoch-29,3,1
Raw,sub-02,8,sub-02_ses-8_epoch-29,4,1
Raw,sub-02,8,sub-02_ses-8_epoch-29,5,1
Raw,sub-02,8,sub-02_ses-8_epoch-29,6,1
Raw,sub-02,8,sub-02_ses-8_epoch-30,0,0
Raw,sub-02,8,sub-02_ses-8_epoch-30,1,0
Raw,sub-02,8,sub-02_ses-8_epoch-30,2,0
Raw,sub-02,8,sub-02_ses-8_epoch-30,3,0
Raw,sub-02,8,sub-02_ses-8_epoch-30,4,0
Raw,sub-02,8,sub-02_ses-8_epoch-30,5,0
Raw,sub-02,8,sub-02_ses-8_epoch-30,6,0
Raw,sub-02,8,sub-02_ses-8_epoch-30,7,0
Raw,sub-02,8,sub-02_ses-8_epoch-31,0,1
Raw,sub-02,8,sub-02_ses-8_epoch-31,1,1
Raw,sub-02,8,sub-02_ses-8_epoch-31,2,1
Raw,sub-02,8,sub-02_ses-8_epoch-31,3,1
Raw,sub-02,8,sub-02_ses-8_epoch-31,4,1
Raw,sub-02,8,sub-02_ses-8_epoch-31,5,1
Raw,sub-02,8,sub-02_ses-8_epoch-31,6,1
Raw,sub-02,8,sub-02_ses-8_epoch-32,0,0
Raw,sub-02,8,sub-02_ses-8_epoch-32,1,0
Raw,sub-02,8,sub-02_ses-8_epoch-32,2,0
Raw,sub-02,8,sub-02_ses-8_epoch-32,3,0
Raw,sub-02,8,sub-02_ses-8_epoch-32,4,0
Raw,sub-02,8,sub-02_ses-8_epoch-32,5,0
Raw,sub-02,8,sub-02_ses-8_epoch-32,6,0
Raw,sub-02,8,sub-02_ses-8_epoch-32,7,0
Raw,sub-02,8,sub-02_ses-8_epoch-33,0,1
Raw,sub-02,8,sub-02_ses-8_epoch-33,1,1
Raw,sub-02,8,sub-02_ses-8_epoch-33,2,1
Raw,sub-02,8,sub-02_ses-8_epoch-33,3,1
Raw,sub-02,8,sub-02_ses-8_epoch-33,4,1
Raw,sub-02,8,sub-02_ses-8_epoch-33,5,1
Raw,sub-02,8,sub-02_ses-8_epoch-33,6,1
Raw,sub-02,8,sub-02_ses-8_epoch-34,0,0
Raw,sub-02,8,sub-02_ses-8_epoch-34,1,0
Raw,sub-02,8,sub-02_ses-8_epoch-34,2,0
Raw,sub-02,8,sub-02_ses-8_epoch-34,3,0
Raw,sub-02,8,sub-02_ses-8_epoch-34,4,0
Raw,sub-02,8,sub-02_ses-8_epoch-34,5,0
Raw,sub-02,8,sub-02_ses-8_epoch-34,6,0
Raw,sub-02,8,sub-02_ses-8_epoch-34,7,0
Raw,sub-02,8,sub-02_ses-8_epoch-35,0,1
Raw,sub-02,8,sub-02_ses-8_epoch-35,1,1
Raw,sub-02,8,sub-02_ses-8_epoch-35,2,1
Raw,sub-02,8,sub-02_ses-8_epoch-35,3,1
Raw,sub-02,8,sub-02_ses-8_epoch-35,4,1
Raw,sub-02,8,sub-02_ses-8_epoch-35,5,1
Raw,sub-02,8,sub-02_ses-8_epoch-35,6,1
Raw,sub-02,8,sub-02_ses-8_epoch-36,0,0
Raw,sub-02,8,sub-02_ses-8_epoch-36,1,0
Raw,sub-02,8,sub-02_ses-8_epoch-36,2,0
Raw,sub-02,8,sub-02_ses-8_epoch-36,3,0
Raw,sub-02,8,sub-02_ses-8_epoch-36,4,0
Raw,sub-02,8,sub-02_ses-8_epoch-36,5,0
Raw,sub-02,8,sub-02_ses-8_epoch-36,6,0
Raw,sub-02,8,sub-02_ses-8_epoch-36,7,0
Raw,sub-02,8,sub-02_ses-8_epoch-37,0,1
Raw,sub-02,8,sub-02_ses-8_epoch-37,1,1
Raw,sub-02,8,sub-02_ses-8_epoch-37,2,1
Raw,sub-02,8,sub-02_ses-8_epoch-37,3,1
Raw,sub-02,8,sub-02_ses-8_epoch-37,4,1
Raw,sub-02,8,sub-02_ses-8_epoch-37,5,1
Raw,sub-02,8,sub-02_ses-8_epoch-37,6,1
Raw,sub-02,8,sub-02_ses-8_epoch-38,0,0
Raw,sub-02,8,sub-02_ses-8_epoch-38,1,0
Raw,sub-02,8,sub-02_ses-8_epoch-38,2,0
Raw,sub-02,8,sub-02_ses-8_epoch-38,3,0
Raw,sub-02,8,sub-02_ses-8_epoch-38,4,0
Raw,sub-02,8,sub-02_ses-8_epoch-38,5,0
Raw,sub-02,8,sub-02_ses-8_epoch-38,6,0
Raw,sub-02,8,sub-02_ses-8_epoch-38,7,0
Raw,sub-02,8,sub-02_ses-8_epoch-39,0,0
Raw,sub-02,8,sub-02_ses-8_epoch-39,1,0
Raw,sub-02,8,sub-02_ses-8_epoch-39,2,0
Raw,sub-02,8,sub-02_ses-8_epoch-39,3,0
Raw,sub-02,8,sub-02_ses-8_epoch-39,4,0
Raw,sub-02,8,sub-02_ses-8_epoch-39,5,0
Raw,sub-02,8,sub-02_ses-8_epoch-39,6,0
Raw,sub-02,8,sub-02_ses-8_epoch-39,7,0
ICA-cleaned,sub-02,8,sub-02_ses-8_epoch-1,0,0
ICA-cleaned,sub-02,8,sub-02_ses-8_epoch-1,1,0
ICA-cleaned,sub-02,8,sub-02_ses-8_epoch-1,2,0
ICA-cleaned,sub-02,8,sub-02_ses-8_epoch-1,3,0
ICA-cleaned,sub-02,8,sub-02_ses-8_epoch-1,4,0
ICA-cleaned,sub-02,8,sub-02_ses-8_epoch-1,5,0
ICA-cleaned,sub-02,8,sub-02_ses-8_epoch-1,6,0
ICA-cleaned,sub-02,8,sub-02_ses-8_epoch-1,7,0
ICA-cleaned,sub-02,8,sub-02_ses-8_epoch-2,0,0
ICA-cleaned,sub-02,8,sub-02_ses-8_epoch-2,1,0
ICA-cleaned,sub-02,8,sub-02_ses-8_epoch-2,2,0
ICA-cleaned,sub-02,8,sub-02_ses-8_epoch-2,3,0
ICA-cleaned,sub-02,8,sub-02_ses-8_epoch-2,4,0
ICA-cleaned,sub-02,8,sub-02_ses-8_epoch-2,5,0
ICA-cleaned,sub-02,8,sub-02_ses-8_epoch-2,6,0
ICA-cleaned,sub-02,8,sub-02_ses-8_epoch-2,7,0
ICA-cleaned,sub-02,8,sub-02_ses-8_epoch-3,0,0
ICA-cleaned,sub-02,8,sub-02_ses-8_epoch-3,1,0
ICA-cleaned,sub-02,8,sub-02_ses-8_epoch-3,2,0
ICA-cleaned,sub-02,8,sub-02_ses-8_epoch-3,3,0
ICA-cleaned,sub-02,8,sub-02_ses-8_epoch-3,4,0
ICA-cleaned,sub-02,8,sub-02_ses-8_epoch-3,5,0
ICA-cleaned,sub-02,8,sub-02_ses-8_epoch-3,6,0
ICA-cleaned,sub-02,8,sub-02_ses-8_epoch-3,7,0
ICA-cleaned,sub-02,8,sub-02_ses-8_epoch-4,0,0
ICA-cleaned,sub-02,8,sub-02_ses-8_epoch-4,1,0
ICA-cleaned,sub-02,8,sub-02_ses-8_epoch-4,2,0
ICA-cleaned,sub-02,8,sub-02_ses-8_epoch-4,3,0
ICA-cleaned,sub-02,8,sub-02_ses-8_epoch-4,4,0
ICA-cleaned,sub-02,8,sub-02_ses-8_epoch-4,5,0
ICA-cleaned,sub-02,8,sub-02_ses-8_epoch-4,6,0
ICA-cleaned,sub-02,8,sub-02_ses-8_epoch-4,7,0
ICA-cleaned,sub-02,8,sub-02_ses-8_epoch-5,0,1
ICA-cleaned,sub-02,8,sub-02_ses-8_epoch-5,1,1
ICA-cleaned,sub-02,8,sub-02_ses-8_epoch-5,2,1
ICA-cleaned,sub-02,8,sub-02_ses-8_epoch-5,3,1
ICA-cleaned,sub-02,8,sub-02_ses-8_epoch-5,4,1
ICA-cleaned,sub-02,8,sub-02_ses-8_epoch-5,5,1
ICA-cleaned,sub-02,8,sub-02_ses-8_epoch-5,6,1
ICA-cleaned,sub-02,8,sub-02_ses-8_epoch-6,0,0
ICA-cleaned,sub-02,8,sub-02_ses-8_epoch-6,1,0
ICA-cleaned,sub-02,8,sub-02_ses-8_epoch-6,2,0
ICA-cleaned,sub-02,8,sub-02_ses-8_epoch-6,3,0
ICA-cleaned,sub-02,8,sub-02_ses-8_epoch-6,4,0
ICA-cleaned,sub-02,8,sub-02_ses-8_epoch-6,5,0
ICA-cleaned,sub-02,8,sub-02_ses-8_epoch-6,6,0
ICA-cleaned,sub-02,8,sub-02_ses-8_epoch-6,7,0
ICA-cleaned,sub-02,8,sub-02_ses-8_epoch-7,0,1
ICA-cleaned,sub-02,8,sub-02_ses-8_epoch-7,1,1
ICA-cleaned,sub-02,8,sub-02_ses-8_epoch-7,2,1
ICA-cleaned,sub-02,8,sub-02_ses-8_epoch-7,3,1
ICA-cleaned,sub-02,8,sub-02_ses-8_epoch-7,4,1
ICA-cleaned,sub-02,8,sub-02_ses-8_epoch-7,5,1
ICA-cleaned,sub-02,8,sub-02_ses-8_epoch-7,6,1
ICA-cleaned,sub-02,8,sub-02_ses-8_epoch-8,0,0
ICA-cleaned,sub-02,8,sub-02_ses-8_epoch-8,1,0
ICA-cleaned,sub-02,8,sub-02_ses-8_epoch-8,2,0
ICA-cleaned,sub-02,8,sub-02_ses-8_epoch-8,3,0
ICA-cleaned,sub-02,8,sub-02_ses-8_epoch-8,4,0
ICA-cleaned,sub-02,8,sub-02_ses-8_epoch-8,5,0
ICA-cleaned,sub-02,8,sub-02_ses-8_epoch-8,6,0
ICA-cleaned,sub-02,8,sub-02_ses-8_epoch-8,7,0
ICA-cleaned,sub-02,8,sub-02_ses-8_epoch-9,0,1
ICA-cleaned,sub-02,8,sub-02_ses-8_epoch-9,1,1
ICA-cleaned,sub-02,8,sub-02_ses-8_epoch-9,2,1
ICA-cleaned,sub-02,8,sub-02_ses-8_epoch-9,3,1
ICA-cleaned,sub-02,8,sub-02_ses-8_epoch-9,4,1
ICA-cleaned,sub-02,8,sub-02_ses-8_epoch-9,5,1
ICA-cleaned,sub-02,8,sub-02_ses-8_epoch-9,6,1
ICA-cleaned,sub-02,8,sub-02_ses-8_epoch-10,0,0
ICA-cleaned,sub-02,8,sub-02_ses-8_epoch-10,1,0
ICA-cleaned,sub-02,8,sub-02_ses-8_epoch-10,2,0
ICA-cleaned,sub-02,8,sub-02_ses-8_epoch-10,3,0
ICA-cleaned,sub-02,8,sub-02_ses-8_epoch-10,4,0
ICA-cleaned,sub-02,8,sub-02_ses-8_epoch-10,5,0
ICA-cleaned,sub-02,8,sub-02_ses-8_epoch-10,6,0
ICA-cleaned,sub-02,8,sub-02_ses-8_epoch-10,7,0
ICA-cleaned,sub-02,8,sub-02_ses-8_epoch-11,0,1
ICA-cleaned,sub-02,8,sub-02_ses-8_epoch-11,1,1
ICA-cleaned,sub-02,8,sub-02_ses-8_epoch-11,2,1
ICA-cleaned,sub-02,8,sub-02_ses-8_epoch-11,3,1
ICA-cleaned,sub-02,8,sub-02_ses-8_epoch-11,4,1
ICA-cleaned,sub-02,8,sub-02_ses-8_epoch-11,5,1
ICA-cleaned,sub-02,8,sub-02_ses-8_epoch-11,6,1
ICA-cleaned,sub-02,8,sub-02_ses-8_epoch-12,0,0
ICA-cleaned,sub-02,8,sub-02_ses-8_epoch-12,1,0
ICA-cleaned,sub-02,8,sub-02_ses-8_epoch-12,2,0
ICA-cleaned,sub-02,8,sub-02_ses-8_epoch-12,3,0
ICA-cleaned,sub-02,8,sub-02_ses-8_epoch-12,4,0
ICA-cleaned,sub-02,8,sub-02_ses-8_epoch-12,5,0
ICA-cleaned,sub-02,8,sub-02_ses-8_epoch-12,6,0
ICA-cleaned,sub-02,8,sub-02_ses-8_epoch-12,7,0
ICA-cleaned,sub-02,8,sub-02_ses-8_epoch-13,0,1
ICA-cleaned,sub-02,8,sub-02_ses-8_epoch-13,1,1
ICA-cleaned,sub-02,8,sub-02_ses-8_epoch-13,2,1
ICA-cleaned,sub-02,8,sub-02_ses-8_epoch-13,3,1
ICA-cleaned,sub-02,8,sub-02_ses-8_epoch-13,4,1
ICA-cleaned,sub-02,8,sub-02_ses-8_epoch-13,5,1
ICA-cleaned,sub-02,8,sub-02_ses-8_epoch-13,6,1
ICA-cleaned,sub-02,8,sub-02_ses-8_epoch-14,0,0
ICA-cleaned,sub-02,8,sub-02_ses-8_epoch-14,1,0
ICA-cleaned,sub-02,8,sub-02_ses-8_epoch-14,2,0
ICA-cleaned,sub-02,8,sub-02_ses-8_epoch-14,3,0
ICA-cleaned,sub-02,8,sub-02_ses-8_epoch-14,4,0
ICA-cleaned,sub-02,8,sub-02_ses-8_epoch-14,5,0
ICA-cleaned,sub-02,8,sub-02_ses-8_epoch-14,6,0
ICA-cleaned,sub-02,8,sub-02_ses-8_epoch-14,7,0
ICA-cleaned,sub-02,8,sub-02_ses-8_epoch-15,0,1
ICA-cleaned,sub-02,8,sub-02_ses-8_epoch-15,1,1
ICA-cleaned,sub-02,8,sub-02_ses-8_epoch-15,2,1
ICA-cleaned,sub-02,8,sub-02_ses-8_epoch-15,3,1
ICA-cleaned,sub-02,8,sub-02_ses-8_epoch-15,4,1
ICA-cleaned,sub-02,8,sub-02_ses-8_epoch-15,5,1
ICA-cleaned,sub-02,8,sub-02_ses-8_epoch-15,6,1
ICA-cleaned,sub-02,8,sub-02_ses-8_epoch-16,0,0
ICA-cleaned,sub-02,8,sub-02_ses-8_epoch-16,1,0
ICA-cleaned,sub-02,8,sub-02_ses-8_epoch-16,2,0
ICA-cleaned,sub-02,8,sub-02_ses-8_epoch-16,3,0
ICA-cleaned,sub-02,8,sub-02_ses-8_epoch-16,4,0
ICA-cleaned,sub-02,8,sub-02_ses-8_epoch-16,5,0
ICA-cleaned,sub-02,8,sub-02_ses-8_epoch-16,6,0
ICA-cleaned,sub-02,8,sub-02_ses-8_epoch-16,7,0
ICA-cleaned,sub-02,8,sub-02_ses-8_epoch-17,0,1
ICA-cleaned,sub-02,8,sub-02_ses-8_epoch-17,1,1
ICA-cleaned,sub-02,8,sub-02_ses-8_epoch-17,2,1
ICA-cleaned,sub-02,8,sub-02_ses-8_epoch-17,3,1
ICA-cleaned,sub-02,8,sub-02_ses-8_epoch-17,4,1
ICA-cleaned,sub-02,8,sub-02_ses-8_epoch-17,5,1
ICA-cleaned,sub-02,8,sub-02_ses-8_epoch-17,6,1
ICA-cleaned,sub-02,8,sub-02_ses-8_epoch-18,0,0
ICA-cleaned,sub-02,8,sub-02_ses-8_epoch-18,1,0
ICA-cleaned,sub-02,8,sub-02_ses-8_epoch-18,2,0
ICA-cleaned,sub-02,8,sub-02_ses-8_epoch-18,3,0
ICA-cleaned,sub-02,8,sub-02_ses-8_epoch-18,4,0
ICA-cleaned,sub-02,8,sub-02_ses-8_epoch-18,5,0
ICA-cleaned,sub-02,8,sub-02_ses-8_epoch-18,6,0
ICA-cleaned,sub-02,8,sub-02_ses-8_epoch-18,7,0
ICA-cleaned,sub-02,8,sub-02_ses-8_epoch-19,0,1
ICA-cleaned,sub-02,8,sub-02_ses-8_epoch-19,1,1
ICA-cleaned,sub-02,8,sub-02_ses-8_epoch-19,2,1
ICA-cleaned,sub-02,8,sub-02_ses-8_epoch-19,3,1
ICA-cleaned,sub-02,8,sub-02_ses-8_epoch-19,4,1
ICA-cleaned,sub-02,8,sub-02_ses-8_epoch-19,5,1
ICA-cleaned,sub-02,8,sub-02_ses-8_epoch-19,6,1
ICA-cleaned,sub-02,8,sub-02_ses-8_epoch-20,0,0
ICA-cleaned,sub-02,8,sub-02_ses-8_epoch-20,1,0
ICA-cleaned,sub-02,8,sub-02_ses-8_epoch-20,2,0
ICA-cleaned,sub-02,8,sub-02_ses-8_epoch-20,3,0
ICA-cleaned,sub-02,8,sub-02_ses-8_epoch-20,4,0
ICA-cleaned,sub-02,8,sub-02_ses-8_epoch-20,5,0
ICA-cleaned,sub-02,8,sub-02_ses-8_epoch-20,6,0
ICA-cleaned,sub-02,8,sub-02_ses-8_epoch-20,7,0
ICA-cleaned,sub-02,8,sub-02_ses-8_epoch-21,0,1
ICA-cleaned,sub-02,8,sub-02_ses-8_epoch-21,1,1
ICA-cleaned,sub-02,8,sub-02_ses-8_epoch-21,2,1
ICA-cleaned,sub-02,8,sub-02_ses-8_epoch-21,3,1
ICA-cleaned,sub-02,8,sub-02_ses-8_epoch-21,4,1
ICA-cleaned,sub-02,8,sub-02_ses-8_epoch-21,5,1
ICA-cleaned,sub-02,8,sub-02_ses-8_epoch-21,6,1
ICA-cleaned,sub-02,8,sub-02_ses-8_epoch-22,0,0
ICA-cleaned,sub-02,8,sub-02_ses-8_epoch-22,1,0
ICA-cleaned,sub-02,8,sub-02_ses-8_epoch-22,2,0
ICA-cleaned,sub-02,8,sub-02_ses-8_epoch-22,3,0
ICA-cleaned,sub-02,8,sub-02_ses-8_epoch-22,4,0
ICA-cleaned,sub-02,8,sub-02_ses-8_epoch-22,5,0
ICA-cleaned,sub-02,8,sub-02_ses-8_epoch-22,6,0
ICA-cleaned,sub-02,8,sub-02_ses-8_epoch-22,7,0
ICA-cleaned,sub-02,8,sub-02_ses-8_epoch-23,0,1
ICA-cleaned,sub-02,8,sub-02_ses-8_epoch-23,1,1
ICA-cleaned,sub-02,8,sub-02_ses-8_epoch-23,2,1
ICA-cleaned,sub-02,8,sub-02_ses-8_epoch-23,3,1
ICA-cleaned,sub-02,8,sub-02_ses-8_epoch-23,4,1
ICA-cleaned,sub-02,8,sub-02_ses-8_epoch-23,5,1
ICA-cleaned,sub-02,8,sub-02_ses-8_epoch-23,6,1
ICA-cleaned,sub-02,8,sub-02_ses-8_epoch-24,0,0
ICA-cleaned,sub-02,8,sub-02_ses-8_epoch-24,1,0
ICA-cleaned,sub-02,8,sub-02_ses-8_epoch-24,2,0
ICA-cleaned,sub-02,8,sub-02_ses-8_epoch-24,3,0
ICA-cleaned,sub-02,8,sub-02_ses-8_epoch-24,4,0
ICA-cleaned,sub-02,8,sub-02_ses-8_epoch-24,5,0
ICA-cleaned,sub-02,8,sub-02_ses-8_epoch-24,6,0
ICA-cleaned,sub-02,8,sub-02_ses-8_epoch-24,7,0
ICA-cleaned,sub-02,8,sub-02_ses-8_epoch-25,0,1
ICA-cleaned,sub-02,8,sub-02_ses-8_epoch-25,1,1
ICA-cleaned,sub-02,8,sub-02_ses-8_epoch-25,2,1
ICA-cleaned,sub-02,8,sub-02_ses-8_epoch-25,3,1
ICA-cleaned,sub-02,8,sub-02_ses-8_epoch-25,4,1
ICA-cleaned,sub-02,8,sub-02_ses-8_epoch-25,5,1
ICA-cleaned,sub-02,8,sub-02_ses-8_epoch-25,6,1
ICA-cleaned,sub-02,8,sub-02_ses-8_epoch-26,0,0
ICA-cleaned,sub-02,8,sub-02_ses-8_epoch-26,1,0
ICA-cleaned,sub-02,8,sub-02_ses-8_epoch-26,2,0
ICA-cleaned,sub-02,8,sub-02_ses-8_epoch-26,3,0
ICA-cleaned,sub-02,8,sub-02_ses-8_epoch-26,4,0
ICA-cleaned,sub-02,8,sub-02_ses-8_epoch-26,5,0
ICA-cleaned,sub-02,8,sub-02_ses-8_epoch-26,6,0
ICA-cleaned,sub-02,8,sub-02_ses-8_epoch-26,7,0
ICA-cleaned,sub-02,8,sub-02_ses-8_epoch-27,0,1
ICA-cleaned,sub-02,8,sub-02_ses-8_epoch-27,1,1
ICA-cleaned,sub-02,8,sub-02_ses-8_epoch-27,2,1
ICA-cleaned,sub-02,8,sub-02_ses-8_epoch-27,3,1
ICA-cleaned,sub-02,8,sub-02_ses-8_epoch-27,4,1
ICA-cleaned,sub-02,8,sub-02_ses-8_epoch-27,5,1
ICA-cleaned,sub-02,8,sub-02_ses-8_epoch-27,6,1
ICA-cleaned,sub-02,8,sub-02_ses-8_epoch-28,0,0
ICA-cleaned,sub-02,8,sub-02_ses-8_epoch-28,1,0
ICA-cleaned,sub-02,8,sub-02_ses-8_epoch-28,2,0
ICA-cleaned,sub-02,8,sub-02_ses-8_epoch-28,3,0
ICA-cleaned,sub-02,8,sub-02_ses-8_epoch-28,4,0
ICA-cleaned,sub-02,8,sub-02_ses-8_epoch-28,5,0
ICA-cleaned,sub-02,8,sub-02_ses-8_epoch-28,6,0
ICA-cleaned,sub-02,8,sub-02_ses-8_epoch-28,7,0
ICA-cleaned,sub-02,8,sub-02_ses-8_epoch-29,0,1
ICA-cleaned,sub-02,8,sub-02_ses-8_epoch-29,1,1
ICA-cleaned,sub-02,8,sub-02_ses-8_epoch-29,2,1
ICA-cleaned,sub-02,8,sub-02_ses-8_epoch-29,3,1
ICA-cleaned,sub-02,8,sub-02_ses-8_epoch-29,4,1
ICA-cleaned,sub-02,8,sub-02_ses-8_epoch-29,5,1
ICA-cleaned,sub-02,8,sub-02_ses-8_epoch-29,6,1
ICA-cleaned,sub-02,8,sub-02_ses-8_epoch-30,0,0
ICA-cleaned,sub-02,8,sub-02_ses-8_epoch-30,1,0
ICA-cleaned,sub-02,8,sub-02_ses-8_epoch-30,2,0
ICA-cleaned,sub-02,8,sub-02_ses-8_epoch-30,3,0
ICA-cleaned,sub-02,8,sub-02_ses-8_epoch-30,4,0
ICA-cleaned,sub-02,8,sub-02_ses-8_epoch-30,5,0
ICA-cleaned,sub-02,8,sub-02_ses-8_epoch-30,6,0
ICA-cleaned,sub-02,8,sub-02_ses-8_epoch-30,7,0
ICA-cleaned,sub-02,8,sub-02_ses-8_epoch-31,0,1
ICA-cleaned,sub-02,8,sub-02_ses-8_epoch-31,1,1
ICA-cleaned,sub-02,8,sub-02_ses-8_epoch-31,2,1
ICA-cleaned,sub-02,8,sub-02_ses-8_epoch-31,3,1
ICA-cleaned,sub-02,8,sub-02_ses-8_epoch-31,4,1
ICA-cleaned,sub-02,8,sub-02_ses-8_epoch-31,5,1
ICA-cleaned,sub-02,8,sub-02_ses-8_epoch-31,6,1
ICA-cleaned,sub-02,8,sub-02_ses-8_epoch-32,0,0
ICA-cleaned,sub-02,8,sub-02_ses-8_epoch-32,1,0
ICA-cleaned,sub-02,8,sub-02_ses-8_epoch-32,2,0
ICA-cleaned,sub-02,8,sub-02_ses-8_epoch-32,3,0
ICA-cleaned,sub-02,8,sub-02_ses-8_epoch-32,4,0
ICA-cleaned,sub-02,8,sub-02_ses-8_epoch-32,5,0
ICA-cleaned,sub-02,8,sub-02_ses-8_epoch-32,6,0
ICA-cleaned,sub-02,8,sub-02_ses-8_epoch-32,7,0
ICA-cleaned,sub-02,8,sub-02_ses-8_epoch-33,0,1
ICA-cleaned,sub-02,8,sub-02_ses-8_epoch-33,1,1
ICA-cleaned,sub-02,8,sub-02_ses-8_epoch-33,2,1
ICA-cleaned,sub-02,8,sub-02_ses-8_epoch-33,3,1
ICA-cleaned,sub-02,8,sub-02_ses-8_epoch-33,4,1
ICA-cleaned,sub-02,8,sub-02_ses-8_epoch-33,5,1
ICA-cleaned,sub-02,8,sub-02_ses-8_epoch-33,6,1
ICA-cleaned,sub-02,8,sub-02_ses-8_epoch-34,0,0
ICA-cleaned,sub-02,8,sub-02_ses-8_epoch-34,1,0
ICA-cleaned,sub-02,8,sub-02_ses-8_epoch-34,2,0
ICA-cleaned,sub-02,8,sub-02_ses-8_epoch-34,3,0
ICA-cleaned,sub-02,8,sub-02_ses-8_epoch-34,4,0
ICA-cleaned,sub-02,8,sub-02_ses-8_epoch-34,5,0
ICA-cleaned,sub-02,8,sub-02_ses-8_epoch-34,6,0
ICA-cleaned,sub-02,8,sub-02_ses-8_epoch-34,7,0
ICA-cleaned,sub-02,8,sub-02_ses-8_epoch-35,0,1
ICA-cleaned,sub-02,8,sub-02_ses-8_epoch-35,1,1
ICA-cleaned,sub-02,8,sub-02_ses-8_epoch-35,2,1
ICA-cleaned,sub-02,8,sub-02_ses-8_epoch-35,3,1
ICA-cleaned,sub-02,8,sub-02_ses-8_epoch-35,4,1
ICA-cleaned,sub-02,8,sub-02_ses-8_epoch-35,5,1
ICA-cleaned,sub-02,8,sub-02_ses-8_epoch-35,6,1
ICA-cleaned,sub-02,8,sub-02_ses-8_epoch-36,0,0
ICA-cleaned,sub-02,8,sub-02_ses-8_epoch-36,1,0
ICA-cleaned,sub-02,8,sub-02_ses-8_epoch-36,2,0
ICA-cleaned,sub-02,8,sub-02_ses-8_epoch-36,3,0
ICA-cleaned,sub-02,8,sub-02_ses-8_epoch-36,4,0
ICA-cleaned,sub-02,8,sub-02_ses-8_epoch-36,5,0
ICA-cleaned,sub-02,8,sub-02_ses-8_epoch-36,6,0
ICA-cleaned,sub-02,8,sub-02_ses-8_epoch-36,7,0
ICA-cleaned,sub-02,8,sub-02_ses-8_epoch-37,0,1
ICA-cleaned,sub-02,8,sub-02_ses-8_epoch-37,1,1
ICA-cleaned,sub-02,8,sub-02_ses-8_epoch-37,2,1
ICA-cleaned,sub-02,8,sub-02_ses-8_epoch-37,3,1
ICA-cleaned,sub-02,8,sub-02_ses-8_epoch-37,4,1
ICA-cleaned,sub-02,8,sub-02_ses-8_epoch-37,5,1
ICA-cleaned,sub-02,8,sub-02_ses-8_epoch-37,6,1
ICA-cleaned,sub-02,8,sub-02_ses-8_epoch-38,0,0
ICA-cleaned,sub-02,8,sub-02_ses-8_epoch-38,1,0
ICA-cleaned,sub-02,8,sub-02_ses-8_epoch-38,2,0
ICA-cleaned,sub-02,8,sub-02_ses-8_epoch-38,3,0
ICA-cleaned,sub-02,8,sub-02_ses-8_epoch-38,4,0
ICA-cleaned,sub-02,8,sub-02_ses-8_epoch-38,5,0
ICA-cleaned,sub-02,8,sub-02_ses-8_epoch-38,6,0
ICA-cleaned,sub-02,8,sub-02_ses-8_epoch-38,7,0
ICA-cleaned,sub-02,8,sub-02_ses-8_epoch-39,0,0
ICA-cleaned,sub-02,8,sub-02_ses-8_epoch-39,1,0
ICA-cleaned,sub-02,8,sub-02_ses-8_epoch-39,2,0
ICA-cleaned,sub-02,8,sub-02_ses-8_epoch-39,3,0
ICA-cleaned,sub-02,8,sub-02_ses-8_epoch-39,4,0
ICA-cleaned,sub-02,8,sub-02_ses-8_epoch-39,5,0
ICA-cleaned,sub-02,8,sub-02_ses-8_epoch-39,6,0
ICA-cleaned,sub-02,8,sub-02_ses-8_epoch-39,7,0
Raw,sub-02,9,sub-02_ses-9_epoch-1,0,0
Raw,sub-02,9,sub-02_ses-9_epoch-1,1,0
Raw,sub-02,9,sub-02_ses-9_epoch-1,2,0
Raw,sub-02,9,sub-02_ses-9_epoch-1,3,0
Raw,sub-02,9,sub-02_ses-9_epoch-1,4,0
Raw,sub-02,9,sub-02_ses-9_epoch-1,5,0
Raw,sub-02,9,sub-02_ses-9_epoch-1,6,0
Raw,sub-02,9,sub-02_ses-9_epoch-1,7,0
Raw,sub-02,9,sub-02_ses-9_epoch-2,0,0
Raw,sub-02,9,sub-02_ses-9_epoch-2,1,0
Raw,sub-02,9,sub-02_ses-9_epoch-2,2,0
Raw,sub-02,9,sub-02_ses-9_epoch-2,3,0
Raw,sub-02,9,sub-02_ses-9_epoch-2,4,0
Raw,sub-02,9,sub-02_ses-9_epoch-2,5,0
Raw,sub-02,9,sub-02_ses-9_epoch-2,6,0
Raw,sub-02,9,sub-02_ses-9_epoch-2,7,0
Raw,sub-02,9,sub-02_ses-9_epoch-3,0,0
Raw,sub-02,9,sub-02_ses-9_epoch-3,1,0
Raw,sub-02,9,sub-02_ses-9_epoch-3,2,0
Raw,sub-02,9,sub-02_ses-9_epoch-3,3,0
Raw,sub-02,9,sub-02_ses-9_epoch-3,4,0
Raw,sub-02,9,sub-02_ses-9_epoch-3,5,0
Raw,sub-02,9,sub-02_ses-9_epoch-3,6,0
Raw,sub-02,9,sub-02_ses-9_epoch-3,7,0
Raw,sub-02,9,sub-02_ses-9_epoch-4,0,0
Raw,sub-02,9,sub-02_ses-9_epoch-4,1,0
Raw,sub-02,9,sub-02_ses-9_epoch-4,2,0
Raw,sub-02,9,sub-02_ses-9_epoch-4,3,0
Raw,sub-02,9,sub-02_ses-9_epoch-4,4,0
Raw,sub-02,9,sub-02_ses-9_epoch-4,5,0
Raw,sub-02,9,sub-02_ses-9_epoch-4,6,0
Raw,sub-02,9,sub-02_ses-9_epoch-4,7,0
Raw,sub-02,9,sub-02_ses-9_epoch-5,0,1
Raw,sub-02,9,sub-02_ses-9_epoch-5,1,1
Raw,sub-02,9,sub-02_ses-9_epoch-5,2,1
Raw,sub-02,9,sub-02_ses-9_epoch-5,3,1
Raw,sub-02,9,sub-02_ses-9_epoch-5,4,1
Raw,sub-02,9,sub-02_ses-9_epoch-5,5,1
Raw,sub-02,9,sub-02_ses-9_epoch-5,6,1
Raw,sub-02,9,sub-02_ses-9_epoch-6,0,0
Raw,sub-02,9,sub-02_ses-9_epoch-6,1,0
Raw,sub-02,9,sub-02_ses-9_epoch-6,2,0
Raw,sub-02,9,sub-02_ses-9_epoch-6,3,0
Raw,sub-02,9,sub-02_ses-9_epoch-6,4,0
Raw,sub-02,9,sub-02_ses-9_epoch-6,5,0
Raw,sub-02,9,sub-02_ses-9_epoch-6,6,0
Raw,sub-02,9,sub-02_ses-9_epoch-6,7,0
Raw,sub-02,9,sub-02_ses-9_epoch-7,0,1
Raw,sub-02,9,sub-02_ses-9_epoch-7,1,1
Raw,sub-02,9,sub-02_ses-9_epoch-7,2,1
Raw,sub-02,9,sub-02_ses-9_epoch-7,3,1
Raw,sub-02,9,sub-02_ses-9_epoch-7,4,1
Raw,sub-02,9,sub-02_ses-9_epoch-7,5,1
Raw,sub-02,9,sub-02_ses-9_epoch-7,6,1
Raw,sub-02,9,sub-02_ses-9_epoch-8,0,0
Raw,sub-02,9,sub-02_ses-9_epoch-8,1,0
Raw,sub-02,9,sub-02_ses-9_epoch-8,2,0
Raw,sub-02,9,sub-02_ses-9_epoch-8,3,0
Raw,sub-02,9,sub-02_ses-9_epoch-8,4,0
Raw,sub-02,9,sub-02_ses-9_epoch-8,5,0
Raw,sub-02,9,sub-02_ses-9_epoch-8,6,0
Raw,sub-02,9,sub-02_ses-9_epoch-8,7,0
Raw,sub-02,9,sub-02_ses-9_epoch-9,0,1
Raw,sub-02,9,sub-02_ses-9_epoch-9,1,1
Raw,sub-02,9,sub-02_ses-9_epoch-9,2,1
Raw,sub-02,9,sub-02_ses-9_epoch-9,3,1
Raw,sub-02,9,sub-02_ses-9_epoch-9,4,1
Raw,sub-02,9,sub-02_ses-9_epoch-9,5,1
Raw,sub-02,9,sub-02_ses-9_epoch-9,6,1
Raw,sub-02,9,sub-02_ses-9_epoch-10,0,0
Raw,sub-02,9,sub-02_ses-9_epoch-10,1,0
Raw,sub-02,9,sub-02_ses-9_epoch-10,2,0
Raw,sub-02,9,sub-02_ses-9_epoch-10,3,0
Raw,sub-02,9,sub-02_ses-9_epoch-10,4,0
Raw,sub-02,9,sub-02_ses-9_epoch-10,5,0
Raw,sub-02,9,sub-02_ses-9_epoch-10,6,0
Raw,sub-02,9,sub-02_ses-9_epoch-10,7,0
Raw,sub-02,9,sub-02_ses-9_epoch-11,0,1
Raw,sub-02,9,sub-02_ses-9_epoch-11,1,1
Raw,sub-02,9,sub-02_ses-9_epoch-11,2,1
Raw,sub-02,9,sub-02_ses-9_epoch-11,3,1
Raw,sub-02,9,sub-02_ses-9_epoch-11,4,1
Raw,sub-02,9,sub-02_ses-9_epoch-11,5,1
Raw,sub-02,9,sub-02_ses-9_epoch-11,6,1
Raw,sub-02,9,sub-02_ses-9_epoch-12,0,0
Raw,sub-02,9,sub-02_ses-9_epoch-12,1,0
Raw,sub-02,9,sub-02_ses-9_epoch-12,2,0
Raw,sub-02,9,sub-02_ses-9_epoch-12,3,0
Raw,sub-02,9,sub-02_ses-9_epoch-12,4,0
Raw,sub-02,9,sub-02_ses-9_epoch-12,5,0
Raw,sub-02,9,sub-02_ses-9_epoch-12,6,0
Raw,sub-02,9,sub-02_ses-9_epoch-12,7,0
Raw,sub-02,9,sub-02_ses-9_epoch-13,0,1
Raw,sub-02,9,sub-02_ses-9_epoch-13,1,1
Raw,sub-02,9,sub-02_ses-9_epoch-13,2,1
Raw,sub-02,9,sub-02_ses-9_epoch-13,3,1
Raw,sub-02,9,sub-02_ses-9_epoch-13,4,1
Raw,sub-02,9,sub-02_ses-9_epoch-13,5,1
Raw,sub-02,9,sub-02_ses-9_epoch-13,6,1
Raw,sub-02,9,sub-02_ses-9_epoch-14,0,0
Raw,sub-02,9,sub-02_ses-9_epoch-14,1,0
Raw,sub-02,9,sub-02_ses-9_epoch-14,2,0
Raw,sub-02,9,sub-02_ses-9_epoch-14,3,0
Raw,sub-02,9,sub-02_ses-9_epoch-14,4,0
Raw,sub-02,9,sub-02_ses-9_epoch-14,5,0
Raw,sub-02,9,sub-02_ses-9_epoch-14,6,0
Raw,sub-02,9,sub-02_ses-9_epoch-14,7,0
Raw,sub-02,9,sub-02_ses-9_epoch-15,0,1
Raw,sub-02,9,sub-02_ses-9_epoch-15,1,1
Raw,sub-02,9,sub-02_ses-9_epoch-15,2,1
Raw,sub-02,9,sub-02_ses-9_epoch-15,3,1
Raw,sub-02,9,sub-02_ses-9_epoch-15,4,1
Raw,sub-02,9,sub-02_ses-9_epoch-15,5,1
Raw,sub-02,9,sub-02_ses-9_epoch-15,6,1
Raw,sub-02,9,sub-02_ses-9_epoch-16,0,0
Raw,sub-02,9,sub-02_ses-9_epoch-16,1,0
Raw,sub-02,9,sub-02_ses-9_epoch-16,2,0
Raw,sub-02,9,sub-02_ses-9_epoch-16,3,0
Raw,sub-02,9,sub-02_ses-9_epoch-16,4,0
Raw,sub-02,9,sub-02_ses-9_epoch-16,5,0
Raw,sub-02,9,sub-02_ses-9_epoch-16,6,0
Raw,sub-02,9,sub-02_ses-9_epoch-16,7,0
Raw,sub-02,9,sub-02_ses-9_epoch-17,0,1
Raw,sub-02,9,sub-02_ses-9_epoch-17,1,1
Raw,sub-02,9,sub-02_ses-9_epoch-17,2,1
Raw,sub-02,9,sub-02_ses-9_epoch-17,3,1
Raw,sub-02,9,sub-02_ses-9_epoch-17,4,1
Raw,sub-02,9,sub-02_ses-9_epoch-17,5,1
Raw,sub-02,9,sub-02_ses-9_epoch-17,6,1
Raw,sub-02,9,sub-02_ses-9_epoch-18,0,0
Raw,sub-02,9,sub-02_ses-9_epoch-18,1,0
Raw,sub-02,9,sub-02_ses-9_epoch-18,2,0
Raw,sub-02,9,sub-02_ses-9_epoch-18,3,0
Raw,sub-02,9,sub-02_ses-9_epoch-18,4,0
Raw,sub-02,9,sub-02_ses-9_epoch-18,5,0
Raw,sub-02,9,sub-02_ses-9_epoch-18,6,0
Raw,sub-02,9,sub-02_ses-9_epoch-18,7,0
Raw,sub-02,9,sub-02_ses-9_epoch-19,0,1
Raw,sub-02,9,sub-02_ses-9_epoch-19,1,1
Raw,sub-02,9,sub-02_ses-9_epoch-19,2,1
Raw,sub-02,9,sub-02_ses-9_epoch-19,3,1
Raw,sub-02,9,sub-02_ses-9_epoch-19,4,1
Raw,sub-02,9,sub-02_ses-9_epoch-19,5,1
Raw,sub-02,9,sub-02_ses-9_epoch-19,6,1
Raw,sub-02,9,sub-02_ses-9_epoch-20,0,0
Raw,sub-02,9,sub-02_ses-9_epoch-20,1,0
Raw,sub-02,9,sub-02_ses-9_epoch-20,2,0
Raw,sub-02,9,sub-02_ses-9_epoch-20,3,0
Raw,sub-02,9,sub-02_ses-9_epoch-20,4,0
Raw,sub-02,9,sub-02_ses-9_epoch-20,5,0
Raw,sub-02,9,sub-02_ses-9_epoch-20,6,0
Raw,sub-02,9,sub-02_ses-9_epoch-20,7,0
Raw,sub-02,9,sub-02_ses-9_epoch-21,0,1
Raw,sub-02,9,sub-02_ses-9_epoch-21,1,1
Raw,sub-02,9,sub-02_ses-9_epoch-21,2,1
Raw,sub-02,9,sub-02_ses-9_epoch-21,3,1
Raw,sub-02,9,sub-02_ses-9_epoch-21,4,1
Raw,sub-02,9,sub-02_ses-9_epoch-21,5,1
Raw,sub-02,9,sub-02_ses-9_epoch-21,6,1
Raw,sub-02,9,sub-02_ses-9_epoch-22,0,0
Raw,sub-02,9,sub-02_ses-9_epoch-22,1,0
Raw,sub-02,9,sub-02_ses-9_epoch-22,2,0
Raw,sub-02,9,sub-02_ses-9_epoch-22,3,0
Raw,sub-02,9,sub-02_ses-9_epoch-22,4,0
Raw,sub-02,9,sub-02_ses-9_epoch-22,5,0
Raw,sub-02,9,sub-02_ses-9_epoch-22,6,0
Raw,sub-02,9,sub-02_ses-9_epoch-22,7,0
Raw,sub-02,9,sub-02_ses-9_epoch-23,0,1
Raw,sub-02,9,sub-02_ses-9_epoch-23,1,1
Raw,sub-02,9,sub-02_ses-9_epoch-23,2,1
Raw,sub-02,9,sub-02_ses-9_epoch-23,3,1
Raw,sub-02,9,sub-02_ses-9_epoch-23,4,1
Raw,sub-02,9,sub-02_ses-9_epoch-23,5,1
Raw,sub-02,9,sub-02_ses-9_epoch-23,6,1
Raw,sub-02,9,sub-02_ses-9_epoch-24,0,0
Raw,sub-02,9,sub-02_ses-9_epoch-24,1,0
Raw,sub-02,9,sub-02_ses-9_epoch-24,2,0
Raw,sub-02,9,sub-02_ses-9_epoch-24,3,0
Raw,sub-02,9,sub-02_ses-9_epoch-24,4,0
Raw,sub-02,9,sub-02_ses-9_epoch-24,5,0
Raw,sub-02,9,sub-02_ses-9_epoch-24,6,0
Raw,sub-02,9,sub-02_ses-9_epoch-24,7,0
Raw,sub-02,9,sub-02_ses-9_epoch-25,0,1
Raw,sub-02,9,sub-02_ses-9_epoch-25,1,1
Raw,sub-02,9,sub-02_ses-9_epoch-25,2,1
Raw,sub-02,9,sub-02_ses-9_epoch-25,3,1
Raw,sub-02,9,sub-02_ses-9_epoch-25,4,1
Raw,sub-02,9,sub-02_ses-9_epoch-25,5,1
Raw,sub-02,9,sub-02_ses-9_epoch-25,6,1
Raw,sub-02,9,sub-02_ses-9_epoch-26,0,0
Raw,sub-02,9,sub-02_ses-9_epoch-26,1,0
Raw,sub-02,9,sub-02_ses-9_epoch-26,2,0
Raw,sub-02,9,sub-02_ses-9_epoch-26,3,0
Raw,sub-02,9,sub-02_ses-9_epoch-26,4,0
Raw,sub-02,9,sub-02_ses-9_epoch-26,5,0
Raw,sub-02,9,sub-02_ses-9_epoch-26,6,0
Raw,sub-02,9,sub-02_ses-9_epoch-26,7,0
Raw,sub-02,9,sub-02_ses-9_epoch-27,0,1
Raw,sub-02,9,sub-02_ses-9_epoch-27,1,1
Raw,sub-02,9,sub-02_ses-9_epoch-27,2,1
Raw,sub-02,9,sub-02_ses-9_epoch-27,3,1
Raw,sub-02,9,sub-02_ses-9_epoch-27,4,1
Raw,sub-02,9,sub-02_ses-9_epoch-27,5,1
Raw,sub-02,9,sub-02_ses-9_epoch-27,6,1
Raw,sub-02,9,sub-02_ses-9_epoch-28,0,0
Raw,sub-02,9,sub-02_ses-9_epoch-28,1,0
Raw,sub-02,9,sub-02_ses-9_epoch-28,2,0
Raw,sub-02,9,sub-02_ses-9_epoch-28,3,0
Raw,sub-02,9,sub-02_ses-9_epoch-28,4,0
Raw,sub-02,9,sub-02_ses-9_epoch-28,5,0
Raw,sub-02,9,sub-02_ses-9_epoch-28,6,0
Raw,sub-02,9,sub-02_ses-9_epoch-28,7,0
Raw,sub-02,9,sub-02_ses-9_epoch-29,0,1
Raw,sub-02,9,sub-02_ses-9_epoch-29,1,1
Raw,sub-02,9,sub-02_ses-9_epoch-29,2,1
Raw,sub-02,9,sub-02_ses-9_epoch-29,3,1
Raw,sub-02,9,sub-02_ses-9_epoch-29,4,1
Raw,sub-02,9,sub-02_ses-9_epoch-29,5,1
Raw,sub-02,9,sub-02_ses-9_epoch-29,6,1
Raw,sub-02,9,sub-02_ses-9_epoch-30,0,0
Raw,sub-02,9,sub-02_ses-9_epoch-30,1,0
Raw,sub-02,9,sub-02_ses-9_epoch-30,2,0
Raw,sub-02,9,sub-02_ses-9_epoch-30,3,0
Raw,sub-02,9,sub-02_ses-9_epoch-30,4,0
Raw,sub-02,9,sub-02_ses-9_epoch-30,5,0
Raw,sub-02,9,sub-02_ses-9_epoch-30,6,0
Raw,sub-02,9,sub-02_ses-9_epoch-30,7,0
Raw,sub-02,9,sub-02_ses-9_epoch-31,0,1
Raw,sub-02,9,sub-02_ses-9_epoch-31,1,1
Raw,sub-02,9,sub-02_ses-9_epoch-31,2,1
Raw,sub-02,9,sub-02_ses-9_epoch-31,3,1
Raw,sub-02,9,sub-02_ses-9_epoch-31,4,1
Raw,sub-02,9,sub-02_ses-9_epoch-31,5,1
Raw,sub-02,9,sub-02_ses-9_epoch-31,6,1
Raw,sub-02,9,sub-02_ses-9_epoch-32,0,0
Raw,sub-02,9,sub-02_ses-9_epoch-32,1,0
Raw,sub-02,9,sub-02_ses-9_epoch-32,2,0
Raw,sub-02,9,sub-02_ses-9_epoch-32,3,0
Raw,sub-02,9,sub-02_ses-9_epoch-32,4,0
Raw,sub-02,9,sub-02_ses-9_epoch-32,5,0
Raw,sub-02,9,sub-02_ses-9_epoch-32,6,0
Raw,sub-02,9,sub-02_ses-9_epoch-32,7,0
Raw,sub-02,9,sub-02_ses-9_epoch-33,0,0
Raw,sub-02,9,sub-02_ses-9_epoch-33,1,0
Raw,sub-02,9,sub-02_ses-9_epoch-33,2,0
Raw,sub-02,9,sub-02_ses-9_epoch-33,3,0
Raw,sub-02,9,sub-02_ses-9_epoch-33,4,0
Raw,sub-02,9,sub-02_ses-9_epoch-33,5,0
Raw,sub-02,9,sub-02_ses-9_epoch-33,6,0
Raw,sub-02,9,sub-02_ses-9_epoch-33,7,0
ICA-cleaned,sub-02,9,sub-02_ses-9_epoch-1,0,0
ICA-cleaned,sub-02,9,sub-02_ses-9_epoch-1,1,0
ICA-cleaned,sub-02,9,sub-02_ses-9_epoch-1,2,0
ICA-cleaned,sub-02,9,sub-02_ses-9_epoch-1,3,0
ICA-cleaned,sub-02,9,sub-02_ses-9_epoch-1,4,0
ICA-cleaned,sub-02,9,sub-02_ses-9_epoch-1,5,0
ICA-cleaned,sub-02,9,sub-02_ses-9_epoch-1,6,0
ICA-cleaned,sub-02,9,sub-02_ses-9_epoch-1,7,0
ICA-cleaned,sub-02,9,sub-02_ses-9_epoch-2,0,0
ICA-cleaned,sub-02,9,sub-02_ses-9_epoch-2,1,0
ICA-cleaned,sub-02,9,sub-02_ses-9_epoch-2,2,0
ICA-cleaned,sub-02,9,sub-02_ses-9_epoch-2,3,0
ICA-cleaned,sub-02,9,sub-02_ses-9_epoch-2,4,0
ICA-cleaned,sub-02,9,sub-02_ses-9_epoch-2,5,0
ICA-cleaned,sub-02,9,sub-02_ses-9_epoch-2,6,0
ICA-cleaned,sub-02,9,sub-02_ses-9_epoch-2,7,0
ICA-cleaned,sub-02,9,sub-02_ses-9_epoch-3,0,0
ICA-cleaned,sub-02,9,sub-02_ses-9_epoch-3,1,0
ICA-cleaned,sub-02,9,sub-02_ses-9_epoch-3,2,0
ICA-cleaned,sub-02,9,sub-02_ses-9_epoch-3,3,0
ICA-cleaned,sub-02,9,sub-02_ses-9_epoch-3,4,0
ICA-cleaned,sub-02,9,sub-02_ses-9_epoch-3,5,0
ICA-cleaned,sub-02,9,sub-02_ses-9_epoch-3,6,0
ICA-cleaned,sub-02,9,sub-02_ses-9_epoch-3,7,0
ICA-cleaned,sub-02,9,sub-02_ses-9_epoch-4,0,0
ICA-cleaned,sub-02,9,sub-02_ses-9_epoch-4,1,0
ICA-cleaned,sub-02,9,sub-02_ses-9_epoch-4,2,0
ICA-cleaned,sub-02,9,sub-02_ses-9_epoch-4,3,0
ICA-cleaned,sub-02,9,sub-02_ses-9_epoch-4,4,0
ICA-cleaned,sub-02,9,sub-02_ses-9_epoch-4,5,0
ICA-cleaned,sub-02,9,sub-02_ses-9_epoch-4,6,0
ICA-cleaned,sub-02,9,sub-02_ses-9_epoch-4,7,0
ICA-cleaned,sub-02,9,sub-02_ses-9_epoch-5,0,1
ICA-cleaned,sub-02,9,sub-02_ses-9_epoch-5,1,1
ICA-cleaned,sub-02,9,sub-02_ses-9_epoch-5,2,1
ICA-cleaned,sub-02,9,sub-02_ses-9_epoch-5,3,1
ICA-cleaned,sub-02,9,sub-02_ses-9_epoch-5,4,1
ICA-cleaned,sub-02,9,sub-02_ses-9_epoch-5,5,1
ICA-cleaned,sub-02,9,sub-02_ses-9_epoch-5,6,1
ICA-cleaned,sub-02,9,sub-02_ses-9_epoch-6,0,0
ICA-cleaned,sub-02,9,sub-02_ses-9_epoch-6,1,0
ICA-cleaned,sub-02,9,sub-02_ses-9_epoch-6,2,0
ICA-cleaned,sub-02,9,sub-02_ses-9_epoch-6,3,0
ICA-cleaned,sub-02,9,sub-02_ses-9_epoch-6,4,0
ICA-cleaned,sub-02,9,sub-02_ses-9_epoch-6,5,0
ICA-cleaned,sub-02,9,sub-02_ses-9_epoch-6,6,0
ICA-cleaned,sub-02,9,sub-02_ses-9_epoch-6,7,0
ICA-cleaned,sub-02,9,sub-02_ses-9_epoch-7,0,1
ICA-cleaned,sub-02,9,sub-02_ses-9_epoch-7,1,1
ICA-cleaned,sub-02,9,sub-02_ses-9_epoch-7,2,1
ICA-cleaned,sub-02,9,sub-02_ses-9_epoch-7,3,1
ICA-cleaned,sub-02,9,sub-02_ses-9_epoch-7,4,1
ICA-cleaned,sub-02,9,sub-02_ses-9_epoch-7,5,1
ICA-cleaned,sub-02,9,sub-02_ses-9_epoch-7,6,1
ICA-cleaned,sub-02,9,sub-02_ses-9_epoch-8,0,0
ICA-cleaned,sub-02,9,sub-02_ses-9_epoch-8,1,0
ICA-cleaned,sub-02,9,sub-02_ses-9_epoch-8,2,0
ICA-cleaned,sub-02,9,sub-02_ses-9_epoch-8,3,0
ICA-cleaned,sub-02,9,sub-02_ses-9_epoch-8,4,0
ICA-cleaned,sub-02,9,sub-02_ses-9_epoch-8,5,0
ICA-cleaned,sub-02,9,sub-02_ses-9_epoch-8,6,0
ICA-cleaned,sub-02,9,sub-02_ses-9_epoch-8,7,0
ICA-cleaned,sub-02,9,sub-02_ses-9_epoch-9,0,1
ICA-cleaned,sub-02,9,sub-02_ses-9_epoch-9,1,1
ICA-cleaned,sub-02,9,sub-02_ses-9_epoch-9,2,1
ICA-cleaned,sub-02,9,sub-02_ses-9_epoch-9,3,1
ICA-cleaned,sub-02,9,sub-02_ses-9_epoch-9,4,1
ICA-cleaned,sub-02,9,sub-02_ses-9_epoch-9,5,1
ICA-cleaned,sub-02,9,sub-02_ses-9_epoch-9,6,1
ICA-cleaned,sub-02,9,sub-02_ses-9_epoch-10,0,0
ICA-cleaned,sub-02,9,sub-02_ses-9_epoch-10,1,0
ICA-cleaned,sub-02,9,sub-02_ses-9_epoch-10,2,0
ICA-cleaned,sub-02,9,sub-02_ses-9_epoch-10,3,0
ICA-cleaned,sub-02,9,sub-02_ses-9_epoch-10,4,0
ICA-cleaned,sub-02,9,sub-02_ses-9_epoch-10,5,0
ICA-cleaned,sub-02,9,sub-02_ses-9_epoch-10,6,0
ICA-cleaned,sub-02,9,sub-02_ses-9_epoch-10,7,0
ICA-cleaned,sub-02,9,sub-02_ses-9_epoch-11,0,1
ICA-cleaned,sub-02,9,sub-02_ses-9_epoch-11,1,1
ICA-cleaned,sub-02,9,sub-02_ses-9_epoch-11,2,1
ICA-cleaned,sub-02,9,sub-02_ses-9_epoch-11,3,1
ICA-cleaned,sub-02,9,sub-02_ses-9_epoch-11,4,1
ICA-cleaned,sub-02,9,sub-02_ses-9_epoch-11,5,1
ICA-cleaned,sub-02,9,sub-02_ses-9_epoch-11,6,1
ICA-cleaned,sub-02,9,sub-02_ses-9_epoch-12,0,0
ICA-cleaned,sub-02,9,sub-02_ses-9_epoch-12,1,0
ICA-cleaned,sub-02,9,sub-02_ses-9_epoch-12,2,0
ICA-cleaned,sub-02,9,sub-02_ses-9_epoch-12,3,0
ICA-cleaned,sub-02,9,sub-02_ses-9_epoch-12,4,0
ICA-cleaned,sub-02,9,sub-02_ses-9_epoch-12,5,0
ICA-cleaned,sub-02,9,sub-02_ses-9_epoch-12,6,0
ICA-cleaned,sub-02,9,sub-02_ses-9_epoch-12,7,0
ICA-cleaned,sub-02,9,sub-02_ses-9_epoch-13,0,1
ICA-cleaned,sub-02,9,sub-02_ses-9_epoch-13,1,1
ICA-cleaned,sub-02,9,sub-02_ses-9_epoch-13,2,1
ICA-cleaned,sub-02,9,sub-02_ses-9_epoch-13,3,1
ICA-cleaned,sub-02,9,sub-02_ses-9_epoch-13,4,1
ICA-cleaned,sub-02,9,sub-02_ses-9_epoch-13,5,1
ICA-cleaned,sub-02,9,sub-02_ses-9_epoch-13,6,1
ICA-cleaned,sub-02,9,sub-02_ses-9_epoch-14,0,0
ICA-cleaned,sub-02,9,sub-02_ses-9_epoch-14,1,0
ICA-cleaned,sub-02,9,sub-02_ses-9_epoch-14,2,0
ICA-cleaned,sub-02,9,sub-02_ses-9_epoch-14,3,0
ICA-cleaned,sub-02,9,sub-02_ses-9_epoch-14,4,0
ICA-cleaned,sub-02,9,sub-02_ses-9_epoch-14,5,0
ICA-cleaned,sub-02,9,sub-02_ses-9_epoch-14,6,0
ICA-cleaned,sub-02,9,sub-02_ses-9_epoch-14,7,0
ICA-cleaned,sub-02,9,sub-02_ses-9_epoch-15,0,1
ICA-cleaned,sub-02,9,sub-02_ses-9_epoch-15,1,1
ICA-cleaned,sub-02,9,sub-02_ses-9_epoch-15,2,1
ICA-cleaned,sub-02,9,sub-02_ses-9_epoch-15,3,1
ICA-cleaned,sub-02,9,sub-02_ses-9_epoch-15,4,1
ICA-cleaned,sub-02,9,sub-02_ses-9_epoch-15,5,1
ICA-cleaned,sub-02,9,sub-02_ses-9_epoch-15,6,1
ICA-cleaned,sub-02,9,sub-02_ses-9_epoch-16,0,0
ICA-cleaned,sub-02,9,sub-02_ses-9_epoch-16,1,0
ICA-cleaned,sub-02,9,sub-02_ses-9_epoch-16,2,0
ICA-cleaned,sub-02,9,sub-02_ses-9_epoch-16,3,0
ICA-cleaned,sub-02,9,sub-02_ses-9_epoch-16,4,0
ICA-cleaned,sub-02,9,sub-02_ses-9_epoch-16,5,0
ICA-cleaned,sub-02,9,sub-02_ses-9_epoch-16,6,0
ICA-cleaned,sub-02,9,sub-02_ses-9_epoch-16,7,0
ICA-cleaned,sub-02,9,sub-02_ses-9_epoch-17,0,1
ICA-cleaned,sub-02,9,sub-02_ses-9_epoch-17,1,1
ICA-cleaned,sub-02,9,sub-02_ses-9_epoch-17,2,1
ICA-cleaned,sub-02,9,sub-02_ses-9_epoch-17,3,1
ICA-cleaned,sub-02,9,sub-02_ses-9_epoch-17,4,1
ICA-cleaned,sub-02,9,sub-02_ses-9_epoch-17,5,1
ICA-cleaned,sub-02,9,sub-02_ses-9_epoch-17,6,1
ICA-cleaned,sub-02,9,sub-02_ses-9_epoch-18,0,0
ICA-cleaned,sub-02,9,sub-02_ses-9_epoch-18,1,0
ICA-cleaned,sub-02,9,sub-02_ses-9_epoch-18,2,0
ICA-cleaned,sub-02,9,sub-02_ses-9_epoch-18,3,0
ICA-cleaned,sub-02,9,sub-02_ses-9_epoch-18,4,0
ICA-cleaned,sub-02,9,sub-02_ses-9_epoch-18,5,0
ICA-cleaned,sub-02,9,sub-02_ses-9_epoch-18,6,0
ICA-cleaned,sub-02,9,sub-02_ses-9_epoch-18,7,0
ICA-cleaned,sub-02,9,sub-02_ses-9_epoch-19,0,1
ICA-cleaned,sub-02,9,sub-02_ses-9_epoch-19,1,1
ICA-cleaned,sub-02,9,sub-02_ses-9_epoch-19,2,1
ICA-cleaned,sub-02,9,sub-02_ses-9_epoch-19,3,1
ICA-cleaned,sub-02,9,sub-02_ses-9_epoch-19,4,1
ICA-cleaned,sub-02,9,sub-02_ses-9_epoch-19,5,1
ICA-cleaned,sub-02,9,sub-02_ses-9_epoch-19,6,1
ICA-cleaned,sub-02,9,sub-02_ses-9_epoch-20,0,0
ICA-cleaned,sub-02,9,sub-02_ses-9_epoch-20,1,0
ICA-cleaned,sub-02,9,sub-02_ses-9_epoch-20,2,0
ICA-cleaned,sub-02,9,sub-02_ses-9_epoch-20,3,0
ICA-cleaned,sub-02,9,sub-02_ses-9_epoch-20,4,0
ICA-cleaned,sub-02,9,sub-02_ses-9_epoch-20,5,0
ICA-cleaned,sub-02,9,sub-02_ses-9_epoch-20,6,0
ICA-cleaned,sub-02,9,sub-02_ses-9_epoch-20,7,0
ICA-cleaned,sub-02,9,sub-02_ses-9_epoch-21,0,1
ICA-cleaned,sub-02,9,sub-02_ses-9_epoch-21,1,1
ICA-cleaned,sub-02,9,sub-02_ses-9_epoch-21,2,1
ICA-cleaned,sub-02,9,sub-02_ses-9_epoch-21,3,1
ICA-cleaned,sub-02,9,sub-02_ses-9_epoch-21,4,1
ICA-cleaned,sub-02,9,sub-02_ses-9_epoch-21,5,1
ICA-cleaned,sub-02,9,sub-02_ses-9_epoch-21,6,1
ICA-cleaned,sub-02,9,sub-02_ses-9_epoch-22,0,0
ICA-cleaned,sub-02,9,sub-02_ses-9_epoch-22,1,0
ICA-cleaned,sub-02,9,sub-02_ses-9_epoch-22,2,0
ICA-cleaned,sub-02,9,sub-02_ses-9_epoch-22,3,0
ICA-cleaned,sub-02,9,sub-02_ses-9_epoch-22,4,0
ICA-cleaned,sub-02,9,sub-02_ses-9_epoch-22,5,0
ICA-cleaned,sub-02,9,sub-02_ses-9_epoch-22,6,0
ICA-cleaned,sub-02,9,sub-02_ses-9_epoch-22,7,0
ICA-cleaned,sub-02,9,sub-02_ses-9_epoch-23,0,1
ICA-cleaned,sub-02,9,sub-02_ses-9_epoch-23,1,1
ICA-cleaned,sub-02,9,sub-02_ses-9_epoch-23,2,1
ICA-cleaned,sub-02,9,sub-02_ses-9_epoch-23,3,1
ICA-cleaned,sub-02,9,sub-02_ses-9_epoch-23,4,1
ICA-cleaned,sub-02,9,sub-02_ses-9_epoch-23,5,1
ICA-cleaned,sub-02,9,sub-02_ses-9_epoch-23,6,1
ICA-cleaned,sub-02,9,sub-02_ses-9_epoch-24,0,0
ICA-cleaned,sub-02,9,sub-02_ses-9_epoch-24,1,0
ICA-cleaned,sub-02,9,sub-02_ses-9_epoch-24,2,0
ICA-cleaned,sub-02,9,sub-02_ses-9_epoch-24,3,0
ICA-cleaned,sub-02,9,sub-02_ses-9_epoch-24,4,0
ICA-cleaned,sub-02,9,sub-02_ses-9_epoch-24,5,0
ICA-cleaned,sub-02,9,sub-02_ses-9_epoch-24,6,0
ICA-cleaned,sub-02,9,sub-02_ses-9_epoch-24,7,0
ICA-cleaned,sub-02,9,sub-02_ses-9_epoch-25,0,1
ICA-cleaned,sub-02,9,sub-02_ses-9_epoch-25,1,1
ICA-cleaned,sub-02,9,sub-02_ses-9_epoch-25,2,1
ICA-cleaned,sub-02,9,sub-02_ses-9_epoch-25,3,1
ICA-cleaned,sub-02,9,sub-02_ses-9_epoch-25,4,1
ICA-cleaned,sub-02,9,sub-02_ses-9_epoch-25,5,1
ICA-cleaned,sub-02,9,sub-02_ses-9_epoch-25,6,1
ICA-cleaned,sub-02,9,sub-02_ses-9_epoch-26,0,0
ICA-cleaned,sub-02,9,sub-02_ses-9_epoch-26,1,0
ICA-cleaned,sub-02,9,sub-02_ses-9_epoch-26,2,0
ICA-cleaned,sub-02,9,sub-02_ses-9_epoch-26,3,0
ICA-cleaned,sub-02,9,sub-02_ses-9_epoch-26,4,0
ICA-cleaned,sub-02,9,sub-02_ses-9_epoch-26,5,0
ICA-cleaned,sub-02,9,sub-02_ses-9_epoch-26,6,0
ICA-cleaned,sub-02,9,sub-02_ses-9_epoch-26,7,0
ICA-cleaned,sub-02,9,sub-02_ses-9_epoch-27,0,1
ICA-cleaned,sub-02,9,sub-02_ses-9_epoch-27,1,1
ICA-cleaned,sub-02,9,sub-02_ses-9_epoch-27,2,1
ICA-cleaned,sub-02,9,sub-02_ses-9_epoch-27,3,1
ICA-cleaned,sub-02,9,sub-02_ses-9_epoch-27,4,1
ICA-cleaned,sub-02,9,sub-02_ses-9_epoch-27,5,1
ICA-cleaned,sub-02,9,sub-02_ses-9_epoch-27,6,1
ICA-cleaned,sub-02,9,sub-02_ses-9_epoch-28,0,0
ICA-cleaned,sub-02,9,sub-02_ses-9_epoch-28,1,0
ICA-cleaned,sub-02,9,sub-02_ses-9_epoch-28,2,0
ICA-cleaned,sub-02,9,sub-02_ses-9_epoch-28,3,0
ICA-cleaned,sub-02,9,sub-02_ses-9_epoch-28,4,0
ICA-cleaned,sub-02,9,sub-02_ses-9_epoch-28,5,0
ICA-cleaned,sub-02,9,sub-02_ses-9_epoch-28,6,0
ICA-cleaned,sub-02,9,sub-02_ses-9_epoch-28,7,0
ICA-cleaned,sub-02,9,sub-02_ses-9_epoch-29,0,1
ICA-cleaned,sub-02,9,sub-02_ses-9_epoch-29,1,1
ICA-cleaned,sub-02,9,sub-02_ses-9_epoch-29,2,1
ICA-cleaned,sub-02,9,sub-02_ses-9_epoch-29,3,1
ICA-cleaned,sub-02,9,sub-02_ses-9_epoch-29,4,1
ICA-cleaned,sub-02,9,sub-02_ses-9_epoch-29,5,1
ICA-cleaned,sub-02,9,sub-02_ses-9_epoch-29,6,1
ICA-cleaned,sub-02,9,sub-02_ses-9_epoch-30,0,0
ICA-cleaned,sub-02,9,sub-02_ses-9_epoch-30,1,0
ICA-cleaned,sub-02,9,sub-02_ses-9_epoch-30,2,0
ICA-cleaned,sub-02,9,sub-02_ses-9_epoch-30,3,0
ICA-cleaned,sub-02,9,sub-02_ses-9_epoch-30,4,0
ICA-cleaned,sub-02,9,sub-02_ses-9_epoch-30,5,0
ICA-cleaned,sub-02,9,sub-02_ses-9_epoch-30,6,0
ICA-cleaned,sub-02,9,sub-02_ses-9_epoch-30,7,0
ICA-cleaned,sub-02,9,sub-02_ses-9_epoch-31,0,1
ICA-cleaned,sub-02,9,sub-02_ses-9_epoch-31,1,1
ICA-cleaned,sub-02,9,sub-02_ses-9_epoch-31,2,1
ICA-cleaned,sub-02,9,sub-02_ses-9_epoch-31,3,1
ICA-cleaned,sub-02,9,sub-02_ses-9_epoch-31,4,1
ICA-cleaned,sub-02,9,sub-02_ses-9_epoch-31,5,1
ICA-cleaned,sub-02,9,sub-02_ses-9_epoch-31,6,1
ICA-cleaned,sub-02,9,sub-02_ses-9_epoch-32,0,0
ICA-cleaned,sub-02,9,sub-02_ses-9_epoch-32,1,0
ICA-cleaned,sub-02,9,sub-02_ses-9_epoch-32,2,0
ICA-cleaned,sub-02,9,sub-02_ses-9_epoch-32,3,0
ICA-cleaned,sub-02,9,sub-02_ses-9_epoch-32,4,0
ICA-cleaned,sub-02,9,sub-02_ses-9_epoch-32,5,0
ICA-cleaned,sub-02,9,sub-02_ses-9_epoch-32,6,0
ICA-cleaned,sub-02,9,sub-02_ses-9_epoch-32,7,0
ICA-cleaned,sub-02,9,sub-02_ses-9_epoch-33,0,0
ICA-cleaned,sub-02,9,sub-02_ses-9_epoch-33,1,0
ICA-cleaned,sub-02,9,sub-02_ses-9_epoch-33,2,0
ICA-cleaned,sub-02,9,sub-02_ses-9_epoch-33,3,0
ICA-cleaned,sub-02,9,sub-02_ses-9_epoch-33,4,0
ICA-cleaned,sub-02,9,sub-02_ses-9_epoch-33,5,0
ICA-cleaned,sub-02,9,sub-02_ses-9_epoch-33,6,0
ICA-cleaned,sub-02,9,sub-02_ses-9_epoch-33,7,0
Raw,sub-02,10,sub-02_ses-10_epoch-1,0,0
Raw,sub-02,10,sub-02_ses-10_epoch-1,1,0
Raw,sub-02,10,sub-02_ses-10_epoch-1,2,0
Raw,sub-02,10,sub-02_ses-10_epoch-1,3,0
Raw,sub-02,10,sub-02_ses-10_epoch-1,4,0
Raw,sub-02,10,sub-02_ses-10_epoch-1,5,0
Raw,sub-02,10,sub-02_ses-10_epoch-1,6,0
Raw,sub-02,10,sub-02_ses-10_epoch-1,7,0
Raw,sub-02,10,sub-02_ses-10_epoch-2,0,0
Raw,sub-02,10,sub-02_ses-10_epoch-2,1,0
Raw,sub-02,10,sub-02_ses-10_epoch-2,2,0
Raw,sub-02,10,sub-02_ses-10_epoch-2,3,0
Raw,sub-02,10,sub-02_ses-10_epoch-2,4,0
Raw,sub-02,10,sub-02_ses-10_epoch-2,5,0
Raw,sub-02,10,sub-02_ses-10_epoch-2,6,0
Raw,sub-02,10,sub-02_ses-10_epoch-2,7,0
Raw,sub-02,10,sub-02_ses-10_epoch-3,0,0
Raw,sub-02,10,sub-02_ses-10_epoch-3,1,0
Raw,sub-02,10,sub-02_ses-10_epoch-3,2,0
Raw,sub-02,10,sub-02_ses-10_epoch-3,3,0
Raw,sub-02,10,sub-02_ses-10_epoch-3,4,0
Raw,sub-02,10,sub-02_ses-10_epoch-3,5,0
Raw,sub-02,10,sub-02_ses-10_epoch-3,6,0
Raw,sub-02,10,sub-02_ses-10_epoch-3,7,0
Raw,sub-02,10,sub-02_ses-10_epoch-4,0,0
Raw,sub-02,10,sub-02_ses-10_epoch-4,1,0
Raw,sub-02,10,sub-02_ses-10_epoch-4,2,0
Raw,sub-02,10,sub-02_ses-10_epoch-4,3,0
Raw,sub-02,10,sub-02_ses-10_epoch-4,4,0
Raw,sub-02,10,sub-02_ses-10_epoch-4,5,0
Raw,sub-02,10,sub-02_ses-10_epoch-4,6,0
Raw,sub-02,10,sub-02_ses-10_epoch-4,7,0
Raw,sub-02,10,sub-02_ses-10_epoch-5,0,1
Raw,sub-02,10,sub-02_ses-10_epoch-5,1,1
Raw,sub-02,10,sub-02_ses-10_epoch-5,2,1
Raw,sub-02,10,sub-02_ses-10_epoch-5,3,1
Raw,sub-02,10,sub-02_ses-10_epoch-5,4,1
Raw,sub-02,10,sub-02_ses-10_epoch-5,5,1
Raw,sub-02,10,sub-02_ses-10_epoch-5,6,1
Raw,sub-02,10,sub-02_ses-10_epoch-6,0,0
Raw,sub-02,10,sub-02_ses-10_epoch-6,1,0
Raw,sub-02,10,sub-02_ses-10_epoch-6,2,0
Raw,sub-02,10,sub-02_ses-10_epoch-6,3,0
Raw,sub-02,10,sub-02_ses-10_epoch-6,4,0
Raw,sub-02,10,sub-02_ses-10_epoch-6,5,0
Raw,sub-02,10,sub-02_ses-10_epoch-6,6,0
Raw,sub-02,10,sub-02_ses-10_epoch-6,7,0
Raw,sub-02,10,sub-02_ses-10_epoch-7,0,1
Raw,sub-02,10,sub-02_ses-10_epoch-7,1,1
Raw,sub-02,10,sub-02_ses-10_epoch-7,2,1
Raw,sub-02,10,sub-02_ses-10_epoch-7,3,1
Raw,sub-02,10,sub-02_ses-10_epoch-7,4,1
Raw,sub-02,10,sub-02_ses-10_epoch-7,5,1
Raw,sub-02,10,sub-02_ses-10_epoch-7,6,1
Raw,sub-02,10,sub-02_ses-10_epoch-8,0,0
Raw,sub-02,10,sub-02_ses-10_epoch-8,1,0
Raw,sub-02,10,sub-02_ses-10_epoch-8,2,0
Raw,sub-02,10,sub-02_ses-10_epoch-8,3,0
Raw,sub-02,10,sub-02_ses-10_epoch-8,4,0
Raw,sub-02,10,sub-02_ses-10_epoch-8,5,0
Raw,sub-02,10,sub-02_ses-10_epoch-8,6,0
Raw,sub-02,10,sub-02_ses-10_epoch-8,7,0
Raw,sub-02,10,sub-02_ses-10_epoch-9,0,1
Raw,sub-02,10,sub-02_ses-10_epoch-9,1,1
Raw,sub-02,10,sub-02_ses-10_epoch-9,2,1
Raw,sub-02,10,sub-02_ses-10_epoch-9,3,1
Raw,sub-02,10,sub-02_ses-10_epoch-9,4,1
Raw,sub-02,10,sub-02_ses-10_epoch-9,5,1
Raw,sub-02,10,sub-02_ses-10_epoch-9,6,1
Raw,sub-02,10,sub-02_ses-10_epoch-10,0,0
Raw,sub-02,10,sub-02_ses-10_epoch-10,1,0
Raw,sub-02,10,sub-02_ses-10_epoch-10,2,0
Raw,sub-02,10,sub-02_ses-10_epoch-10,3,0
Raw,sub-02,10,sub-02_ses-10_epoch-10,4,0
Raw,sub-02,10,sub-02_ses-10_epoch-10,5,0
Raw,sub-02,10,sub-02_ses-10_epoch-10,6,0
Raw,sub-02,10,sub-02_ses-10_epoch-10,7,0
Raw,sub-02,10,sub-02_ses-10_epoch-11,0,1
Raw,sub-02,10,sub-02_ses-10_epoch-11,1,1
Raw,sub-02,10,sub-02_ses-10_epoch-11,2,1
Raw,sub-02,10,sub-02_ses-10_epoch-11,3,1
Raw,sub-02,10,sub-02_ses-10_epoch-11,4,1
Raw,sub-02,10,sub-02_ses-10_epoch-11,5,1
Raw,sub-02,10,sub-02_ses-10_epoch-11,6,1
Raw,sub-02,10,sub-02_ses-10_epoch-12,0,0
Raw,sub-02,10,sub-02_ses-10_epoch-12,1,0
Raw,sub-02,10,sub-02_ses-10_epoch-12,2,0
Raw,sub-02,10,sub-02_ses-10_epoch-12,3,0
Raw,sub-02,10,sub-02_ses-10_epoch-12,4,0
Raw,sub-02,10,sub-02_ses-10_epoch-12,5,0
Raw,sub-02,10,sub-02_ses-10_epoch-12,6,0
Raw,sub-02,10,sub-02_ses-10_epoch-12,7,0
Raw,sub-02,10,sub-02_ses-10_epoch-13,0,1
Raw,sub-02,10,sub-02_ses-10_epoch-13,1,1
Raw,sub-02,10,sub-02_ses-10_epoch-13,2,1
Raw,sub-02,10,sub-02_ses-10_epoch-13,3,1
Raw,sub-02,10,sub-02_ses-10_epoch-13,4,1
Raw,sub-02,10,sub-02_ses-10_epoch-13,5,1
Raw,sub-02,10,sub-02_ses-10_epoch-13,6,1
Raw,sub-02,10,sub-02_ses-10_epoch-14,0,0
Raw,sub-02,10,sub-02_ses-10_epoch-14,1,0
Raw,sub-02,10,sub-02_ses-10_epoch-14,2,0
Raw,sub-02,10,sub-02_ses-10_epoch-14,3,0
Raw,sub-02,10,sub-02_ses-10_epoch-14,4,0
Raw,sub-02,10,sub-02_ses-10_epoch-14,5,0
Raw,sub-02,10,sub-02_ses-10_epoch-14,6,0
Raw,sub-02,10,sub-02_ses-10_epoch-14,7,0
Raw,sub-02,10,sub-02_ses-10_epoch-15,0,1
Raw,sub-02,10,sub-02_ses-10_epoch-15,1,1
Raw,sub-02,10,sub-02_ses-10_epoch-15,2,1
Raw,sub-02,10,sub-02_ses-10_epoch-15,3,1
Raw,sub-02,10,sub-02_ses-10_epoch-15,4,1
Raw,sub-02,10,sub-02_ses-10_epoch-15,5,1
Raw,sub-02,10,sub-02_ses-10_epoch-15,6,1
Raw,sub-02,10,sub-02_ses-10_epoch-16,0,1
Raw,sub-02,10,sub-02_ses-10_epoch-16,1,1
Raw,sub-02,10,sub-02_ses-10_epoch-16,2,1
Raw,sub-02,10,sub-02_ses-10_epoch-16,3,1
Raw,sub-02,10,sub-02_ses-10_epoch-16,4,1
Raw,sub-02,10,sub-02_ses-10_epoch-16,5,1
Raw,sub-02,10,sub-02_ses-10_epoch-16,6,1
Raw,sub-02,10,sub-02_ses-10_epoch-17,0,0
Raw,sub-02,10,sub-02_ses-10_epoch-17,1,0
Raw,sub-02,10,sub-02_ses-10_epoch-17,2,0
Raw,sub-02,10,sub-02_ses-10_epoch-17,3,0
Raw,sub-02,10,sub-02_ses-10_epoch-17,4,0
Raw,sub-02,10,sub-02_ses-10_epoch-17,5,0
Raw,sub-02,10,sub-02_ses-10_epoch-17,6,0
Raw,sub-02,10,sub-02_ses-10_epoch-17,7,0
Raw,sub-02,10,sub-02_ses-10_epoch-18,0,1
Raw,sub-02,10,sub-02_ses-10_epoch-18,1,1
Raw,sub-02,10,sub-02_ses-10_epoch-18,2,1
Raw,sub-02,10,sub-02_ses-10_epoch-18,3,1
Raw,sub-02,10,sub-02_ses-10_epoch-18,4,1
Raw,sub-02,10,sub-02_ses-10_epoch-18,5,1
Raw,sub-02,10,sub-02_ses-10_epoch-18,6,1
Raw,sub-02,10,sub-02_ses-10_epoch-19,0,0
Raw,sub-02,10,sub-02_ses-10_epoch-19,1,0
Raw,sub-02,10,sub-02_ses-10_epoch-19,2,0
Raw,sub-02,10,sub-02_ses-10_epoch-19,3,0
Raw,sub-02,10,sub-02_ses-10_epoch-19,4,0
Raw,sub-02,10,sub-02_ses-10_epoch-19,5,0
Raw,sub-02,10,sub-02_ses-10_epoch-19,6,0
Raw,sub-02,10,sub-02_ses-10_epoch-19,7,0
Raw,sub-02,10,sub-02_ses-10_epoch-20,0,1
Raw,sub-02,10,sub-02_ses-10_epoch-20,1,1
Raw,sub-02,10,sub-02_ses-10_epoch-20,2,1
Raw,sub-02,10,sub-02_ses-10_epoch-20,3,1
Raw,sub-02,10,sub-02_ses-10_epoch-20,4,1
Raw,sub-02,10,sub-02_ses-10_epoch-20,5,1
Raw,sub-02,10,sub-02_ses-10_epoch-20,6,1
Raw,sub-02,10,sub-02_ses-10_epoch-21,0,0
Raw,sub-02,10,sub-02_ses-10_epoch-21,1,0
Raw,sub-02,10,sub-02_ses-10_epoch-21,2,0
Raw,sub-02,10,sub-02_ses-10_epoch-21,3,0
Raw,sub-02,10,sub-02_ses-10_epoch-21,4,0
Raw,sub-02,10,sub-02_ses-10_epoch-21,5,0
Raw,sub-02,10,sub-02_ses-10_epoch-21,6,0
Raw,sub-02,10,sub-02_ses-10_epoch-21,7,0
Raw,sub-02,10,sub-02_ses-10_epoch-22,0,1
Raw,sub-02,10,sub-02_ses-10_epoch-22,1,1
Raw,sub-02,10,sub-02_ses-10_epoch-22,2,1
Raw,sub-02,10,sub-02_ses-10_epoch-22,3,1
Raw,sub-02,10,sub-02_ses-10_epoch-22,4,1
Raw,sub-02,10,sub-02_ses-10_epoch-22,5,1
Raw,sub-02,10,sub-02_ses-10_epoch-22,6,1
Raw,sub-02,10,sub-02_ses-10_epoch-23,0,0
Raw,sub-02,10,sub-02_ses-10_epoch-23,1,0
Raw,sub-02,10,sub-02_ses-10_epoch-23,2,0
Raw,sub-02,10,sub-02_ses-10_epoch-23,3,0
Raw,sub-02,10,sub-02_ses-10_epoch-23,4,0
Raw,sub-02,10,sub-02_ses-10_epoch-23,5,0
Raw,sub-02,10,sub-02_ses-10_epoch-23,6,0
Raw,sub-02,10,sub-02_ses-10_epoch-23,7,0
Raw,sub-02,10,sub-02_ses-10_epoch-24,0,1
Raw,sub-02,10,sub-02_ses-10_epoch-24,1,1
Raw,sub-02,10,sub-02_ses-10_epoch-24,2,1
Raw,sub-02,10,sub-02_ses-10_epoch-24,3,1
Raw,sub-02,10,sub-02_ses-10_epoch-24,4,1
Raw,sub-02,10,sub-02_ses-10_epoch-24,5,1
Raw,sub-02,10,sub-02_ses-10_epoch-24,6,1
Raw,sub-02,10,sub-02_ses-10_epoch-25,0,0
Raw,sub-02,10,sub-02_ses-10_epoch-25,1,0
Raw,sub-02,10,sub-02_ses-10_epoch-25,2,0
Raw,sub-02,10,sub-02_ses-10_epoch-25,3,0
Raw,sub-02,10,sub-02_ses-10_epoch-25,4,0
Raw,sub-02,10,sub-02_ses-10_epoch-25,5,0
Raw,sub-02,10,sub-02_ses-10_epoch-25,6,0
Raw,sub-02,10,sub-02_ses-10_epoch-25,7,0
Raw,sub-02,10,sub-02_ses-10_epoch-26,0,1
Raw,sub-02,10,sub-02_ses-10_epoch-26,1,1
Raw,sub-02,10,sub-02_ses-10_epoch-26,2,1
Raw,sub-02,10,sub-02_ses-10_epoch-26,3,1
Raw,sub-02,10,sub-02_ses-10_epoch-26,4,1
Raw,sub-02,10,sub-02_ses-10_epoch-26,5,1
Raw,sub-02,10,sub-02_ses-10_epoch-26,6,1
Raw,sub-02,10,sub-02_ses-10_epoch-27,0,0
Raw,sub-02,10,sub-02_ses-10_epoch-27,1,0
Raw,sub-02,10,sub-02_ses-10_epoch-27,2,0
Raw,sub-02,10,sub-02_ses-10_epoch-27,3,0
Raw,sub-02,10,sub-02_ses-10_epoch-27,4,0
Raw,sub-02,10,sub-02_ses-10_epoch-27,5,0
Raw,sub-02,10,sub-02_ses-10_epoch-27,6,0
Raw,sub-02,10,sub-02_ses-10_epoch-27,7,0
Raw,sub-02,10,sub-02_ses-10_epoch-28,0,1
Raw,sub-02,10,sub-02_ses-10_epoch-28,1,1
Raw,sub-02,10,sub-02_ses-10_epoch-28,2,1
Raw,sub-02,10,sub-02_ses-10_epoch-28,3,1
Raw,sub-02,10,sub-02_ses-10_epoch-28,4,1
Raw,sub-02,10,sub-02_ses-10_epoch-28,5,1
Raw,sub-02,10,sub-02_ses-10_epoch-28,6,1
Raw,sub-02,10,sub-02_ses-10_epoch-29,0,0
Raw,sub-02,10,sub-02_ses-10_epoch-29,1,0
Raw,sub-02,10,sub-02_ses-10_epoch-29,2,0
Raw,sub-02,10,sub-02_ses-10_epoch-29,3,0
Raw,sub-02,10,sub-02_ses-10_epoch-29,4,0
Raw,sub-02,10,sub-02_ses-10_epoch-29,5,0
Raw,sub-02,10,sub-02_ses-10_epoch-29,6,0
Raw,sub-02,10,sub-02_ses-10_epoch-29,7,0
Raw,sub-02,10,sub-02_ses-10_epoch-30,0,1
Raw,sub-02,10,sub-02_ses-10_epoch-30,1,1
Raw,sub-02,10,sub-02_ses-10_epoch-30,2,1
Raw,sub-02,10,sub-02_ses-10_epoch-30,3,1
Raw,sub-02,10,sub-02_ses-10_epoch-30,4,1
Raw,sub-02,10,sub-02_ses-10_epoch-30,5,1
Raw,sub-02,10,sub-02_ses-10_epoch-30,6,1
Raw,sub-02,10,sub-02_ses-10_epoch-31,0,0
Raw,sub-02,10,sub-02_ses-10_epoch-31,1,0
Raw,sub-02,10,sub-02_ses-10_epoch-31,2,0
Raw,sub-02,10,sub-02_ses-10_epoch-31,3,0
Raw,sub-02,10,sub-02_ses-10_epoch-31,4,0
Raw,sub-02,10,sub-02_ses-10_epoch-31,5,0
Raw,sub-02,10,sub-02_ses-10_epoch-31,6,0
Raw,sub-02,10,sub-02_ses-10_epoch-31,7,0
Raw,sub-02,10,sub-02_ses-10_epoch-32,0,1
Raw,sub-02,10,sub-02_ses-10_epoch-32,1,1
Raw,sub-02,10,sub-02_ses-10_epoch-32,2,1
Raw,sub-02,10,sub-02_ses-10_epoch-32,3,1
Raw,sub-02,10,sub-02_ses-10_epoch-32,4,1
Raw,sub-02,10,sub-02_ses-10_epoch-32,5,1
Raw,sub-02,10,sub-02_ses-10_epoch-32,6,1
Raw,sub-02,10,sub-02_ses-10_epoch-33,0,0
Raw,sub-02,10,sub-02_ses-10_epoch-33,1,0
Raw,sub-02,10,sub-02_ses-10_epoch-33,2,0
Raw,sub-02,10,sub-02_ses-10_epoch-33,3,0
Raw,sub-02,10,sub-02_ses-10_epoch-33,4,0
Raw,sub-02,10,sub-02_ses-10_epoch-33,5,0
Raw,sub-02,10,sub-02_ses-10_epoch-33,6,0
Raw,sub-02,10,sub-02_ses-10_epoch-33,7,0
Raw,sub-02,10,sub-02_ses-10_epoch-34,0,0
Raw,sub-02,10,sub-02_ses-10_epoch-34,1,0
Raw,sub-02,10,sub-02_ses-10_epoch-34,2,0
Raw,sub-02,10,sub-02_ses-10_epoch-34,3,0
Raw,sub-02,10,sub-02_ses-10_epoch-34,4,0
Raw,sub-02,10,sub-02_ses-10_epoch-34,5,0
Raw,sub-02,10,sub-02_ses-10_epoch-34,6,0
Raw,sub-02,10,sub-02_ses-10_epoch-34,7,0
ICA-cleaned,sub-02,10,sub-02_ses-10_epoch-1,0,0
ICA-cleaned,sub-02,10,sub-02_ses-10_epoch-1,1,0
ICA-cleaned,sub-02,10,sub-02_ses-10_epoch-1,2,0
ICA-cleaned,sub-02,10,sub-02_ses-10_epoch-1,3,0
ICA-cleaned,sub-02,10,sub-02_ses-10_epoch-1,4,0
ICA-cleaned,sub-02,10,sub-02_ses-10_epoch-1,5,0
ICA-cleaned,sub-02,10,sub-02_ses-10_epoch-1,6,0
ICA-cleaned,sub-02,10,sub-02_ses-10_epoch-1,7,0
ICA-cleaned,sub-02,10,sub-02_ses-10_epoch-2,0,0
ICA-cleaned,sub-02,10,sub-02_ses-10_epoch-2,1,0
ICA-cleaned,sub-02,10,sub-02_ses-10_epoch-2,2,0
ICA-cleaned,sub-02,10,sub-02_ses-10_epoch-2,3,0
ICA-cleaned,sub-02,10,sub-02_ses-10_epoch-2,4,0
ICA-cleaned,sub-02,10,sub-02_ses-10_epoch-2,5,0
ICA-cleaned,sub-02,10,sub-02_ses-10_epoch-2,6,0
ICA-cleaned,sub-02,10,sub-02_ses-10_epoch-2,7,0
ICA-cleaned,sub-02,10,sub-02_ses-10_epoch-3,0,0
ICA-cleaned,sub-02,10,sub-02_ses-10_epoch-3,1,0
ICA-cleaned,sub-02,10,sub-02_ses-10_epoch-3,2,0
ICA-cleaned,sub-02,10,sub-02_ses-10_epoch-3,3,0
ICA-cleaned,sub-02,10,sub-02_ses-10_epoch-3,4,0
ICA-cleaned,sub-02,10,sub-02_ses-10_epoch-3,5,0
ICA-cleaned,sub-02,10,sub-02_ses-10_epoch-3,6,0
ICA-cleaned,sub-02,10,sub-02_ses-10_epoch-3,7,0
ICA-cleaned,sub-02,10,sub-02_ses-10_epoch-4,0,0
ICA-cleaned,sub-02,10,sub-02_ses-10_epoch-4,1,0
ICA-cleaned,sub-02,10,sub-02_ses-10_epoch-4,2,0
ICA-cleaned,sub-02,10,sub-02_ses-10_epoch-4,3,0
ICA-cleaned,sub-02,10,sub-02_ses-10_epoch-4,4,0
ICA-cleaned,sub-02,10,sub-02_ses-10_epoch-4,5,0
ICA-cleaned,sub-02,10,sub-02_ses-10_epoch-4,6,0
ICA-cleaned,sub-02,10,sub-02_ses-10_epoch-4,7,0
ICA-cleaned,sub-02,10,sub-02_ses-10_epoch-5,0,1
ICA-cleaned,sub-02,10,sub-02_ses-10_epoch-5,1,1
ICA-cleaned,sub-02,10,sub-02_ses-10_epoch-5,2,1
ICA-cleaned,sub-02,10,sub-02_ses-10_epoch-5,3,1
ICA-cleaned,sub-02,10,sub-02_ses-10_epoch-5,4,1
ICA-cleaned,sub-02,10,sub-02_ses-10_epoch-5,5,1
ICA-cleaned,sub-02,10,sub-02_ses-10_epoch-5,6,1
ICA-cleaned,sub-02,10,sub-02_ses-10_epoch-6,0,0
ICA-cleaned,sub-02,10,sub-02_ses-10_epoch-6,1,0
ICA-cleaned,sub-02,10,sub-02_ses-10_epoch-6,2,0
ICA-cleaned,sub-02,10,sub-02_ses-10_epoch-6,3,0
ICA-cleaned,sub-02,10,sub-02_ses-10_epoch-6,4,0
ICA-cleaned,sub-02,10,sub-02_ses-10_epoch-6,5,0
ICA-cleaned,sub-02,10,sub-02_ses-10_epoch-6,6,0
ICA-cleaned,sub-02,10,sub-02_ses-10_epoch-6,7,0
ICA-cleaned,sub-02,10,sub-02_ses-10_epoch-7,0,1
ICA-cleaned,sub-02,10,sub-02_ses-10_epoch-7,1,1
ICA-cleaned,sub-02,10,sub-02_ses-10_epoch-7,2,1
ICA-cleaned,sub-02,10,sub-02_ses-10_epoch-7,3,1
ICA-cleaned,sub-02,10,sub-02_ses-10_epoch-7,4,1
ICA-cleaned,sub-02,10,sub-02_ses-10_epoch-7,5,1
ICA-cleaned,sub-02,10,sub-02_ses-10_epoch-7,6,1
ICA-cleaned,sub-02,10,sub-02_ses-10_epoch-8,0,0
ICA-cleaned,sub-02,10,sub-02_ses-10_epoch-8,1,0
ICA-cleaned,sub-02,10,sub-02_ses-10_epoch-8,2,0
ICA-cleaned,sub-02,10,sub-02_ses-10_epoch-8,3,0
ICA-cleaned,sub-02,10,sub-02_ses-10_epoch-8,4,0
ICA-cleaned,sub-02,10,sub-02_ses-10_epoch-8,5,0
ICA-cleaned,sub-02,10,sub-02_ses-10_epoch-8,6,0
ICA-cleaned,sub-02,10,sub-02_ses-10_epoch-8,7,0
ICA-cleaned,sub-02,10,sub-02_ses-10_epoch-9,0,1
ICA-cleaned,sub-02,10,sub-02_ses-10_epoch-9,1,1
ICA-cleaned,sub-02,10,sub-02_ses-10_epoch-9,2,1
ICA-cleaned,sub-02,10,sub-02_ses-10_epoch-9,3,1
ICA-cleaned,sub-02,10,sub-02_ses-10_epoch-9,4,1
ICA-cleaned,sub-02,10,sub-02_ses-10_epoch-9,5,1
ICA-cleaned,sub-02,10,sub-02_ses-10_epoch-9,6,1
ICA-cleaned,sub-02,10,sub-02_ses-10_epoch-10,0,0
ICA-cleaned,sub-02,10,sub-02_ses-10_epoch-10,1,0
ICA-cleaned,sub-02,10,sub-02_ses-10_epoch-10,2,0
ICA-cleaned,sub-02,10,sub-02_ses-10_epoch-10,3,0
ICA-cleaned,sub-02,10,sub-02_ses-10_epoch-10,4,0
ICA-cleaned,sub-02,10,sub-02_ses-10_epoch-10,5,0
ICA-cleaned,sub-02,10,sub-02_ses-10_epoch-10,6,0
ICA-cleaned,sub-02,10,sub-02_ses-10_epoch-10,7,0
ICA-cleaned,sub-02,10,sub-02_ses-10_epoch-11,0,1
ICA-cleaned,sub-02,10,sub-02_ses-10_epoch-11,1,1
ICA-cleaned,sub-02,10,sub-02_ses-10_epoch-11,2,1
ICA-cleaned,sub-02,10,sub-02_ses-10_epoch-11,3,1
ICA-cleaned,sub-02,10,sub-02_ses-10_epoch-11,4,1
ICA-cleaned,sub-02,10,sub-02_ses-10_epoch-11,5,1
ICA-cleaned,sub-02,10,sub-02_ses-10_epoch-11,6,1
ICA-cleaned,sub-02,10,sub-02_ses-10_epoch-12,0,0
ICA-cleaned,sub-02,10,sub-02_ses-10_epoch-12,1,0
ICA-cleaned,sub-02,10,sub-02_ses-10_epoch-12,2,0
ICA-cleaned,sub-02,10,sub-02_ses-10_epoch-12,3,0
ICA-cleaned,sub-02,10,sub-02_ses-10_epoch-12,4,0
ICA-cleaned,sub-02,10,sub-02_ses-10_epoch-12,5,0
ICA-cleaned,sub-02,10,sub-02_ses-10_epoch-12,6,0
ICA-cleaned,sub-02,10,sub-02_ses-10_epoch-12,7,0
ICA-cleaned,sub-02,10,sub-02_ses-10_epoch-13,0,1
ICA-cleaned,sub-02,10,sub-02_ses-10_epoch-13,1,1
ICA-cleaned,sub-02,10,sub-02_ses-10_epoch-13,2,1
ICA-cleaned,sub-02,10,sub-02_ses-10_epoch-13,3,1
ICA-cleaned,sub-02,10,sub-02_ses-10_epoch-13,4,1
ICA-cleaned,sub-02,10,sub-02_ses-10_epoch-13,5,1
ICA-cleaned,sub-02,10,sub-02_ses-10_epoch-13,6,1
ICA-cleaned,sub-02,10,sub-02_ses-10_epoch-14,0,0
ICA-cleaned,sub-02,10,sub-02_ses-10_epoch-14,1,0
ICA-cleaned,sub-02,10,sub-02_ses-10_epoch-14,2,0
ICA-cleaned,sub-02,10,sub-02_ses-10_epoch-14,3,0
ICA-cleaned,sub-02,10,sub-02_ses-10_epoch-14,4,0
ICA-cleaned,sub-02,10,sub-02_ses-10_epoch-14,5,0
ICA-cleaned,sub-02,10,sub-02_ses-10_epoch-14,6,0
ICA-cleaned,sub-02,10,sub-02_ses-10_epoch-14,7,0
ICA-cleaned,sub-02,10,sub-02_ses-10_epoch-15,0,1
ICA-cleaned,sub-02,10,sub-02_ses-10_epoch-15,1,1
ICA-cleaned,sub-02,10,sub-02_ses-10_epoch-15,2,1
ICA-cleaned,sub-02,10,sub-02_ses-10_epoch-15,3,1
ICA-cleaned,sub-02,10,sub-02_ses-10_epoch-15,4,1
ICA-cleaned,sub-02,10,sub-02_ses-10_epoch-15,5,1
ICA-cleaned,sub-02,10,sub-02_ses-10_epoch-15,6,1
ICA-cleaned,sub-02,10,sub-02_ses-10_epoch-16,0,1
ICA-cleaned,sub-02,10,sub-02_ses-10_epoch-16,1,1
ICA-cleaned,sub-02,10,sub-02_ses-10_epoch-16,2,1
ICA-cleaned,sub-02,10,sub-02_ses-10_epoch-16,3,1
ICA-cleaned,sub-02,10,sub-02_ses-10_epoch-16,4,1
ICA-cleaned,sub-02,10,sub-02_ses-10_epoch-16,5,1
ICA-cleaned,sub-02,10,sub-02_ses-10_epoch-16,6,1
ICA-cleaned,sub-02,10,sub-02_ses-10_epoch-17,0,0
ICA-cleaned,sub-02,10,sub-02_ses-10_epoch-17,1,0
ICA-cleaned,sub-02,10,sub-02_ses-10_epoch-17,2,0
ICA-cleaned,sub-02,10,sub-02_ses-10_epoch-17,3,0
ICA-cleaned,sub-02,10,sub-02_ses-10_epoch-17,4,0
ICA-cleaned,sub-02,10,sub-02_ses-10_epoch-17,5,0
ICA-cleaned,sub-02,10,sub-02_ses-10_epoch-17,6,0
ICA-cleaned,sub-02,10,sub-02_ses-10_epoch-17,7,0
ICA-cleaned,sub-02,10,sub-02_ses-10_epoch-18,0,1
ICA-cleaned,sub-02,10,sub-02_ses-10_epoch-18,1,1
ICA-cleaned,sub-02,10,sub-02_ses-10_epoch-18,2,1
ICA-cleaned,sub-02,10,sub-02_ses-10_epoch-18,3,1
ICA-cleaned,sub-02,10,sub-02_ses-10_epoch-18,4,1
ICA-cleaned,sub-02,10,sub-02_ses-10_epoch-18,5,1
ICA-cleaned,sub-02,10,sub-02_ses-10_epoch-18,6,1
ICA-cleaned,sub-02,10,sub-02_ses-10_epoch-19,0,0
ICA-cleaned,sub-02,10,sub-02_ses-10_epoch-19,1,0
ICA-cleaned,sub-02,10,sub-02_ses-10_epoch-19,2,0
ICA-cleaned,sub-02,10,sub-02_ses-10_epoch-19,3,0
ICA-cleaned,sub-02,10,sub-02_ses-10_epoch-19,4,0
ICA-cleaned,sub-02,10,sub-02_ses-10_epoch-19,5,0
ICA-cleaned,sub-02,10,sub-02_ses-10_epoch-19,6,0
ICA-cleaned,sub-02,10,sub-02_ses-10_epoch-19,7,0
ICA-cleaned,sub-02,10,sub-02_ses-10_epoch-20,0,1
ICA-cleaned,sub-02,10,sub-02_ses-10_epoch-20,1,1
ICA-cleaned,sub-02,10,sub-02_ses-10_epoch-20,2,1
ICA-cleaned,sub-02,10,sub-02_ses-10_epoch-20,3,1
ICA-cleaned,sub-02,10,sub-02_ses-10_epoch-20,4,1
ICA-cleaned,sub-02,10,sub-02_ses-10_epoch-20,5,1
ICA-cleaned,sub-02,10,sub-02_ses-10_epoch-20,6,1
ICA-cleaned,sub-02,10,sub-02_ses-10_epoch-21,0,0
ICA-cleaned,sub-02,10,sub-02_ses-10_epoch-21,1,0
ICA-cleaned,sub-02,10,sub-02_ses-10_epoch-21,2,0
ICA-cleaned,sub-02,10,sub-02_ses-10_epoch-21,3,0
ICA-cleaned,sub-02,10,sub-02_ses-10_epoch-21,4,0
ICA-cleaned,sub-02,10,sub-02_ses-10_epoch-21,5,0
ICA-cleaned,sub-02,10,sub-02_ses-10_epoch-21,6,0
ICA-cleaned,sub-02,10,sub-02_ses-10_epoch-21,7,0
ICA-cleaned,sub-02,10,sub-02_ses-10_epoch-22,0,1
ICA-cleaned,sub-02,10,sub-02_ses-10_epoch-22,1,1
ICA-cleaned,sub-02,10,sub-02_ses-10_epoch-22,2,1
ICA-cleaned,sub-02,10,sub-02_ses-10_epoch-22,3,1
ICA-cleaned,sub-02,10,sub-02_ses-10_epoch-22,4,1
ICA-cleaned,sub-02,10,sub-02_ses-10_epoch-22,5,1
ICA-cleaned,sub-02,10,sub-02_ses-10_epoch-22,6,1
ICA-cleaned,sub-02,10,sub-02_ses-10_epoch-23,0,0
ICA-cleaned,sub-02,10,sub-02_ses-10_epoch-23,1,0
ICA-cleaned,sub-02,10,sub-02_ses-10_epoch-23,2,0
ICA-cleaned,sub-02,10,sub-02_ses-10_epoch-23,3,0
ICA-cleaned,sub-02,10,sub-02_ses-10_epoch-23,4,0
ICA-cleaned,sub-02,10,sub-02_ses-10_epoch-23,5,0
ICA-cleaned,sub-02,10,sub-02_ses-10_epoch-23,6,0
ICA-cleaned,sub-02,10,sub-02_ses-10_epoch-23,7,0
ICA-cleaned,sub-02,10,sub-02_ses-10_epoch-24,0,1
ICA-cleaned,sub-02,10,sub-02_ses-10_epoch-24,1,1
ICA-cleaned,sub-02,10,sub-02_ses-10_epoch-24,2,1
ICA-cleaned,sub-02,10,sub-02_ses-10_epoch-24,3,1
ICA-cleaned,sub-02,10,sub-02_ses-10_epoch-24,4,1
ICA-cleaned,sub-02,10,sub-02_ses-10_epoch-24,5,1
ICA-cleaned,sub-02,10,sub-02_ses-10_epoch-24,6,1
ICA-cleaned,sub-02,10,sub-02_ses-10_epoch-25,0,0
ICA-cleaned,sub-02,10,sub-02_ses-10_epoch-25,1,0
ICA-cleaned,sub-02,10,sub-02_ses-10_epoch-25,2,0
ICA-cleaned,sub-02,10,sub-02_ses-10_epoch-25,3,0
ICA-cleaned,sub-02,10,sub-02_ses-10_epoch-25,4,0
ICA-cleaned,sub-02,10,sub-02_ses-10_epoch-25,5,0
ICA-cleaned,sub-02,10,sub-02_ses-10_epoch-25,6,0
ICA-cleaned,sub-02,10,sub-02_ses-10_epoch-25,7,0
ICA-cleaned,sub-02,10,sub-02_ses-10_epoch-26,0,1
ICA-cleaned,sub-02,10,sub-02_ses-10_epoch-26,1,1
ICA-cleaned,sub-02,10,sub-02_ses-10_epoch-26,2,1
ICA-cleaned,sub-02,10,sub-02_ses-10_epoch-26,3,1
ICA-cleaned,sub-02,10,sub-02_ses-10_epoch-26,4,1
ICA-cleaned,sub-02,10,sub-02_ses-10_epoch-26,5,1
ICA-cleaned,sub-02,10,sub-02_ses-10_epoch-26,6,1
ICA-cleaned,sub-02,10,sub-02_ses-10_epoch-27,0,0
ICA-cleaned,sub-02,10,sub-02_ses-10_epoch-27,1,0
ICA-cleaned,sub-02,10,sub-02_ses-10_epoch-27,2,0
ICA-cleaned,sub-02,10,sub-02_ses-10_epoch-27,3,0
ICA-cleaned,sub-02,10,sub-02_ses-10_epoch-27,4,0
ICA-cleaned,sub-02,10,sub-02_ses-10_epoch-27,5,0
ICA-cleaned,sub-02,10,sub-02_ses-10_epoch-27,6,0
ICA-cleaned,sub-02,10,sub-02_ses-10_epoch-27,7,0
ICA-cleaned,sub-02,10,sub-02_ses-10_epoch-28,0,1
ICA-cleaned,sub-02,10,sub-02_ses-10_epoch-28,1,1
ICA-cleaned,sub-02,10,sub-02_ses-10_epoch-28,2,1
ICA-cleaned,sub-02,10,sub-02_ses-10_epoch-28,3,1
ICA-cleaned,sub-02,10,sub-02_ses-10_epoch-28,4,1
ICA-cleaned,sub-02,10,sub-02_ses-10_epoch-28,5,1
ICA-cleaned,sub-02,10,sub-02_ses-10_epoch-28,6,1
ICA-cleaned,sub-02,10,sub-02_ses-10_epoch-29,0,0
ICA-cleaned,sub-02,10,sub-02_ses-10_epoch-29,1,0
ICA-cleaned,sub-02,10,sub-02_ses-10_epoch-29,2,0
ICA-cleaned,sub-02,10,sub-02_ses-10_epoch-29,3,0
ICA-cleaned,sub-02,10,sub-02_ses-10_epoch-29,4,0
ICA-cleaned,sub-02,10,sub-02_ses-10_epoch-29,5,0
ICA-cleaned,sub-02,10,sub-02_ses-10_epoch-29,6,0
ICA-cleaned,sub-02,10,sub-02_ses-10_epoch-29,7,0
ICA-cleaned,sub-02,10,sub-02_ses-10_epoch-30,0,1
ICA-cleaned,sub-02,10,sub-02_ses-10_epoch-30,1,1
ICA-cleaned,sub-02,10,sub-02_ses-10_epoch-30,2,1
ICA-cleaned,sub-02,10,sub-02_ses-10_epoch-30,3,1
ICA-cleaned,sub-02,10,sub-02_ses-10_epoch-30,4,1
ICA-cleaned,sub-02,10,sub-02_ses-10_epoch-30,5,1
ICA-cleaned,sub-02,10,sub-02_ses-10_epoch-30,6,1
ICA-cleaned,sub-02,10,sub-02_ses-10_epoch-31,0,0
ICA-cleaned,sub-02,10,sub-02_ses-10_epoch-31,1,0
ICA-cleaned,sub-02,10,sub-02_ses-10_epoch-31,2,0
ICA-cleaned,sub-02,10,sub-02_ses-10_epoch-31,3,0
ICA-cleaned,sub-02,10,sub-02_ses-10_epoch-31,4,0
ICA-cleaned,sub-02,10,sub-02_ses-10_epoch-31,5,0
ICA-cleaned,sub-02,10,sub-02_ses-10_epoch-31,6,0
ICA-cleaned,sub-02,10,sub-02_ses-10_epoch-31,7,0
ICA-cleaned,sub-02,10,sub-02_ses-10_epoch-32,0,1
ICA-cleaned,sub-02,10,sub-02_ses-10_epoch-32,1,1
ICA-cleaned,sub-02,10,sub-02_ses-10_epoch-32,2,1
ICA-cleaned,sub-02,10,sub-02_ses-10_epoch-32,3,1
ICA-cleaned,sub-02,10,sub-02_ses-10_epoch-32,4,1
ICA-cleaned,sub-02,10,sub-02_ses-10_epoch-32,5,1
ICA-cleaned,sub-02,10,sub-02_ses-10_epoch-32,6,1
ICA-cleaned,sub-02,10,sub-02_ses-10_epoch-33,0,0
ICA-cleaned,sub-02,10,sub-02_ses-10_epoch-33,1,0
ICA-cleaned,sub-02,10,sub-02_ses-10_epoch-33,2,0
ICA-cleaned,sub-02,10,sub-02_ses-10_epoch-33,3,0
ICA-cleaned,sub-02,10,sub-02_ses-10_epoch-33,4,0
ICA-cleaned,sub-02,10,sub-02_ses-10_epoch-33,5,0
ICA-cleaned,sub-02,10,sub-02_ses-10_epoch-33,6,0
ICA-cleaned,sub-02,10,sub-02_ses-10_epoch-33,7,0
ICA-cleaned,sub-02,10,sub-02_ses-10_epoch-34,0,0
ICA-cleaned,sub-02,10,sub-02_ses-10_epoch-34,1,0
ICA-cleaned,sub-02,10,sub-02_ses-10_epoch-34,2,0
ICA-cleaned,sub-02,10,sub-02_ses-10_epoch-34,3,0
ICA-cleaned,sub-02,10,sub-02_ses-10_epoch-34,4,0
ICA-cleaned,sub-02,10,sub-02_ses-10_epoch-34,5,0
ICA-cleaned,sub-02,10,sub-02_ses-10_epoch-34,6,0
ICA-cleaned,sub-02,10,sub-02_ses-10_epoch-34,7,0
Raw,sub-02,11,sub-02_ses-11_epoch-1,0,0
Raw,sub-02,11,sub-02_ses-11_epoch-1,1,0
Raw,sub-02,11,sub-02_ses-11_epoch-1,2,0
Raw,sub-02,11,sub-02_ses-11_epoch-1,3,0
Raw,sub-02,11,sub-02_ses-11_epoch-1,4,0
Raw,sub-02,11,sub-02_ses-11_epoch-1,5,0
Raw,sub-02,11,sub-02_ses-11_epoch-1,6,0
Raw,sub-02,11,sub-02_ses-11_epoch-1,7,0
Raw,sub-02,11,sub-02_ses-11_epoch-2,0,0
Raw,sub-02,11,sub-02_ses-11_epoch-2,1,0
Raw,sub-02,11,sub-02_ses-11_epoch-2,2,0
Raw,sub-02,11,sub-02_ses-11_epoch-2,3,0
Raw,sub-02,11,sub-02_ses-11_epoch-2,4,0
Raw,sub-02,11,sub-02_ses-11_epoch-2,5,0
Raw,sub-02,11,sub-02_ses-11_epoch-2,6,0
Raw,sub-02,11,sub-02_ses-11_epoch-2,7,0
Raw,sub-02,11,sub-02_ses-11_epoch-3,0,0
Raw,sub-02,11,sub-02_ses-11_epoch-3,1,0
Raw,sub-02,11,sub-02_ses-11_epoch-3,2,0
Raw,sub-02,11,sub-02_ses-11_epoch-3,3,0
Raw,sub-02,11,sub-02_ses-11_epoch-3,4,0
Raw,sub-02,11,sub-02_ses-11_epoch-3,5,0
Raw,sub-02,11,sub-02_ses-11_epoch-3,6,0
Raw,sub-02,11,sub-02_ses-11_epoch-3,7,0
Raw,sub-02,11,sub-02_ses-11_epoch-4,0,0
Raw,sub-02,11,sub-02_ses-11_epoch-4,1,0
Raw,sub-02,11,sub-02_ses-11_epoch-4,2,0
Raw,sub-02,11,sub-02_ses-11_epoch-4,3,0
Raw,sub-02,11,sub-02_ses-11_epoch-4,4,0
Raw,sub-02,11,sub-02_ses-11_epoch-4,5,0
Raw,sub-02,11,sub-02_ses-11_epoch-4,6,0
Raw,sub-02,11,sub-02_ses-11_epoch-4,7,0
Raw,sub-02,11,sub-02_ses-11_epoch-5,0,1
Raw,sub-02,11,sub-02_ses-11_epoch-5,1,1
Raw,sub-02,11,sub-02_ses-11_epoch-5,2,1
Raw,sub-02,11,sub-02_ses-11_epoch-5,3,1
Raw,sub-02,11,sub-02_ses-11_epoch-5,4,1
Raw,sub-02,11,sub-02_ses-11_epoch-5,5,1
Raw,sub-02,11,sub-02_ses-11_epoch-5,6,1
Raw,sub-02,11,sub-02_ses-11_epoch-6,0,0
Raw,sub-02,11,sub-02_ses-11_epoch-6,1,0
Raw,sub-02,11,sub-02_ses-11_epoch-6,2,0
Raw,sub-02,11,sub-02_ses-11_epoch-6,3,0
Raw,sub-02,11,sub-02_ses-11_epoch-6,4,0
Raw,sub-02,11,sub-02_ses-11_epoch-6,5,0
Raw,sub-02,11,sub-02_ses-11_epoch-6,6,0
Raw,sub-02,11,sub-02_ses-11_epoch-6,7,0
Raw,sub-02,11,sub-02_ses-11_epoch-7,0,1
Raw,sub-02,11,sub-02_ses-11_epoch-7,1,1
Raw,sub-02,11,sub-02_ses-11_epoch-7,2,1
Raw,sub-02,11,sub-02_ses-11_epoch-7,3,1
Raw,sub-02,11,sub-02_ses-11_epoch-7,4,1
Raw,sub-02,11,sub-02_ses-11_epoch-7,5,1
Raw,sub-02,11,sub-02_ses-11_epoch-7,6,1
Raw,sub-02,11,sub-02_ses-11_epoch-8,0,0
Raw,sub-02,11,sub-02_ses-11_epoch-8,1,0
Raw,sub-02,11,sub-02_ses-11_epoch-8,2,0
Raw,sub-02,11,sub-02_ses-11_epoch-8,3,0
Raw,sub-02,11,sub-02_ses-11_epoch-8,4,0
Raw,sub-02,11,sub-02_ses-11_epoch-8,5,0
Raw,sub-02,11,sub-02_ses-11_epoch-8,6,0
Raw,sub-02,11,sub-02_ses-11_epoch-8,7,0
Raw,sub-02,11,sub-02_ses-11_epoch-9,0,1
Raw,sub-02,11,sub-02_ses-11_epoch-9,1,1
Raw,sub-02,11,sub-02_ses-11_epoch-9,2,1
Raw,sub-02,11,sub-02_ses-11_epoch-9,3,1
Raw,sub-02,11,sub-02_ses-11_epoch-9,4,1
Raw,sub-02,11,sub-02_ses-11_epoch-9,5,1
Raw,sub-02,11,sub-02_ses-11_epoch-9,6,1
Raw,sub-02,11,sub-02_ses-11_epoch-10,0,0
Raw,sub-02,11,sub-02_ses-11_epoch-10,1,0
Raw,sub-02,11,sub-02_ses-11_epoch-10,2,0
Raw,sub-02,11,sub-02_ses-11_epoch-10,3,0
Raw,sub-02,11,sub-02_ses-11_epoch-10,4,0
Raw,sub-02,11,sub-02_ses-11_epoch-10,5,0
Raw,sub-02,11,sub-02_ses-11_epoch-10,6,0
Raw,sub-02,11,sub-02_ses-11_epoch-10,7,0
Raw,sub-02,11,sub-02_ses-11_epoch-11,0,1
Raw,sub-02,11,sub-02_ses-11_epoch-11,1,1
Raw,sub-02,11,sub-02_ses-11_epoch-11,2,1
Raw,sub-02,11,sub-02_ses-11_epoch-11,3,1
Raw,sub-02,11,sub-02_ses-11_epoch-11,4,1
Raw,sub-02,11,sub-02_ses-11_epoch-11,5,1
Raw,sub-02,11,sub-02_ses-11_epoch-11,6,1
Raw,sub-02,11,sub-02_ses-11_epoch-12,0,0
Raw,sub-02,11,sub-02_ses-11_epoch-12,1,0
Raw,sub-02,11,sub-02_ses-11_epoch-12,2,0
Raw,sub-02,11,sub-02_ses-11_epoch-12,3,0
Raw,sub-02,11,sub-02_ses-11_epoch-12,4,0
Raw,sub-02,11,sub-02_ses-11_epoch-12,5,0
Raw,sub-02,11,sub-02_ses-11_epoch-12,6,0
Raw,sub-02,11,sub-02_ses-11_epoch-12,7,0
Raw,sub-02,11,sub-02_ses-11_epoch-13,0,1
Raw,sub-02,11,sub-02_ses-11_epoch-13,1,1
Raw,sub-02,11,sub-02_ses-11_epoch-13,2,1
Raw,sub-02,11,sub-02_ses-11_epoch-13,3,1
Raw,sub-02,11,sub-02_ses-11_epoch-13,4,1
Raw,sub-02,11,sub-02_ses-11_epoch-13,5,1
Raw,sub-02,11,sub-02_ses-11_epoch-13,6,1
Raw,sub-02,11,sub-02_ses-11_epoch-14,0,0
Raw,sub-02,11,sub-02_ses-11_epoch-14,1,0
Raw,sub-02,11,sub-02_ses-11_epoch-14,2,0
Raw,sub-02,11,sub-02_ses-11_epoch-14,3,0
Raw,sub-02,11,sub-02_ses-11_epoch-14,4,0
Raw,sub-02,11,sub-02_ses-11_epoch-14,5,0
Raw,sub-02,11,sub-02_ses-11_epoch-14,6,0
Raw,sub-02,11,sub-02_ses-11_epoch-14,7,0
Raw,sub-02,11,sub-02_ses-11_epoch-15,0,1
Raw,sub-02,11,sub-02_ses-11_epoch-15,1,1
Raw,sub-02,11,sub-02_ses-11_epoch-15,2,1
Raw,sub-02,11,sub-02_ses-11_epoch-15,3,1
Raw,sub-02,11,sub-02_ses-11_epoch-15,4,1
Raw,sub-02,11,sub-02_ses-11_epoch-15,5,1
Raw,sub-02,11,sub-02_ses-11_epoch-15,6,1
Raw,sub-02,11,sub-02_ses-11_epoch-16,0,0
Raw,sub-02,11,sub-02_ses-11_epoch-16,1,0
Raw,sub-02,11,sub-02_ses-11_epoch-16,2,0
Raw,sub-02,11,sub-02_ses-11_epoch-16,3,0
Raw,sub-02,11,sub-02_ses-11_epoch-16,4,0
Raw,sub-02,11,sub-02_ses-11_epoch-16,5,0
Raw,sub-02,11,sub-02_ses-11_epoch-16,6,0
Raw,sub-02,11,sub-02_ses-11_epoch-16,7,0
Raw,sub-02,11,sub-02_ses-11_epoch-17,0,1
Raw,sub-02,11,sub-02_ses-11_epoch-17,1,1
Raw,sub-02,11,sub-02_ses-11_epoch-17,2,1
Raw,sub-02,11,sub-02_ses-11_epoch-17,3,1
Raw,sub-02,11,sub-02_ses-11_epoch-17,4,1
Raw,sub-02,11,sub-02_ses-11_epoch-17,5,1
Raw,sub-02,11,sub-02_ses-11_epoch-17,6,1
Raw,sub-02,11,sub-02_ses-11_epoch-18,0,0
Raw,sub-02,11,sub-02_ses-11_epoch-18,1,0
Raw,sub-02,11,sub-02_ses-11_epoch-18,2,0
Raw,sub-02,11,sub-02_ses-11_epoch-18,3,0
Raw,sub-02,11,sub-02_ses-11_epoch-18,4,0
Raw,sub-02,11,sub-02_ses-11_epoch-18,5,0
Raw,sub-02,11,sub-02_ses-11_epoch-18,6,0
Raw,sub-02,11,sub-02_ses-11_epoch-18,7,0
Raw,sub-02,11,sub-02_ses-11_epoch-19,0,1
Raw,sub-02,11,sub-02_ses-11_epoch-19,1,1
Raw,sub-02,11,sub-02_ses-11_epoch-19,2,1
Raw,sub-02,11,sub-02_ses-11_epoch-19,3,1
Raw,sub-02,11,sub-02_ses-11_epoch-19,4,1
Raw,sub-02,11,sub-02_ses-11_epoch-19,5,1
Raw,sub-02,11,sub-02_ses-11_epoch-19,6,1
Raw,sub-02,11,sub-02_ses-11_epoch-20,0,0
Raw,sub-02,11,sub-02_ses-11_epoch-20,1,0
Raw,sub-02,11,sub-02_ses-11_epoch-20,2,0
Raw,sub-02,11,sub-02_ses-11_epoch-20,3,0
Raw,sub-02,11,sub-02_ses-11_epoch-20,4,0
Raw,sub-02,11,sub-02_ses-11_epoch-20,5,0
Raw,sub-02,11,sub-02_ses-11_epoch-20,6,0
Raw,sub-02,11,sub-02_ses-11_epoch-20,7,0
Raw,sub-02,11,sub-02_ses-11_epoch-21,0,1
Raw,sub-02,11,sub-02_ses-11_epoch-21,1,1
Raw,sub-02,11,sub-02_ses-11_epoch-21,2,1
Raw,sub-02,11,sub-02_ses-11_epoch-21,3,1
Raw,sub-02,11,sub-02_ses-11_epoch-21,4,1
Raw,sub-02,11,sub-02_ses-11_epoch-21,5,1
Raw,sub-02,11,sub-02_ses-11_epoch-21,6,1
Raw,sub-02,11,sub-02_ses-11_epoch-22,0,0
Raw,sub-02,11,sub-02_ses-11_epoch-22,1,0
Raw,sub-02,11,sub-02_ses-11_epoch-22,2,0
Raw,sub-02,11,sub-02_ses-11_epoch-22,3,0
Raw,sub-02,11,sub-02_ses-11_epoch-22,4,0
Raw,sub-02,11,sub-02_ses-11_epoch-22,5,0
Raw,sub-02,11,sub-02_ses-11_epoch-22,6,0
Raw,sub-02,11,sub-02_ses-11_epoch-22,7,0
Raw,sub-02,11,sub-02_ses-11_epoch-23,0,1
Raw,sub-02,11,sub-02_ses-11_epoch-23,1,1
Raw,sub-02,11,sub-02_ses-11_epoch-23,2,1
Raw,sub-02,11,sub-02_ses-11_epoch-23,3,1
Raw,sub-02,11,sub-02_ses-11_epoch-23,4,1
Raw,sub-02,11,sub-02_ses-11_epoch-23,5,1
Raw,sub-02,11,sub-02_ses-11_epoch-23,6,1
Raw,sub-02,11,sub-02_ses-11_epoch-24,0,0
Raw,sub-02,11,sub-02_ses-11_epoch-24,1,0
Raw,sub-02,11,sub-02_ses-11_epoch-24,2,0
Raw,sub-02,11,sub-02_ses-11_epoch-24,3,0
Raw,sub-02,11,sub-02_ses-11_epoch-24,4,0
Raw,sub-02,11,sub-02_ses-11_epoch-24,5,0
Raw,sub-02,11,sub-02_ses-11_epoch-24,6,0
Raw,sub-02,11,sub-02_ses-11_epoch-24,7,0
Raw,sub-02,11,sub-02_ses-11_epoch-25,0,1
Raw,sub-02,11,sub-02_ses-11_epoch-25,1,1
Raw,sub-02,11,sub-02_ses-11_epoch-25,2,1
Raw,sub-02,11,sub-02_ses-11_epoch-25,3,1
Raw,sub-02,11,sub-02_ses-11_epoch-25,4,1
Raw,sub-02,11,sub-02_ses-11_epoch-25,5,1
Raw,sub-02,11,sub-02_ses-11_epoch-25,6,1
Raw,sub-02,11,sub-02_ses-11_epoch-26,0,0
Raw,sub-02,11,sub-02_ses-11_epoch-26,1,0
Raw,sub-02,11,sub-02_ses-11_epoch-26,2,0
Raw,sub-02,11,sub-02_ses-11_epoch-26,3,0
Raw,sub-02,11,sub-02_ses-11_epoch-26,4,0
Raw,sub-02,11,sub-02_ses-11_epoch-26,5,0
Raw,sub-02,11,sub-02_ses-11_epoch-26,6,0
Raw,sub-02,11,sub-02_ses-11_epoch-26,7,0
Raw,sub-02,11,sub-02_ses-11_epoch-27,0,1
Raw,sub-02,11,sub-02_ses-11_epoch-27,1,1
Raw,sub-02,11,sub-02_ses-11_epoch-27,2,1
Raw,sub-02,11,sub-02_ses-11_epoch-27,3,1
Raw,sub-02,11,sub-02_ses-11_epoch-27,4,1
Raw,sub-02,11,sub-02_ses-11_epoch-27,5,1
Raw,sub-02,11,sub-02_ses-11_epoch-27,6,1
Raw,sub-02,11,sub-02_ses-11_epoch-28,0,0
Raw,sub-02,11,sub-02_ses-11_epoch-28,1,0
Raw,sub-02,11,sub-02_ses-11_epoch-28,2,0
Raw,sub-02,11,sub-02_ses-11_epoch-28,3,0
Raw,sub-02,11,sub-02_ses-11_epoch-28,4,0
Raw,sub-02,11,sub-02_ses-11_epoch-28,5,0
Raw,sub-02,11,sub-02_ses-11_epoch-28,6,0
Raw,sub-02,11,sub-02_ses-11_epoch-28,7,0
Raw,sub-02,11,sub-02_ses-11_epoch-29,0,1
Raw,sub-02,11,sub-02_ses-11_epoch-29,1,1
Raw,sub-02,11,sub-02_ses-11_epoch-29,2,1
Raw,sub-02,11,sub-02_ses-11_epoch-29,3,1
Raw,sub-02,11,sub-02_ses-11_epoch-29,4,1
Raw,sub-02,11,sub-02_ses-11_epoch-29,5,1
Raw,sub-02,11,sub-02_ses-11_epoch-29,6,1
Raw,sub-02,11,sub-02_ses-11_epoch-30,0,0
Raw,sub-02,11,sub-02_ses-11_epoch-30,1,0
Raw,sub-02,11,sub-02_ses-11_epoch-30,2,0
Raw,sub-02,11,sub-02_ses-11_epoch-30,3,0
Raw,sub-02,11,sub-02_ses-11_epoch-30,4,0
Raw,sub-02,11,sub-02_ses-11_epoch-30,5,0
Raw,sub-02,11,sub-02_ses-11_epoch-30,6,0
Raw,sub-02,11,sub-02_ses-11_epoch-30,7,0
Raw,sub-02,11,sub-02_ses-11_epoch-31,0,1
Raw,sub-02,11,sub-02_ses-11_epoch-31,1,1
Raw,sub-02,11,sub-02_ses-11_epoch-31,2,1
Raw,sub-02,11,sub-02_ses-11_epoch-31,3,1
Raw,sub-02,11,sub-02_ses-11_epoch-31,4,1
Raw,sub-02,11,sub-02_ses-11_epoch-31,5,1
Raw,sub-02,11,sub-02_ses-11_epoch-31,6,1
Raw,sub-02,11,sub-02_ses-11_epoch-32,0,0
Raw,sub-02,11,sub-02_ses-11_epoch-32,1,0
Raw,sub-02,11,sub-02_ses-11_epoch-32,2,0
Raw,sub-02,11,sub-02_ses-11_epoch-32,3,0
Raw,sub-02,11,sub-02_ses-11_epoch-32,4,0
Raw,sub-02,11,sub-02_ses-11_epoch-32,5,0
Raw,sub-02,11,sub-02_ses-11_epoch-32,6,0
Raw,sub-02,11,sub-02_ses-11_epoch-32,7,0
Raw,sub-02,11,sub-02_ses-11_epoch-33,0,1
Raw,sub-02,11,sub-02_ses-11_epoch-33,1,1
Raw,sub-02,11,sub-02_ses-11_epoch-33,2,1
Raw,sub-02,11,sub-02_ses-11_epoch-33,3,1
Raw,sub-02,11,sub-02_ses-11_epoch-33,4,1
Raw,sub-02,11,sub-02_ses-11_epoch-33,5,1
Raw,sub-02,11,sub-02_ses-11_epoch-33,6,1
Raw,sub-02,11,sub-02_ses-11_epoch-34,0,0
Raw,sub-02,11,sub-02_ses-11_epoch-34,1,0
Raw,sub-02,11,sub-02_ses-11_epoch-34,2,0
Raw,sub-02,11,sub-02_ses-11_epoch-34,3,0
Raw,sub-02,11,sub-02_ses-11_epoch-34,4,0
Raw,sub-02,11,sub-02_ses-11_epoch-34,5,0
Raw,sub-02,11,sub-02_ses-11_epoch-34,6,0
Raw,sub-02,11,sub-02_ses-11_epoch-34,7,0
Raw,sub-02,11,sub-02_ses-11_epoch-35,0,1
Raw,sub-02,11,sub-02_ses-11_epoch-35,1,1
Raw,sub-02,11,sub-02_ses-11_epoch-35,2,1
Raw,sub-02,11,sub-02_ses-11_epoch-35,3,1
Raw,sub-02,11,sub-02_ses-11_epoch-35,4,1
Raw,sub-02,11,sub-02_ses-11_epoch-35,5,1
Raw,sub-02,11,sub-02_ses-11_epoch-35,6,1
Raw,sub-02,11,sub-02_ses-11_epoch-36,0,0
Raw,sub-02,11,sub-02_ses-11_epoch-36,1,0
Raw,sub-02,11,sub-02_ses-11_epoch-36,2,0
Raw,sub-02,11,sub-02_ses-11_epoch-36,3,0
Raw,sub-02,11,sub-02_ses-11_epoch-36,4,0
Raw,sub-02,11,sub-02_ses-11_epoch-36,5,0
Raw,sub-02,11,sub-02_ses-11_epoch-36,6,0
Raw,sub-02,11,sub-02_ses-11_epoch-36,7,0
Raw,sub-02,11,sub-02_ses-11_epoch-37,0,1
Raw,sub-02,11,sub-02_ses-11_epoch-37,1,1
Raw,sub-02,11,sub-02_ses-11_epoch-37,2,1
Raw,sub-02,11,sub-02_ses-11_epoch-37,3,1
Raw,sub-02,11,sub-02_ses-11_epoch-37,4,1
Raw,sub-02,11,sub-02_ses-11_epoch-37,5,1
Raw,sub-02,11,sub-02_ses-11_epoch-37,6,1
Raw,sub-02,11,sub-02_ses-11_epoch-38,0,0
Raw,sub-02,11,sub-02_ses-11_epoch-38,1,0
Raw,sub-02,11,sub-02_ses-11_epoch-38,2,0
Raw,sub-02,11,sub-02_ses-11_epoch-38,3,0
Raw,sub-02,11,sub-02_ses-11_epoch-38,4,0
Raw,sub-02,11,sub-02_ses-11_epoch-38,5,0
Raw,sub-02,11,sub-02_ses-11_epoch-38,6,0
Raw,sub-02,11,sub-02_ses-11_epoch-38,7,0
Raw,sub-02,11,sub-02_ses-11_epoch-39,0,1
Raw,sub-02,11,sub-02_ses-11_epoch-39,1,1
Raw,sub-02,11,sub-02_ses-11_epoch-39,2,1
Raw,sub-02,11,sub-02_ses-11_epoch-39,3,1
Raw,sub-02,11,sub-02_ses-11_epoch-39,4,1
Raw,sub-02,11,sub-02_ses-11_epoch-39,5,1
Raw,sub-02,11,sub-02_ses-11_epoch-39,6,1
Raw,sub-02,11,sub-02_ses-11_epoch-40,0,0
Raw,sub-02,11,sub-02_ses-11_epoch-40,1,0
Raw,sub-02,11,sub-02_ses-11_epoch-40,2,0
Raw,sub-02,11,sub-02_ses-11_epoch-40,3,0
Raw,sub-02,11,sub-02_ses-11_epoch-40,4,0
Raw,sub-02,11,sub-02_ses-11_epoch-40,5,0
Raw,sub-02,11,sub-02_ses-11_epoch-40,6,0
Raw,sub-02,11,sub-02_ses-11_epoch-40,7,0
Raw,sub-02,11,sub-02_ses-11_epoch-41,0,1
Raw,sub-02,11,sub-02_ses-11_epoch-41,1,1
Raw,sub-02,11,sub-02_ses-11_epoch-41,2,1
Raw,sub-02,11,sub-02_ses-11_epoch-41,3,1
Raw,sub-02,11,sub-02_ses-11_epoch-41,4,1
Raw,sub-02,11,sub-02_ses-11_epoch-41,5,1
Raw,sub-02,11,sub-02_ses-11_epoch-41,6,1
Raw,sub-02,11,sub-02_ses-11_epoch-42,0,0
Raw,sub-02,11,sub-02_ses-11_epoch-42,1,0
Raw,sub-02,11,sub-02_ses-11_epoch-42,2,0
Raw,sub-02,11,sub-02_ses-11_epoch-42,3,0
Raw,sub-02,11,sub-02_ses-11_epoch-42,4,0
Raw,sub-02,11,sub-02_ses-11_epoch-42,5,0
Raw,sub-02,11,sub-02_ses-11_epoch-42,6,0
Raw,sub-02,11,sub-02_ses-11_epoch-42,7,0
Raw,sub-02,11,sub-02_ses-11_epoch-43,0,1
Raw,sub-02,11,sub-02_ses-11_epoch-43,1,1
Raw,sub-02,11,sub-02_ses-11_epoch-43,2,1
Raw,sub-02,11,sub-02_ses-11_epoch-43,3,1
Raw,sub-02,11,sub-02_ses-11_epoch-43,4,1
Raw,sub-02,11,sub-02_ses-11_epoch-43,5,1
Raw,sub-02,11,sub-02_ses-11_epoch-43,6,1
Raw,sub-02,11,sub-02_ses-11_epoch-44,0,0
Raw,sub-02,11,sub-02_ses-11_epoch-44,1,0
Raw,sub-02,11,sub-02_ses-11_epoch-44,2,0
Raw,sub-02,11,sub-02_ses-11_epoch-44,3,0
Raw,sub-02,11,sub-02_ses-11_epoch-44,4,0
Raw,sub-02,11,sub-02_ses-11_epoch-44,5,0
Raw,sub-02,11,sub-02_ses-11_epoch-44,6,0
Raw,sub-02,11,sub-02_ses-11_epoch-44,7,0
Raw,sub-02,11,sub-02_ses-11_epoch-45,0,1
Raw,sub-02,11,sub-02_ses-11_epoch-45,1,1
Raw,sub-02,11,sub-02_ses-11_epoch-45,2,1
Raw,sub-02,11,sub-02_ses-11_epoch-45,3,1
Raw,sub-02,11,sub-02_ses-11_epoch-45,4,1
Raw,sub-02,11,sub-02_ses-11_epoch-45,5,1
Raw,sub-02,11,sub-02_ses-11_epoch-45,6,1
Raw,sub-02,11,sub-02_ses-11_epoch-46,0,0
Raw,sub-02,11,sub-02_ses-11_epoch-46,1,0
Raw,sub-02,11,sub-02_ses-11_epoch-46,2,0
Raw,sub-02,11,sub-02_ses-11_epoch-46,3,0
Raw,sub-02,11,sub-02_ses-11_epoch-46,4,0
Raw,sub-02,11,sub-02_ses-11_epoch-46,5,0
Raw,sub-02,11,sub-02_ses-11_epoch-46,6,0
Raw,sub-02,11,sub-02_ses-11_epoch-46,7,0
Raw,sub-02,11,sub-02_ses-11_epoch-47,0,1
Raw,sub-02,11,sub-02_ses-11_epoch-47,1,1
Raw,sub-02,11,sub-02_ses-11_epoch-47,2,1
Raw,sub-02,11,sub-02_ses-11_epoch-47,3,1
Raw,sub-02,11,sub-02_ses-11_epoch-47,4,1
Raw,sub-02,11,sub-02_ses-11_epoch-47,5,1
Raw,sub-02,11,sub-02_ses-11_epoch-47,6,1
Raw,sub-02,11,sub-02_ses-11_epoch-48,0,0
Raw,sub-02,11,sub-02_ses-11_epoch-48,1,0
Raw,sub-02,11,sub-02_ses-11_epoch-48,2,0
Raw,sub-02,11,sub-02_ses-11_epoch-48,3,0
Raw,sub-02,11,sub-02_ses-11_epoch-48,4,0
Raw,sub-02,11,sub-02_ses-11_epoch-48,5,0
Raw,sub-02,11,sub-02_ses-11_epoch-48,6,0
Raw,sub-02,11,sub-02_ses-11_epoch-48,7,0
ICA-cleaned,sub-02,11,sub-02_ses-11_epoch-1,0,0
ICA-cleaned,sub-02,11,sub-02_ses-11_epoch-1,1,0
ICA-cleaned,sub-02,11,sub-02_ses-11_epoch-1,2,0
ICA-cleaned,sub-02,11,sub-02_ses-11_epoch-1,3,0
ICA-cleaned,sub-02,11,sub-02_ses-11_epoch-1,4,0
ICA-cleaned,sub-02,11,sub-02_ses-11_epoch-1,5,0
ICA-cleaned,sub-02,11,sub-02_ses-11_epoch-1,6,0
ICA-cleaned,sub-02,11,sub-02_ses-11_epoch-1,7,0
ICA-cleaned,sub-02,11,sub-02_ses-11_epoch-2,0,0
ICA-cleaned,sub-02,11,sub-02_ses-11_epoch-2,1,0
ICA-cleaned,sub-02,11,sub-02_ses-11_epoch-2,2,0
ICA-cleaned,sub-02,11,sub-02_ses-11_epoch-2,3,0
ICA-cleaned,sub-02,11,sub-02_ses-11_epoch-2,4,0
ICA-cleaned,sub-02,11,sub-02_ses-11_epoch-2,5,0
ICA-cleaned,sub-02,11,sub-02_ses-11_epoch-2,6,0
ICA-cleaned,sub-02,11,sub-02_ses-11_epoch-2,7,0
ICA-cleaned,sub-02,11,sub-02_ses-11_epoch-3,0,0
ICA-cleaned,sub-02,11,sub-02_ses-11_epoch-3,1,0
ICA-cleaned,sub-02,11,sub-02_ses-11_epoch-3,2,0
ICA-cleaned,sub-02,11,sub-02_ses-11_epoch-3,3,0
ICA-cleaned,sub-02,11,sub-02_ses-11_epoch-3,4,0
ICA-cleaned,sub-02,11,sub-02_ses-11_epoch-3,5,0
ICA-cleaned,sub-02,11,sub-02_ses-11_epoch-3,6,0
ICA-cleaned,sub-02,11,sub-02_ses-11_epoch-3,7,0
ICA-cleaned,sub-02,11,sub-02_ses-11_epoch-4,0,0
ICA-cleaned,sub-02,11,sub-02_ses-11_epoch-4,1,0
ICA-cleaned,sub-02,11,sub-02_ses-11_epoch-4,2,0
ICA-cleaned,sub-02,11,sub-02_ses-11_epoch-4,3,0
ICA-cleaned,sub-02,11,sub-02_ses-11_epoch-4,4,0
ICA-cleaned,sub-02,11,sub-02_ses-11_epoch-4,5,0
ICA-cleaned,sub-02,11,sub-02_ses-11_epoch-4,6,0
ICA-cleaned,sub-02,11,sub-02_ses-11_epoch-4,7,0
ICA-cleaned,sub-02,11,sub-02_ses-11_epoch-5,0,1
ICA-cleaned,sub-02,11,sub-02_ses-11_epoch-5,1,1
ICA-cleaned,sub-02,11,sub-02_ses-11_epoch-5,2,1
ICA-cleaned,sub-02,11,sub-02_ses-11_epoch-5,3,1
ICA-cleaned,sub-02,11,sub-02_ses-11_epoch-5,4,1
ICA-cleaned,sub-02,11,sub-02_ses-11_epoch-5,5,1
ICA-cleaned,sub-02,11,sub-02_ses-11_epoch-5,6,1
ICA-cleaned,sub-02,11,sub-02_ses-11_epoch-6,0,0
ICA-cleaned,sub-02,11,sub-02_ses-11_epoch-6,1,0
ICA-cleaned,sub-02,11,sub-02_ses-11_epoch-6,2,0
ICA-cleaned,sub-02,11,sub-02_ses-11_epoch-6,3,0
ICA-cleaned,sub-02,11,sub-02_ses-11_epoch-6,4,0
ICA-cleaned,sub-02,11,sub-02_ses-11_epoch-6,5,0
ICA-cleaned,sub-02,11,sub-02_ses-11_epoch-6,6,0
ICA-cleaned,sub-02,11,sub-02_ses-11_epoch-6,7,0
ICA-cleaned,sub-02,11,sub-02_ses-11_epoch-7,0,1
ICA-cleaned,sub-02,11,sub-02_ses-11_epoch-7,1,1
ICA-cleaned,sub-02,11,sub-02_ses-11_epoch-7,2,1
ICA-cleaned,sub-02,11,sub-02_ses-11_epoch-7,3,1
ICA-cleaned,sub-02,11,sub-02_ses-11_epoch-7,4,1
ICA-cleaned,sub-02,11,sub-02_ses-11_epoch-7,5,1
ICA-cleaned,sub-02,11,sub-02_ses-11_epoch-7,6,1
ICA-cleaned,sub-02,11,sub-02_ses-11_epoch-8,0,0
ICA-cleaned,sub-02,11,sub-02_ses-11_epoch-8,1,0
ICA-cleaned,sub-02,11,sub-02_ses-11_epoch-8,2,0
ICA-cleaned,sub-02,11,sub-02_ses-11_epoch-8,3,0
ICA-cleaned,sub-02,11,sub-02_ses-11_epoch-8,4,0
ICA-cleaned,sub-02,11,sub-02_ses-11_epoch-8,5,0
ICA-cleaned,sub-02,11,sub-02_ses-11_epoch-8,6,0
ICA-cleaned,sub-02,11,sub-02_ses-11_epoch-8,7,0
ICA-cleaned,sub-02,11,sub-02_ses-11_epoch-9,0,1
ICA-cleaned,sub-02,11,sub-02_ses-11_epoch-9,1,1
ICA-cleaned,sub-02,11,sub-02_ses-11_epoch-9,2,1
ICA-cleaned,sub-02,11,sub-02_ses-11_epoch-9,3,1
ICA-cleaned,sub-02,11,sub-02_ses-11_epoch-9,4,1
ICA-cleaned,sub-02,11,sub-02_ses-11_epoch-9,5,1
ICA-cleaned,sub-02,11,sub-02_ses-11_epoch-9,6,1
ICA-cleaned,sub-02,11,sub-02_ses-11_epoch-10,0,0
ICA-cleaned,sub-02,11,sub-02_ses-11_epoch-10,1,0
ICA-cleaned,sub-02,11,sub-02_ses-11_epoch-10,2,0
ICA-cleaned,sub-02,11,sub-02_ses-11_epoch-10,3,0
ICA-cleaned,sub-02,11,sub-02_ses-11_epoch-10,4,0
ICA-cleaned,sub-02,11,sub-02_ses-11_epoch-10,5,0
ICA-cleaned,sub-02,11,sub-02_ses-11_epoch-10,6,0
ICA-cleaned,sub-02,11,sub-02_ses-11_epoch-10,7,0
ICA-cleaned,sub-02,11,sub-02_ses-11_epoch-11,0,1
ICA-cleaned,sub-02,11,sub-02_ses-11_epoch-11,1,1
ICA-cleaned,sub-02,11,sub-02_ses-11_epoch-11,2,1
ICA-cleaned,sub-02,11,sub-02_ses-11_epoch-11,3,1
ICA-cleaned,sub-02,11,sub-02_ses-11_epoch-11,4,1
ICA-cleaned,sub-02,11,sub-02_ses-11_epoch-11,5,1
ICA-cleaned,sub-02,11,sub-02_ses-11_epoch-11,6,1
ICA-cleaned,sub-02,11,sub-02_ses-11_epoch-12,0,0
ICA-cleaned,sub-02,11,sub-02_ses-11_epoch-12,1,0
ICA-cleaned,sub-02,11,sub-02_ses-11_epoch-12,2,0
ICA-cleaned,sub-02,11,sub-02_ses-11_epoch-12,3,0
ICA-cleaned,sub-02,11,sub-02_ses-11_epoch-12,4,0
ICA-cleaned,sub-02,11,sub-02_ses-11_epoch-12,5,0
ICA-cleaned,sub-02,11,sub-02_ses-11_epoch-12,6,0
ICA-cleaned,sub-02,11,sub-02_ses-11_epoch-12,7,0
ICA-cleaned,sub-02,11,sub-02_ses-11_epoch-13,0,1
ICA-cleaned,sub-02,11,sub-02_ses-11_epoch-13,1,1
ICA-cleaned,sub-02,11,sub-02_ses-11_epoch-13,2,1
ICA-cleaned,sub-02,11,sub-02_ses-11_epoch-13,3,1
ICA-cleaned,sub-02,11,sub-02_ses-11_epoch-13,4,1
ICA-cleaned,sub-02,11,sub-02_ses-11_epoch-13,5,1
ICA-cleaned,sub-02,11,sub-02_ses-11_epoch-13,6,1
ICA-cleaned,sub-02,11,sub-02_ses-11_epoch-14,0,0
ICA-cleaned,sub-02,11,sub-02_ses-11_epoch-14,1,0
ICA-cleaned,sub-02,11,sub-02_ses-11_epoch-14,2,0
ICA-cleaned,sub-02,11,sub-02_ses-11_epoch-14,3,0
ICA-cleaned,sub-02,11,sub-02_ses-11_epoch-14,4,0
ICA-cleaned,sub-02,11,sub-02_ses-11_epoch-14,5,0
ICA-cleaned,sub-02,11,sub-02_ses-11_epoch-14,6,0
ICA-cleaned,sub-02,11,sub-02_ses-11_epoch-14,7,0
ICA-cleaned,sub-02,11,sub-02_ses-11_epoch-15,0,1
ICA-cleaned,sub-02,11,sub-02_ses-11_epoch-15,1,1
ICA-cleaned,sub-02,11,sub-02_ses-11_epoch-15,2,1
ICA-cleaned,sub-02,11,sub-02_ses-11_epoch-15,3,1
ICA-cleaned,sub-02,11,sub-02_ses-11_epoch-15,4,1
ICA-cleaned,sub-02,11,sub-02_ses-11_epoch-15,5,1
ICA-cleaned,sub-02,11,sub-02_ses-11_epoch-15,6,1
ICA-cleaned,sub-02,11,sub-02_ses-11_epoch-16,0,0
ICA-cleaned,sub-02,11,sub-02_ses-11_epoch-16,1,0
ICA-cleaned,sub-02,11,sub-02_ses-11_epoch-16,2,0
ICA-cleaned,sub-02,11,sub-02_ses-11_epoch-16,3,0
ICA-cleaned,sub-02,11,sub-02_ses-11_epoch-16,4,0
ICA-cleaned,sub-02,11,sub-02_ses-11_epoch-16,5,0
ICA-cleaned,sub-02,11,sub-02_ses-11_epoch-16,6,0
ICA-cleaned,sub-02,11,sub-02_ses-11_epoch-16,7,0
ICA-cleaned,sub-02,11,sub-02_ses-11_epoch-17,0,1
ICA-cleaned,sub-02,11,sub-02_ses-11_epoch-17,1,1
ICA-cleaned,sub-02,11,sub-02_ses-11_epoch-17,2,1
ICA-cleaned,sub-02,11,sub-02_ses-11_epoch-17,3,1
ICA-cleaned,sub-02,11,sub-02_ses-11_epoch-17,4,1
ICA-cleaned,sub-02,11,sub-02_ses-11_epoch-17,5,1
ICA-cleaned,sub-02,11,sub-02_ses-11_epoch-17,6,1
ICA-cleaned,sub-02,11,sub-02_ses-11_epoch-18,0,0
ICA-cleaned,sub-02,11,sub-02_ses-11_epoch-18,1,0
ICA-cleaned,sub-02,11,sub-02_ses-11_epoch-18,2,0
ICA-cleaned,sub-02,11,sub-02_ses-11_epoch-18,3,0
ICA-cleaned,sub-02,11,sub-02_ses-11_epoch-18,4,0
ICA-cleaned,sub-02,11,sub-02_ses-11_epoch-18,5,0
ICA-cleaned,sub-02,11,sub-02_ses-11_epoch-18,6,0
ICA-cleaned,sub-02,11,sub-02_ses-11_epoch-18,7,0
ICA-cleaned,sub-02,11,sub-02_ses-11_epoch-19,0,1
ICA-cleaned,sub-02,11,sub-02_ses-11_epoch-19,1,1
ICA-cleaned,sub-02,11,sub-02_ses-11_epoch-19,2,1
ICA-cleaned,sub-02,11,sub-02_ses-11_epoch-19,3,1
ICA-cleaned,sub-02,11,sub-02_ses-11_epoch-19,4,1
ICA-cleaned,sub-02,11,sub-02_ses-11_epoch-19,5,1
ICA-cleaned,sub-02,11,sub-02_ses-11_epoch-19,6,1
ICA-cleaned,sub-02,11,sub-02_ses-11_epoch-20,0,0
ICA-cleaned,sub-02,11,sub-02_ses-11_epoch-20,1,0
ICA-cleaned,sub-02,11,sub-02_ses-11_epoch-20,2,0
ICA-cleaned,sub-02,11,sub-02_ses-11_epoch-20,3,0
ICA-cleaned,sub-02,11,sub-02_ses-11_epoch-20,4,0
ICA-cleaned,sub-02,11,sub-02_ses-11_epoch-20,5,0
ICA-cleaned,sub-02,11,sub-02_ses-11_epoch-20,6,0
ICA-cleaned,sub-02,11,sub-02_ses-11_epoch-20,7,0
ICA-cleaned,sub-02,11,sub-02_ses-11_epoch-21,0,1
ICA-cleaned,sub-02,11,sub-02_ses-11_epoch-21,1,1
ICA-cleaned,sub-02,11,sub-02_ses-11_epoch-21,2,1
ICA-cleaned,sub-02,11,sub-02_ses-11_epoch-21,3,1
ICA-cleaned,sub-02,11,sub-02_ses-11_epoch-21,4,1
ICA-cleaned,sub-02,11,sub-02_ses-11_epoch-21,5,1
ICA-cleaned,sub-02,11,sub-02_ses-11_epoch-21,6,1
ICA-cleaned,sub-02,11,sub-02_ses-11_epoch-22,0,0
ICA-cleaned,sub-02,11,sub-02_ses-11_epoch-22,1,0
ICA-cleaned,sub-02,11,sub-02_ses-11_epoch-22,2,0
ICA-cleaned,sub-02,11,sub-02_ses-11_epoch-22,3,0
ICA-cleaned,sub-02,11,sub-02_ses-11_epoch-22,4,0
ICA-cleaned,sub-02,11,sub-02_ses-11_epoch-22,5,0
ICA-cleaned,sub-02,11,sub-02_ses-11_epoch-22,6,0
ICA-cleaned,sub-02,11,sub-02_ses-11_epoch-22,7,0
ICA-cleaned,sub-02,11,sub-02_ses-11_epoch-23,0,1
ICA-cleaned,sub-02,11,sub-02_ses-11_epoch-23,1,1
ICA-cleaned,sub-02,11,sub-02_ses-11_epoch-23,2,1
ICA-cleaned,sub-02,11,sub-02_ses-11_epoch-23,3,1
ICA-cleaned,sub-02,11,sub-02_ses-11_epoch-23,4,1
ICA-cleaned,sub-02,11,sub-02_ses-11_epoch-23,5,1
ICA-cleaned,sub-02,11,sub-02_ses-11_epoch-23,6,1
ICA-cleaned,sub-02,11,sub-02_ses-11_epoch-24,0,0
ICA-cleaned,sub-02,11,sub-02_ses-11_epoch-24,1,0
ICA-cleaned,sub-02,11,sub-02_ses-11_epoch-24,2,0
ICA-cleaned,sub-02,11,sub-02_ses-11_epoch-24,3,0
ICA-cleaned,sub-02,11,sub-02_ses-11_epoch-24,4,0
ICA-cleaned,sub-02,11,sub-02_ses-11_epoch-24,5,0
ICA-cleaned,sub-02,11,sub-02_ses-11_epoch-24,6,0
ICA-cleaned,sub-02,11,sub-02_ses-11_epoch-24,7,0
ICA-cleaned,sub-02,11,sub-02_ses-11_epoch-25,0,1
ICA-cleaned,sub-02,11,sub-02_ses-11_epoch-25,1,1
ICA-cleaned,sub-02,11,sub-02_ses-11_epoch-25,2,1
ICA-cleaned,sub-02,11,sub-02_ses-11_epoch-25,3,1
ICA-cleaned,sub-02,11,sub-02_ses-11_epoch-25,4,1
ICA-cleaned,sub-02,11,sub-02_ses-11_epoch-25,5,1
ICA-cleaned,sub-02,11,sub-02_ses-11_epoch-25,6,1
ICA-cleaned,sub-02,11,sub-02_ses-11_epoch-26,0,0
ICA-cleaned,sub-02,11,sub-02_ses-11_epoch-26,1,0
ICA-cleaned,sub-02,11,sub-02_ses-11_epoch-26,2,0
ICA-cleaned,sub-02,11,sub-02_ses-11_epoch-26,3,0
ICA-cleaned,sub-02,11,sub-02_ses-11_epoch-26,4,0
ICA-cleaned,sub-02,11,sub-02_ses-11_epoch-26,5,0
ICA-cleaned,sub-02,11,sub-02_ses-11_epoch-26,6,0
ICA-cleaned,sub-02,11,sub-02_ses-11_epoch-26,7,0
ICA-cleaned,sub-02,11,sub-02_ses-11_epoch-27,0,1
ICA-cleaned,sub-02,11,sub-02_ses-11_epoch-27,1,1
ICA-cleaned,sub-02,11,sub-02_ses-11_epoch-27,2,1
ICA-cleaned,sub-02,11,sub-02_ses-11_epoch-27,3,1
ICA-cleaned,sub-02,11,sub-02_ses-11_epoch-27,4,1
ICA-cleaned,sub-02,11,sub-02_ses-11_epoch-27,5,1
ICA-cleaned,sub-02,11,sub-02_ses-11_epoch-27,6,1
ICA-cleaned,sub-02,11,sub-02_ses-11_epoch-28,0,0
ICA-cleaned,sub-02,11,sub-02_ses-11_epoch-28,1,0
ICA-cleaned,sub-02,11,sub-02_ses-11_epoch-28,2,0
ICA-cleaned,sub-02,11,sub-02_ses-11_epoch-28,3,0
ICA-cleaned,sub-02,11,sub-02_ses-11_epoch-28,4,0
ICA-cleaned,sub-02,11,sub-02_ses-11_epoch-28,5,0
ICA-cleaned,sub-02,11,sub-02_ses-11_epoch-28,6,0
ICA-cleaned,sub-02,11,sub-02_ses-11_epoch-28,7,0
ICA-cleaned,sub-02,11,sub-02_ses-11_epoch-29,0,1
ICA-cleaned,sub-02,11,sub-02_ses-11_epoch-29,1,1
ICA-cleaned,sub-02,11,sub-02_ses-11_epoch-29,2,1
ICA-cleaned,sub-02,11,sub-02_ses-11_epoch-29,3,1
ICA-cleaned,sub-02,11,sub-02_ses-11_epoch-29,4,1
ICA-cleaned,sub-02,11,sub-02_ses-11_epoch-29,5,1
ICA-cleaned,sub-02,11,sub-02_ses-11_epoch-29,6,1
ICA-cleaned,sub-02,11,sub-02_ses-11_epoch-30,0,0
ICA-cleaned,sub-02,11,sub-02_ses-11_epoch-30,1,0
ICA-cleaned,sub-02,11,sub-02_ses-11_epoch-30,2,0
ICA-cleaned,sub-02,11,sub-02_ses-11_epoch-30,3,0
ICA-cleaned,sub-02,11,sub-02_ses-11_epoch-30,4,0
ICA-cleaned,sub-02,11,sub-02_ses-11_epoch-30,5,0
ICA-cleaned,sub-02,11,sub-02_ses-11_epoch-30,6,0
ICA-cleaned,sub-02,11,sub-02_ses-11_epoch-30,7,0
ICA-cleaned,sub-02,11,sub-02_ses-11_epoch-31,0,1
ICA-cleaned,sub-02,11,sub-02_ses-11_epoch-31,1,1
ICA-cleaned,sub-02,11,sub-02_ses-11_epoch-31,2,1
ICA-cleaned,sub-02,11,sub-02_ses-11_epoch-31,3,1
ICA-cleaned,sub-02,11,sub-02_ses-11_epoch-31,4,1
ICA-cleaned,sub-02,11,sub-02_ses-11_epoch-31,5,1
ICA-cleaned,sub-02,11,sub-02_ses-11_epoch-31,6,1
ICA-cleaned,sub-02,11,sub-02_ses-11_epoch-32,0,0
ICA-cleaned,sub-02,11,sub-02_ses-11_epoch-32,1,0
ICA-cleaned,sub-02,11,sub-02_ses-11_epoch-32,2,0
ICA-cleaned,sub-02,11,sub-02_ses-11_epoch-32,3,0
ICA-cleaned,sub-02,11,sub-02_ses-11_epoch-32,4,0
ICA-cleaned,sub-02,11,sub-02_ses-11_epoch-32,5,0
ICA-cleaned,sub-02,11,sub-02_ses-11_epoch-32,6,0
ICA-cleaned,sub-02,11,sub-02_ses-11_epoch-32,7,0
ICA-cleaned,sub-02,11,sub-02_ses-11_epoch-33,0,1
ICA-cleaned,sub-02,11,sub-02_ses-11_epoch-33,1,1
ICA-cleaned,sub-02,11,sub-02_ses-11_epoch-33,2,1
ICA-cleaned,sub-02,11,sub-02_ses-11_epoch-33,3,1
ICA-cleaned,sub-02,11,sub-02_ses-11_epoch-33,4,1
ICA-cleaned,sub-02,11,sub-02_ses-11_epoch-33,5,1
ICA-cleaned,sub-02,11,sub-02_ses-11_epoch-33,6,1
ICA-cleaned,sub-02,11,sub-02_ses-11_epoch-34,0,0
ICA-cleaned,sub-02,11,sub-02_ses-11_epoch-34,1,0
ICA-cleaned,sub-02,11,sub-02_ses-11_epoch-34,2,0
ICA-cleaned,sub-02,11,sub-02_ses-11_epoch-34,3,0
ICA-cleaned,sub-02,11,sub-02_ses-11_epoch-34,4,0
ICA-cleaned,sub-02,11,sub-02_ses-11_epoch-34,5,0
ICA-cleaned,sub-02,11,sub-02_ses-11_epoch-34,6,0
ICA-cleaned,sub-02,11,sub-02_ses-11_epoch-34,7,0
ICA-cleaned,sub-02,11,sub-02_ses-11_epoch-35,0,1
ICA-cleaned,sub-02,11,sub-02_ses-11_epoch-35,1,1
ICA-cleaned,sub-02,11,sub-02_ses-11_epoch-35,2,1
ICA-cleaned,sub-02,11,sub-02_ses-11_epoch-35,3,1
ICA-cleaned,sub-02,11,sub-02_ses-11_epoch-35,4,1
ICA-cleaned,sub-02,11,sub-02_ses-11_epoch-35,5,1
ICA-cleaned,sub-02,11,sub-02_ses-11_epoch-35,6,1
ICA-cleaned,sub-02,11,sub-02_ses-11_epoch-36,0,0
ICA-cleaned,sub-02,11,sub-02_ses-11_epoch-36,1,0
ICA-cleaned,sub-02,11,sub-02_ses-11_epoch-36,2,0
ICA-cleaned,sub-02,11,sub-02_ses-11_epoch-36,3,0
ICA-cleaned,sub-02,11,sub-02_ses-11_epoch-36,4,0
ICA-cleaned,sub-02,11,sub-02_ses-11_epoch-36,5,0
ICA-cleaned,sub-02,11,sub-02_ses-11_epoch-36,6,0
ICA-cleaned,sub-02,11,sub-02_ses-11_epoch-36,7,0
ICA-cleaned,sub-02,11,sub-02_ses-11_epoch-37,0,1
ICA-cleaned,sub-02,11,sub-02_ses-11_epoch-37,1,1
ICA-cleaned,sub-02,11,sub-02_ses-11_epoch-37,2,1
ICA-cleaned,sub-02,11,sub-02_ses-11_epoch-37,3,1
ICA-cleaned,sub-02,11,sub-02_ses-11_epoch-37,4,1
ICA-cleaned,sub-02,11,sub-02_ses-11_epoch-37,5,1
ICA-cleaned,sub-02,11,sub-02_ses-11_epoch-37,6,1
ICA-cleaned,sub-02,11,sub-02_ses-11_epoch-38,0,0
ICA-cleaned,sub-02,11,sub-02_ses-11_epoch-38,1,0
ICA-cleaned,sub-02,11,sub-02_ses-11_epoch-38,2,0
ICA-cleaned,sub-02,11,sub-02_ses-11_epoch-38,3,0
ICA-cleaned,sub-02,11,sub-02_ses-11_epoch-38,4,0
ICA-cleaned,sub-02,11,sub-02_ses-11_epoch-38,5,0
ICA-cleaned,sub-02,11,sub-02_ses-11_epoch-38,6,0
ICA-cleaned,sub-02,11,sub-02_ses-11_epoch-38,7,0
ICA-cleaned,sub-02,11,sub-02_ses-11_epoch-39,0,1
ICA-cleaned,sub-02,11,sub-02_ses-11_epoch-39,1,1
ICA-cleaned,sub-02,11,sub-02_ses-11_epoch-39,2,1
ICA-cleaned,sub-02,11,sub-02_ses-11_epoch-39,3,1
ICA-cleaned,sub-02,11,sub-02_ses-11_epoch-39,4,1
ICA-cleaned,sub-02,11,sub-02_ses-11_epoch-39,5,1
ICA-cleaned,sub-02,11,sub-02_ses-11_epoch-39,6,1
ICA-cleaned,sub-02,11,sub-02_ses-11_epoch-40,0,0
ICA-cleaned,sub-02,11,sub-02_ses-11_epoch-40,1,0
ICA-cleaned,sub-02,11,sub-02_ses-11_epoch-40,2,0
ICA-cleaned,sub-02,11,sub-02_ses-11_epoch-40,3,0
ICA-cleaned,sub-02,11,sub-02_ses-11_epoch-40,4,0
ICA-cleaned,sub-02,11,sub-02_ses-11_epoch-40,5,0
ICA-cleaned,sub-02,11,sub-02_ses-11_epoch-40,6,0
ICA-cleaned,sub-02,11,sub-02_ses-11_epoch-40,7,0
ICA-cleaned,sub-02,11,sub-02_ses-11_epoch-41,0,1
ICA-cleaned,sub-02,11,sub-02_ses-11_epoch-41,1,1
ICA-cleaned,sub-02,11,sub-02_ses-11_epoch-41,2,1
ICA-cleaned,sub-02,11,sub-02_ses-11_epoch-41,3,1
ICA-cleaned,sub-02,11,sub-02_ses-11_epoch-41,4,1
ICA-cleaned,sub-02,11,sub-02_ses-11_epoch-41,5,1
ICA-cleaned,sub-02,11,sub-02_ses-11_epoch-41,6,1
ICA-cleaned,sub-02,11,sub-02_ses-11_epoch-42,0,0
ICA-cleaned,sub-02,11,sub-02_ses-11_epoch-42,1,0
ICA-cleaned,sub-02,11,sub-02_ses-11_epoch-42,2,0
ICA-cleaned,sub-02,11,sub-02_ses-11_epoch-42,3,0
ICA-cleaned,sub-02,11,sub-02_ses-11_epoch-42,4,0
ICA-cleaned,sub-02,11,sub-02_ses-11_epoch-42,5,0
ICA-cleaned,sub-02,11,sub-02_ses-11_epoch-42,6,0
ICA-cleaned,sub-02,11,sub-02_ses-11_epoch-42,7,0
ICA-cleaned,sub-02,11,sub-02_ses-11_epoch-43,0,1
ICA-cleaned,sub-02,11,sub-02_ses-11_epoch-43,1,1
ICA-cleaned,sub-02,11,sub-02_ses-11_epoch-43,2,1
ICA-cleaned,sub-02,11,sub-02_ses-11_epoch-43,3,1
ICA-cleaned,sub-02,11,sub-02_ses-11_epoch-43,4,1
ICA-cleaned,sub-02,11,sub-02_ses-11_epoch-43,5,1
ICA-cleaned,sub-02,11,sub-02_ses-11_epoch-43,6,1
ICA-cleaned,sub-02,11,sub-02_ses-11_epoch-44,0,0
ICA-cleaned,sub-02,11,sub-02_ses-11_epoch-44,1,0
ICA-cleaned,sub-02,11,sub-02_ses-11_epoch-44,2,0
ICA-cleaned,sub-02,11,sub-02_ses-11_epoch-44,3,0
ICA-cleaned,sub-02,11,sub-02_ses-11_epoch-44,4,0
ICA-cleaned,sub-02,11,sub-02_ses-11_epoch-44,5,0
ICA-cleaned,sub-02,11,sub-02_ses-11_epoch-44,6,0
ICA-cleaned,sub-02,11,sub-02_ses-11_epoch-44,7,0
ICA-cleaned,sub-02,11,sub-02_ses-11_epoch-45,0,1
ICA-cleaned,sub-02,11,sub-02_ses-11_epoch-45,1,1
ICA-cleaned,sub-02,11,sub-02_ses-11_epoch-45,2,1
ICA-cleaned,sub-02,11,sub-02_ses-11_epoch-45,3,1
ICA-cleaned,sub-02,11,sub-02_ses-11_epoch-45,4,1
ICA-cleaned,sub-02,11,sub-02_ses-11_epoch-45,5,1
ICA-cleaned,sub-02,11,sub-02_ses-11_epoch-45,6,1
ICA-cleaned,sub-02,11,sub-02_ses-11_epoch-46,0,0
ICA-cleaned,sub-02,11,sub-02_ses-11_epoch-46,1,0
ICA-cleaned,sub-02,11,sub-02_ses-11_epoch-46,2,0
ICA-cleaned,sub-02,11,sub-02_ses-11_epoch-46,3,0
ICA-cleaned,sub-02,11,sub-02_ses-11_epoch-46,4,0
ICA-cleaned,sub-02,11,sub-02_ses-11_epoch-46,5,0
ICA-cleaned,sub-02,11,sub-02_ses-11_epoch-46,6,0
ICA-cleaned,sub-02,11,sub-02_ses-11_epoch-46,7,0
ICA-cleaned,sub-02,11,sub-02_ses-11_epoch-47,0,1
ICA-cleaned,sub-02,11,sub-02_ses-11_epoch-47,1,1
ICA-cleaned,sub-02,11,sub-02_ses-11_epoch-47,2,1
ICA-cleaned,sub-02,11,sub-02_ses-11_epoch-47,3,1
ICA-cleaned,sub-02,11,sub-02_ses-11_epoch-47,4,1
ICA-cleaned,sub-02,11,sub-02_ses-11_epoch-47,5,1
ICA-cleaned,sub-02,11,sub-02_ses-11_epoch-47,6,1
ICA-cleaned,sub-02,11,sub-02_ses-11_epoch-48,0,0
ICA-cleaned,sub-02,11,sub-02_ses-11_epoch-48,1,0
ICA-cleaned,sub-02,11,sub-02_ses-11_epoch-48,2,0
ICA-cleaned,sub-02,11,sub-02_ses-11_epoch-48,3,0
ICA-cleaned,sub-02,11,sub-02_ses-11_epoch-48,4,0
ICA-cleaned,sub-02,11,sub-02_ses-11_epoch-48,5,0
ICA-cleaned,sub-02,11,sub-02_ses-11_epoch-48,6,0
ICA-cleaned,sub-02,11,sub-02_ses-11_epoch-48,7,0
