Subject,Epoch,State,Epoch_Index,Window_Index,Time_s,Log10_Delta_Power,Log10_Theta_Power,Log10_Alpha_Power,Log10_Beta_Power,Log10_Gamma_Power
10,10_0,Focus,0,0,0.5,-11.037652575183806,-11.549603443091325,-11.966045344361012,-12.405133270219565,-13.191718553898575
10,10_0,Focus,0,1,1.0,-11.156890210216657,-11.851417053240578,-12.063572203678968,-12.479001357942852,-13.17500244006785
10,10_0,Focus,0,2,1.5,-10.979716650250916,-11.938781062463129,-12.371948019974168,-12.463974157636772,-13.054069193247981
10,10_0,Focus,0,3,2.0,-10.986311427884647,-11.744698526280816,-12.233335165560776,-12.553373144900194,-13.12918660593806
10,10_0,Focus,0,4,2.5,-11.202379047469329,-11.719892546251769,-12.435856388686727,-12.557716718947997,-13.0955810713241
10,10_0,Focus,0,5,3.0,-11.158813122186851,-12.01841510908618,-11.97967074530457,-12.709595915991391,-12.97236893337671
10,10_0,Focus,0,6,3.5,-11.133426048527626,-11.747785337198838,-12.116179818267112,-12.428980458157412,-13.086033061260718
10,10_0,Focus,0,7,4.0,-11.110448410426242,-11.879802944938172,-12.063770775160084,-12.434512794155909,-13.236677140422135
10,10_1,Focus,1,0,0.5,-10.878005083809489,-11.77111604908908,-11.89006321802607,-12.612456292818027,-13.05266516349057
10,10_1,Focus,1,1,1.0,-10.879833739826802,-11.785475588887135,-11.79197704229505,-12.55563142582493,-12.98301313107644
10,10_1,Focus,1,2,1.5,-11.098809856698008,-11.79924029973059,-11.981497011044402,-12.617568733008241,-13.080597155561957
10,10_1,Focus,1,3,2.0,-11.165322331313648,-11.730965552011737,-12.117545683541797,-12.606815854580198,-13.01401455886087
10,10_1,Focus,1,4,2.5,-10.86033984754498,-12.064938973976904,-11.85775032216336,-12.625197112240002,-13.068925403053596
10,10_1,Focus,1,5,3.0,-11.001200303784431,-11.86215621547776,-12.074404164376777,-12.553769175663055,-13.1070161134415
10,10_1,Focus,1,6,3.5,-11.041423756852499,-11.650406722149437,-11.889903847162953,-12.636828373099341,-13.044068439915785
10,10_1,Focus,1,7,4.0,-11.351459033036877,-11.713996223577167,-11.80445743455903,-12.654341058412763,-13.00786926814929
10,10_2,Focus,2,0,0.5,-10.980646487795438,-11.903279024067707,-12.18317286446235,-12.535541911585973,-13.003999322977473
10,10_2,Focus,2,1,1.0,-10.791216512924095,-11.823422399571255,-12.142280048531251,-12.709782404492602,-13.050758157167415
10,10_2,Focus,2,2,1.5,-10.67170979283045,-11.720221811303581,-11.967285320578473,-12.539036010769564,-13.173888552602724
10,10_2,Focus,2,3,2.0,-10.697803619724676,-11.552998080627482,-11.64225578580298,-12.66491461128673,-13.108644299610965
10,10_2,Focus,2,4,2.5,-10.595792507765513,-11.677017874951147,-12.39697962411128,-12.684051297360964,-13.014362973199068
10,10_2,Focus,2,5,3.0,-10.817183342249084,-11.662610676364917,-12.285861095509528,-12.828461338691692,-13.167603187078594
10,10_2,Focus,2,6,3.5,-11.017093261344169,-11.694898395549735,-12.384673257595642,-12.663148243552072,-13.13211032462155
10,10_2,Focus,2,7,4.0,-10.934239193896735,-11.83318784097766,-12.208688241003335,-12.72597305797549,-13.194739210688613
10,10_3,Focus,3,0,0.5,-10.952415180719747,-11.9424211107227,-12.021396391808718,-12.675748132743792,-13.136492564943934
10,10_3,Focus,3,1,1.0,-10.948399918208091,-11.768255106382215,-12.326889615810728,-12.747802633926623,-13.020574511108613
10,10_3,Focus,3,2,1.5,-11.056644568665114,-11.87556220171036,-12.113572809313986,-12.644166937121845,-13.201827124723225
10,10_3,Focus,3,3,2.0,-11.325986934722495,-11.863272635129691,-12.024205590438344,-12.555708417803118,-13.193951251843302
10,10_3,Focus,3,4,2.5,-11.198366440123648,-11.764889811440172,-11.855782844506146,-12.581239231731999,-13.115894821057916
10,10_3,Focus,3,5,3.0,-11.029486882906275,-11.685762386982177,-12.001342289361052,-12.398183257028508,-13.071625588097604
10,10_3,Focus,3,6,3.5,-10.844333204213054,-11.677664645240162,-12.061273095123676,-12.608335209770981,-13.193906147057703
10,10_3,Focus,3,7,4.0,-11.063778533006499,-12.020148204594747,-12.047141993591485,-12.469245647263724,-13.156679808274706
10,10_4,MW,4,0,0.5,-11.112673571659764,-11.897059469622654,-12.41795696758552,-12.614704587410575,-13.265066125996857
10,10_4,MW,4,1,1.0,-11.326371668017527,-12.002758915437484,-12.091387298676755,-12.620244756950878,-13.264577696319472
10,10_4,MW,4,2,1.5,-11.553393694304424,-11.746773740747912,-12.237987958374127,-12.648332626427031,-13.223659354826541
10,10_4,MW,4,3,2.0,-11.20703843694282,-11.907122586568487,-12.214245704664592,-12.408406644037983,-13.21899456051962
10,10_4,MW,4,4,2.5,-11.26950573489225,-11.775586769154826,-12.121495709293763,-12.761330142712808,-13.372586431068145
10,10_4,MW,4,5,3.0,-10.963882238890397,-11.85425755921923,-12.382111275750669,-12.6757744029108,-13.402696437468027
10,10_4,MW,4,6,3.5,-11.128360941647083,-12.157378682780445,-12.214521673001284,-12.4785108178027,-13.31025693095565
10,10_4,MW,4,7,4.0,-11.345614132455127,-12.038760304163928,-12.029250226341112,-12.661673783014736,-13.177571237002818
10,10_5,MW,5,0,0.5,-11.224246481013061,-12.060083554472747,-12.037092405796313,-12.8015394489107,-13.174559994323634
10,10_5,MW,5,1,1.0,-11.011352712309106,-11.833176160561136,-12.417312527381371,-12.873421282413446,-13.309808218973028
10,10_5,MW,5,2,1.5,-11.08525283341129,-11.825355899680245,-12.287509333913171,-12.76903532084024,-13.194089666026994
10,10_5,MW,5,3,2.0,-11.238257153832881,-11.99554221575071,-12.238908827006055,-12.321123002512097,-13.202038773433152
10,10_5,MW,5,4,2.5,-11.379983676206416,-12.080821268972741,-11.938950476992163,-12.54435036809066,-13.089407353485228
10,10_5,MW,5,5,3.0,-11.297236094264392,-11.753066798300253,-12.059841417355882,-12.66140772765541,-13.130606341742766
10,10_5,MW,5,6,3.5,-11.014202036100059,-11.991814365460153,-12.215573077231564,-12.599478249277407,-13.106214776240929
10,10_5,MW,5,7,4.0,-11.105539570077273,-11.898919462860217,-11.89993240570491,-12.772675940411228,-13.013819626976499
10,10_6,Focus,6,0,0.5,-11.198424945088686,-11.727350490390362,-11.923108432028473,-12.680633149769777,-13.181611769486183
10,10_6,Focus,6,1,1.0,-11.096426096275417,-11.829124262099949,-12.021923276207541,-12.580430487142817,-13.221257166116676
10,10_6,Focus,6,2,1.5,-11.094422342273738,-11.613952967802584,-11.28443358925542,-12.229118544910083,-13.112241965595166
10,10_6,Focus,6,3,2.0,-11.136662723849605,-11.85674937026417,-12.121029120353864,-12.588640077098297,-13.188530833828246
10,10_6,Focus,6,4,2.5,-11.366310045989998,-11.901894083308225,-12.067005974164644,-12.766744540373491,-13.301746986550576
10,10_6,Focus,6,5,3.0,-11.292751172819779,-11.698032822968015,-11.953522735535202,-12.806678639941738,-13.244679504704775
10,10_6,Focus,6,6,3.5,-11.238047279153518,-11.86854011177206,-12.223567513795524,-12.670254094350154,-13.252161859880166
10,10_6,Focus,6,7,4.0,-11.192969027874137,-11.929450879634663,-12.20318943295492,-12.638085389980636,-13.237316040449231
10,10_7,Focus,7,0,0.5,-11.098381593493755,-12.039349115811541,-12.090732888233747,-12.860206293404127,-13.163311809042886
10,10_7,Focus,7,1,1.0,-11.163397395460189,-12.040937117481766,-12.234101037153865,-12.791700173841718,-13.305040990362707
10,10_7,Focus,7,2,1.5,-11.240504500843372,-11.883254516295988,-12.217476638465607,-12.70376972736779,-13.354614140785042
10,10_7,Focus,7,3,2.0,-11.180957070686453,-11.886278148870156,-12.410043700118187,-12.802819563533387,-13.25991487647108
10,10_7,Focus,7,4,2.5,-11.402518328665506,-11.869832868398648,-12.1312944141914,-12.82047888203465,-13.224763770154016
10,10_7,Focus,7,5,3.0,-11.276182487535205,-12.054356503242957,-12.317341465760707,-12.770812892840107,-13.20106026930957
10,10_7,Focus,7,6,3.5,-11.390928429081052,-12.161326841570895,-12.359347847736068,-12.9221701115597,-13.290542719002303
10,10_7,Focus,7,7,4.0,-11.320462468513208,-11.759266803202765,-12.213388764966465,-12.792102457834188,-13.274451143215517
10,10_8,Focus,8,0,0.5,-10.708425800492192,-11.018067125633369,-10.885519633730885,-12.40372735684138,-13.142120600784986
10,10_8,Focus,8,1,1.0,-11.164759685419114,-11.761559352585445,-11.780389078393151,-12.521278744427791,-13.25752546816463
10,10_8,Focus,8,2,1.5,-11.14687670559307,-11.711642361141754,-11.766314032571579,-12.629428028549164,-13.342415112592642
10,10_8,Focus,8,3,2.0,-11.213738583944464,-11.753795047144383,-12.064404736722302,-12.601109098778585,-13.328934203708323
10,10_8,Focus,8,4,2.5,-11.147185342179151,-11.883607928483663,-12.053074112485197,-12.603946675620543,-13.353352724736759
10,10_8,Focus,8,5,3.0,-11.185748445458161,-11.9660279245585,-12.268097838309105,-12.738022572507067,-13.39540295989859
10,10_8,Focus,8,6,3.5,-11.246569732412118,-11.993893584219176,-12.091186356891525,-12.588525570301648,-13.471850576043092
10,10_8,Focus,8,7,4.0,-11.175314681780314,-11.895614378397733,-12.046313601558957,-12.505716500667228,-13.282436280113764
10,10_9,Focus,9,0,0.5,-11.142736712522447,-11.763347957098903,-11.225667559057323,-12.527680132676684,-13.191613877916952
10,10_9,Focus,9,1,1.0,-11.00074307670738,-11.142896086551996,-11.155922956784043,-12.431017971440099,-13.161247879322696
10,10_9,Focus,9,2,1.5,-11.262412866620062,-11.5744062510777,-11.40163371973927,-12.306390050269217,-13.323373989775462
10,10_9,Focus,9,3,2.0,-11.116701459988638,-11.483765707383851,-11.97281537438559,-12.639780225440916,-13.347450834334198
10,10_9,Focus,9,4,2.5,-11.068299332459201,-11.430652999940195,-11.80123210966452,-12.436683990094846,-12.708692444089676
10,10_9,Focus,9,5,3.0,-11.278793642340569,-11.761186259097261,-11.680626958725542,-12.627772145153125,-13.238363300422488
10,10_9,Focus,9,6,3.5,-11.256037759065968,-11.806799977299603,-12.231954734528642,-12.872687258614029,-13.269594640698378
10,10_9,Focus,9,7,4.0,-11.178855306476667,-11.911952565749441,-12.057403352295458,-12.578302570858508,-13.276750866782463
10,10_10,Focus,10,0,0.5,-11.157424301451027,-11.759543499870698,-12.308588146766038,-12.708963227906034,-13.136126443529792
10,10_10,Focus,10,1,1.0,-10.884341593445916,-11.99962452857765,-12.258142838928675,-12.858500357005147,-13.25960052918381
10,10_10,Focus,10,2,1.5,-11.09167023525507,-11.848923911051358,-12.18625896695709,-12.727218037513026,-13.287288862713854
10,10_10,Focus,10,3,2.0,-11.099537982074976,-11.777263862341147,-12.226386588068642,-12.938431176169763,-13.168375724728172
10,10_10,Focus,10,4,2.5,-11.099565979906773,-11.936683018045311,-12.404867094993493,-12.829020975717517,-13.199747985979311
10,10_10,Focus,10,5,3.0,-11.104804315555626,-11.915527876022232,-12.286405956347558,-12.85272746528604,-13.202300809471831
10,10_10,Focus,10,6,3.5,-11.271157768018327,-12.02045919586146,-12.359326996707367,-12.872929034639132,-13.27990799125057
10,10_10,Focus,10,7,4.0,-11.254391513411331,-12.01273133012102,-12.503377963400647,-12.790311529757187,-13.175991914314666
10,10_11,Focus,11,0,0.5,-11.206618064258157,-12.119689493891041,-12.292148053993023,-12.787281991996775,-13.28473389957029
10,10_11,Focus,11,1,1.0,-11.345751774533484,-11.917747795275995,-12.40645993045808,-12.851487717228332,-13.390981746372102
10,10_11,Focus,11,2,1.5,-11.217924462607368,-11.871679933017488,-12.28572560487925,-12.79259460203008,-13.344973867205416
10,10_11,Focus,11,3,2.0,-11.49403515040174,-11.992575847173683,-11.902381421570267,-12.803781160267121,-13.321774000568928
10,10_11,Focus,11,4,2.5,-11.23821482941095,-11.62467381529826,-12.19495781069637,-12.919891011928923,-13.424106069227902
10,10_11,Focus,11,5,3.0,-11.42329038039964,-11.790618252364352,-12.124234065717658,-12.867245788033143,-13.401019102546444
10,10_11,Focus,11,6,3.5,-11.353898861961321,-12.02584106409354,-12.203461915375977,-12.785507309704768,-13.314579114609655
10,10_11,Focus,11,7,4.0,-11.220933587010201,-11.973161411144659,-12.316456591877971,-12.85204740382454,-13.353883346896328
10,10_12,Focus,12,0,0.5,-11.076911471615794,-11.959369901624997,-12.12496452695093,-12.721732306075559,-13.16481750770315
10,10_12,Focus,12,1,1.0,-11.204311257796864,-12.000736779698368,-12.084553380633693,-12.599893391787544,-13.332452146895756
10,10_12,Focus,12,2,1.5,-11.194600902635147,-11.836028043177906,-12.156139503555988,-12.534636477731897,-12.861951819222494
10,10_12,Focus,12,3,2.0,-11.423548787463703,-11.94730600122243,-12.048621863391581,-12.712014850179052,-13.077992072312625
10,10_12,Focus,12,4,2.5,-11.322301624629823,-11.797445907376416,-12.252979021960623,-12.679892775353219,-13.284678664195004
10,10_12,Focus,12,5,3.0,-11.269952941909661,-11.979345992002491,-12.385639194763774,-12.789171020591336,-13.339791423777333
10,10_12,Focus,12,6,3.5,-11.220462795760627,-11.813321032116695,-11.994842751609262,-12.546405237209644,-13.22464820316467
10,10_12,Focus,12,7,4.0,-11.196370309617864,-11.839220763858352,-11.88948336000186,-12.752366697066917,-13.254021897234963
10,10_13,Focus,13,0,0.5,-11.023218671250465,-11.09053873185703,-11.086302662289908,-12.22386694412873,-13.286625011554534
10,10_13,Focus,13,1,1.0,-11.056117196222623,-11.603515654882823,-11.954789834699744,-12.561752452306495,-13.26186113787707
10,10_13,Focus,13,2,1.5,-10.982902559050654,-11.688178655524128,-12.17778250994525,-12.657441708532017,-13.244554392071564
10,10_13,Focus,13,3,2.0,-11.009764574177565,-11.856436132549586,-12.206352138720842,-12.626744958081995,-13.281440668372868
10,10_13,Focus,13,4,2.5,-11.146077847175354,-11.771699797703175,-12.087361224062484,-12.706812142581029,-13.196166598383282
10,10_13,Focus,13,5,3.0,-11.072556426014462,-11.978467984230477,-12.020915581729524,-12.797044420258848,-13.160433327849887
10,10_13,Focus,13,6,3.5,-11.137715065379076,-12.029800115812206,-12.079034201941933,-12.724514396530282,-13.218801248671143
10,10_13,Focus,13,7,4.0,-11.048441420015108,-11.617073152816788,-12.078174542059553,-12.82198386291464,-13.17277453655908
10,10_14,MW,14,0,0.5,-11.114610440666423,-12.072059194739577,-12.129023374625376,-12.607785543146955,-13.235474966923338
10,10_14,MW,14,1,1.0,-11.225807867740018,-12.049033032241573,-11.561715805667145,-12.778700976775987,-13.236417268097377
10,10_14,MW,14,2,1.5,-11.325757301326322,-11.971631479837777,-11.799436733205935,-12.434093320307198,-12.70958004120146
10,10_14,MW,14,3,2.0,-11.375657206112312,-12.000099486799524,-12.26105802384572,-12.721064052987176,-13.188896253282374
10,10_14,MW,14,4,2.5,-11.475116311575933,-11.862509329211107,-12.100289628706554,-12.617847989774322,-13.156140815036201
10,10_14,MW,14,5,3.0,-11.270601532898016,-12.15154680710498,-12.489826276184134,-12.766114200861624,-13.331658159304348
10,10_14,MW,14,6,3.5,-11.503583860193473,-12.050289461808234,-12.627809238431485,-12.666854165437899,-13.32213669800312
10,10_14,MW,14,7,4.0,-11.212342743651318,-11.94699107384313,-11.79614691343781,-12.458503726706567,-13.280901963845267
10,10_15,MW,15,0,0.5,-10.83015071953943,-11.71139304192491,-11.854507083861632,-12.564688055327073,-13.182922323517747
10,10_15,MW,15,1,1.0,-10.733768519415296,-11.804599074528527,-12.10966242422943,-12.578823507061587,-13.385102795821574
10,10_15,MW,15,2,1.5,-10.958707991511242,-11.732676807168867,-12.288386420111829,-12.730820268593513,-13.3648106251582
10,10_15,MW,15,3,2.0,-11.31830033959216,-11.849606972754813,-11.625924913575375,-12.530282763549565,-13.262105764894327
10,10_15,MW,15,4,2.5,-11.23014593311215,-11.795151492798414,-11.91887562485807,-12.589366907151572,-13.311973301012907
10,10_15,MW,15,5,3.0,-11.011883544105032,-11.888263240704585,-12.251293346041159,-12.680625509178888,-13.311122334495833
10,10_15,MW,15,6,3.5,-10.90089659323307,-11.954715775490055,-11.913762662794321,-12.431990354111926,-13.279454374111982
10,10_15,MW,15,7,4.0,-11.232219460662604,-11.817459111441057,-12.299833810478336,-12.545160378913746,-13.10951659702032
10,10_16,Focus,16,0,0.5,-11.334145153778024,-11.856317914396007,-12.218269982023797,-12.895480679012618,-13.316641687675244
10,10_16,Focus,16,1,1.0,-10.838923542365192,-11.772098539036863,-12.369203859633451,-12.825512755642581,-13.39232030954443
10,10_16,Focus,16,2,1.5,-11.160479770224393,-11.864459570636805,-12.050333523619907,-12.559815263272988,-13.156622663928596
10,10_16,Focus,16,3,2.0,-10.984938990874825,-11.75418545755777,-12.161492527505127,-12.548733869525208,-13.223911194259635
10,10_16,Focus,16,4,2.5,-11.001841319087937,-11.968818645952194,-12.01375131505888,-12.649851692468992,-13.25450457039465
10,10_16,Focus,16,5,3.0,-11.1472075508878,-11.826057783732741,-12.154557881284202,-12.650586193603376,-13.20632672608855
10,10_16,Focus,16,6,3.5,-10.905095347815433,-11.702145908821427,-11.553486871740954,-12.435586000687143,-13.239701982257218
10,10_16,Focus,16,7,4.0,-10.861375125916735,-11.602334068705893,-11.968337938159578,-12.598534143637604,-13.291470159400278
10,10_17,MW,17,0,0.5,-10.774605434633495,-12.161633285612943,-12.220094702800617,-12.550189403623275,-13.392913531732656
10,10_17,MW,17,1,1.0,-11.086060992601311,-11.921873287660379,-12.1633180753773,-12.635728631344698,-13.22668225062168
10,10_17,MW,17,2,1.5,-11.452365807951182,-11.910736616397186,-12.113096916594005,-12.84934196139355,-13.249570965321158
10,10_17,MW,17,3,2.0,-11.153230503320167,-12.142439792103756,-12.456475816184062,-12.724156872492133,-13.206773699234184
10,10_17,MW,17,4,2.5,-10.944327250408197,-11.920445556596167,-12.335131251139657,-12.835966335299647,-13.287824158854722
10,10_17,MW,17,5,3.0,-10.941948961472598,-11.87057043878534,-12.229237722807342,-12.83822731640291,-13.346223128877526
10,10_17,MW,17,6,3.5,-10.953272658431505,-12.165839550848325,-12.242082416856281,-12.699781608310062,-13.469245331385446
10,10_17,MW,17,7,4.0,-11.386374042349974,-11.930728504873208,-12.281293740780777,-12.504057673791216,-12.92954783089539
10,10_18,Focus,18,0,0.5,-11.291210323201465,-11.956336529876186,-12.230827766551034,-12.90765800277696,-13.351977333696878
10,10_18,Focus,18,1,1.0,-11.354901762160495,-11.80623590146597,-12.231769281374767,-12.91900651629424,-13.312171222886676
10,10_18,Focus,18,2,1.5,-11.337098149713151,-11.80184588072746,-12.429509410597515,-12.907213013098405,-13.37169415482904
10,10_18,Focus,18,3,2.0,-11.420338701850069,-11.848413367662912,-12.337093948160927,-12.883702917738631,-13.200632775038365
10,10_18,Focus,18,4,2.5,-11.41381265359906,-11.87469871315508,-12.370010167258789,-12.883687885047763,-13.455687712087215
10,10_18,Focus,18,5,3.0,-10.921960526822044,-11.833208636269235,-12.529559764832626,-12.874369952052488,-13.438400614855983
10,10_18,Focus,18,6,3.5,-11.122270187766718,-11.919136565237265,-12.223773891502967,-12.786165991893757,-13.391362809265836
10,10_18,Focus,18,7,4.0,-11.242217423072374,-11.982861476880888,-12.471907400732682,-12.918740475925391,-13.372804681416058
10,10_19,MW,19,0,0.5,-11.18722058138794,-12.040894726373061,-12.263759620761704,-12.496307497711776,-13.242619261764192
10,10_19,MW,19,1,1.0,-11.029396065193414,-12.05206349667086,-12.434945758748373,-12.613031644209078,-13.25808392508105
10,10_19,MW,19,2,1.5,-11.240140001749783,-11.728329395321273,-12.218556091963126,-12.58181636141993,-13.246930615873175
10,10_19,MW,19,3,2.0,-11.31288917818372,-11.847761015470441,-11.607274064229564,-12.537735567344612,-13.207332460725617
10,10_19,MW,19,4,2.5,-11.08865431615946,-11.767702692682871,-12.188878616775499,-12.589188280599716,-13.128374598660743
10,10_19,MW,19,5,3.0,-11.219121191759633,-12.017526227279648,-12.324252597879484,-12.80947451929102,-13.290255042322542
10,10_19,MW,19,6,3.5,-11.180671393546229,-11.877954333317406,-12.166532971844823,-12.78959074430918,-13.240891947289633
10,10_19,MW,19,7,4.0,-11.242354013587034,-12.158716334892246,-12.41204546798493,-12.77695876102904,-13.307608677017095
10,10_20,Focus,20,0,0.5,-11.155116666945858,-12.110243019588019,-12.025615541823933,-12.703871276465101,-13.371235663478936
10,10_20,Focus,20,1,1.0,-11.046873606618146,-12.091423223957152,-12.199103484386196,-12.583181386889734,-13.287209326386172
10,10_20,Focus,20,2,1.5,-11.374581068298193,-12.03817225503281,-12.445405999736748,-12.552843065423561,-13.37263636879712
10,10_20,Focus,20,3,2.0,-11.171722278663731,-11.860638074150891,-11.787337744932815,-12.539276849392794,-13.398738864321292
10,10_20,Focus,20,4,2.5,-10.947625258334519,-11.884417829834435,-12.04250397177921,-12.666517531347285,-13.37275360407541
10,10_20,Focus,20,5,3.0,-11.27652082840568,-11.867262982621765,-12.151049424699522,-12.784832765725792,-13.280532105077782
10,10_20,Focus,20,6,3.5,-11.121454651276874,-11.731177597435808,-11.600880490030784,-12.450895104765255,-13.372288557450155
10,10_20,Focus,20,7,4.0,-11.430416410967737,-11.904183026648504,-11.84248979007861,-12.626228173110425,-13.347600490591054
10,10_21,Focus,21,0,0.5,-11.186580324935212,-12.063735608350543,-12.329129483433388,-12.691662598433044,-13.099065184532565
10,10_21,Focus,21,1,1.0,-10.949878335675193,-11.828956472710871,-11.430590291795998,-12.37497204832279,-13.212351443705002
10,10_21,Focus,21,2,1.5,-11.153544839428141,-11.579075392296616,-11.601973712951756,-12.54983986549617,-13.162104319556976
10,10_21,Focus,21,3,2.0,-11.18451352048237,-11.905257494949193,-12.258100166819911,-12.670676827861588,-13.278453699714339
10,10_21,Focus,21,4,2.5,-11.314230076608208,-12.069496608973985,-11.834053279066326,-12.603904361447972,-13.252908271168264
10,10_21,Focus,21,5,3.0,-11.050729973103708,-12.063068264620252,-12.13836577252371,-12.707484096499021,-13.253640072510276
10,10_21,Focus,21,6,3.5,-11.458174191863959,-12.217144195338921,-12.284399037590726,-12.794947558310668,-13.21331481353634
10,10_21,Focus,21,7,4.0,-11.383655950885728,-11.921466739313365,-12.285845941630845,-12.800859946455319,-13.278219311616255
10,10_22,Focus,22,0,0.5,-11.065958941297316,-11.709346132525868,-11.885299763374435,-12.377293982940841,-12.696440421288495
10,10_22,Focus,22,1,1.0,-11.26716385747767,-11.909755449436025,-11.969704123819245,-12.77110255624083,-13.412686220375836
10,10_22,Focus,22,2,1.5,-10.935892133699612,-11.767595889520164,-12.108947559295276,-12.816627103240627,-13.394974708298022
10,10_22,Focus,22,3,2.0,-10.708056098699243,-11.864659415666557,-12.4710196920046,-12.820259495408548,-13.152209096261076
10,10_22,Focus,22,4,2.5,-11.11058331963961,-11.948846878009794,-12.201479959101215,-12.771742449407212,-13.341715641054021
10,10_22,Focus,22,5,3.0,-11.19238996729711,-11.967119781578374,-11.957129572586707,-12.504079621197919,-13.431258595685364
10,10_22,Focus,22,6,3.5,-11.245925873771567,-11.671780390298322,-12.294731842680001,-12.690755973340801,-13.427108467547903
10,10_22,Focus,22,7,4.0,-11.053614634218343,-12.161140787407893,-12.398127864356374,-12.794461115802509,-13.350629184187461
10,10_23,Focus,23,0,0.5,-11.134164459774858,-11.882919133584709,-11.951909289990047,-12.857656188284562,-13.274756243434625
10,10_23,Focus,23,1,1.0,-11.271687924143345,-11.854977271578282,-12.202039598864175,-12.766789502020215,-13.256473363647919
10,10_23,Focus,23,2,1.5,-11.173790816810241,-11.976076356782784,-12.230103063916523,-12.696016124509093,-13.29906099244909
10,10_23,Focus,23,3,2.0,-11.110733276855498,-11.927820654164837,-12.136151298529839,-12.711565349885987,-13.333580683574619
10,10_23,Focus,23,4,2.5,-11.078623068712897,-12.021046049152837,-12.22486841061959,-12.846392055116956,-13.209488837264995
10,10_23,Focus,23,5,3.0,-11.270383740252505,-12.025829962377427,-12.260776310384623,-12.78050231437524,-13.337516900402681
10,10_23,Focus,23,6,3.5,-11.18288424211847,-11.917317224972699,-11.814703470584448,-12.79756619307315,-13.36701182784436
10,10_23,Focus,23,7,4.0,-11.048782649855722,-11.921948262363466,-11.947678035207023,-12.685540969868141,-13.288276480260794
10,10_24,Focus,24,0,0.5,-11.029121049719503,-12.045117803606706,-12.571987957200818,-12.797161685564243,-13.483545004645226
10,10_24,Focus,24,1,1.0,-11.286388413928327,-11.747309903999131,-12.395260464201463,-12.93068676289516,-13.304756264331598
10,10_24,Focus,24,2,1.5,-11.181224617139218,-11.735546573698691,-12.14564911240173,-12.738928620943174,-13.395003428621116
10,10_24,Focus,24,3,2.0,-11.29674958234988,-11.893934567499379,-12.344740279275655,-12.726682592319818,-13.365090586843621
10,10_24,Focus,24,4,2.5,-11.163396651893814,-11.837708763386235,-12.261679682127676,-12.494965878076917,-13.322503132365915
10,10_24,Focus,24,5,3.0,-11.139107031665175,-11.580265800718356,-12.01160265439765,-12.618746875371635,-13.322459966499403
10,10_24,Focus,24,6,3.5,-11.278129927808665,-12.018028821471688,-11.882863486530239,-12.777571397352485,-13.146201063457138
10,10_24,Focus,24,7,4.0,-11.340966825540987,-12.11671051033107,-12.542842164893804,-12.912847923469466,-13.294015392029287
10,10_25,Focus,25,0,0.5,-10.900583761803384,-11.97124224259414,-12.25253747689292,-12.497127216202383,-13.231859322448678
10,10_25,Focus,25,1,1.0,-11.198665181863086,-12.01740667171124,-12.252282440452944,-12.957638732990965,-13.401672054446472
10,10_25,Focus,25,2,1.5,-11.051315325132723,-12.081819486140692,-12.259898093535435,-12.905546479718023,-13.32082848631232
10,10_25,Focus,25,3,2.0,-11.154552406393059,-11.856152506121209,-12.315301353022514,-12.816134928297737,-13.340929617760683
10,10_25,Focus,25,4,2.5,-10.859316236262668,-11.976692147700255,-12.162771245090848,-12.887487046326767,-13.319924982300897
10,10_25,Focus,25,5,3.0,-11.069678353280114,-12.002859565198865,-12.033532969872667,-12.838165530143108,-13.347628612791935
10,10_25,Focus,25,6,3.5,-11.002194105313256,-12.13372778000251,-12.115678587714015,-12.8117838960468,-13.420948730194546
10,10_25,Focus,25,7,4.0,-11.091430472079212,-11.948139393607278,-11.54176843905454,-12.524069695843412,-13.39350365211842
10,10_26,Focus,26,0,0.5,-11.217773572645868,-12.002052707650568,-12.17163324763067,-12.636110277388529,-13.212240210456333
10,10_26,Focus,26,1,1.0,-11.14060739092346,-12.015035928256466,-12.31325748909538,-12.67991657177777,-13.315111405145307
10,10_26,Focus,26,2,1.5,-11.102485405248382,-11.805211170832196,-12.260707815166322,-12.807973567524495,-13.345323366499358
10,10_26,Focus,26,3,2.0,-10.977396334854156,-11.916340606823447,-12.347055882187403,-12.840718670151823,-13.3474797338194
10,10_26,Focus,26,4,2.5,-11.254199822931765,-11.72948978276899,-11.308200803165189,-12.743871097937795,-13.421437511702935
10,10_26,Focus,26,5,3.0,-10.619001702075709,-11.543493442803364,-11.75606057467516,-12.675014538815947,-13.21769306442632
10,10_26,Focus,26,6,3.5,-10.866721487339412,-11.657127514822331,-11.99678880920292,-12.554246934774989,-13.25435958849341
10,10_26,Focus,26,7,4.0,-11.167320446560915,-11.42429341422817,-11.327119420246893,-12.58918495514789,-13.269991210969298
10,10_27,MW,27,0,0.5,-11.42317210650056,-12.009751350889871,-12.277710210533641,-12.854017548853264,-13.322582570749383
10,10_27,MW,27,1,1.0,-11.4865723055915,-12.039210439565423,-12.30903035372398,-12.937031033343693,-13.402979186838673
10,10_27,MW,27,2,1.5,-10.772709281126982,-11.6336351664398,-12.126099028614075,-12.771656020715081,-13.498574793254582
10,10_27,MW,27,3,2.0,-11.266282598667201,-11.999556515960181,-12.32387687395117,-12.89191540127804,-13.401256676814452
10,10_27,MW,27,4,2.5,-11.242881161291724,-11.863196544698269,-12.552952381870435,-12.899304675066412,-13.31844079083499
10,10_27,MW,27,5,3.0,-10.877876314747347,-11.803316706001668,-12.349520919620694,-12.825627014290763,-13.50641032824403
10,10_27,MW,27,6,3.5,-11.26113721392252,-11.892854594014448,-12.501627080483509,-12.778054151676287,-13.364424056759981
10,10_27,MW,27,7,4.0,-11.107269720803346,-12.153045749807804,-12.342207709283633,-12.79524226053899,-13.23024088062757
10,10_28,Focus,28,0,0.5,-11.012649701210261,-11.973583241396367,-12.241351543244303,-12.750222135176829,-13.168218719380226
10,10_28,Focus,28,1,1.0,-10.80300327636909,-12.080458289522747,-12.453897171879126,-12.761353893661497,-13.353499338840376
10,10_28,Focus,28,2,1.5,-11.301031037978282,-11.836961310417026,-12.269063589944091,-12.886418734395587,-13.398396781638896
10,10_28,Focus,28,3,2.0,-11.150801878462692,-12.107558829135193,-12.293830004163537,-12.767577803539599,-13.291780871677767
10,10_28,Focus,28,4,2.5,-11.154690149043915,-11.945732143514519,-12.411684553671886,-12.605564494706394,-13.403174730459746
10,10_28,Focus,28,5,3.0,-11.054102269921882,-11.864133949213107,-12.296964464128601,-12.730964560838256,-13.344398889522726
10,10_28,Focus,28,6,3.5,-11.277509527290096,-12.192507283921042,-12.499899737700243,-12.804652554002796,-13.331958884953448
10,10_28,Focus,28,7,4.0,-11.428398678364799,-11.866736645394816,-11.993290842041178,-12.644465220591885,-13.269106193050222
10,10_29,Focus,29,0,0.5,-11.008755243786565,-12.129520026524313,-12.470728653013913,-12.486177988705562,-12.385768051917566
10,10_29,Focus,29,1,1.0,-11.162415067462574,-12.076827601924082,-12.226786640408951,-12.500364248222974,-12.401953947911467
10,10_29,Focus,29,2,1.5,-10.977150436440144,-11.968297683499863,-12.39145095507393,-12.399396780515225,-12.500269482208877
10,10_29,Focus,29,3,2.0,-11.14059252493527,-12.00869821198999,-12.316524438723304,-12.151190768204545,-12.569041603538551
10,10_29,Focus,29,4,2.5,-11.036081712865872,-12.043086636910243,-11.68095533755122,-12.395172070141166,-12.605070659030504
10,10_29,Focus,29,5,3.0,-10.959044775350305,-11.757528233722704,-11.878849053259186,-12.442804205608658,-12.574790767247737
10,10_29,Focus,29,6,3.5,-11.265764821920788,-11.9115575102106,-12.071018863123218,-12.498823067454701,-12.689165672940984
10,10_29,Focus,29,7,4.0,-11.218938087776612,-11.85171312218981,-12.159868028941828,-12.582197141280886,-12.5596295791448
10,10_30,Focus,30,0,0.5,-11.304071174463747,-12.036822238248146,-12.129595532803997,-12.454336364877449,-12.371482060543224
10,10_30,Focus,30,1,1.0,-11.197139715708449,-11.967660119478376,-12.229100317183379,-12.368064135327922,-12.55433326699538
10,10_30,Focus,30,2,1.5,-10.87846184627898,-11.789590332640087,-11.370358541078627,-12.285739454764368,-12.448777893554007
10,10_30,Focus,30,3,2.0,-11.194236138946895,-11.906222845136757,-11.372745912137063,-12.30628095206556,-12.390246165713773
10,10_30,Focus,30,4,2.5,-11.43299232425927,-11.95474525315285,-11.788579024312487,-12.463293818799498,-12.461501501065268
10,10_30,Focus,30,5,3.0,-11.47045573238425,-12.064195383431397,-11.820193954815727,-12.217042681715855,-12.380236718560237
10,10_30,Focus,30,6,3.5,-11.238329483591846,-12.0954619713001,-12.325913517304096,-12.3402403155239,-12.30178607923705
10,10_30,Focus,30,7,4.0,-10.98401335275096,-11.681842896991332,-12.151127883815402,-12.202507765119002,-12.336669631067293
10,10_31,Focus,31,0,0.5,-11.457105830324899,-11.417439889110131,-11.52328499067803,-12.196925138496791,-12.138002731747573
10,10_31,Focus,31,1,1.0,-11.112948131489397,-11.409421418904817,-11.922265594090687,-12.374725684411784,-12.24934069534373
10,10_31,Focus,31,2,1.5,-11.386405445893542,-11.739493924926537,-12.186078706643578,-12.478445832036948,-12.328310037219138
10,10_31,Focus,31,3,2.0,-11.438504810814647,-11.91447995431251,-12.099422230322878,-12.467968910989514,-12.501134934669858
10,10_31,Focus,31,4,2.5,-11.364236878014394,-11.563707311719034,-11.730066151707303,-12.356011256479983,-12.496590081902585
10,10_31,Focus,31,5,3.0,-11.186189596478185,-11.4655599826907,-12.042572274330116,-12.400879866584907,-12.33285426316609
10,10_31,Focus,31,6,3.5,-11.231868773494766,-11.876184946423985,-12.307003945471306,-12.375966651701182,-12.422494137453137
10,10_31,Focus,31,7,4.0,-11.274300718729759,-11.851496391789112,-12.20517043492921,-12.375364131484416,-12.410247242297157
10,10_32,Focus,32,0,0.5,-11.225045412592511,-12.076051817972377,-12.137737893897961,-12.389242150811729,-12.273114395075432
10,10_32,Focus,32,1,1.0,-11.416119731994044,-11.987830521102538,-12.248687581504369,-12.247136012629216,-12.248126564045474
10,10_32,Focus,32,2,1.5,-11.287537384541482,-12.023565663141557,-12.259941786880862,-12.555679435791806,-12.474374584691482
10,10_32,Focus,32,3,2.0,-11.269371650871305,-11.98742863279228,-12.485131212339015,-12.254409027459674,-12.320032444041214
10,10_32,Focus,32,4,2.5,-11.178962229714859,-11.992837780683693,-12.243005491579808,-12.404421632458815,-12.424492868965196
10,10_32,Focus,32,5,3.0,-11.080063727246516,-11.862216282124075,-12.307442808901726,-12.300538034059326,-12.441243582185136
10,10_32,Focus,32,6,3.5,-11.25894314666207,-12.124029788796577,-12.718815660478079,-12.368028247587022,-12.399735697274863
10,10_32,Focus,32,7,4.0,-11.079327960670529,-11.90469059123956,-12.229884928202559,-12.317182381847845,-12.3989207738402
10,10_33,Focus,33,0,0.5,-11.065746790948532,-11.906196264792303,-12.381518316624916,-12.213781622010238,-12.523278210582465
10,10_33,Focus,33,1,1.0,-11.299373919866643,-11.826776473801237,-12.367253725878237,-12.404161999806291,-12.30204704161153
10,10_33,Focus,33,2,1.5,-11.38510330010465,-11.843279827188846,-11.95275831581644,-12.277781153453308,-12.383970462530339
10,10_33,Focus,33,3,2.0,-11.083772986596436,-11.876003726692142,-11.685611595870796,-12.158472046355618,-12.403878821032816
10,10_33,Focus,33,4,2.5,-11.18975310349001,-11.698181510596594,-11.477410345095288,-12.157349918122799,-12.489179998018939
10,10_33,Focus,33,5,3.0,-11.024950981341206,-11.837147812850922,-12.223918411703302,-12.186569785713196,-12.333358211444631
10,10_33,Focus,33,6,3.5,-11.105710978934152,-11.99384413879168,-12.043772470251431,-12.24598329264805,-12.390825345178502
10,10_33,Focus,33,7,4.0,-11.22090658707063,-11.92117698053825,-12.169508078455394,-12.339178248312097,-12.398791400547958
10,10_34,Focus,34,0,0.5,-10.759227739186,-10.894735182128667,-11.153624136137186,-12.078352827584874,-12.306274942826697
10,10_34,Focus,34,1,1.0,-11.117344086912514,-11.944895487561391,-12.188952394872507,-12.227032519852122,-12.462905943387941
10,10_34,Focus,34,2,1.5,-11.120655331055692,-11.936626327046003,-12.145552822158646,-12.268928510064276,-12.477409959070776
10,10_34,Focus,34,3,2.0,-11.202516940542912,-11.860390061575456,-12.025948456976218,-12.325921560596896,-12.545467181480324
10,10_34,Focus,34,4,2.5,-11.432003143849883,-11.909446091556411,-12.224250254422216,-12.28181990557897,-12.369021042402862
10,10_34,Focus,34,5,3.0,-11.000301403357213,-11.878117540906127,-11.979993017517785,-12.366030050750348,-12.362964596224751
10,10_34,Focus,34,6,3.5,-11.101592227162229,-11.97836660339196,-12.289310035008558,-12.477670551127396,-12.428634636499716
10,10_34,Focus,34,7,4.0,-11.199447844541858,-11.987659552697005,-12.363499804981807,-12.387991175530338,-12.28322899262538
10,10_35,Focus,35,0,0.5,-11.213376974780196,-11.857194080879115,-12.124996565902407,-12.299012700834457,-12.513620980498366
10,10_35,Focus,35,1,1.0,-11.347175916665206,-11.901717908303151,-11.489339828544969,-12.257131132614438,-12.377794808903612
10,10_35,Focus,35,2,1.5,-11.163082326380312,-11.8745317876535,-11.870619886131367,-12.220989879232368,-12.442341936366565
10,10_35,Focus,35,3,2.0,-11.107717158243588,-11.70826104589319,-11.514138885324021,-12.260875708393092,-12.32974287025262
10,10_35,Focus,35,4,2.5,-11.540978904249478,-12.144272303640639,-12.097590312024714,-12.34072074260842,-12.389033562540234
10,10_35,Focus,35,5,3.0,-11.313600053064345,-11.9506154629802,-12.443399325318211,-12.381007997445153,-12.337903905341143
10,10_35,Focus,35,6,3.5,-11.347479332451783,-11.812576758259958,-12.439526457866181,-12.345629882836736,-12.385130645533554
10,10_35,Focus,35,7,4.0,-11.213659861948143,-12.064522011600989,-12.212101431572828,-12.301951330248182,-12.483532017909617
10,10_36,Focus,36,0,0.5,-11.278973168184965,-11.337089757579053,-11.172372400627328,-12.105570651803077,-12.49944654945682
10,10_36,Focus,36,1,1.0,-11.366336960845674,-11.222323611124411,-11.213801216639093,-12.260348277687239,-12.766583464195916
10,10_36,Focus,36,2,1.5,-11.156596116717784,-11.591076337774815,-11.941293039955527,-12.36769909273934,-12.507602756377596
10,10_36,Focus,36,3,2.0,-11.169662904393011,-12.044399210314822,-12.269606530118196,-12.589766843212496,-12.70487495001772
10,10_36,Focus,36,4,2.5,-11.368538833008243,-11.969991262007479,-12.057586829040796,-12.513733717441642,-12.78626028284839
10,10_36,Focus,36,5,3.0,-11.174441859724553,-12.064935499786897,-12.32736726407363,-12.47257140471439,-12.672061247135492
10,10_36,Focus,36,6,3.5,-11.368243823483121,-11.74685912835165,-11.573906705341749,-12.404274505256206,-12.734924252650726
10,10_36,Focus,36,7,4.0,-11.10836117561491,-11.55219985220336,-11.841656559033883,-12.44540257092275,-12.687776516572615
10,10_37,Focus,37,0,0.5,-11.345167751144116,-11.936211213216774,-12.367814800678211,-12.566135640256567,-12.690581112383537
10,10_37,Focus,37,1,1.0,-11.391651613018002,-11.901212501822728,-12.136005390302099,-12.471078825883795,-12.610484048376602
10,10_37,Focus,37,2,1.5,-11.235029965118768,-12.048311465117655,-12.353813990156905,-12.556080393708141,-12.685959713340184
10,10_37,Focus,37,3,2.0,-11.340081567176092,-11.917026572124811,-12.34800667466602,-12.603344359567116,-12.686402206735217
10,10_37,Focus,37,4,2.5,-11.289506121947623,-12.02361826407759,-12.335987820325585,-12.588973029087269,-12.590662306530152
10,10_37,Focus,37,5,3.0,-11.261939052122113,-11.968854487259584,-12.174012323256589,-12.492225858655175,-12.693559258146434
10,10_37,Focus,37,6,3.5,-11.164315295344414,-11.86629419940881,-11.939992664791136,-12.273769456246377,-12.700093706230959
10,10_37,Focus,37,7,4.0,-11.070335493627633,-11.518548461402808,-11.158364472373444,-11.94318172096903,-12.632780236249536
10,10_38,Focus,38,0,0.5,-11.198071413707508,-12.006686934369412,-12.342071787906061,-12.737407763233612,-13.06101596622517
10,10_38,Focus,38,1,1.0,-11.281575970632954,-11.9687993655211,-12.437415579162694,-12.790445761095391,-13.274230344533741
10,10_38,Focus,38,2,1.5,-11.286528381620299,-11.921734850094547,-12.146347675126412,-12.776049557271639,-13.14260512739201
10,10_38,Focus,38,3,2.0,-11.3584451669576,-12.022482919702258,-12.306250771701334,-12.779490175687164,-13.1931885482887
10,10_38,Focus,38,4,2.5,-10.825273343084994,-11.79522066275878,-12.421128567971873,-12.744308126378852,-13.151484623106905
10,10_38,Focus,38,5,3.0,-10.42944984927775,-11.736382753275144,-12.093781295774042,-12.477700865396834,-13.123301877569903
10,10_38,Focus,38,6,3.5,-10.837392511290524,-11.803141214109024,-11.141736431757751,-12.154208271674602,-12.973386892974705
10,10_38,Focus,38,7,4.0,-11.080573248602708,-11.97229784959211,-11.224566261475294,-12.290122420698049,-13.055567681334164
10,10_39,Focus,39,0,0.5,-11.243850899789098,-11.974186109940696,-12.369092346329,-12.679074868100725,-13.113935417315073
10,10_39,Focus,39,1,1.0,-11.535707329269151,-11.992986584705065,-12.09683931234295,-12.647719984422071,-13.174850358774998
10,10_39,Focus,39,2,1.5,-11.499241907557515,-12.033972843851613,-12.024099925840078,-12.851583990331633,-13.153033727550781
10,10_39,Focus,39,3,2.0,-11.332745616793273,-11.878302893155732,-11.803139675323148,-12.669262826943905,-13.053316244009519
10,10_39,Focus,39,4,2.5,-11.56428467145568,-11.900028038907791,-11.829533229861386,-12.730008559855248,-13.178470239920596
10,10_39,Focus,39,5,3.0,-11.423373853178076,-12.035169048009022,-12.418551115667832,-12.815752359920122,-13.083920208946008
10,10_39,Focus,39,6,3.5,-11.457570410126912,-12.085044679654645,-12.312311463737352,-12.873294830631512,-13.246578394403203
10,10_39,Focus,39,7,4.0,-11.434037220037998,-11.843674342578137,-12.288372262689755,-12.724381520735456,-13.167180415665264
11,11_0,Focus,0,0,0.5,-11.931638377986417,-12.501310818744178,-11.777517230386165,-12.3966869506855,-12.563844079392723
11,11_0,Focus,0,1,1.0,-11.676165995553365,-12.329863066752166,-11.876679293527493,-12.333036898217811,-12.505770905876028
11,11_0,Focus,0,2,1.5,-11.675864323916137,-12.436361814181957,-12.109813453181918,-12.292329070014324,-12.508869863867279
11,11_0,Focus,0,3,2.0,-11.662488255702065,-12.14601280099028,-12.115403384673847,-12.26535065060971,-12.58338795911902
11,11_0,Focus,0,4,2.5,-11.476260894835928,-12.169194496206712,-11.91306775919772,-12.240765645478866,-12.4954692579261
11,11_0,Focus,0,5,3.0,-11.203413105482795,-12.03756333324201,-12.171816441411021,-12.229490631561394,-12.61938862593063
11,11_0,Focus,0,6,3.5,-11.384158383329899,-12.17641623349585,-12.00223816840658,-12.499615686098833,-12.581724434553733
11,11_0,Focus,0,7,4.0,-11.42795172132838,-12.108016888490068,-12.099678575567781,-12.394303331104545,-12.499758787342508
11,11_1,Focus,1,0,0.5,-11.946743572993162,-12.419159779826284,-12.773071245925761,-12.481520109950573,-12.835861123653414
11,11_1,Focus,1,1,1.0,-11.663302310702315,-12.36851612791242,-12.376323250149865,-12.30247189723498,-12.839201642286849
11,11_1,Focus,1,2,1.5,-11.704342546398058,-12.611643350288825,-12.508649225033135,-12.465787794307943,-12.81830346163305
11,11_1,Focus,1,3,2.0,-11.575860575733257,-12.412678419946396,-11.977154959951266,-12.343250529177872,-12.771578441805037
11,11_1,Focus,1,4,2.5,-11.723965262276884,-12.23499703033018,-12.020862753800426,-12.345966837451943,-12.81177783355561
11,11_1,Focus,1,5,3.0,-11.715680673985567,-12.410006067674887,-11.941153614644165,-12.484854689681418,-12.805534428775763
11,11_1,Focus,1,6,3.5,-11.839987741679144,-12.282430571425481,-12.378334458518948,-12.370445227463204,-12.83667444142207
11,11_1,Focus,1,7,4.0,-11.710462075023068,-12.296804093597721,-11.691089559281675,-12.363132911479212,-12.798322082073707
11,11_2,MW,2,0,0.5,-11.516296816752073,-12.155042732402976,-12.413083725239018,-12.779395695298195,-12.93594672143406
11,11_2,MW,2,1,1.0,-11.594059034705895,-11.915640674421784,-12.388023050628036,-12.772894552458098,-13.03252310082955
11,11_2,MW,2,2,1.5,-11.47048460665532,-12.008030176311514,-12.562669102310354,-12.801657541225927,-12.959279440521392
11,11_2,MW,2,3,2.0,-11.678188422076554,-12.23002785222942,-12.34136943746468,-12.643083719670846,-12.93156626442307
11,11_2,MW,2,4,2.5,-11.88483751971219,-12.273950994537193,-12.58824385848671,-12.468690501585625,-12.95711663048322
11,11_2,MW,2,5,3.0,-11.819747694720473,-12.307983758406989,-12.287302839761413,-12.504248541350817,-12.825907859461422
11,11_2,MW,2,6,3.5,-11.201823525506311,-11.860083690182854,-12.431534256288412,-12.682068616144669,-13.047371613996159
11,11_2,MW,2,7,4.0,-11.528033924986968,-12.137278417379358,-12.502564297701138,-12.68775325807433,-12.997610560412646
11,11_3,Focus,3,0,0.5,-11.456750829643358,-11.93555486464927,-12.603916114147516,-12.711131470490187,-13.03284565953859
11,11_3,Focus,3,1,1.0,-11.581126586452484,-11.921761489856115,-12.670311244778436,-12.806583896877584,-13.031273625807128
11,11_3,Focus,3,2,1.5,-11.555178228545092,-12.066598779660067,-12.190176490770753,-12.587866949162908,-12.927151761569345
11,11_3,Focus,3,3,2.0,-11.537747038765316,-12.169908267703612,-12.272364542330758,-12.44292098622611,-12.94983112425597
11,11_3,Focus,3,4,2.5,-11.60201831657374,-12.190797806435086,-12.287213002110434,-12.479752013631465,-12.967883369036542
11,11_3,Focus,3,5,3.0,-11.730726732354901,-11.950115877164624,-12.348835813533633,-12.64399538500507,-12.967963466966092
11,11_3,Focus,3,6,3.5,-11.661516807959728,-11.917292413578604,-12.472065415052977,-12.759954593363236,-12.970231769046741
11,11_3,Focus,3,7,4.0,-11.547460759854687,-12.02532610523159,-12.374007015959625,-12.78445863367005,-13.063240385516169
11,11_4,Focus,4,0,0.5,-11.695727068739851,-12.10939414597825,-12.434313784908808,-12.369189350303675,-12.766548065496496
11,11_4,Focus,4,1,1.0,-11.605199865184673,-12.407701881370036,-12.578720413268838,-12.4285838118046,-12.672595032714291
11,11_4,Focus,4,2,1.5,-11.801363393594064,-12.404955259770981,-12.82009777450003,-12.434292545294523,-12.767912270677092
11,11_4,Focus,4,3,2.0,-11.76109041036756,-12.366245211585236,-12.063459436743939,-12.225916427949368,-12.679777570171874
11,11_4,Focus,4,4,2.5,-11.766239680736577,-12.363880906851234,-11.946149673725136,-12.367751143355173,-12.732590480695396
11,11_4,Focus,4,5,3.0,-11.72866145918448,-12.518618392823441,-11.887841401502849,-12.293174980970418,-12.651880140259063
11,11_4,Focus,4,6,3.5,-11.987937557687985,-12.48185486911505,-12.398084337654366,-12.197307797211696,-12.728138204792739
11,11_4,Focus,4,7,4.0,-11.468836458201842,-12.31338040561112,-12.306098434543449,-12.487245751790576,-12.742795232155517
11,11_5,MW,5,0,0.5,-11.548465378796013,-12.037575329470258,-12.464632849287975,-12.650284203385874,-12.864694074490696
11,11_5,MW,5,1,1.0,-11.797745128303264,-12.342065731057012,-12.239794123739989,-12.239739694103232,-12.911172497545504
11,11_5,MW,5,2,1.5,-11.385240166238741,-12.054801005747413,-12.467681528957561,-12.425686814769588,-12.84780644399897
11,11_5,MW,5,3,2.0,-11.488283871103377,-12.277504089528643,-12.238377338552775,-12.24034310686504,-12.848140973260708
11,11_5,MW,5,4,2.5,-11.435557756430422,-12.53660797769845,-11.881846879358514,-12.289063649287206,-12.871903241193095
11,11_5,MW,5,5,3.0,-11.84314159024936,-12.418803784534575,-11.907368513606714,-12.21270912424576,-12.821575668446998
11,11_5,MW,5,6,3.5,-11.675232137316103,-12.37526924282574,-12.212133891149843,-12.527402730405923,-12.892531143961477
11,11_5,MW,5,7,4.0,-11.729844801404475,-12.167887063733128,-12.07916467974348,-12.682194806397616,-12.806367008239114
11,11_6,MW,6,0,0.5,-11.6839850260371,-12.447262732784266,-12.515725921781055,-12.350133058770664,-13.062385301690489
11,11_6,MW,6,1,1.0,-11.902496389086457,-12.52106927382626,-12.429723582406979,-12.543291084430402,-12.944280092495562
11,11_6,MW,6,2,1.5,-11.59856340376642,-12.384134130798802,-12.44849316383418,-12.311515219647855,-12.951168927179598
11,11_6,MW,6,3,2.0,-11.623193245615433,-12.315812545717614,-12.147846922700365,-12.59009754741688,-12.942315281629
11,11_6,MW,6,4,2.5,-11.605236945781558,-12.10469084250975,-12.36358265053126,-12.756960132800712,-12.995841592098676
11,11_6,MW,6,5,3.0,-11.578949977120956,-11.92266792680629,-12.326146313551561,-12.68770558780535,-13.13092831442538
11,11_6,MW,6,6,3.5,-11.656299887008284,-12.074581484474226,-12.553908401722264,-12.712387783501855,-12.96593107575932
11,11_6,MW,6,7,4.0,-11.827448533070196,-12.209043175902984,-12.616510371610085,-12.718980554516682,-12.972323688057232
11,11_7,MW,7,0,0.5,-11.676477631484689,-11.868284950093312,-12.356319255150447,-12.819843219167264,-13.058008585602598
11,11_7,MW,7,1,1.0,-11.619127055602029,-12.225320833761636,-12.662924362892346,-12.770993005579767,-12.964198858559135
11,11_7,MW,7,2,1.5,-11.33649323665751,-11.861028761501402,-12.276301263514156,-12.659545298398726,-12.975061476983083
11,11_7,MW,7,3,2.0,-11.77776028253604,-12.279327121358678,-12.347522768298093,-12.318249791881014,-13.002391184547328
11,11_7,MW,7,4,2.5,-11.512374511154228,-12.111987948577806,-12.845434620142468,-12.490526740477913,-12.979889102978314
11,11_7,MW,7,5,3.0,-11.981513804470916,-12.334283727473952,-12.314563830808178,-12.650468573533717,-13.080489891759493
11,11_7,MW,7,6,3.5,-11.429993641907092,-12.085661850356633,-12.418592065776297,-12.70127663483184,-13.031190121539456
11,11_7,MW,7,7,4.0,-11.63563238521264,-12.112848418495608,-12.43082236535287,-12.928605604073958,-13.022269849659521
11,11_8,Focus,8,0,0.5,-11.521118878672734,-12.015323247577092,-12.556408204606317,-12.455418992749998,-13.093069924792285
11,11_8,Focus,8,1,1.0,-11.71426319755017,-11.999391060253298,-12.312692490860362,-12.476209148272673,-12.952238494955857
11,11_8,Focus,8,2,1.5,-11.816908624507047,-12.250701384334473,-12.568419236678254,-12.412020952458233,-13.01160063231103
11,11_8,Focus,8,3,2.0,-11.684828707366533,-12.46701255933169,-12.553788421170518,-12.509167952918702,-12.967443099560901
11,11_8,Focus,8,4,2.5,-11.569105930675295,-12.189285313882124,-12.729461345025861,-12.636642346356634,-13.08987489724593
11,11_8,Focus,8,5,3.0,-11.664533203778387,-12.206497468175966,-12.443883555696157,-12.779500143736177,-13.039923700079152
11,11_8,Focus,8,6,3.5,-11.193604325351755,-12.25311929829899,-12.29199668179281,-12.577071399430219,-12.949430148166986
11,11_8,Focus,8,7,4.0,-11.207232797484398,-12.061106071105748,-12.697202041503864,-12.405749340715598,-13.018842688755258
11,11_9,MW,9,0,0.5,-12.007988343494608,-12.535836751619039,-12.404065790528527,-12.370830402458017,-12.944675479745666
11,11_9,MW,9,1,1.0,-11.33359773859446,-12.151975073748,-12.27316975766506,-12.455661734220826,-13.055748005366096
11,11_9,MW,9,2,1.5,-11.62521645209244,-12.092065196648313,-12.416102490541562,-12.600479267210963,-12.891951168243859
11,11_9,MW,9,3,2.0,-11.495496936082999,-12.128968660783244,-12.3141595133515,-12.61764506110628,-13.040084518152556
11,11_9,MW,9,4,2.5,-11.471959485416757,-12.134317979235895,-12.495960597967596,-12.715109387222796,-13.105317915749268
11,11_9,MW,9,5,3.0,-11.43518157215572,-12.012309302426345,-12.638960379645686,-12.725047025789321,-12.976680893482426
11,11_9,MW,9,6,3.5,-11.850089873697938,-11.948168031856868,-12.409602228282418,-12.687218865099368,-13.158217745118067
11,11_9,MW,9,7,4.0,-11.798061865886211,-12.089552638742768,-12.367844082239854,-12.832761099991714,-13.085370157977342
11,11_10,MW,10,0,0.5,-11.661033361161387,-12.27099041436279,-12.241656253195663,-12.23566403119627,-12.93655658310991
11,11_10,MW,10,1,1.0,-11.800649107749244,-12.283328896688886,-12.311936563437413,-12.626871449844527,-12.966287496137443
11,11_10,MW,10,2,1.5,-11.76657873648714,-12.0151676712864,-12.246024650528563,-12.33751986554778,-12.82642381036777
11,11_10,MW,10,3,2.0,-11.686996825056495,-12.19099990868707,-12.726113834587197,-12.636825853803792,-13.091930371251332
11,11_10,MW,10,4,2.5,-11.688449390194636,-12.154855510288858,-12.435918352875099,-12.371484622565875,-12.966721431084823
11,11_10,MW,10,5,3.0,-11.372585514848549,-12.005013889278473,-12.428063862557055,-12.814236976529441,-12.863451393045164
11,11_10,MW,10,6,3.5,-11.465235263149225,-12.068904608141677,-12.236130636949337,-12.639473058681517,-12.920537579692992
11,11_10,MW,10,7,4.0,-11.856999754677346,-12.093152994159711,-12.685384952202371,-12.625433497408864,-12.925624698860313
11,11_11,Focus,11,0,0.5,-11.573806928358502,-12.403119659641721,-12.115481433829183,-12.319209968615615,-13.00714699853338
11,11_11,Focus,11,1,1.0,-11.637767309210782,-12.416129396257945,-11.763946375733308,-12.331749984104086,-13.072191774068388
11,11_11,Focus,11,2,1.5,-11.651129794595722,-12.338577105462333,-11.623183481533268,-12.147406495216831,-12.970365428349671
11,11_11,Focus,11,3,2.0,-11.663392493377085,-12.55910498652478,-11.768651780456178,-12.235325620524442,-12.919993911944568
11,11_11,Focus,11,4,2.5,-11.716783913875263,-12.26006955350884,-11.677234843384827,-12.400538199057124,-12.97901578075202
11,11_11,Focus,11,5,3.0,-11.775117076281518,-12.360585291890127,-11.729756567028092,-12.437666902066542,-12.984786142285895
11,11_11,Focus,11,6,3.5,-11.898539697268937,-12.33298870181754,-11.843154727274143,-12.446146898325935,-13.00216151464297
11,11_11,Focus,11,7,4.0,-12.107251917371833,-12.210235959626388,-11.98595187517398,-12.528936118362287,-13.00361213124044
11,11_12,Focus,12,0,0.5,-11.409837334500859,-12.093777549309605,-12.295026389619302,-12.594219564732851,-12.971113037082182
11,11_12,Focus,12,1,1.0,-11.583970256547321,-12.038158918838828,-12.428553324340724,-12.592024218569465,-12.926665628699894
11,11_12,Focus,12,2,1.5,-11.769052914483545,-12.332154892520512,-12.653184068772568,-12.60804096586449,-12.963301571948547
11,11_12,Focus,12,3,2.0,-11.102747229352852,-11.904482840558842,-12.080591786886943,-12.607164458511365,-12.791781620166663
11,11_12,Focus,12,4,2.5,-11.565826314866154,-12.264470881922925,-11.756409172031681,-12.294437724405004,-12.855187596421175
11,11_12,Focus,12,5,3.0,-11.386448304135378,-12.373111935912192,-12.021958121932178,-12.300522659541013,-12.827791611028518
11,11_12,Focus,12,6,3.5,-11.487870779449928,-12.440834840291334,-12.336117899984258,-12.428003767662934,-12.897700845761516
11,11_12,Focus,12,7,4.0,-11.609116345130262,-12.262128580499281,-11.891794050050084,-12.280600293680743,-12.814206941509283
11,11_13,MW,13,0,0.5,-11.533310989781201,-12.304915242489276,-12.352289373859392,-12.47926938464802,-12.983663699631515
11,11_13,MW,13,1,1.0,-11.650359759507921,-12.259650634747421,-12.35485706091788,-12.515337606226506,-12.962837942595607
11,11_13,MW,13,2,1.5,-11.440444983355558,-12.14648692976273,-12.506739930228747,-12.573791869608968,-13.000224930041632
11,11_13,MW,13,3,2.0,-11.185493485095217,-11.919999003322538,-12.268138171624903,-12.657866390924916,-13.007738874231173
11,11_13,MW,13,4,2.5,-11.467298344884366,-11.819252248848551,-12.66038234255512,-12.594294323163748,-12.970589910311764
11,11_13,MW,13,5,3.0,-11.754711284721655,-12.047174424550393,-12.281023166798006,-12.30417898355875,-12.92663689956635
11,11_13,MW,13,6,3.5,-11.529397855918118,-11.869698659408543,-12.227158452469123,-12.685966271734893,-12.896939375268596
11,11_13,MW,13,7,4.0,-11.424062379956764,-12.023828355458573,-12.478536415145669,-12.788094485667795,-12.976221184635541
11,11_14,MW,14,0,0.5,-11.539220877267585,-11.746428147936088,-11.992032334149478,-12.555663973136015,-12.976031006210116
11,11_14,MW,14,1,1.0,-11.608710953087177,-11.643670272117605,-12.277245280826378,-12.811432557037373,-13.010334333162513
11,11_14,MW,14,2,1.5,-11.428805729533215,-11.693629450686158,-12.17246074528426,-12.76475063795359,-13.060069520026342
11,11_14,MW,14,3,2.0,-11.142377871828359,-11.6894371693133,-12.252677735564228,-12.610758656294045,-12.927730748779837
11,11_14,MW,14,4,2.5,-11.917353626031723,-12.238117667351512,-12.213288307750275,-12.222428787510033,-12.82428718755409
11,11_14,MW,14,5,3.0,-11.38976570447965,-12.270972290834361,-12.268531987476873,-12.362340669031235,-12.93343188779416
11,11_14,MW,14,6,3.5,-11.2763300666839,-11.921154456776243,-12.423819859399176,-12.464413863628875,-13.049006227675578
11,11_14,MW,14,7,4.0,-11.754281955554797,-12.186971525773695,-12.657361040161703,-12.599895720740403,-12.93044115518075
11,11_15,MW,15,0,0.5,-11.43013463429276,-12.06470336706193,-12.143284757082512,-12.512089753881966,-13.09044732636394
11,11_15,MW,15,1,1.0,-11.756207688935227,-11.995261346418312,-12.388697319113083,-12.795780939650271,-13.11710711269387
11,11_15,MW,15,2,1.5,-11.713689318657295,-12.062975056259956,-12.272302967585903,-12.75759445748339,-13.135568991258264
11,11_15,MW,15,3,2.0,-11.656069195705841,-12.090650366933001,-12.633228982925374,-12.656886206971237,-13.03248236587112
11,11_15,MW,15,4,2.5,-11.7071831416845,-11.817755091976867,-12.487511829528525,-12.651403294855172,-13.029244411302308
11,11_15,MW,15,5,3.0,-11.479227385659652,-12.105366590820514,-12.41802995406194,-12.790385777997551,-13.121983856041167
11,11_15,MW,15,6,3.5,-11.72352244725962,-11.949358529272313,-12.33363870948193,-12.753615853037973,-12.977546383253502
11,11_15,MW,15,7,4.0,-11.439437149977886,-11.836692119841628,-12.232308382331604,-12.700949532052968,-13.097400250055234
11,11_16,MW,16,0,0.5,-11.676848185667952,-12.356127238104186,-12.462088602597488,-12.708094700537004,-13.22119713316678
11,11_16,MW,16,1,1.0,-11.65848282036033,-12.141154610711803,-12.488007595219836,-12.81082118502918,-13.016215159426999
11,11_16,MW,16,2,1.5,-11.233424745765486,-11.734976158408896,-12.367297690024943,-12.761468233918153,-13.039543405216852
11,11_16,MW,16,3,2.0,-11.419991385833296,-12.15073229732507,-12.504557022647212,-12.501665425796308,-13.045489843003233
11,11_16,MW,16,4,2.5,-11.109538680968317,-11.937648762911438,-12.5151495903753,-12.472567383859605,-13.160355945260095
11,11_16,MW,16,5,3.0,-11.689725599531016,-12.232243610237058,-12.325733890101324,-12.4165516372753,-13.080658191092027
11,11_16,MW,16,6,3.5,-11.21590991468401,-12.155734570562979,-12.490646623237094,-12.334471708187449,-13.037662197009386
11,11_16,MW,16,7,4.0,-11.161025151114716,-12.290383999603558,-12.074567712168745,-12.266669826760308,-13.055678066555073
11,11_17,Focus,17,0,0.5,-11.729182380239086,-12.10348009437449,-12.447984775506448,-12.676169805298517,-12.936989267037974
11,11_17,Focus,17,1,1.0,-11.626323843465604,-12.19566460236815,-12.578369521265381,-12.66825299624382,-12.934645670871381
11,11_17,Focus,17,2,1.5,-11.67827037407307,-12.375073126938569,-12.682274938663536,-12.76409740191009,-12.813281792895811
11,11_17,Focus,17,3,2.0,-11.317969713405576,-12.193399813897067,-12.46783683752421,-12.644977890371294,-12.944026910782037
11,11_17,Focus,17,4,2.5,-11.343547943680141,-11.98297299223339,-12.694587027233425,-12.656896146544359,-12.916220797407188
11,11_17,Focus,17,5,3.0,-11.440738478476772,-12.096521281013576,-12.507736848733487,-12.763738819257581,-12.846066387586523
11,11_17,Focus,17,6,3.5,-11.763639118283121,-11.912007730406561,-12.161673407599107,-12.679092550315927,-12.87387547336117
11,11_17,Focus,17,7,4.0,-11.613893231046225,-12.059560677701231,-12.42429434769475,-12.684417929036277,-12.880799003408494
11,11_18,Focus,18,0,0.5,-11.55751283451819,-12.070122844743025,-12.335324397315643,-12.604550841751125,-12.861477743899352
11,11_18,Focus,18,1,1.0,-11.471570766760836,-12.207732027074123,-12.44431790600876,-12.750363609765785,-12.771718564091492
11,11_18,Focus,18,2,1.5,-11.649895246352088,-12.280908641122418,-12.606703974472197,-12.687735266929401,-12.93697393299852
11,11_18,Focus,18,3,2.0,-11.24178008319198,-11.570519083657178,-12.123891313689997,-12.621245363099739,-12.886850825834394
11,11_18,Focus,18,4,2.5,-10.912337160283732,-11.528649831069691,-12.280964981833296,-12.718829890473376,-12.944165974460256
11,11_18,Focus,18,5,3.0,-10.980216079460327,-11.930207768216597,-12.588341127829205,-12.824482918018713,-12.998402868830334
11,11_18,Focus,18,6,3.5,-11.369614082801279,-11.916794008473788,-12.205421118671024,-12.626903454400495,-12.869611114746732
11,11_18,Focus,18,7,4.0,-11.353641105245625,-11.83769934946562,-12.403670383072695,-12.400831571396981,-12.866247887850408
11,11_19,MW,19,0,0.5,-11.633087477430301,-12.198581176265394,-12.570276560356211,-12.691089721635862,-12.923709130734142
11,11_19,MW,19,1,1.0,-11.85538405849683,-12.126801981271633,-12.518105755229254,-12.670766126656847,-12.880862129457807
11,11_19,MW,19,2,1.5,-11.760301526390792,-12.101680229282193,-12.264559982025233,-12.67979471992737,-12.925820513231502
11,11_19,MW,19,3,2.0,-11.47677450449465,-12.112932087221616,-12.107351955590124,-12.811431136962304,-12.908392562032915
11,11_19,MW,19,4,2.5,-11.067307315282548,-11.84341713383419,-12.408573919866992,-12.641237013101534,-12.876203565032394
11,11_19,MW,19,5,3.0,-10.90879082369919,-12.200548258549167,-12.190391951083802,-12.4090717441663,-12.799991748429665
11,11_19,MW,19,6,3.5,-11.619639081875508,-12.136384394970205,-11.891753836487366,-12.210803783277749,-12.770990703762209
11,11_19,MW,19,7,4.0,-11.689847516478578,-12.344924228762016,-11.89842019813317,-12.28478403014379,-12.839001678343108
11,11_20,MW,20,0,0.5,-11.257154658042484,-11.615482368202889,-12.247150731798412,-12.739486681093027,-13.063457985265533
11,11_20,MW,20,1,1.0,-11.465099171269019,-11.990257918572121,-12.38233052948166,-12.949573427215046,-13.118068525749244
11,11_20,MW,20,2,1.5,-11.23705404942223,-11.76702176071115,-12.327297238581858,-12.790013226745444,-12.97906659189501
11,11_20,MW,20,3,2.0,-10.93175752963311,-11.28752752227324,-11.99038286857587,-12.729653413374042,-12.95690370078567
11,11_20,MW,20,4,2.5,-11.06922931902763,-11.618807385397783,-11.924504517365481,-12.321803282961538,-12.910640261397187
11,11_20,MW,20,5,3.0,-11.47527514875095,-11.8863954729089,-11.990822324396479,-12.293263422037233,-12.911688950532266
11,11_20,MW,20,6,3.5,-11.6673670346046,-12.028268299477052,-12.215880341187487,-12.459703047377866,-13.008314131729138
11,11_20,MW,20,7,4.0,-11.62328744590982,-11.9810373420342,-12.293912501236083,-12.650680981856507,-13.013587491844843
11,11_21,MW,21,0,0.5,-11.244061677270677,-12.198387004665443,-12.586244029621271,-12.594492143362984,-13.092656053616377
11,11_21,MW,21,1,1.0,-11.287938072843424,-11.887360342954526,-12.27087916634063,-12.678396018451341,-12.958523115101563
11,11_21,MW,21,2,1.5,-11.393495993862269,-11.792246082404601,-12.08464559748484,-12.841875037007703,-13.121907728680997
11,11_21,MW,21,3,2.0,-11.390314019986306,-11.664951054238932,-12.458505534712046,-12.557807958939213,-13.013123586456327
11,11_21,MW,21,4,2.5,-11.392393119960554,-12.016611327144231,-12.34157112635187,-12.711067535421973,-13.087651572506914
11,11_21,MW,21,5,3.0,-11.309476025769602,-11.695699432100094,-11.862965226255136,-12.751159567693053,-13.071217414785798
11,11_21,MW,21,6,3.5,-11.504620706416903,-11.912865978173956,-12.222841140756028,-12.446462989192579,-12.964435083946796
11,11_21,MW,21,7,4.0,-11.542834634610708,-11.950945130024733,-12.203664624819618,-12.334043940434576,-12.967752501311756
11,11_22,MW,22,0,0.5,-11.439264623199549,-11.386988184217916,-12.213312779661806,-12.607074242348501,-13.02136111916666
11,11_22,MW,22,1,1.0,-10.774843006537607,-11.48235172856983,-11.984194426392735,-12.681317463363778,-13.016847169691951
11,11_22,MW,22,2,1.5,-11.066079546210798,-11.63444154397598,-12.119354223900164,-12.802136352292473,-13.07942874543009
11,11_22,MW,22,3,2.0,-11.030123527396178,-11.36988343222535,-12.206126800577872,-12.602658574384028,-13.000629756707955
11,11_22,MW,22,4,2.5,-10.929225227153625,-11.456315310270108,-12.00070805089583,-12.726705918427161,-12.97829640976337
11,11_22,MW,22,5,3.0,-11.284414932675796,-11.678544936952377,-12.27369662871759,-12.604565727071765,-12.97473569965974
11,11_22,MW,22,6,3.5,-11.535740902750286,-11.756302438304614,-12.51857680237297,-12.61568052061038,-12.966384535842776
11,11_22,MW,22,7,4.0,-11.602392990241569,-11.98637006249013,-12.336356831226514,-12.675292087965149,-12.940360757990815
11,11_23,MW,23,0,0.5,-11.292984964229298,-11.865473509894278,-12.178932829284632,-12.620200848361446,-13.08920482125239
11,11_23,MW,23,1,1.0,-10.959166785009266,-11.966154990253138,-12.250363326677489,-12.640804038215684,-13.001733702259726
11,11_23,MW,23,2,1.5,-10.994187109138077,-12.007234576274834,-12.510053578497379,-12.509723342620804,-13.035085962340329
11,11_23,MW,23,3,2.0,-11.415632264540305,-11.818846185372967,-12.315343524775312,-12.739817088062983,-12.925392708517562
11,11_23,MW,23,4,2.5,-11.294837057218821,-11.521757491650593,-12.316279519306388,-12.680492452526622,-12.996586466816968
11,11_23,MW,23,5,3.0,-11.056354977613482,-11.464735629594376,-12.48090651865912,-12.723372488759253,-13.107559725685745
11,11_23,MW,23,6,3.5,-11.23570616575899,-11.615659319163292,-12.321370452772037,-12.728179662039802,-13.159306192659283
11,11_23,MW,23,7,4.0,-11.129140599946831,-11.511050108310103,-12.096256740711762,-12.882924011045057,-13.142174804317756
11,11_24,MW,24,0,0.5,-11.366574644821105,-11.849144198389709,-12.342479583260507,-12.736244323947519,-13.131958307256113
11,11_24,MW,24,1,1.0,-11.410750020273271,-11.909380583399969,-12.591439337552858,-12.750376243180234,-12.973641366323326
11,11_24,MW,24,2,1.5,-11.426173598574906,-11.636958388544786,-12.139979775749458,-12.737357489199244,-13.216282944093894
11,11_24,MW,24,3,2.0,-11.523774003459371,-11.828478600832291,-12.420430005274563,-12.739816247672618,-12.971602076565905
11,11_24,MW,24,4,2.5,-11.614910608701859,-11.525508271778367,-11.965380202205212,-12.709025723468121,-12.924935996428081
11,11_24,MW,24,5,3.0,-10.979147670605887,-11.714236940491544,-12.323763468999644,-12.652030537336547,-12.979371023584957
11,11_24,MW,24,6,3.5,-11.176072074476044,-11.704599486971636,-11.95921622728401,-12.440378896767516,-12.959198262435095
11,11_24,MW,24,7,4.0,-11.567226849528858,-11.609183019519522,-12.144705567020695,-12.641076901799991,-13.120380981530129
11,11_25,MW,25,0,0.5,-11.113933856474109,-11.635514578876121,-12.192589639137534,-12.63078985946912,-12.917240732616637
11,11_25,MW,25,1,1.0,-11.301926076392053,-11.64104777816101,-12.406673443663058,-12.607165566542347,-12.968628894425773
11,11_25,MW,25,2,1.5,-11.729984916865613,-11.760785437305028,-12.285651005982006,-12.816557613068335,-12.791217003116204
11,11_25,MW,25,3,2.0,-11.354630264727321,-12.042295102158324,-12.479285902288032,-12.761045960675169,-12.964021977463325
11,11_25,MW,25,4,2.5,-11.24922040656892,-11.742903881615078,-12.503188288685605,-12.663979178592264,-12.783554372258186
11,11_25,MW,25,5,3.0,-11.302382074218546,-11.596787853691529,-12.249653383232525,-12.651722431351546,-12.72101271965027
11,11_25,MW,25,6,3.5,-11.573013720108005,-11.652055670387712,-12.20371721883823,-12.752938347464246,-12.938731347564245
11,11_25,MW,25,7,4.0,-11.62589260269102,-11.829137627953093,-12.500517263165595,-12.641481067491386,-12.981445108259337
11,11_26,Focus,26,0,0.5,-11.400767854510425,-12.441951886154348,-12.151963283304486,-12.446594658953002,-12.845071596334417
11,11_26,Focus,26,1,1.0,-11.70141104373801,-12.199264738843416,-12.243817333588735,-12.610139784681309,-12.885561424200986
11,11_26,Focus,26,2,1.5,-11.93480015572188,-12.198170625858568,-12.749645235607733,-12.552665022275509,-12.900442745462263
11,11_26,Focus,26,3,2.0,-11.627391584612178,-12.378984223250182,-12.06358571415912,-12.636387750129217,-13.087756440198243
11,11_26,Focus,26,4,2.5,-11.63644237580996,-11.93264771147058,-11.596230985725494,-12.419385594677063,-12.926481795943028
11,11_26,Focus,26,5,3.0,-11.652246591796288,-11.750559977247013,-11.827186028794804,-12.456337605443084,-13.056377655575108
11,11_26,Focus,26,6,3.5,-11.917289139389077,-12.343959982379575,-12.452201055467413,-12.493967631629253,-12.980203320992556
11,11_26,Focus,26,7,4.0,-11.4284270075067,-12.14359975193016,-12.268531303956777,-12.641172021320376,-12.918125262955538
11,11_27,MW,27,0,0.5,-11.735647437822326,-12.225288491503346,-12.371151781633454,-12.58162798991929,-13.000891936338572
11,11_27,MW,27,1,1.0,-11.679531017257085,-11.992847999327022,-12.60159629299375,-12.695619651903,-12.78625055242046
11,11_27,MW,27,2,1.5,-11.393115245751813,-12.233881217721839,-12.660500615727932,-12.738862142316554,-12.80249831989218
11,11_27,MW,27,3,2.0,-11.43735002629908,-12.278663222576828,-12.602540402688382,-12.629644398741636,-12.808227786368189
11,11_27,MW,27,4,2.5,-11.590426549698178,-11.980848269711524,-12.311746078644397,-12.603806417236669,-12.83373480814594
11,11_27,MW,27,5,3.0,-11.090371468305161,-12.204140084640398,-12.302406739731683,-12.676950389245409,-12.815998216035872
11,11_27,MW,27,6,3.5,-11.491537645228616,-11.991084565285458,-12.2014085421958,-12.768785754893981,-12.927827356152902
11,11_27,MW,27,7,4.0,-11.76498583674449,-12.075836726094625,-12.467906000392437,-12.681678393625631,-12.877148636861405
11,11_28,Focus,28,0,0.5,-11.835233375089647,-12.346085751462285,-12.445676342772757,-12.530057962438686,-12.743296128854173
11,11_28,Focus,28,1,1.0,-11.531185038726305,-12.32249008038097,-12.248237194310374,-12.054447785361736,-12.851860090047479
11,11_28,Focus,28,2,1.5,-11.76327332195572,-12.3104941362809,-11.710183145819554,-12.244441017072411,-12.951973496315931
11,11_28,Focus,28,3,2.0,-11.78537243679195,-12.150409735335174,-11.619546341657317,-12.315830810091995,-12.762412318255297
11,11_28,Focus,28,4,2.5,-11.825921004289746,-12.44850416775457,-11.612873169023935,-12.295086811704595,-12.841520800136081
11,11_28,Focus,28,5,3.0,-12.046525811365406,-12.555993663145836,-11.951980602533066,-12.336831702855502,-12.82504647510712
11,11_28,Focus,28,6,3.5,-11.653719256882912,-12.432822167256527,-12.08310648579972,-12.462556414536062,-12.909599186442765
11,11_28,Focus,28,7,4.0,-12.105915593456393,-12.400088432591005,-11.624626441311044,-12.260918914167858,-12.856184561863138
11,11_29,Focus,29,0,0.5,-11.579272701434945,-12.221478576389538,-12.022344704827683,-12.364224575759176,-13.008431920976397
11,11_29,Focus,29,1,1.0,-11.535857478699434,-12.25536198481964,-11.692684474347102,-12.519348499623892,-12.989475699284043
11,11_29,Focus,29,2,1.5,-11.73548186153812,-11.993225614323855,-12.196416052647939,-12.418811904427814,-12.91907114988502
11,11_29,Focus,29,3,2.0,-11.653768443119665,-12.290752628378696,-12.41963699275924,-12.559460631582658,-13.01515569583663
11,11_29,Focus,29,4,2.5,-11.750674780740377,-12.281239569516169,-12.416613774842597,-12.503802756854332,-12.906250375746328
11,11_29,Focus,29,5,3.0,-11.321470494358792,-12.537077641281197,-12.2125474137358,-12.514618209734634,-12.973646755415192
11,11_29,Focus,29,6,3.5,-11.736143046133673,-12.266157969302899,-12.312193441174815,-12.457014561969483,-13.051301748156765
11,11_29,Focus,29,7,4.0,-11.540315697383551,-12.415256702645928,-12.403492477827026,-12.681748808943826,-13.025741768345457
11,11_30,MW,30,0,0.5,-11.781470909684788,-12.325502171887216,-12.397828300181773,-12.237082378369008,-12.75665761926822
11,11_30,MW,30,1,1.0,-11.831006955907416,-12.05264013998194,-12.274067143970743,-12.150111111662898,-12.77612354223818
11,11_30,MW,30,2,1.5,-11.421579622491192,-12.111879641639074,-12.447070299373166,-12.098259415589162,-12.756002601901471
11,11_30,MW,30,3,2.0,-11.735840878330444,-12.175406518004225,-12.200992339191991,-12.304307060714924,-12.864616852014814
11,11_30,MW,30,4,2.5,-11.63537937488734,-12.073898048011152,-12.427772658976178,-12.29914733199859,-12.684160892190318
11,11_30,MW,30,5,3.0,-11.643566873246847,-11.788251915662764,-12.380450566046253,-12.564468587747312,-12.764265806968469
11,11_30,MW,30,6,3.5,-11.61542796612738,-12.00996828712692,-12.503119260685832,-12.570845069159231,-12.806239503571064
11,11_30,MW,30,7,4.0,-11.653063631618265,-12.12232954793717,-12.541461994939306,-12.535761012550958,-12.683668718041133
11,11_31,MW,31,0,0.5,-11.65355546754765,-11.841819145455098,-12.197608695647363,-12.32278916679836,-12.801615808846979
11,11_31,MW,31,1,1.0,-11.782803639278768,-11.966955162020916,-12.247430654962088,-12.636679320540154,-12.838191876255197
11,11_31,MW,31,2,1.5,-11.472665821836896,-11.929950455643995,-12.476561172076138,-12.706501633569019,-12.92568532307609
11,11_31,MW,31,3,2.0,-11.297124645087031,-11.839811392120865,-12.372363123714429,-12.522036421692754,-12.859584678557047
11,11_31,MW,31,4,2.5,-11.531283779968808,-11.87341460308978,-12.190685716033494,-12.477991010709383,-12.811263434348668
11,11_31,MW,31,5,3.0,-11.663267273397485,-12.207062979694992,-12.552725175616256,-12.783333528102595,-12.744430072812039
11,11_31,MW,31,6,3.5,-11.29059687011266,-12.013918317944727,-12.162932807452426,-12.648658755543037,-12.94344216302704
11,11_31,MW,31,7,4.0,-11.49734677523845,-11.759678372860616,-12.382672701943225,-12.538415652781959,-12.806964436624165
11,11_32,MW,32,0,0.5,-11.453439465627797,-12.043468121302492,-12.462043324721318,-12.753256739847826,-13.150103250982257
11,11_32,MW,32,1,1.0,-11.596140477971664,-12.06695364525887,-12.46684200750862,-12.817471219108471,-13.179000991615382
11,11_32,MW,32,2,1.5,-11.832988154222702,-11.819011142995345,-12.26427160707202,-12.760494495786876,-13.025095095419276
11,11_32,MW,32,3,2.0,-11.077856896748585,-11.578871442412876,-12.191345132077045,-12.668322153679489,-13.100362025096528
11,11_32,MW,32,4,2.5,-11.1289515134899,-11.521579166680569,-12.121216185789113,-12.7846644950818,-13.094481795553584
11,11_32,MW,32,5,3.0,-11.297034960793157,-11.998278945025959,-12.603992516602348,-12.833515750516641,-12.9844073968151
11,11_32,MW,32,6,3.5,-11.728712276091162,-11.975292963332473,-12.534681662794592,-12.846420989024464,-13.042066067897713
11,11_32,MW,32,7,4.0,-11.252389791096554,-11.8578153090887,-12.499627289239672,-12.824279254382583,-13.078309887212466
11,11_33,MW,33,0,0.5,-11.701302727268132,-11.865618105352679,-12.660792902616768,-12.792503527401367,-12.839644379001454
11,11_33,MW,33,1,1.0,-11.698179171514449,-12.040283971892176,-12.478791412663737,-12.738841400328488,-12.962177647790556
11,11_33,MW,33,2,1.5,-11.614886699075344,-11.349357148964968,-11.968752957564474,-12.626989004530007,-12.885571347856976
11,11_33,MW,33,3,2.0,-11.332102161611273,-11.865123872517815,-12.019270245933267,-12.79023535459313,-13.078625759405707
11,11_33,MW,33,4,2.5,-11.541924248398592,-11.756650084139778,-12.516588362838734,-12.64845155557108,-12.915940348175068
11,11_33,MW,33,5,3.0,-11.196959262088459,-11.63647670520004,-12.336966061318384,-12.702415723592443,-12.899915072392167
11,11_33,MW,33,6,3.5,-11.131597041590604,-11.671933134925329,-12.259344298958293,-12.843875698080552,-13.078005464782331
11,11_33,MW,33,7,4.0,-11.274957221505417,-11.736389815467437,-12.285207478874401,-12.60257123972831,-12.872492700555108
11,11_34,Focus,34,0,0.5,-11.484796357163631,-11.793639110870044,-12.132827813443631,-12.69674844975478,-12.908762081565312
11,11_34,Focus,34,1,1.0,-11.560606733798855,-11.991287836873182,-12.398383981488017,-12.794591970521928,-12.853383563095806
11,11_34,Focus,34,2,1.5,-11.439156030616177,-12.126563975269496,-12.49916385865641,-12.51880971408676,-12.730749109702796
11,11_34,Focus,34,3,2.0,-11.739408674604222,-12.309581192708517,-12.47286505895776,-12.45476920509204,-12.923392629559956
11,11_34,Focus,34,4,2.5,-11.416149746801258,-12.18390951100786,-12.109958998809766,-12.206730662069333,-12.910595548976264
11,11_34,Focus,34,5,3.0,-11.430143503595378,-12.085579007616037,-12.588524238409411,-12.584820455605625,-12.849414929185242
11,11_34,Focus,34,6,3.5,-11.430808934115301,-11.921180334742676,-12.423363146338064,-12.50786692091619,-12.950368644888343
11,11_34,Focus,34,7,4.0,-11.077901818486794,-11.521731309599797,-12.344966763059714,-12.532657602925102,-12.85543860736575
11,11_35,MW,35,0,0.5,-11.498992349891013,-11.719885393882604,-12.013257278836246,-12.732844063331903,-12.85528027208577
11,11_35,MW,35,1,1.0,-11.573160325009983,-11.954842751889586,-12.391931286804466,-12.631161805580591,-12.916917873144865
11,11_35,MW,35,2,1.5,-11.317263483679493,-11.719916234170958,-12.500856776094173,-12.78854472389268,-12.931870513882314
11,11_35,MW,35,3,2.0,-11.534958048416305,-11.851309042787365,-12.373188814261267,-12.613935391444693,-12.84534802348581
11,11_35,MW,35,4,2.5,-10.687114932744555,-11.970266326618072,-12.132235107670363,-12.180287362586165,-12.8490970545578
11,11_35,MW,35,5,3.0,-11.278655159968187,-11.731703435734628,-12.055057823744951,-12.225625659514694,-12.846563866514796
11,11_35,MW,35,6,3.5,-11.836946765624312,-11.868075207855593,-12.201994283649594,-12.464621511783754,-12.869534842356344
11,11_35,MW,35,7,4.0,-11.764153844220726,-12.156351683463376,-12.729940610791271,-12.55087074667356,-12.995764441328667
11,11_36,Focus,36,0,0.5,-11.450264255444013,-11.4798291600535,-12.02726079549982,-12.641788069134781,-12.957218201212662
11,11_36,Focus,36,1,1.0,-11.57471123393861,-11.91059232758388,-12.225715223005375,-12.571866472139378,-12.789824665440653
11,11_36,Focus,36,2,1.5,-11.557262058276184,-12.077882398324425,-12.395504400508823,-12.763233550728552,-12.978554551686507
11,11_36,Focus,36,3,2.0,-11.271610082198807,-11.943456161944034,-12.389734922359,-12.561292818840714,-12.903227750670556
11,11_36,Focus,36,4,2.5,-11.341993551980504,-11.952229425385628,-12.442534217285727,-12.64638939183727,-12.90143446609106
11,11_36,Focus,36,5,3.0,-11.39340404314952,-11.894355260061342,-12.676719008415695,-12.657980778684882,-12.968992046927497
11,11_36,Focus,36,6,3.5,-11.471938920346826,-12.106805968560636,-12.691217004054936,-12.578465886901272,-12.93498464373708
11,11_36,Focus,36,7,4.0,-11.582827385495142,-12.136887071350762,-12.650369782691104,-12.611624865853628,-12.871207604638206
11,11_37,MW,37,0,0.5,-11.70770534565539,-12.54654564182036,-12.087565963062985,-12.475488937775493,-12.843192235444338
11,11_37,MW,37,1,1.0,-11.553582654555077,-12.113404563308094,-12.130092597767398,-12.532953828293516,-12.864098830304904
11,11_37,MW,37,2,1.5,-11.716406857747408,-12.052796879626666,-12.054868852272708,-12.587962569306022,-12.861936281504656
11,11_37,MW,37,3,2.0,-11.43148732290086,-12.245364942467635,-12.321510746660033,-12.644416565503946,-12.859182277937817
11,11_37,MW,37,4,2.5,-11.47648002567543,-12.579707386513181,-12.391710717346934,-12.664022262365485,-12.942774781685987
11,11_37,MW,37,5,3.0,-11.622608342958454,-12.384595068897362,-12.461357219788765,-12.684815276853707,-12.961244912647047
11,11_37,MW,37,6,3.5,-11.733751581439757,-12.263173821137793,-12.296124665474732,-12.608503033118165,-12.943629430812056
11,11_37,MW,37,7,4.0,-11.451862100027473,-11.82548374240239,-12.510577899353965,-12.594732473284582,-12.941899502600373
11,11_38,Focus,38,0,0.5,-11.547889975821501,-11.90836340379173,-12.343138630004576,-12.654101580264523,-12.915871749437194
11,11_38,Focus,38,1,1.0,-11.892859454996561,-11.699302231307119,-12.434362576678875,-12.572655585424302,-12.911877713713684
11,11_38,Focus,38,2,1.5,-11.650930213893357,-11.663033117393274,-12.094381157798304,-12.6271887846008,-12.92791535267421
11,11_38,Focus,38,3,2.0,-11.675312776745574,-11.81114973010032,-12.182073175030052,-12.692873560732927,-13.099058750099145
11,11_38,Focus,38,4,2.5,-11.169057606426826,-11.635826302272259,-12.06042311900142,-12.453332876868382,-12.798850464858354
11,11_38,Focus,38,5,3.0,-11.224704487876501,-12.090375803369263,-12.386207423460156,-12.354620930742184,-12.829269318599696
11,11_38,Focus,38,6,3.5,-11.361683571039574,-12.10568006769099,-11.871691442039312,-12.220197939973351,-12.908421862556635
11,11_38,Focus,38,7,4.0,-11.253136982845254,-11.82939138799689,-12.105325757880449,-12.308738581702242,-12.897056066182834
11,11_39,Focus,39,0,0.5,-11.958884397951463,-12.248360233426514,-11.786195767869573,-12.071563507819391,-12.720207871161561
11,11_39,Focus,39,1,1.0,-11.681854873144086,-12.167170348527675,-12.307580078292414,-12.126537767649722,-12.713313583070011
11,11_39,Focus,39,2,1.5,-11.807608689419034,-12.164193456694218,-12.26688236125276,-12.2910680338721,-12.812969247226006
11,11_39,Focus,39,3,2.0,-11.73741362825209,-12.561400592552443,-12.028448736394907,-12.24809126705723,-12.812080235146004
11,11_39,Focus,39,4,2.5,-11.691494606985334,-12.548343755870722,-12.09084935854343,-12.323220485227294,-12.829007570916083
11,11_39,Focus,39,5,3.0,-11.716417354835492,-12.199572249322886,-11.868495984148359,-12.464524780393532,-12.830811847064844
11,11_39,Focus,39,6,3.5,-11.889119018061901,-12.370152233611051,-11.672206271047783,-12.425317661235093,-12.764530962165875
11,11_39,Focus,39,7,4.0,-11.631707603341393,-11.928022765372276,-11.627638016724823,-12.304245223942173,-12.835785110454353
12,12_0,Focus,0,0,0.5,-11.748305132211689,-12.263764856164514,-11.398342491862973,-12.53480413755343,-12.982767306886277
12,12_0,Focus,0,1,1.0,-11.593967489893814,-12.184024409643504,-10.924726747293896,-12.37886880597273,-13.078280607444599
12,12_0,Focus,0,2,1.5,-11.629589523447123,-12.29211765825721,-11.03992236763473,-12.418196354033714,-13.026420142561228
12,12_0,Focus,0,3,2.0,-11.52705446828219,-12.282377988687472,-10.819479267202755,-12.307302090264514,-12.873888132632171
12,12_0,Focus,0,4,2.5,-11.621936769016873,-11.98061359561376,-11.127949147528618,-12.296050811011174,-12.870203400167812
12,12_0,Focus,0,5,3.0,-11.672994152448178,-11.828238085126646,-11.361654653244132,-12.19889336525934,-12.942688650986891
12,12_0,Focus,0,6,3.5,-11.54447283674246,-12.169978397539746,-11.188608867705963,-12.250180336494907,-12.936094475109039
12,12_0,Focus,0,7,4.0,-11.456361951367157,-12.042894088682074,-11.191903439685568,-12.007285731101101,-13.003696540350075
12,12_1,Focus,1,0,0.5,-11.345475994119171,-11.997896397444432,-11.446556829973023,-12.538433110765135,-13.103665482011774
12,12_1,Focus,1,1,1.0,-11.67257141866209,-12.379826464031773,-11.887271656471869,-12.446639744644509,-13.013212741384095
12,12_1,Focus,1,2,1.5,-11.388475039145215,-11.945409082475924,-11.673502859135176,-12.430597790584715,-13.126278626986046
12,12_1,Focus,1,3,2.0,-11.255268530758368,-12.028093132398302,-11.36925092639988,-12.462832484881787,-12.976409882874893
12,12_1,Focus,1,4,2.5,-11.312142104255104,-12.054925309298191,-11.347678354249895,-12.300985967833983,-13.04806400916586
12,12_1,Focus,1,5,3.0,-11.280008057359407,-12.134824816185187,-11.13691737946345,-12.423455826150349,-13.111706502208401
12,12_1,Focus,1,6,3.5,-11.078730101668791,-12.174568450837002,-11.995847386988448,-12.58567768961626,-13.055791089651112
12,12_1,Focus,1,7,4.0,-11.387614337083633,-11.957357598321684,-11.841652760186161,-12.650666746849533,-13.076135727383422
12,12_2,Focus,2,0,0.5,-11.560623463962418,-11.9552059429815,-11.549879250472562,-12.633609717084866,-13.16197606313306
12,12_2,Focus,2,1,1.0,-11.63477807547977,-12.508118534032318,-11.760694194936523,-12.623652937479026,-13.160884695236922
12,12_2,Focus,2,2,1.5,-11.407469284816633,-11.790541451311613,-11.34975075284603,-12.340090464619102,-13.185258575675078
12,12_2,Focus,2,3,2.0,-11.636313725873702,-12.340679899305817,-11.645265981533145,-12.453492615272458,-13.176343610100236
12,12_2,Focus,2,4,2.5,-11.824815473812071,-12.18153807809687,-11.833733341131394,-12.541665897432718,-13.04679152291426
12,12_2,Focus,2,5,3.0,-11.776676584106095,-12.072562536166215,-11.420361816879108,-12.467524609886722,-13.126905854471676
12,12_2,Focus,2,6,3.5,-11.740028554119505,-12.055817281485357,-11.559895851523462,-12.439723060968458,-13.093934183519169
12,12_2,Focus,2,7,4.0,-11.815954441736643,-12.185239828299919,-11.594364473172877,-12.071014546044415,-13.127612166478258
12,12_3,Focus,3,0,0.5,-11.202071057658488,-12.12860420054886,-11.851456112316344,-12.116610120193826,-12.886673971858
12,12_3,Focus,3,1,1.0,-11.396326377068112,-12.091281181770858,-12.150075966404845,-12.088585085427752,-12.994414705316444
12,12_3,Focus,3,2,1.5,-11.001735718475945,-11.68387083245308,-11.566225610681448,-12.244093046071034,-12.952762026670133
12,12_3,Focus,3,3,2.0,-11.673615939184831,-12.124229856635049,-11.382725611796848,-12.306104495774852,-12.941121976587539
12,12_3,Focus,3,4,2.5,-11.422840747679862,-11.951908140735217,-11.978619961876133,-12.46269932414057,-13.009664631808992
12,12_3,Focus,3,5,3.0,-11.060443511207238,-12.120130978743822,-11.346480574570489,-12.414213576797687,-13.101645611407243
12,12_3,Focus,3,6,3.5,-11.627456494378384,-12.311461372981544,-11.407929979485596,-12.499030075459077,-12.947568131203655
12,12_3,Focus,3,7,4.0,-11.571193028335564,-12.181661245443998,-12.265616026368967,-12.71353155417277,-13.023174714760668
12,12_4,Focus,4,0,0.5,-11.83280773302114,-12.084392256438477,-11.633651252956563,-12.517381875134824,-13.012985687940454
12,12_4,Focus,4,1,1.0,-11.505151301042682,-12.32956255386662,-11.722608526576899,-12.682307794104698,-12.922864633112631
12,12_4,Focus,4,2,1.5,-11.544985677469674,-11.95674317713696,-11.511700807761528,-12.515837772726785,-13.053004633354758
12,12_4,Focus,4,3,2.0,-11.82216802743881,-12.29396414771149,-11.660135605161097,-12.596345814619697,-13.160286719319199
12,12_4,Focus,4,4,2.5,-11.748384501958455,-12.22129764909465,-11.564441931309606,-12.605623163004212,-13.044505048005105
12,12_4,Focus,4,5,3.0,-11.640832150413791,-12.189726268415312,-11.387975683562477,-12.54463288523809,-13.074882409413183
12,12_4,Focus,4,6,3.5,-11.311834872971172,-12.131845762241184,-11.532465107176971,-12.738325850559814,-13.1079322118971
12,12_4,Focus,4,7,4.0,-11.357468264185005,-12.141889744869662,-11.806137450134262,-12.822767677701783,-13.10951022909837
12,12_5,Focus,5,0,0.5,-11.447877145727238,-12.16429475212954,-11.461870400882624,-12.418136246878978,-12.910767290058471
12,12_5,Focus,5,1,1.0,-11.495310857962867,-12.177280574415157,-11.350869405022536,-12.394339305961369,-12.956704470920759
12,12_5,Focus,5,2,1.5,-11.444237362491672,-12.344508920834057,-11.9753953296158,-12.48588982409824,-12.970387449736316
12,12_5,Focus,5,3,2.0,-11.587327165500437,-12.019250683028499,-11.411351617358857,-12.164580936946551,-12.940860311606931
12,12_5,Focus,5,4,2.5,-11.351614486464406,-12.033898190000087,-11.122095955732858,-12.40416891613418,-12.88026718058019
12,12_5,Focus,5,5,3.0,-11.541996806268946,-12.125240072905289,-11.629327888643605,-12.577450613280254,-12.98518400570266
12,12_5,Focus,5,6,3.5,-11.790639833117242,-12.051451483543413,-11.422739879578042,-12.536474832953838,-12.960006451672276
12,12_5,Focus,5,7,4.0,-11.505963242405183,-12.156012157541317,-11.671226733211878,-12.344357288899134,-12.794799950390283
12,12_6,Focus,6,0,0.5,-11.44349321087343,-12.1920589528535,-11.596421841086192,-12.605170353888182,-13.115521270460833
12,12_6,Focus,6,1,1.0,-11.55073331296266,-12.437951007235183,-11.402675112456201,-12.251964864600058,-13.069310584486962
12,12_6,Focus,6,2,1.5,-11.355407701496283,-12.254149308785443,-11.188696902663255,-12.358525779030186,-13.079412212785437
12,12_6,Focus,6,3,2.0,-11.510959562837773,-12.221883896439785,-11.343161186864732,-12.368440466926854,-13.064303083883951
12,12_6,Focus,6,4,2.5,-11.824702822798933,-12.208284479395967,-12.01646417526386,-12.487849877989502,-13.004842426034582
12,12_6,Focus,6,5,3.0,-11.702510725959538,-12.273292895645092,-11.049969039508516,-12.137780993025816,-13.03228468889223
12,12_6,Focus,6,6,3.5,-11.949438557399061,-12.369333512052108,-11.13566751619467,-12.219302644957828,-12.848836704136685
12,12_6,Focus,6,7,4.0,-11.820278141654518,-12.395373812044735,-11.459764229393013,-12.22664919704761,-12.979463950977838
12,12_7,Focus,7,0,0.5,-11.676171524242172,-12.045345037267875,-12.219040462928856,-12.66301877270042,-13.065264819702564
12,12_7,Focus,7,1,1.0,-11.726315600307133,-12.160030081038938,-12.298859779368128,-12.73815996486637,-13.033883955761164
12,12_7,Focus,7,2,1.5,-11.149968977088752,-12.013968010401552,-12.302612376124706,-12.749599081491962,-13.028054437325736
12,12_7,Focus,7,3,2.0,-11.273004284315043,-12.268625991688682,-11.717252901370559,-12.609079893798922,-12.950220003489417
12,12_7,Focus,7,4,2.5,-11.808006534354632,-12.216880551255997,-11.47540164863159,-12.561914065329598,-13.047288602923585
12,12_7,Focus,7,5,3.0,-11.637716610390672,-12.282101831883041,-12.227785242186775,-12.652235451726622,-13.016262556439258
12,12_7,Focus,7,6,3.5,-11.113555356553624,-12.38247484247303,-12.280557824701605,-12.69138960187399,-13.159951109519557
12,12_7,Focus,7,7,4.0,-11.535485455972712,-12.016153680600942,-11.788706415415623,-12.494354071618611,-13.105459446643641
12,12_8,Focus,8,0,0.5,-11.47210983620134,-12.335296503494778,-11.645462089847252,-12.37141504602828,-12.920268062672585
12,12_8,Focus,8,1,1.0,-11.257385756673465,-11.94663458226702,-11.46684861936336,-12.302064747253525,-12.944900485483368
12,12_8,Focus,8,2,1.5,-11.614218305173594,-12.259191371616643,-11.546733842612504,-12.10979366693023,-12.780886927436535
12,12_8,Focus,8,3,2.0,-11.882750521505594,-12.403072137944573,-11.451362896935422,-12.39718904116561,-12.797641382134708
12,12_8,Focus,8,4,2.5,-11.699654053853637,-12.306236298921577,-11.954629527018446,-12.485101923970337,-12.819183721752069
12,12_8,Focus,8,5,3.0,-11.845252900133659,-12.120507117620237,-11.971307459623972,-12.381189618656586,-12.30901231628096
12,12_8,Focus,8,6,3.5,-11.779811270537733,-12.37142149587607,-11.523017552904994,-12.164451680510814,-12.489786756058324
12,12_8,Focus,8,7,4.0,-11.4566626952276,-12.389718725036122,-11.91483738425767,-12.428302519200924,-12.799284671291465
12,12_9,Focus,9,0,0.5,-11.169516618347702,-11.812375518557023,-11.076541373676246,-11.890472910974648,-12.944360773348636
12,12_9,Focus,9,1,1.0,-11.396329523178279,-11.61485051263578,-11.425258671287184,-12.237241481456577,-12.85557535045669
12,12_9,Focus,9,2,1.5,-11.591719360539136,-12.119948147162118,-11.416437459802117,-12.615089795553558,-13.03372859816424
12,12_9,Focus,9,3,2.0,-11.528795849366023,-12.111093136512102,-11.706211728196164,-12.520032515792913,-13.00082327358544
12,12_9,Focus,9,4,2.5,-11.60320375281327,-12.251707325235527,-11.945320230998659,-12.519335133088676,-13.01782953436146
12,12_9,Focus,9,5,3.0,-11.601911311467253,-12.070342793900709,-12.08013119916426,-12.34178594821084,-13.046581200942827
12,12_9,Focus,9,6,3.5,-11.843696149248727,-12.231947156625523,-11.907949871486734,-12.765765228801605,-12.96184290307902
12,12_9,Focus,9,7,4.0,-11.798274147816885,-11.886038461202014,-11.590380871997008,-12.664148508140816,-12.998861974772039
12,12_10,Focus,10,0,0.5,-11.77001148108442,-12.365564431424447,-12.292564756169,-12.731933885912238,-12.989757978136478
12,12_10,Focus,10,1,1.0,-11.699448003492709,-12.102513378868943,-12.211842726727683,-12.733007702349887,-13.050843933031556
12,12_10,Focus,10,2,1.5,-12.02106961882293,-12.109321861351166,-12.237494481823964,-12.733037432958724,-13.248394139213595
12,12_10,Focus,10,3,2.0,-11.892835142696015,-12.326265870266585,-12.147451812114733,-12.460156728636797,-13.055578396172555
12,12_10,Focus,10,4,2.5,-11.864018955950772,-12.107214122110921,-12.326708838997739,-12.644325707939805,-13.174439731925315
12,12_10,Focus,10,5,3.0,-11.672551282136881,-12.34162226602737,-12.155298200674306,-12.58939729156192,-13.077737015444855
12,12_10,Focus,10,6,3.5,-11.950602249314791,-12.322779249459574,-12.129999272285554,-12.19351724644479,-13.059591720817654
12,12_10,Focus,10,7,4.0,-11.725723212253728,-12.274474283317764,-12.479262457620548,-12.697321999607087,-12.989872001398005
12,12_11,Focus,11,0,0.5,-11.662089021909544,-12.489891610377532,-12.089980584639887,-12.531107780260786,-13.042924513166877
12,12_11,Focus,11,1,1.0,-11.825600055100958,-12.036470588165775,-12.239616870409465,-12.417633718966991,-13.073648569800364
12,12_11,Focus,11,2,1.5,-11.704911426987104,-12.424176600161726,-11.976595911726532,-12.467461381970123,-12.916374412569269
12,12_11,Focus,11,3,2.0,-12.012298815047314,-12.019483934263464,-12.034777766291414,-12.421543601618664,-13.075639568858286
12,12_11,Focus,11,4,2.5,-11.308951104238695,-12.308902307868825,-11.602519761193891,-12.686469729828739,-12.931423388223529
12,12_11,Focus,11,5,3.0,-11.46395430592752,-12.044132626780483,-11.615878892542721,-12.544065824588666,-12.964241773030693
12,12_11,Focus,11,6,3.5,-11.24039297992277,-12.121414880840543,-11.874186281768415,-12.550008446876264,-12.967503057181117
12,12_11,Focus,11,7,4.0,-10.90320856708215,-12.23362172879062,-11.730860015744934,-12.200844540526266,-13.103039350503858
12,12_12,MW,12,0,0.5,-11.533547816742436,-11.956142426726545,-11.621443107687229,-12.153453013960648,-13.076684076895829
12,12_12,MW,12,1,1.0,-11.64440632478657,-11.987620868393364,-11.682535749034912,-12.517385570983885,-13.07986263259642
12,12_12,MW,12,2,1.5,-11.4768591844901,-12.21384184922339,-11.727859998028787,-12.39133272827476,-13.006980828226965
12,12_12,MW,12,3,2.0,-11.096990597879437,-11.954353500363727,-11.628308866226607,-12.19705238833325,-12.946832029916017
12,12_12,MW,12,4,2.5,-10.926492895913936,-11.581528670669332,-11.381921450351514,-12.332351132253208,-13.104542698633546
12,12_12,MW,12,5,3.0,-11.342798638499055,-11.881994851572424,-11.51475880137661,-12.671648998990902,-13.08996421831775
12,12_12,MW,12,6,3.5,-11.416516013210437,-12.07346656178729,-11.753552597870025,-12.512100916716182,-13.051979078739372
12,12_12,MW,12,7,4.0,-11.819658583909522,-11.636151211099644,-12.10187120066735,-12.331381466523986,-12.970734582772632
12,12_13,Focus,13,0,0.5,-11.48023855259253,-11.794148429090296,-11.852098414391786,-12.756790110605285,-13.006166256045104
12,12_13,Focus,13,1,1.0,-11.766618969681234,-12.248099010376496,-12.10767453181414,-12.809257279564003,-13.063794888281825
12,12_13,Focus,13,2,1.5,-11.63397243694499,-12.14642652308579,-12.017726696505633,-12.714158223777964,-13.22462124226837
12,12_13,Focus,13,3,2.0,-11.345437110522758,-11.909322953025802,-12.215544206750154,-12.845558457621408,-13.217808792595115
12,12_13,Focus,13,4,2.5,-11.519713920379845,-11.715610343231711,-12.113358645386487,-12.839351157651613,-13.241253800713919
12,12_13,Focus,13,5,3.0,-11.789768900440865,-11.844128215615033,-11.903512465105662,-12.82212640191617,-13.084990730665234
12,12_13,Focus,13,6,3.5,-11.20987662121727,-12.05095206876009,-12.14851318407472,-12.83111350035633,-13.23629137737232
12,12_13,Focus,13,7,4.0,-11.50017939538528,-12.13551863238755,-11.966220328003033,-12.604546042846343,-13.196979173915377
12,12_14,Focus,14,0,0.5,-11.465915419926366,-12.071922292051402,-12.362977452300912,-12.59796501217056,-13.003096635747383
12,12_14,Focus,14,1,1.0,-11.865154323694725,-11.825869047278115,-12.17559935714572,-12.44472542921429,-12.988962546210624
12,12_14,Focus,14,2,1.5,-11.49900543590465,-11.935607598494052,-11.985117374714614,-12.616995971933214,-12.9667055966175
12,12_14,Focus,14,3,2.0,-11.787136057855054,-11.829902007145858,-12.130293835111312,-12.685592409541721,-13.029933196616138
12,12_14,Focus,14,4,2.5,-11.275686365055622,-11.774533986629121,-12.248057900170023,-12.347477980872496,-12.998238973438
12,12_14,Focus,14,5,3.0,-11.236683436252132,-11.75912931589176,-12.147042547844503,-12.841915166808398,-13.137879844576107
12,12_14,Focus,14,6,3.5,-11.822741997449482,-12.206534371338316,-12.064850468673074,-12.793423484177058,-13.025574045222655
12,12_14,Focus,14,7,4.0,-11.603336179588602,-11.999904728194899,-12.39637475478523,-12.747559555336624,-13.073988147820284
12,12_15,Focus,15,0,0.5,-11.60414167095644,-12.305660329828322,-12.402946907453956,-12.693216029041634,-13.050411425151239
12,12_15,Focus,15,1,1.0,-11.784384301170771,-12.143429987576997,-11.981927640524264,-12.706793270245335,-13.134854923104623
12,12_15,Focus,15,2,1.5,-11.408012556458786,-11.963928399892463,-12.160259637748952,-12.638504828168477,-13.113609116223707
12,12_15,Focus,15,3,2.0,-11.433654919869399,-12.06475356529727,-11.636738184091968,-12.58933936841869,-12.990399760642934
12,12_15,Focus,15,4,2.5,-11.270623904489018,-12.270912583180133,-12.432658688857064,-12.62707843655262,-13.071436642002528
12,12_15,Focus,15,5,3.0,-11.449049783352956,-12.00624630129051,-11.657410828437348,-12.657323161591123,-13.042898370425233
12,12_15,Focus,15,6,3.5,-11.589141730354958,-11.998881213669,-12.28909819252682,-12.435893084862487,-13.041176123317744
12,12_15,Focus,15,7,4.0,-10.978218265789069,-12.062353982454438,-11.329435823415746,-12.396552773815124,-12.985184750293309
12,12_16,Focus,16,0,0.5,-11.37521509247874,-12.140318952972848,-11.708489501827698,-12.709983316074858,-13.064319256201342
12,12_16,Focus,16,1,1.0,-11.626818212802627,-11.936702468095588,-12.506743722905247,-12.76341450006023,-13.012974510049418
12,12_16,Focus,16,2,1.5,-11.564463679668878,-12.189057817063198,-12.03533776076174,-12.644182410335105,-12.98253505698183
12,12_16,Focus,16,3,2.0,-11.698523958884884,-11.9603366888744,-12.2637023287338,-12.604323230258817,-13.066024171709271
12,12_16,Focus,16,4,2.5,-11.614402359610356,-11.858988600075232,-12.390992424841244,-12.771592000132653,-13.12357605224051
12,12_16,Focus,16,5,3.0,-11.644862405095305,-11.75282953179249,-12.134329815932793,-12.772768428151934,-13.075349266046603
12,12_16,Focus,16,6,3.5,-11.670106079641583,-12.087255404652947,-12.104641040491458,-12.681818232157047,-13.010473758993541
12,12_16,Focus,16,7,4.0,-11.80321285551114,-12.122670719203517,-12.018744873287806,-12.792033984677925,-13.088489919880779
12,12_17,MW,17,0,0.5,-11.735447111226613,-12.227800805096724,-11.971107134486955,-12.596802582323411,-13.048453646105871
12,12_17,MW,17,1,1.0,-11.822342255845905,-11.902640408472369,-12.204164369371663,-12.423820044948991,-12.945083844359312
12,12_17,MW,17,2,1.5,-11.910572557407816,-12.036092654774414,-12.09793536599584,-12.601009543317119,-13.020637636323054
12,12_17,MW,17,3,2.0,-11.472160565964524,-11.868824646452191,-12.078179449610257,-12.655694834881144,-13.108303033333256
12,12_17,MW,17,4,2.5,-11.994296855401746,-12.219962716751889,-11.669289823763414,-12.664009766038411,-13.029098908827766
12,12_17,MW,17,5,3.0,-11.26504008409583,-11.833001335288555,-12.165543820295866,-12.654745152466502,-13.102711424042813
12,12_17,MW,17,6,3.5,-11.385063380772678,-12.018061227639341,-12.222897939597493,-12.715773131915627,-13.040524254044268
12,12_17,MW,17,7,4.0,-11.594889905353144,-11.782354962772606,-12.04878283449424,-12.747841085553974,-13.105497560933621
12,12_18,Focus,18,0,0.5,-11.54346169341981,-12.299023577141966,-12.278301766624391,-12.461504767953587,-13.00557538194775
12,12_18,Focus,18,1,1.0,-11.711912027067257,-12.190205812337554,-12.4517921809691,-12.415737102886931,-12.91094554557027
12,12_18,Focus,18,2,1.5,-11.317069072412226,-12.201199643924085,-12.31733514218537,-12.589587496805846,-13.010039261356644
12,12_18,Focus,18,3,2.0,-11.682385468823895,-12.124292524538125,-12.023657194234238,-12.47248278001858,-12.51388051217868
12,12_18,Focus,18,4,2.5,-11.80056097171991,-12.389257282739594,-12.115174829009664,-12.350487881724392,-12.815404790222583
12,12_18,Focus,18,5,3.0,-11.47346004279943,-12.030486958588018,-11.94748924694029,-12.598933778842985,-13.041260739475852
12,12_18,Focus,18,6,3.5,-11.486280442330683,-12.147847033049743,-12.30090024230671,-12.081297564977017,-13.008000073358758
12,12_18,Focus,18,7,4.0,-11.04866626377271,-11.85731023532768,-11.932358507134179,-12.516800832652653,-13.000227737793946
12,12_19,MW,19,0,0.5,-11.796154207716082,-11.890319022535637,-12.43046252321966,-12.545145903892566,-13.08343887041712
12,12_19,MW,19,1,1.0,-11.68723430475312,-11.893280627951262,-12.04100880889082,-12.689615031744186,-13.085533224316874
12,12_19,MW,19,2,1.5,-11.357122346467994,-11.442537048240608,-12.12998970603211,-12.763980547534167,-13.020503788245641
12,12_19,MW,19,3,2.0,-11.451122852133148,-11.60844527347538,-12.070601130281394,-12.709733292441769,-13.184873149141861
12,12_19,MW,19,4,2.5,-11.468045069942523,-11.990892949315024,-12.212336880828428,-12.739121750088502,-13.141446009555942
12,12_19,MW,19,5,3.0,-11.507502054332756,-11.62261411086091,-12.143930957122226,-12.737190172897371,-13.117928751817074
12,12_19,MW,19,6,3.5,-11.490801617384394,-11.942512293943532,-12.344698360561896,-12.691019409626454,-13.108653980802883
12,12_19,MW,19,7,4.0,-11.518894158138325,-11.903025895789487,-12.095294726914886,-12.455469105222406,-13.08924953635842
12,12_20,Focus,20,0,0.5,-11.456044009703923,-12.078296064258753,-12.480367934966031,-12.722625464656517,-13.175776404609374
12,12_20,Focus,20,1,1.0,-11.979997347745515,-12.30491717567885,-12.36861367165898,-12.532473347966414,-13.048261007905772
12,12_20,Focus,20,2,1.5,-12.038293496577854,-12.124975157485602,-12.186714005098523,-12.701667111562061,-13.026434471941645
12,12_20,Focus,20,3,2.0,-11.904998056346445,-12.299616804259182,-12.587267157849883,-12.688054831189422,-13.02822907957905
12,12_20,Focus,20,4,2.5,-11.909681116632633,-12.047626959239992,-12.311859682331338,-12.735220429564627,-13.102231516786343
12,12_20,Focus,20,5,3.0,-11.857794318225455,-12.314460429461885,-12.636820812290399,-12.783305430551934,-13.082354592189914
12,12_20,Focus,20,6,3.5,-11.17216889020849,-11.800882057546564,-12.233817151587639,-12.73855862568143,-12.982744145888415
12,12_20,Focus,20,7,4.0,-11.352834695943828,-11.963684262176377,-12.400427217857665,-12.78186335109357,-12.962638966077455
12,12_21,Focus,21,0,0.5,-11.880929206276763,-12.294948287978237,-12.032405926798063,-12.424777450098436,-13.06072396865393
12,12_21,Focus,21,1,1.0,-11.441202412834077,-12.22910630615714,-12.143868315268604,-12.428780060952954,-13.090916713687886
12,12_21,Focus,21,2,1.5,-11.834543472535909,-12.192631068837786,-12.050662229382334,-12.429436330604155,-13.023635950914748
12,12_21,Focus,21,3,2.0,-11.26360749364209,-11.946247543680183,-11.598747884685121,-12.48545133337878,-13.134199196059422
12,12_21,Focus,21,4,2.5,-11.586489060433948,-12.194793971374276,-11.76324365472711,-12.422534664601564,-13.121993795691607
12,12_21,Focus,21,5,3.0,-11.53851342615997,-11.867664165969884,-12.045086197194118,-12.326526081345936,-12.96728870723142
12,12_21,Focus,21,6,3.5,-11.421692599548411,-11.873250782014518,-12.107844673738379,-12.429426633199135,-13.04302832327153
12,12_21,Focus,21,7,4.0,-11.196142464916283,-11.86263515228685,-12.04875244719003,-12.347791722654598,-13.096972276593151
12,12_22,Focus,22,0,0.5,-11.352849847188487,-12.108926432581963,-11.973468841922891,-12.382765162885661,-12.993255045227139
12,12_22,Focus,22,1,1.0,-11.289422150465255,-11.794784611339825,-11.707653150594629,-12.55693546138103,-12.998286266326337
12,12_22,Focus,22,2,1.5,-11.389712883246517,-11.892375680720347,-12.234177747503688,-12.775832428791768,-13.043697097112407
12,12_22,Focus,22,3,2.0,-11.324060362343591,-12.004667139799604,-12.265470455615354,-12.726022418766389,-13.112944179004261
12,12_22,Focus,22,4,2.5,-11.436714318779337,-11.916556935078493,-12.35989412625091,-12.891220245141643,-13.139742126420073
12,12_22,Focus,22,5,3.0,-11.554253528347148,-11.958354451045517,-12.18667409856433,-12.711650644551801,-12.968566158815564
12,12_22,Focus,22,6,3.5,-11.649277075949005,-11.885760110272818,-12.24955790709006,-12.720965021381994,-13.118875547618671
12,12_22,Focus,22,7,4.0,-11.637829498287019,-11.956061798104312,-11.79382492146585,-12.756260170787876,-13.146017724314172
12,12_23,MW,23,0,0.5,-11.369361544983372,-11.938860495086747,-12.322168834969853,-12.578710690482456,-13.09007315129544
12,12_23,MW,23,1,1.0,-11.377288982792422,-11.772112632398036,-12.259206508584475,-12.470760870635155,-12.99981191503361
12,12_23,MW,23,2,1.5,-11.691315798271265,-11.9602784024269,-12.269216277902103,-12.40285613174395,-13.031881681297225
12,12_23,MW,23,3,2.0,-11.166005028375388,-11.816005412271178,-12.016603204798612,-12.500031359762131,-12.955954082941545
12,12_23,MW,23,4,2.5,-11.372508520632806,-11.730799338041699,-12.33830587355139,-12.567274145557533,-13.010698595500097
12,12_23,MW,23,5,3.0,-11.686924561714552,-11.836838622303706,-12.252539109002358,-12.598901344962083,-13.136316214749852
12,12_23,MW,23,6,3.5,-11.230307246006491,-11.667741411199152,-12.46062441270179,-12.84725117882264,-13.1398657758185
12,12_23,MW,23,7,4.0,-11.245653869866679,-11.682467452364431,-12.07742273168756,-12.703329465788507,-13.12681762643102
12,12_24,Focus,24,0,0.5,-11.455016441948633,-12.120181392353329,-12.465608140950904,-12.470214972479297,-13.115084323763469
12,12_24,Focus,24,1,1.0,-11.570730122805681,-12.325513604130084,-12.287146660648382,-12.297034509591613,-13.044523418416889
12,12_24,Focus,24,2,1.5,-11.38139499356728,-12.06067020042834,-12.03233224207206,-12.492943700900891,-12.918398393826537
12,12_24,Focus,24,3,2.0,-11.093053727844145,-11.980237013418067,-12.13606753217241,-12.357219226297428,-13.087060392383899
12,12_24,Focus,24,4,2.5,-11.56719864299186,-12.071501196366436,-12.347888131159873,-12.535800100892876,-13.13498470715205
12,12_24,Focus,24,5,3.0,-11.697860311997148,-11.978106934701021,-12.323576243654426,-12.225166477848914,-12.923149330326359
12,12_24,Focus,24,6,3.5,-11.59107454178935,-12.123084711956576,-12.322524259180845,-12.409632339264414,-13.128424576332332
12,12_24,Focus,24,7,4.0,-11.46229624430474,-12.060681195599326,-12.167421683970263,-12.386746501409096,-13.198417672535468
12,12_25,MW,25,0,0.5,-11.424097998393716,-11.54523464908589,-11.979266403694822,-12.707568688695474,-13.155705006088528
12,12_25,MW,25,1,1.0,-11.699326789031689,-11.94172455351903,-12.026750817833715,-12.748022400596344,-13.11798442373636
12,12_25,MW,25,2,1.5,-11.484299096443516,-12.077854954680522,-12.39231014658253,-12.763615133220505,-13.138136250294176
12,12_25,MW,25,3,2.0,-11.44120007681782,-11.99657348507951,-12.055690671012737,-12.314786157051781,-13.104793827909496
12,12_25,MW,25,4,2.5,-11.402454057397316,-12.120466107268719,-12.061397448171979,-12.52377451977358,-13.165887031066683
12,12_25,MW,25,5,3.0,-11.421932161019564,-11.485260229899728,-11.681290174226229,-12.579168829581022,-13.073501309507817
12,12_25,MW,25,6,3.5,-11.273755483332511,-11.619302380744582,-11.973547751879913,-12.682455552045404,-13.188240113852
12,12_25,MW,25,7,4.0,-11.243698291937164,-11.800670222505094,-12.137740653963668,-12.614497779031847,-13.16072104630693
12,12_26,MW,26,0,0.5,-11.681213137963033,-12.058230953374652,-12.372122477959794,-12.924952647832427,-13.368474115969706
12,12_26,MW,26,1,1.0,-11.378646931040887,-11.998816681704794,-12.406480756458118,-12.77242925132053,-13.269645353573312
12,12_26,MW,26,2,1.5,-11.444874497047122,-11.97588209383121,-12.352401947053217,-12.808735581896185,-13.15908395995963
12,12_26,MW,26,3,2.0,-11.68817226892371,-11.93374713544664,-12.33610780139529,-12.488444048287453,-13.280027468282402
12,12_26,MW,26,4,2.5,-11.365231368499606,-11.91267633842578,-12.255204526868331,-12.658099491872916,-13.149706748563586
12,12_26,MW,26,5,3.0,-10.639059812479811,-11.70157017651052,-12.087608921711489,-12.762139129750462,-13.202681364213008
12,12_26,MW,26,6,3.5,-11.294645161865049,-12.115050123594553,-12.227562233358672,-12.760029550888865,-13.233871007586982
12,12_26,MW,26,7,4.0,-11.426359899968693,-11.670895226273064,-12.15940853612284,-12.81024852627902,-13.113505490959335
12,12_27,Focus,27,0,0.5,-11.81511919682136,-12.274270051702276,-11.979757667980824,-12.616519509219625,-13.086397694937036
12,12_27,Focus,27,1,1.0,-11.739186625580889,-12.198755094223554,-12.144205231753851,-12.733458275910897,-13.104047725551634
12,12_27,Focus,27,2,1.5,-11.643168157850207,-12.389884489953468,-12.061495817344042,-12.593455857954453,-13.08233160584747
12,12_27,Focus,27,3,2.0,-11.960966121999174,-12.025572456765687,-12.425449234566448,-12.573550610131017,-13.104808735899136
12,12_27,Focus,27,4,2.5,-11.575672753058328,-11.966111875265835,-12.160340207341191,-12.592464540386578,-12.965820974958001
12,12_27,Focus,27,5,3.0,-11.635485881399633,-12.164710195892678,-12.157637805726557,-12.699930166115475,-13.01047013678365
12,12_27,Focus,27,6,3.5,-11.349752475981823,-12.117935211134775,-12.07906361594584,-12.73881382604378,-13.045062395809124
12,12_27,Focus,27,7,4.0,-11.54838359579581,-11.994708704674732,-12.492535786260648,-12.798684226492483,-12.98440097874268
12,12_28,Focus,28,0,0.5,-11.239497637427169,-11.869673117257761,-11.263935638462097,-12.192208337205296,-13.12190656863969
12,12_28,Focus,28,1,1.0,-11.563955404239005,-12.012678650838456,-11.380890661689333,-12.438913538684908,-13.212845764245728
12,12_28,Focus,28,2,1.5,-11.39446429467164,-12.286205019912789,-11.830001966476294,-12.509834389320288,-13.080231773009102
12,12_28,Focus,28,3,2.0,-11.651535325551121,-11.843769395430598,-11.900323493156876,-12.572317622968562,-13.249771765541288
12,12_28,Focus,28,4,2.5,-11.522828734096658,-11.690388109081896,-11.912777750556808,-12.768516637798857,-13.266582741463823
12,12_28,Focus,28,5,3.0,-11.575788309906441,-11.854045005463112,-12.196644898336615,-12.773123130198355,-13.16314360140677
12,12_28,Focus,28,6,3.5,-11.974673855245651,-12.078455736580082,-12.55817902038373,-12.858631159599144,-13.231325557372317
12,12_28,Focus,28,7,4.0,-11.691541899910652,-12.06552462675815,-12.419991740197233,-12.966661912134803,-13.243685408714613
12,12_29,Focus,29,0,0.5,-11.346042077593198,-11.971191935732254,-12.244954530202065,-12.345912814441478,-13.284194097860647
12,12_29,Focus,29,1,1.0,-11.1787075578928,-11.900228175938523,-12.096288985803064,-12.446393778526582,-13.05930010247025
12,12_29,Focus,29,2,1.5,-11.565936615161608,-12.048148389669265,-11.98324390386018,-12.313507927161114,-13.094323696287011
12,12_29,Focus,29,3,2.0,-11.414463925268876,-11.943412442003599,-12.127881162124455,-12.567870199333568,-13.089526239886796
12,12_29,Focus,29,4,2.5,-11.119375492051372,-12.068318620710851,-12.317950052116462,-12.54286703733871,-13.196813942452948
12,12_29,Focus,29,5,3.0,-11.276154446403517,-12.104596341305827,-12.266562248170588,-12.685003785189451,-13.073343326973097
12,12_29,Focus,29,6,3.5,-11.621950521310875,-12.031610629940936,-11.938571543627258,-12.529211713937531,-13.157180757365701
12,12_29,Focus,29,7,4.0,-11.441539383288482,-12.290966348397182,-12.176934181506871,-12.585836243255832,-13.214234248119924
12,12_30,Focus,30,0,0.5,-11.412131701272854,-11.82792288441884,-12.24222726839261,-12.860366539224579,-13.378634438503038
12,12_30,Focus,30,1,1.0,-11.396911655414835,-11.825340677930972,-12.133590197173739,-12.868875760981272,-13.220298274575734
12,12_30,Focus,30,2,1.5,-11.193521907996095,-11.491292851858255,-12.003422476365825,-12.522791470289755,-13.21717169054417
12,12_30,Focus,30,3,2.0,-11.093411494541746,-11.511023269859887,-12.10142640031837,-12.285196869078213,-13.274390307214246
12,12_30,Focus,30,4,2.5,-11.421728619000007,-11.710354163514438,-12.117890035464335,-12.397902373865307,-13.071722464749877
12,12_30,Focus,30,5,3.0,-11.564464712678728,-12.30685905676663,-12.294601009878702,-12.35533753808734,-13.175887198490809
12,12_30,Focus,30,6,3.5,-11.617064583230713,-12.344430608750203,-12.359783540514607,-12.442730697594422,-13.213897461958664
12,12_30,Focus,30,7,4.0,-11.461362869532286,-12.09575931670975,-12.319925905069981,-12.583749115605531,-13.194976123940501
12,12_31,MW,31,0,0.5,-11.505520666804191,-11.985954543789772,-12.308702266814816,-12.53574606810527,-13.166339270428429
12,12_31,MW,31,1,1.0,-11.778177618236903,-12.119322330750315,-12.474501028543658,-12.918289998672574,-13.122144418684986
12,12_31,MW,31,2,1.5,-11.735306762254803,-12.04596693594127,-12.238859934291424,-12.777908895570972,-13.085775078471471
12,12_31,MW,31,3,2.0,-11.727102441443014,-12.050713337231231,-12.554109740295528,-12.687632803328992,-13.179991530362823
12,12_31,MW,31,4,2.5,-11.392365244071263,-11.77870445326148,-12.276282377081468,-12.702993823641629,-13.089213379978215
12,12_31,MW,31,5,3.0,-11.069358284033065,-11.681077247249773,-12.155328314759188,-12.798616628598664,-13.195349253979648
12,12_31,MW,31,6,3.5,-11.137980592985722,-11.957339197342572,-12.4554586281535,-12.835383844169536,-13.150339230376263
12,12_31,MW,31,7,4.0,-11.565865032867768,-12.169066234663383,-12.312663441451852,-13.014870919540597,-13.358316058162682
12,12_32,Focus,32,0,0.5,-11.398219908557348,-11.698015612150602,-11.95255607410471,-12.950266252786578,-13.240533765108697
12,12_32,Focus,32,1,1.0,-11.58099060675875,-11.851723944517497,-12.17629933240743,-12.856604297906594,-13.266972746210905
12,12_32,Focus,32,2,1.5,-11.386922758736935,-11.907292293026105,-12.474167385895184,-12.893164141172646,-13.272638013643473
12,12_32,Focus,32,3,2.0,-11.134237971520696,-11.833454138462548,-12.438238008363568,-12.835063028231012,-13.26329940178449
12,12_32,Focus,32,4,2.5,-11.310468349467035,-11.516448906315297,-12.061314308389964,-12.720458299039269,-13.213358711794044
12,12_32,Focus,32,5,3.0,-11.255064095537328,-11.903690960630534,-12.29329404765745,-12.472146766960652,-13.240053400382337
12,12_32,Focus,32,6,3.5,-11.511584536402355,-12.073829022278675,-12.370882071999876,-12.404837728493298,-13.175239374376542
12,12_32,Focus,32,7,4.0,-11.667922541231674,-12.038576093833795,-12.153887339259782,-12.366989126861787,-13.122888780514346
12,12_33,Focus,33,0,0.5,-11.276364327921039,-11.490933153764717,-11.722128334441988,-12.459777554831627,-13.028042259355908
12,12_33,Focus,33,1,1.0,-11.493117436087527,-11.81788227360185,-12.037015992053957,-12.589860472342169,-13.1662578294473
12,12_33,Focus,33,2,1.5,-11.298207029678643,-11.705524733728,-11.858084633382882,-12.429148725451569,-13.371669504940812
12,12_33,Focus,33,3,2.0,-11.326505343484426,-11.582409969607735,-12.182748890304454,-12.865467056600904,-13.313239775546954
12,12_33,Focus,33,4,2.5,-11.549201065332424,-11.779591234865038,-12.322188748093062,-12.896805171767515,-13.32436465236327
12,12_33,Focus,33,5,3.0,-11.610583548099761,-12.383110539142812,-12.304757114528892,-12.811840904152012,-13.189059848522927
12,12_33,Focus,33,6,3.5,-11.518214490992538,-11.715361420013197,-12.333341905451014,-12.71441919857955,-13.295608993625576
12,12_33,Focus,33,7,4.0,-11.753366880263194,-11.807936071381553,-12.226817165211258,-12.60244632177514,-13.067179217025824
12,12_34,MW,34,0,0.5,-11.549156908904989,-12.203579609530946,-12.33996044822957,-12.529000770196472,-13.005965248873927
12,12_34,MW,34,1,1.0,-11.259299606536096,-12.086822559137918,-11.731133584852708,-12.314898532717024,-13.243102303360205
12,12_34,MW,34,2,1.5,-11.28577384442701,-11.952259425484375,-11.852088543391305,-12.361009733038609,-13.081367810623904
12,12_34,MW,34,3,2.0,-11.349158165603072,-11.812240574385983,-11.790308925849347,-12.464157869763815,-13.108457290927923
12,12_34,MW,34,4,2.5,-11.418747492463575,-11.588960841961617,-11.979038131768718,-12.52351334654796,-13.129166438228992
12,12_34,MW,34,5,3.0,-11.746661198215532,-12.176073353321536,-12.061500340507894,-12.772329539564861,-13.275057354073502
12,12_34,MW,34,6,3.5,-11.223277288106692,-11.98120762322339,-12.070517156693992,-12.79174816263063,-13.408590393150426
12,12_34,MW,34,7,4.0,-11.609126287491414,-11.790901200858482,-12.217953304911108,-12.981171479440338,-13.274847512255542
12,12_35,MW,35,0,0.5,-11.31851086734265,-11.43494860761471,-11.797631922384674,-12.570679656112354,-13.270330526632327
12,12_35,MW,35,1,1.0,-11.457255664418572,-11.545815339625191,-11.974370470203839,-12.642447593883507,-13.38668709287398
12,12_35,MW,35,2,1.5,-11.499677183962119,-11.395563015636181,-12.152273331603151,-12.841138488039038,-13.372837980807047
12,12_35,MW,35,3,2.0,-10.927103439605172,-11.494230301758737,-12.261823850771366,-12.769112219788191,-13.33084062604221
12,12_35,MW,35,4,2.5,-10.715057330685484,-11.368190235777728,-11.98513467456481,-12.594055843401458,-13.166463626603079
12,12_35,MW,35,5,3.0,-11.462961335715972,-11.936275261854723,-11.993017711295304,-12.455541695474583,-13.263460407711124
12,12_35,MW,35,6,3.5,-10.995222765390814,-11.484393263112299,-11.850898491187982,-12.67585792996635,-13.315238582662984
12,12_35,MW,35,7,4.0,-11.192420826531764,-11.978389380570835,-12.041192345380122,-12.903694262183484,-13.473013300047498
12,12_36,MW,36,0,0.5,-11.141233091598439,-11.843209847355,-11.971797239252297,-12.853992376595606,-13.283832640467166
12,12_36,MW,36,1,1.0,-11.134717304967893,-11.787011496212891,-12.506431475500266,-12.971138950639702,-13.554989819375894
12,12_36,MW,36,2,1.5,-11.270545754713766,-12.002995246686325,-12.459908083819393,-12.795635991391261,-13.414144424568978
12,12_36,MW,36,3,2.0,-11.114144630709106,-12.102444321737714,-12.199084576981923,-12.645362121918383,-13.234392813737303
12,12_36,MW,36,4,2.5,-11.185756908704539,-11.385691527561823,-11.860429620342751,-12.505654739168095,-13.220693226035392
12,12_36,MW,36,5,3.0,-11.522138750543883,-11.49505535229463,-12.249779862765772,-12.895551843995413,-13.520841049598346
12,12_36,MW,36,6,3.5,-11.429420629433233,-11.764476017447462,-12.2450016434702,-12.798073670025094,-13.271977842864873
12,12_36,MW,36,7,4.0,-11.251854211899142,-12.015187383736892,-12.132278884693712,-12.837761008374333,-13.357671395772426
12,12_37,MW,37,0,0.5,-11.121683360132172,-11.763098764328868,-11.85767149686554,-12.211816672137745,-13.248528674440017
12,12_37,MW,37,1,1.0,-11.222592702258183,-11.797788173852599,-12.056841417152869,-12.56470381709346,-13.178386727605949
12,12_37,MW,37,2,1.5,-11.597872370387137,-11.79282166087972,-12.368663584422842,-12.511200416242033,-13.265357586731739
12,12_37,MW,37,3,2.0,-11.679823888484734,-11.808938822258101,-12.060194989030187,-12.330607903508369,-13.252340120229466
12,12_37,MW,37,4,2.5,-11.405779532754694,-11.755361504951015,-11.944527077282961,-12.669718607050976,-13.322200248966602
12,12_37,MW,37,5,3.0,-11.108200449997382,-11.685758815218408,-12.38516973477395,-12.828646735670972,-13.474417831067734
12,12_37,MW,37,6,3.5,-10.870587056412273,-11.677603999707307,-12.186427521035478,-12.864446810849458,-13.417140902659206
12,12_37,MW,37,7,4.0,-11.568041552404221,-12.040183153447364,-12.246318028700742,-12.882737697668452,-13.461960303558763
12,12_38,Focus,38,0,0.5,-11.489610816236599,-11.803917402801556,-10.70568503686467,-11.884472609385313,-13.152409895695884
12,12_38,Focus,38,1,1.0,-11.567429778933661,-12.060706410880563,-10.981849638337362,-12.232532359264944,-13.13210503725506
12,12_38,Focus,38,2,1.5,-11.563201371198204,-12.194292019385186,-11.181533863787454,-11.912225599749165,-13.173252493912779
12,12_38,Focus,38,3,2.0,-11.460431962297525,-12.037181093391197,-11.397103089268724,-12.156751775614753,-13.167235640238525
12,12_38,Focus,38,4,2.5,-11.104703674750224,-12.286644568597332,-11.216767026732313,-11.951175681152527,-13.158293746807423
12,12_38,Focus,38,5,3.0,-11.359753894601502,-12.190488560611836,-11.399434137364246,-12.242007398863967,-13.27738754786187
12,12_38,Focus,38,6,3.5,-11.788389393122968,-11.971600297248994,-12.10177005350115,-11.907092848908125,-13.095539072397338
12,12_38,Focus,38,7,4.0,-11.42064436005784,-11.817176204222624,-11.734781928226042,-12.195640790781274,-13.143481209054285
12,12_39,Focus,39,0,0.5,-11.292279379668466,-11.65221501849667,-11.384908220930885,-12.112290626322977,-13.25065245747915
12,12_39,Focus,39,1,1.0,-11.515220194045659,-12.00655623765658,-11.175918036695665,-12.40513031680774,-13.027680937352415
12,12_39,Focus,39,2,1.5,-11.566735192568185,-12.295136958670307,-12.183808998531049,-12.650578936336347,-13.005169587024866
12,12_39,Focus,39,3,2.0,-11.798321076408676,-12.018177765574693,-11.92396121068306,-12.378744642499123,-13.150629632081813
12,12_39,Focus,39,4,2.5,-11.643466709098787,-11.795990792453962,-11.838217930609094,-12.317841585856847,-13.192113579483836
12,12_39,Focus,39,5,3.0,-11.585777284140452,-12.123618841505312,-11.881267411205572,-12.489784310358857,-12.943291899718206
12,12_39,Focus,39,6,3.5,-11.80307351122792,-11.91273061258347,-11.354394849008177,-12.323089425602742,-13.140226698421888
12,12_39,Focus,39,7,4.0,-11.799603315555412,-11.827833985369583,-11.922633354582128,-12.5653848145128,-13.149083208318142
13,13_0,Focus,0,0,0.5,-11.459595166484025,-12.138020567521895,-11.3939668527773,-12.692894613021252,-13.211094119606729
13,13_0,Focus,0,1,1.0,-11.491417455397638,-12.260396798938023,-11.629813174662429,-12.292457831861784,-13.17618729440639
13,13_0,Focus,0,2,1.5,-11.7038821267544,-12.157420993432826,-11.302396921461044,-12.034921878548076,-13.134634493997668
13,13_0,Focus,0,3,2.0,-11.78699064579374,-12.230659363694707,-11.591286099258264,-12.216508166975421,-13.203620780061724
13,13_0,Focus,0,4,2.5,-11.68371546146021,-12.22350495996506,-11.480813863513253,-12.518705884735231,-13.121820073903464
13,13_0,Focus,0,5,3.0,-11.657279291335692,-11.972046109000704,-11.96618314124021,-12.74006632649138,-13.013014642913575
13,13_0,Focus,0,6,3.5,-11.566885091260241,-12.107897562403569,-11.764062693794578,-12.52162255967417,-13.090314511780798
13,13_0,Focus,0,7,4.0,-11.715940462643209,-12.335664677673273,-11.479257414317617,-12.477828202666283,-13.102321349421054
13,13_1,Focus,1,0,0.5,-10.92982399458864,-12.222927279735808,-11.70460177618321,-12.300056883515587,-13.029006759159342
13,13_1,Focus,1,1,1.0,-11.373554790542771,-12.159448529849833,-11.567326778680233,-12.228742473127056,-13.093322466270989
13,13_1,Focus,1,2,1.5,-11.584394184874148,-12.13423049703114,-11.124831237612778,-12.413053461828525,-13.0331912437627
13,13_1,Focus,1,3,2.0,-11.604343078936747,-12.11745311052966,-11.114973230692506,-12.149211200434475,-13.062663706954416
13,13_1,Focus,1,4,2.5,-11.293055712628657,-12.145762361504781,-11.894754999642501,-12.379758646167067,-13.149951849299464
13,13_1,Focus,1,5,3.0,-11.353309121977823,-11.986376549928652,-11.499443071924066,-12.430270317876941,-12.861222810410224
13,13_1,Focus,1,6,3.5,-11.114628387255934,-11.790128493634391,-11.41955940461743,-12.341485188320009,-13.007481029064854
13,13_1,Focus,1,7,4.0,-11.451861654941846,-12.022034639109405,-11.237998583611727,-12.383065450142562,-13.126206447819763
13,13_2,Focus,2,0,0.5,-11.54963563157689,-12.26114088433641,-11.812777852378929,-12.487694180247535,-13.119540770253849
13,13_2,Focus,2,1,1.0,-11.492070755093245,-12.144051435234454,-11.818819469635217,-12.65236011375073,-13.037426948140498
13,13_2,Focus,2,2,1.5,-11.229388544611933,-12.035509544097378,-11.731262404292474,-12.473016659723966,-12.961326519196504
13,13_2,Focus,2,3,2.0,-11.374593103376242,-12.190738836909448,-11.866550717929343,-12.462977162800817,-13.106739832521013
13,13_2,Focus,2,4,2.5,-11.55365017141223,-12.04479750630653,-11.540608792059437,-12.466174983714073,-13.256474062182061
13,13_2,Focus,2,5,3.0,-11.604226746022288,-12.167735615026059,-11.35382687322543,-12.284544146468702,-13.10831173233372
13,13_2,Focus,2,6,3.5,-11.447551923496837,-11.872117579965627,-11.525861175402822,-12.213685323303558,-13.086893268222106
13,13_2,Focus,2,7,4.0,-11.60783677351091,-12.430237746937614,-11.712139299369571,-12.356264847313946,-12.937642350641937
13,13_3,MW,3,0,0.5,-11.485922232075119,-12.121734904610086,-11.489712719611315,-12.197325714181465,-12.877411983270981
13,13_3,MW,3,1,1.0,-11.494510141593366,-12.067853147869888,-11.301141388787737,-12.245872906707982,-13.138655714352883
13,13_3,MW,3,2,1.5,-11.39375986631319,-11.877105464747473,-11.65241592778831,-12.137338023430765,-13.102154418863188
13,13_3,MW,3,3,2.0,-11.708258721167997,-12.123937315249979,-11.882317197686497,-12.437437448756361,-13.128110139128664
13,13_3,MW,3,4,2.5,-11.46768573295281,-12.044213723119347,-11.779236954604968,-12.455348348188588,-13.051318108128893
13,13_3,MW,3,5,3.0,-11.54269731864211,-12.192948976350737,-12.038688481927881,-12.475505795011065,-13.196164260896074
13,13_3,MW,3,6,3.5,-11.484428031421185,-12.278916950482255,-12.197764305421114,-12.621427541339541,-13.114110851306497
13,13_3,MW,3,7,4.0,-11.280297408569657,-11.885820084571458,-11.963932349989484,-12.198026578546989,-13.247682433689077
13,13_4,Focus,4,0,0.5,-11.90610095525326,-11.982424131399332,-11.483404148607217,-12.547605706891265,-13.063793113931457
13,13_4,Focus,4,1,1.0,-11.600486757841958,-12.154196813306468,-11.394705526505023,-12.54501061622052,-13.173568286545768
13,13_4,Focus,4,2,1.5,-11.48655929867264,-12.148647535599816,-11.68034805795683,-12.365007775948591,-13.13861694264134
13,13_4,Focus,4,3,2.0,-11.189469694642112,-12.239461406036723,-11.204865487499319,-12.596807707646027,-13.155256745831993
13,13_4,Focus,4,4,2.5,-11.530369498557565,-12.145970451874787,-11.101763413954712,-12.461087652717096,-13.154092810846638
13,13_4,Focus,4,5,3.0,-11.41347728974895,-12.010090835233564,-11.884874879974547,-12.486018410740563,-13.109192429342496
13,13_4,Focus,4,6,3.5,-11.435807348621763,-12.344510467211038,-11.713044395215434,-12.286954940101852,-12.954473116769142
13,13_4,Focus,4,7,4.0,-11.479960516197291,-12.225197840731441,-11.803077120342884,-12.527944481635277,-13.050337097623558
13,13_5,Focus,5,0,0.5,-11.406355349968369,-11.96110606186825,-11.532505022065951,-12.420728986807763,-13.083364446666922
13,13_5,Focus,5,1,1.0,-11.240436199423327,-12.000236851222322,-11.481762378905191,-12.17690893164468,-12.9741786101371
13,13_5,Focus,5,2,1.5,-11.0671642616658,-11.89371649698573,-11.314926288453961,-12.638008011194572,-13.015606983782199
13,13_5,Focus,5,3,2.0,-11.592879164142508,-12.109051816215223,-11.525414020736607,-12.022419528023706,-13.09454735863153
13,13_5,Focus,5,4,2.5,-11.526329856531015,-12.203508226778998,-11.217456879180537,-12.328303912645367,-13.15786493494735
13,13_5,Focus,5,5,3.0,-11.652276005928087,-11.953921841061856,-11.37850286255032,-12.401809370211899,-13.187017751258843
13,13_5,Focus,5,6,3.5,-11.54092926236537,-12.380414734557592,-11.638937072705506,-12.47757754643055,-13.183498976950935
13,13_5,Focus,5,7,4.0,-11.679731784962101,-12.203601617057279,-11.57886574800834,-12.624893213728868,-13.116541283624501
13,13_6,Focus,6,0,0.5,-11.508714193759458,-12.187467467853502,-11.734586936473482,-12.526313307990238,-12.957984254697003
13,13_6,Focus,6,1,1.0,-11.211553850600634,-12.194086955107045,-11.32325719508708,-12.057731497572021,-13.04450503934782
13,13_6,Focus,6,2,1.5,-11.220012016387583,-11.88021376244667,-11.47790445851021,-12.215028865492842,-13.123160441140632
13,13_6,Focus,6,3,2.0,-11.409253246771092,-11.997908977571205,-11.118814961398984,-12.523765605039369,-13.059890723899326
13,13_6,Focus,6,4,2.5,-11.510388978855934,-11.777483405177836,-11.464709232423505,-12.447616297295479,-13.000906112342907
13,13_6,Focus,6,5,3.0,-11.651100281715228,-12.044040367803222,-11.563302967632684,-12.469173575844966,-13.020518453506103
13,13_6,Focus,6,6,3.5,-11.733646186294468,-12.103228932752243,-11.511426889215837,-12.222271837692839,-12.995832237589164
13,13_6,Focus,6,7,4.0,-11.368062915512652,-11.702200727400179,-11.249980898966248,-12.097070751583626,-13.127739362269054
13,13_7,Focus,7,0,0.5,-11.84227348462398,-12.222798875174608,-11.1520470635334,-12.554477709473803,-13.248993948043383
13,13_7,Focus,7,1,1.0,-11.563458936074515,-11.2075533663049,-11.309532254282816,-12.146127853421934,-13.240860372098062
13,13_7,Focus,7,2,1.5,-11.111312991291541,-11.750843869694087,-11.211031601213065,-12.478266573687007,-13.22593422243563
13,13_7,Focus,7,3,2.0,-11.317378290279768,-12.114066361775842,-11.386877911869972,-12.434648629482874,-13.301592157779321
13,13_7,Focus,7,4,2.5,-11.574410614963389,-11.924876347971765,-11.37123651087758,-12.381156193100045,-13.24842402726628
13,13_7,Focus,7,5,3.0,-11.385549434722009,-11.943162048526457,-11.538560066357059,-12.535043851060067,-13.287884209219516
13,13_7,Focus,7,6,3.5,-11.352017454947713,-11.89433629330824,-11.414390244576621,-12.287763764797356,-13.181207674054072
13,13_7,Focus,7,7,4.0,-11.357902804026393,-12.087719775986713,-11.611051964945808,-12.394626191166594,-13.338649991826466
13,13_8,Focus,8,0,0.5,-11.451676689133464,-11.922046437474329,-11.488209476198593,-12.450906122000138,-13.138956201714691
13,13_8,Focus,8,1,1.0,-11.383416551193998,-11.999121089318205,-11.445581289556888,-12.578615272007253,-13.109178754912257
13,13_8,Focus,8,2,1.5,-11.543542839559985,-12.04601839196953,-11.634359069017272,-12.462725536139375,-13.174133248201722
13,13_8,Focus,8,3,2.0,-11.744131437392145,-11.915583934924737,-11.34970756834897,-12.47420594412036,-13.31294356917273
13,13_8,Focus,8,4,2.5,-11.876392890800316,-12.097053937488738,-11.215452287373735,-12.50725262959406,-13.14168472881446
13,13_8,Focus,8,5,3.0,-11.543972596371004,-11.974734486925346,-11.199257703392815,-12.32103857454041,-13.184349576553329
13,13_8,Focus,8,6,3.5,-11.543463627248757,-12.053856200255218,-11.378460198231126,-12.45955238345177,-13.09115721264883
13,13_8,Focus,8,7,4.0,-11.66129507841243,-12.274115435410497,-11.390957155390808,-12.500721101245011,-13.109161675293391
13,13_9,Focus,9,0,0.5,-11.479721098725763,-12.034605963803019,-11.540635079270785,-12.28847106120899,-13.105308223249954
13,13_9,Focus,9,1,1.0,-11.305823971419102,-12.108966340285608,-11.489116430476495,-12.472671182990064,-13.07466968324906
13,13_9,Focus,9,2,1.5,-11.349093590232775,-11.866308571409286,-11.317513364119627,-12.442389819628696,-13.120295070721342
13,13_9,Focus,9,3,2.0,-11.706952669286233,-11.765849335403896,-11.14964376526664,-12.275092429714004,-13.289944512949207
13,13_9,Focus,9,4,2.5,-11.428788555923402,-12.016562653593299,-11.501946352805739,-12.445377305985453,-13.14137723549307
13,13_9,Focus,9,5,3.0,-11.506080326929842,-11.801018970626776,-11.361848435921198,-12.317292342016266,-13.24926072958092
13,13_9,Focus,9,6,3.5,-11.722177172989815,-12.018832601473436,-11.70108542755655,-12.643203387253054,-13.116057438530039
13,13_9,Focus,9,7,4.0,-11.611583190007304,-12.03439978787923,-11.681114560024367,-12.588461542394983,-13.246498937037991
13,13_10,Focus,10,0,0.5,-11.543952170520532,-11.887312373405395,-11.467001260570662,-12.468942402872164,-13.067258193393657
13,13_10,Focus,10,1,1.0,-11.555357988711608,-12.004590401838835,-11.15755338013216,-12.426185164237312,-13.058478226363606
13,13_10,Focus,10,2,1.5,-11.434667066068174,-12.02781174337345,-11.599995114718594,-12.256117040085924,-13.099335154410221
13,13_10,Focus,10,3,2.0,-11.428422884974935,-12.133996614972169,-11.323104214614713,-12.285179259710832,-13.088794859372513
13,13_10,Focus,10,4,2.5,-11.39205093317192,-11.973029040276527,-11.18598980442726,-12.391338644410514,-13.038207362937653
13,13_10,Focus,10,5,3.0,-11.400026342156076,-11.715240212211008,-11.56414144105768,-12.384586387182367,-13.108845730242331
13,13_10,Focus,10,6,3.5,-11.33584831160583,-11.890136029151735,-11.527978852728372,-12.628038547487538,-12.983937539273683
13,13_10,Focus,10,7,4.0,-11.375197165832255,-12.094556676301753,-10.851259743803546,-12.454839340672082,-13.097686461111962
13,13_11,Focus,11,0,0.5,-11.284373591294719,-12.239270603231759,-11.59744180078268,-12.212788604854177,-13.041494967031657
13,13_11,Focus,11,1,1.0,-11.158389763314164,-12.03070692152429,-11.393856460828388,-12.427840341890391,-12.92887800209494
13,13_11,Focus,11,2,1.5,-11.171475626481213,-12.44427938256257,-11.563684057771365,-12.399713451303839,-12.98659339087591
13,13_11,Focus,11,3,2.0,-11.137832464250756,-12.10091460030338,-11.555298952561229,-12.576190521082934,-12.918295127185564
13,13_11,Focus,11,4,2.5,-11.394725067176063,-12.318213053149208,-11.596275250554596,-12.495324393621898,-12.992087746342618
13,13_11,Focus,11,5,3.0,-11.528788212616648,-12.165113941622945,-11.46282403455154,-12.391515036308371,-13.18031808765546
13,13_11,Focus,11,6,3.5,-11.553540350507683,-12.190607363185268,-11.602802189859045,-12.53883654650765,-13.053634615319769
13,13_11,Focus,11,7,4.0,-11.763729480213543,-12.24237736114478,-11.163516802084454,-12.440207697536163,-13.007708200757628
13,13_12,Focus,12,0,0.5,-11.365304221940058,-12.164961683997516,-11.318079904378509,-12.548868589913189,-13.010276678331556
13,13_12,Focus,12,1,1.0,-11.454406742410837,-11.88875828928826,-11.355716357370724,-12.673832844189814,-13.156667953152505
13,13_12,Focus,12,2,1.5,-11.650512787219755,-12.11488570148574,-11.062955466498504,-12.633297480340989,-13.116964923694793
13,13_12,Focus,12,3,2.0,-11.566325140004517,-12.219090533172222,-11.225415561342174,-12.591278228734426,-13.08238103588008
13,13_12,Focus,12,4,2.5,-11.497110650145421,-12.004309660183528,-11.440965206434761,-12.533926510474213,-13.176677703725685
13,13_12,Focus,12,5,3.0,-11.331719893198684,-11.930227237739102,-11.38183630117467,-12.448904785233207,-13.058705927422391
13,13_12,Focus,12,6,3.5,-11.451003811982098,-11.841707780194472,-11.066852145931255,-12.319006193671333,-13.196037044046179
13,13_12,Focus,12,7,4.0,-11.868344987892398,-11.898497651386116,-11.384570740066671,-12.445910729392562,-13.165237565986542
13,13_13,Focus,13,0,0.5,-11.320998290779512,-11.777573117086245,-11.432105702997001,-12.439534896899053,-13.066258343275868
13,13_13,Focus,13,1,1.0,-11.641992282457029,-11.9925057154067,-11.239784867286508,-12.338679264058815,-13.103087847521397
13,13_13,Focus,13,2,1.5,-11.839906619708087,-11.750403719025757,-11.349262789508412,-12.558848980873305,-12.960414678996106
13,13_13,Focus,13,3,2.0,-11.681507367825317,-11.814943170306032,-11.643713432721558,-12.464043669596881,-13.094864222711434
13,13_13,Focus,13,4,2.5,-11.410632817587164,-11.685614978829266,-11.22748827964593,-12.302538547266078,-13.084546232967583
13,13_13,Focus,13,5,3.0,-11.189243687734221,-11.827611186419997,-11.497382983280477,-12.430600960483485,-13.082709912111497
13,13_13,Focus,13,6,3.5,-11.402378517520097,-11.786687416517873,-11.041795082455803,-12.450357809755698,-13.107444493935759
13,13_13,Focus,13,7,4.0,-11.60622461852551,-12.202821647563427,-11.158658799143838,-12.498964395052456,-13.13609864367079
13,13_14,MW,14,0,0.5,-11.19146445851905,-11.96457389366986,-11.036985707960643,-12.276241331766029,-12.919561869234274
13,13_14,MW,14,1,1.0,-11.016885167456959,-11.62526284097118,-10.930192753427379,-12.291641266692944,-12.961410361899214
13,13_14,MW,14,2,1.5,-11.243651764122868,-11.716297836159095,-11.234188657540134,-12.310349370718523,-13.00845581727019
13,13_14,MW,14,3,2.0,-11.384933379743952,-11.440467720197104,-11.285231981822994,-12.377693969233077,-13.004071517854033
13,13_14,MW,14,4,2.5,-11.452548794820702,-11.353242155109738,-11.261817018869458,-12.360723316363124,-12.995942344407927
13,13_14,MW,14,5,3.0,-11.091187403479395,-11.479343876202186,-10.966492372645353,-12.178445140895002,-12.979468125464841
13,13_14,MW,14,6,3.5,-11.27008576702663,-11.645094600753776,-11.068264521967643,-12.309070346764766,-12.97457641986305
13,13_14,MW,14,7,4.0,-11.319684503102149,-11.6909419325263,-11.003993255481465,-12.262465228122691,-13.009886324751067
13,13_15,Focus,15,0,0.5,-11.514839586433705,-12.026411405013599,-11.5568548853166,-12.379610003622657,-12.793511413231746
13,13_15,Focus,15,1,1.0,-11.529181222096591,-12.218151508015549,-11.598826189415204,-12.383261739800131,-12.956507428249719
13,13_15,Focus,15,2,1.5,-11.155126114177333,-12.323754089318696,-11.715767986840964,-12.067012651814675,-12.862900624072047
13,13_15,Focus,15,3,2.0,-11.310290361703466,-12.289611625283039,-11.375658316190467,-12.23196038740745,-12.865264279461842
13,13_15,Focus,15,4,2.5,-11.536119706455175,-12.114803116737392,-11.25789818192841,-12.189267991953606,-12.944411929892956
13,13_15,Focus,15,5,3.0,-11.03217671465182,-12.054603676377097,-11.167455627019867,-12.371170441648951,-12.995657409698843
13,13_15,Focus,15,6,3.5,-11.46719200372396,-12.063825660115066,-11.409970110878636,-12.320378552934757,-12.92019044666738
13,13_15,Focus,15,7,4.0,-11.47002923567436,-11.969272089620402,-11.266706589624588,-12.436031819894774,-13.077918696601616
13,13_16,MW,16,0,0.5,-11.55476781811638,-12.040898341671376,-11.28386510456163,-12.574959281151553,-13.075170003014057
13,13_16,MW,16,1,1.0,-11.526784080266317,-11.74047880598758,-11.04430099568954,-12.302475088328576,-12.990407709593763
13,13_16,MW,16,2,1.5,-11.738958561156862,-12.27079526345412,-11.377342257920308,-12.515903153521677,-13.209559556063159
13,13_16,MW,16,3,2.0,-11.59833306519916,-12.446111559932795,-11.738242801292142,-12.512053203494679,-13.260037565049842
13,13_16,MW,16,4,2.5,-11.412341157257092,-12.22778004291823,-11.552242433872896,-12.118707942576911,-12.982397071005975
13,13_16,MW,16,5,3.0,-11.489499129422684,-11.751522679655935,-11.210178399923322,-12.335422067914697,-12.985774306421336
13,13_16,MW,16,6,3.5,-11.151384759659178,-11.386386624971689,-11.067631419387865,-12.342799208922656,-13.029839291364508
13,13_16,MW,16,7,4.0,-11.692141500431692,-11.873422448145275,-11.393805456829348,-12.189921988781567,-12.94435774613145
13,13_17,Focus,17,0,0.5,-11.622610514739774,-12.019084875547717,-11.11605641067148,-12.139596067389798,-12.956193897381205
13,13_17,Focus,17,1,1.0,-11.38368962488915,-12.133051074557095,-11.030371002597619,-12.495703280404204,-12.967312339614633
13,13_17,Focus,17,2,1.5,-11.495030324776197,-12.401948161907756,-11.463369203291167,-12.49377513973317,-13.153275653483291
13,13_17,Focus,17,3,2.0,-11.495173236702716,-12.001194747223598,-11.274128904504993,-12.482561974664575,-13.068400342420226
13,13_17,Focus,17,4,2.5,-11.421903846061518,-12.125318825175208,-11.260366120461017,-12.368288231928904,-12.880788225348873
13,13_17,Focus,17,5,3.0,-11.515098457458881,-12.227584020769545,-11.193650136179047,-12.397765786820782,-12.90658633111541
13,13_17,Focus,17,6,3.5,-11.579498014173447,-12.29287878193558,-11.355444946096663,-12.222166960085861,-12.99034857893889
13,13_17,Focus,17,7,4.0,-11.681525395054631,-12.32779589065258,-11.487541413936285,-12.394745354217177,-12.938400765961113
13,13_18,Focus,18,0,0.5,-11.408043901374427,-11.8741334628968,-11.257860579118962,-12.340269337628648,-12.919864418405634
13,13_18,Focus,18,1,1.0,-11.4972667068275,-12.139320021285444,-10.933810923177893,-12.526028724424155,-12.976380041641047
13,13_18,Focus,18,2,1.5,-11.469112239285774,-12.099247848176969,-11.441915780002379,-12.490293295199866,-13.075289406261803
13,13_18,Focus,18,3,2.0,-11.604119867827018,-11.84535811000727,-11.414089138587268,-12.333370469959984,-13.128965911490594
13,13_18,Focus,18,4,2.5,-11.503188788889135,-12.148683230843723,-11.388333352358256,-12.217604646203664,-13.093891376358805
13,13_18,Focus,18,5,3.0,-11.91969067997835,-12.084353879135996,-11.303257500929682,-12.348411169944315,-13.086420267017209
13,13_18,Focus,18,6,3.5,-11.348209204196056,-12.093910088113903,-11.465648287297999,-12.425711557092772,-13.082299016846088
13,13_18,Focus,18,7,4.0,-11.579421719998177,-12.169040108149789,-11.693840317585757,-12.492334900724277,-13.053129485819163
13,13_19,Focus,19,0,0.5,-11.190309941905543,-12.156244674095465,-11.65623912680909,-12.287173339962429,-13.01327478952982
13,13_19,Focus,19,1,1.0,-11.683653849959242,-11.925933485826771,-10.95978753133737,-12.510055238507698,-13.058974483372738
13,13_19,Focus,19,2,1.5,-11.209205800410569,-11.834879599940498,-11.245559827888103,-12.39253583305316,-13.113540653511233
13,13_19,Focus,19,3,2.0,-11.335486545041972,-12.122720839826684,-11.367008327792353,-12.325662491569124,-13.002388050253193
13,13_19,Focus,19,4,2.5,-11.348532911517344,-12.02570589134438,-11.402190619900326,-12.236370582998228,-13.087332066957616
13,13_19,Focus,19,5,3.0,-10.891585696042508,-12.14787874515704,-12.011139721894684,-12.307629965851758,-13.100180950257688
13,13_19,Focus,19,6,3.5,-11.398314555068639,-12.128966394422495,-11.859439571499376,-12.453478123570438,-13.12223872061592
13,13_19,Focus,19,7,4.0,-11.540173474639705,-12.218126440379597,-12.10658097952727,-12.019369749314613,-13.159259896366004
13,13_20,Focus,20,0,0.5,-11.651941032230928,-11.964288694832579,-11.523878786976667,-12.309789991297782,-13.107751578979743
13,13_20,Focus,20,1,1.0,-11.621778167531403,-11.802827017366576,-11.488787957886572,-12.493331999610998,-13.057035553068046
13,13_20,Focus,20,2,1.5,-11.558116127339698,-12.134279459403121,-11.365655842436274,-12.49722246276492,-13.072953785446282
13,13_20,Focus,20,3,2.0,-11.514341657718616,-11.971197222677384,-11.36628972332562,-12.353421381571025,-13.05467167662058
13,13_20,Focus,20,4,2.5,-11.395028033419798,-12.017357399803958,-11.2331948060109,-12.334946820204571,-13.134140393001346
13,13_20,Focus,20,5,3.0,-11.416883899141157,-11.899544555528239,-10.950598350694833,-12.515194415624679,-13.089493469388165
13,13_20,Focus,20,6,3.5,-11.46688955911469,-12.006436227184743,-11.377775514405775,-12.532691628081992,-13.048224771871167
13,13_20,Focus,20,7,4.0,-11.645081756954099,-12.226322774438456,-11.567721750602383,-12.348848101767718,-13.117398753793223
13,13_21,Focus,21,0,0.5,-11.570694345666768,-11.58964269685222,-11.305737119677831,-12.417789572187969,-13.288054238989776
13,13_21,Focus,21,1,1.0,-11.764900877467806,-12.132642300060052,-11.261472211060763,-12.548830822696326,-13.222002689076637
13,13_21,Focus,21,2,1.5,-11.853194615532198,-12.275929423524701,-11.532146408259397,-12.581082558832147,-13.138199869079317
13,13_21,Focus,21,3,2.0,-11.67541892747021,-11.683620440714899,-11.164180508049029,-12.502657386546764,-13.25757202614269
13,13_21,Focus,21,4,2.5,-11.576352589825156,-11.884161466620325,-11.542780495693245,-12.569298679865899,-13.201712118624473
13,13_21,Focus,21,5,3.0,-11.79677088390314,-11.879867606826226,-11.389217514413112,-12.476933895985841,-13.147005463046076
13,13_21,Focus,21,6,3.5,-11.905054186767089,-11.863651456502295,-11.810105189200558,-12.35143805936761,-13.17752751452832
13,13_21,Focus,21,7,4.0,-11.474508283401253,-12.083912498728905,-11.590292089673168,-12.402221176075738,-13.223671008363786
13,13_22,MW,22,0,0.5,-11.372642853464908,-12.083705008286502,-12.121667803238049,-12.661650453819094,-13.270877061962148
13,13_22,MW,22,1,1.0,-11.116513453025538,-12.180275782182925,-11.751533234832555,-12.789292547447781,-13.096459954613689
13,13_22,MW,22,2,1.5,-11.521252440778312,-11.81846210183903,-12.033453969260808,-12.787534010007292,-13.281452538520963
13,13_22,MW,22,3,2.0,-11.554525953499741,-12.075302372346485,-11.778139626334491,-12.695254609094837,-13.168051312196477
13,13_22,MW,22,4,2.5,-11.527125516840513,-12.065331337540808,-11.89067806749798,-12.746861540704383,-13.184383077402789
13,13_22,MW,22,5,3.0,-11.851166517136425,-11.970573555019305,-12.126642180940246,-12.693988457355866,-13.24185932563112
13,13_22,MW,22,6,3.5,-11.542473169183769,-11.697510383836924,-12.089515245229151,-12.624650667302815,-13.211364255040884
13,13_22,MW,22,7,4.0,-11.51083266032327,-11.905482795368684,-12.11931804616454,-12.6174503426884,-13.269605851119092
13,13_23,Focus,23,0,0.5,-11.427120095590203,-11.69728404001142,-11.362572343970607,-12.511224678619342,-13.233897028773745
13,13_23,Focus,23,1,1.0,-11.658534996135618,-11.885491913039553,-11.247304208579513,-12.362109020033959,-13.26551370731561
13,13_23,Focus,23,2,1.5,-11.76009575881311,-12.218547344213608,-11.27976747084887,-12.555906042459661,-13.322738898388428
13,13_23,Focus,23,3,2.0,-11.558284829894793,-11.80521349906223,-11.336639324562272,-12.320466497358035,-13.199624975299187
13,13_23,Focus,23,4,2.5,-11.384357368025228,-11.937394203972993,-11.396170826053766,-12.511301488111718,-13.215431087230044
13,13_23,Focus,23,5,3.0,-11.657357010714822,-12.291740423207449,-11.174287572166067,-12.441156536711997,-13.121424539087865
13,13_23,Focus,23,6,3.5,-11.616543615682842,-12.039435068349663,-11.323045539027294,-12.522295907988074,-13.178057331513989
13,13_23,Focus,23,7,4.0,-11.244605603903777,-12.299120935097479,-11.187917159003394,-12.454959777383623,-13.06884500478014
13,13_24,Focus,24,0,0.5,-11.44518868729418,-11.907552931467363,-11.853173544126435,-12.489698476646678,-13.070428135661926
13,13_24,Focus,24,1,1.0,-11.702507550199712,-12.218667878650512,-11.691554688324684,-12.463506817923175,-13.243312912556377
13,13_24,Focus,24,2,1.5,-11.3498328041522,-12.0529862213778,-11.38102496728747,-12.577387488992024,-13.15799458130658
13,13_24,Focus,24,3,2.0,-11.471983503870511,-12.282803813983447,-11.499890860596796,-12.369906398964718,-13.120584124459139
13,13_24,Focus,24,4,2.5,-11.497009391903823,-11.959471258805312,-11.329729396228428,-12.606036107935543,-13.111313188647419
13,13_24,Focus,24,5,3.0,-11.29236585623122,-11.938898469936493,-11.300638470228012,-12.448938311172233,-13.058490737875477
13,13_24,Focus,24,6,3.5,-11.420911165709267,-12.224086807975596,-11.672129017280394,-12.468813635270918,-13.231750842109824
13,13_24,Focus,24,7,4.0,-11.442504543346603,-11.895043047507352,-11.540967227828691,-12.395622993357712,-13.123762755089773
13,13_25,MW,25,0,0.5,-11.802274007310405,-12.105277221871187,-12.417248264819307,-12.722409691954962,-13.162300572512637
13,13_25,MW,25,1,1.0,-11.515500461409966,-12.192097293384201,-11.825391222586823,-12.394973498584141,-13.095917185192741
13,13_25,MW,25,2,1.5,-11.382377093334851,-12.15811707766538,-11.514199655846271,-12.207018635722463,-13.068930273694015
13,13_25,MW,25,3,2.0,-11.565325410006988,-12.066207777190803,-11.840648438372252,-12.479705891489525,-13.068162509153096
13,13_25,MW,25,4,2.5,-11.588219659078753,-11.626291243733762,-12.184408429345206,-12.645641035507628,-13.218057333614366
13,13_25,MW,25,5,3.0,-11.31285853145653,-12.100870201839136,-12.172256419208175,-12.504235911114757,-13.138852320293026
13,13_25,MW,25,6,3.5,-11.894866332702964,-12.009291011434996,-12.020084999689098,-12.547230481980328,-13.17172527110127
13,13_25,MW,25,7,4.0,-11.821654938788672,-12.12472879617818,-12.142458904902176,-12.703822776561664,-13.24384722545941
13,13_26,MW,26,0,0.5,-11.653823472069483,-11.960916073071127,-11.649231658445867,-12.474348281042682,-12.833592440785358
13,13_26,MW,26,1,1.0,-11.304704780369912,-12.134329484950799,-11.957054484113684,-12.424069660991309,-12.810739057157413
13,13_26,MW,26,2,1.5,-11.753854650414366,-12.191511635197893,-12.098589799490103,-12.618936612932144,-12.670779162648808
13,13_26,MW,26,3,2.0,-11.844533275105743,-11.98201155842935,-12.266974355495499,-12.576414423204483,-12.614559715310959
13,13_26,MW,26,4,2.5,-11.389937763999093,-12.041746478372323,-12.044439951915297,-12.619704262088806,-12.725445380669422
13,13_26,MW,26,5,3.0,-11.282967806924356,-12.092897355679758,-12.011267567727382,-12.561468382571697,-12.725678788468556
13,13_26,MW,26,6,3.5,-11.374274183282964,-12.24829485030843,-12.414723410682182,-12.68482569774789,-12.713015329969204
13,13_26,MW,26,7,4.0,-11.425905800435995,-12.092957754427157,-12.030990254486642,-12.542713775382817,-12.685366474369987
13,13_27,MW,27,0,0.5,-11.587192511280504,-11.987661262471036,-11.176519182456339,-12.405443883728696,-12.629787155709051
13,13_27,MW,27,1,1.0,-11.56699793881202,-12.292302726197248,-11.71095792810546,-12.33485342108286,-12.624981117815697
13,13_27,MW,27,2,1.5,-11.396254556032968,-12.015820338592427,-11.45938790681418,-12.344200884490967,-12.50135538018295
13,13_27,MW,27,3,2.0,-11.475541052616041,-12.142542168135435,-11.644181989163151,-12.265564998502697,-12.553989546370063
13,13_27,MW,27,4,2.5,-11.393422780362934,-12.25784489091105,-11.278229750298307,-12.317208402932236,-12.569809848048834
13,13_27,MW,27,5,3.0,-11.37775484591462,-12.21842401499662,-11.674126454134528,-12.372709313765414,-12.682892435109775
13,13_27,MW,27,6,3.5,-11.643994512206739,-11.984800875484403,-11.292556251972952,-12.35148716348231,-12.671992878374036
13,13_27,MW,27,7,4.0,-11.481340282669462,-12.006783101451926,-11.53915034800138,-12.346327240022765,-12.709644519090379
13,13_28,Focus,28,0,0.5,-11.56291092700855,-12.290000495520506,-11.472542410128085,-12.33983229664665,-12.665208462938757
13,13_28,Focus,28,1,1.0,-11.22127860388035,-11.885287385873651,-11.303652278732137,-12.31039875404352,-12.771239281654683
13,13_28,Focus,28,2,1.5,-11.656025898225023,-12.050962652916256,-11.580525644938417,-12.250271122563957,-12.808200384934825
13,13_28,Focus,28,3,2.0,-11.613562948711708,-12.02825930071372,-11.362478673077293,-12.301818140710287,-12.789925992335936
13,13_28,Focus,28,4,2.5,-11.660956563210235,-11.96070656930909,-11.240307467364888,-12.31423819163933,-12.810282289151582
13,13_28,Focus,28,5,3.0,-11.664909035726408,-11.689757401827093,-11.192933533236006,-12.286123855273239,-12.82990234107705
13,13_28,Focus,28,6,3.5,-11.688028787760373,-11.956121943911404,-11.73088031347871,-12.366866032724976,-12.838591445744393
13,13_28,Focus,28,7,4.0,-11.538089352017478,-12.275014692298168,-11.288439813294415,-12.370201850917587,-12.85889798475089
13,13_29,Focus,29,0,0.5,-11.45807646806126,-11.787585451213753,-10.877706751087079,-12.122763409114153,-12.628417183301295
13,13_29,Focus,29,1,1.0,-11.32062495210843,-11.835388501507325,-11.054724739000207,-12.326536972963435,-12.67746844761476
13,13_29,Focus,29,2,1.5,-11.406402448394402,-11.75267826420852,-11.097430800956385,-12.362043291206753,-12.674133368878737
13,13_29,Focus,29,3,2.0,-11.769659994380898,-11.8916922476455,-10.869330999230458,-12.210876981655439,-12.748297565186817
13,13_29,Focus,29,4,2.5,-11.277611039915756,-11.566262614617068,-11.095870430935781,-12.129555498094005,-12.709919811920988
13,13_29,Focus,29,5,3.0,-11.351803985473923,-11.773125307956438,-11.112245536998,-12.319848367839555,-12.548109529493026
13,13_29,Focus,29,6,3.5,-11.230891246168822,-12.101650196508796,-11.341718692611401,-12.229958539238183,-12.536725449884045
13,13_29,Focus,29,7,4.0,-11.43109981857922,-11.807067588958637,-11.497928643348436,-12.245730716724992,-12.262677218149632
13,13_30,Focus,30,0,0.5,-11.532622612917752,-12.266566118706466,-11.487262424402376,-12.573667186301208,-12.661364489607173
13,13_30,Focus,30,1,1.0,-10.967211886133462,-11.751337062336699,-11.851591696486913,-12.304992628061907,-12.73783295028028
13,13_30,Focus,30,2,1.5,-11.344479728077973,-12.017485794319057,-11.51755245455347,-12.440911949430655,-12.803373175050998
13,13_30,Focus,30,3,2.0,-11.305683609167264,-11.926566871955492,-11.589344956483353,-12.501201384057122,-12.615256007661403
13,13_30,Focus,30,4,2.5,-11.404720285240279,-12.047428329425607,-11.74628624007294,-12.484791097242613,-12.579702984209185
13,13_30,Focus,30,5,3.0,-11.291243375537007,-12.067272846373884,-11.795469482947059,-12.538154755587435,-12.70613373655348
13,13_30,Focus,30,6,3.5,-11.598525549016497,-12.208418078614807,-11.640711143142646,-12.502734229704224,-12.715127880703614
13,13_30,Focus,30,7,4.0,-11.765838031996717,-12.379305502117756,-11.534149994456925,-12.419168335818926,-12.6170152619976
13,13_31,MW,31,0,0.5,-11.451610643010818,-12.291565599534202,-11.993815290435903,-12.49763690599975,-12.766952247315027
13,13_31,MW,31,1,1.0,-11.540007318627914,-12.24675620239206,-11.62597425227899,-12.61859832807751,-12.860186534538041
13,13_31,MW,31,2,1.5,-11.533282112195842,-12.045065369279897,-11.698047429714078,-12.480361512856835,-12.873925530792558
13,13_31,MW,31,3,2.0,-11.34594888115595,-11.758533351166095,-11.75614708385217,-12.520034310224345,-12.891742153702461
13,13_31,MW,31,4,2.5,-11.553210567206031,-11.97601493896339,-11.77005504405428,-12.603182233169864,-12.857025558724652
13,13_31,MW,31,5,3.0,-11.51620028186966,-12.06824769556903,-11.903333941288055,-12.669013278878621,-12.829402948173861
13,13_31,MW,31,6,3.5,-11.5221467418879,-11.983934171280389,-11.48137015462642,-12.66458093503334,-12.80020788845278
13,13_31,MW,31,7,4.0,-11.454733159621076,-12.050557628856417,-11.742574261744634,-12.601012882373015,-12.837024026593749
13,13_32,MW,32,0,0.5,-11.379595129319332,-11.985725258833119,-11.475048109165611,-12.29526676410637,-12.675215718714238
13,13_32,MW,32,1,1.0,-11.620837327165031,-11.91485884935861,-11.380407179892297,-12.318910960937824,-12.73591485756618
13,13_32,MW,32,2,1.5,-11.600197252875637,-12.001597712460127,-11.285065009399599,-12.433304869090717,-12.74546435871773
13,13_32,MW,32,3,2.0,-11.586106466794634,-12.159574991335138,-11.627803011014795,-12.286103683517316,-12.63455932242961
13,13_32,MW,32,4,2.5,-11.778450351604453,-12.158579375426815,-11.670740027966865,-12.464366177546768,-12.691258286653506
13,13_32,MW,32,5,3.0,-11.633796419991688,-12.092545623830368,-11.233968941523687,-12.459096777977019,-12.845472837365817
13,13_32,MW,32,6,3.5,-11.48922890331963,-12.150599586027548,-11.672791592315617,-12.561738173780515,-12.835795056779705
13,13_32,MW,32,7,4.0,-11.592557599513489,-12.29918588377608,-11.701371402627093,-12.565205162602446,-12.73999852564026
13,13_33,Focus,33,0,0.5,-11.503065374489951,-12.040547426962144,-11.616283253555142,-12.593786532989704,-12.677653321378854
13,13_33,Focus,33,1,1.0,-11.580022171659126,-12.022375954874919,-12.070718891724404,-12.573385816966802,-12.652471620125473
13,13_33,Focus,33,2,1.5,-11.508276596986558,-12.012491752229598,-12.007350542310476,-12.54333304403474,-12.653162267760326
13,13_33,Focus,33,3,2.0,-11.54277391259941,-12.324360312234667,-11.921114755001332,-12.370243446159233,-12.560023610174575
13,13_33,Focus,33,4,2.5,-11.308410286303044,-12.212275584229968,-11.663098932159004,-12.475815562715846,-12.632348912070075
13,13_33,Focus,33,5,3.0,-11.644995063817339,-12.0803441576608,-12.162519077290519,-12.43909849589999,-12.51152113548953
13,13_33,Focus,33,6,3.5,-11.665369048446323,-12.145998931327986,-11.445313461616422,-12.322003194232103,-12.826246352713696
13,13_33,Focus,33,7,4.0,-11.634960515981506,-11.992853889615413,-10.86216263551369,-12.274460076317206,-12.72779149418964
13,13_34,Focus,34,0,0.5,-11.665553664805705,-12.07515753385881,-11.528935053263776,-12.468705043644947,-12.66211408457754
13,13_34,Focus,34,1,1.0,-11.633771801162334,-12.234291233694739,-11.69511544104226,-12.336899677158996,-12.673889722762459
13,13_34,Focus,34,2,1.5,-11.691145458098203,-12.20408450866875,-11.546196765739392,-12.470594739446422,-12.373835599309043
13,13_34,Focus,34,3,2.0,-11.79656218919247,-12.137612475499349,-11.248216733874154,-12.124846554532345,-12.518968710725368
13,13_34,Focus,34,4,2.5,-11.797396359439128,-12.18502334962541,-11.62787148701469,-12.273330851131155,-12.466165451932815
13,13_34,Focus,34,5,3.0,-11.666729250484373,-12.172020143911748,-11.4309462896553,-12.167523868444649,-12.60827157496104
13,13_34,Focus,34,6,3.5,-11.615927691791137,-12.03878769718054,-11.335744466657898,-12.526947780525138,-12.4916317172912
13,13_34,Focus,34,7,4.0,-11.406372406947222,-11.998999736631939,-11.72545242662469,-12.480301166577178,-12.549814185843896
13,13_35,Focus,35,0,0.5,-11.52374415585776,-12.090721835507829,-12.398281430030899,-12.406748140239747,-12.678867707426932
13,13_35,Focus,35,1,1.0,-11.686756873494685,-12.169579786746542,-12.082521082462574,-12.546296452332376,-12.596432607636496
13,13_35,Focus,35,2,1.5,-11.754012128738106,-12.000270381196872,-12.146794775118916,-12.53982988156219,-12.616444727459514
13,13_35,Focus,35,3,2.0,-11.451348001101252,-12.030115878869568,-11.969671981898808,-12.508834409730463,-12.577226253442472
13,13_35,Focus,35,4,2.5,-11.718284891713505,-12.162454014596007,-12.233386073271207,-12.497204109775458,-12.606798110849413
13,13_35,Focus,35,5,3.0,-11.55979172797546,-11.99923784100432,-12.34129056715587,-12.603688656342548,-12.699960913988265
13,13_35,Focus,35,6,3.5,-11.455139859457201,-12.14604619078578,-12.350576639313655,-12.439485216918124,-12.66430319928829
13,13_35,Focus,35,7,4.0,-11.569967360140502,-12.08075795294852,-11.307643729962976,-12.267349703611758,-12.573907925301
13,13_36,MW,36,0,0.5,-11.815294282656339,-12.188371556864569,-12.178447684046134,-12.672085606343577,-12.871729889488185
13,13_36,MW,36,1,1.0,-11.366380535394217,-12.413619444270726,-11.954812494256684,-12.657539172471232,-12.865023951573313
13,13_36,MW,36,2,1.5,-11.565270707391361,-12.244268098240006,-12.112920424980697,-12.517888132076916,-12.983090718724558
13,13_36,MW,36,3,2.0,-11.654366129936264,-12.069254483300595,-11.829873166393108,-12.616450709678249,-12.936202755620474
13,13_36,MW,36,4,2.5,-11.669264546002404,-12.174618616602421,-11.593013305772757,-12.54808736830882,-12.963671798820899
13,13_36,MW,36,5,3.0,-11.609249207890013,-12.397829111877503,-12.136516286215352,-12.576630107986679,-12.91230356415302
13,13_36,MW,36,6,3.5,-11.53071266416682,-12.244470653054595,-12.087896112471432,-12.560926830238005,-12.959250910108413
13,13_36,MW,36,7,4.0,-11.688460107638024,-12.03864416731805,-11.942368954565524,-12.619166450426649,-12.856796993010375
13,13_37,Focus,37,0,0.5,-11.403316177718393,-12.15471602466141,-11.212421061590842,-12.210723604297046,-12.785742543018978
13,13_37,Focus,37,1,1.0,-11.792521729418398,-12.203245584998145,-11.286012569483717,-12.35066176177613,-12.80983186987504
13,13_37,Focus,37,2,1.5,-11.612016831861304,-12.031955294100293,-11.226305202423596,-12.450108503985064,-12.73213267430326
13,13_37,Focus,37,3,2.0,-11.403423503395146,-12.10197592770533,-11.339190067810486,-12.434066423463317,-12.80756075703896
13,13_37,Focus,37,4,2.5,-11.306057156489187,-12.122434134751572,-11.300046654008998,-12.509446539765598,-12.837834463458385
13,13_37,Focus,37,5,3.0,-11.756435847729852,-12.447634874605068,-11.769358245699799,-12.459064857108887,-12.664939636977925
13,13_37,Focus,37,6,3.5,-11.379362368391636,-12.316034441864273,-11.578756161550183,-12.356171641541875,-12.760413015450789
13,13_37,Focus,37,7,4.0,-11.447094328984317,-12.188783338555563,-11.295751458911548,-12.351475718435262,-12.683066781364555
13,13_38,Focus,38,0,0.5,-11.584078884111813,-12.077997270074999,-11.811593184515594,-12.08310241288772,-12.645990857618514
13,13_38,Focus,38,1,1.0,-11.836006207304711,-12.024562509555812,-11.018540777951271,-12.34285963243915,-12.65428937532972
13,13_38,Focus,38,2,1.5,-11.62553114978218,-11.897672842280503,-11.324993859689322,-12.320906882848847,-12.7104019565261
13,13_38,Focus,38,3,2.0,-11.80420487369877,-11.97609186213487,-11.267092469991638,-12.368193668298852,-12.664829707664317
13,13_38,Focus,38,4,2.5,-11.818592045959827,-12.052494951029644,-11.402301260228974,-12.332731385242573,-12.659641596062198
13,13_38,Focus,38,5,3.0,-11.389530651000127,-12.094756141954816,-11.304724346030627,-12.403165074840292,-12.65054476471311
13,13_38,Focus,38,6,3.5,-11.681588856260959,-11.855760875915582,-11.346512338130665,-12.362393954424528,-12.689704150841601
13,13_38,Focus,38,7,4.0,-11.54600642844956,-12.132946361243183,-11.239962712945134,-12.269585290803724,-12.766626334833495
13,13_39,MW,39,0,0.5,-11.497562379454266,-11.992362648746743,-11.489767313764224,-12.558525158634428,-12.765309963489022
13,13_39,MW,39,1,1.0,-11.398733140555864,-12.406706327944347,-11.46308954865147,-12.591149786583774,-12.704282247995055
13,13_39,MW,39,2,1.5,-11.812317799712691,-12.40678761131928,-11.895403898186066,-12.608200834658012,-12.738888622881813
13,13_39,MW,39,3,2.0,-11.61670558726603,-12.389294362334331,-11.38601554330981,-12.468311098767634,-12.779790662188276
13,13_39,MW,39,4,2.5,-11.524747206621678,-12.051394764138802,-11.311628874922317,-12.306315555924508,-12.924513086942023
13,13_39,MW,39,5,3.0,-11.74885790126238,-12.238273089301755,-11.618557658734609,-12.301181901612647,-12.781955083940904
13,13_39,MW,39,6,3.5,-11.81199084638862,-12.23778856057689,-11.58207348910559,-12.437420022643984,-12.732439242051194
13,13_39,MW,39,7,4.0,-11.374094602754603,-11.88446215039821,-11.129404879837036,-12.535474649432382,-12.718940818984395
14,14_0,Focus,0,0,0.5,-10.843674982503645,-11.669265102880047,-11.090999725294983,-11.839507279574468,-12.061655629718144
14,14_0,Focus,0,1,1.0,-10.77839251939433,-11.697548672024903,-11.336580127658225,-11.870597266446957,-12.23158617531532
14,14_0,Focus,0,2,1.5,-10.706095959517716,-11.767316885585739,-10.982129898519057,-12.036228917435686,-12.451712929400307
14,14_0,Focus,0,3,2.0,-10.618805375554446,-11.501789322801837,-10.798586151893106,-11.98282812406152,-12.608378108597451
14,14_0,Focus,0,4,2.5,-11.09815619253557,-11.740838918468272,-11.005227405272688,-12.124018176396772,-12.658317370487476
14,14_0,Focus,0,5,3.0,-11.207347426391552,-11.85501136984197,-10.958547138536034,-12.060846749354239,-12.478959067895879
14,14_0,Focus,0,6,3.5,-11.01003974975542,-11.694014368328778,-10.893604895719816,-12.093049998900085,-12.318937858573241
14,14_0,Focus,0,7,4.0,-11.235531805117827,-11.888243126481344,-10.852416681430238,-11.815018483737113,-11.866275631617212
14,14_1,Focus,1,0,0.5,-11.258503213362856,-11.716781693479149,-11.214124458075398,-11.983675415315277,-12.408056528495706
14,14_1,Focus,1,1,1.0,-11.166991201191648,-11.541743308961788,-11.058704829720156,-11.897490999086438,-12.309606819651538
14,14_1,Focus,1,2,1.5,-11.126688122424593,-11.530185315683438,-10.541215397192857,-11.956432002588631,-12.33646498822936
14,14_1,Focus,1,3,2.0,-11.169525842590785,-11.464239242615028,-10.854823152527338,-11.934536083435086,-12.404714039653948
14,14_1,Focus,1,4,2.5,-11.099384006197479,-11.903341287461084,-11.06878916351731,-12.106592388880808,-12.33644992072845
14,14_1,Focus,1,5,3.0,-11.38974897196887,-11.928882627784832,-10.68685793199966,-12.08552335245679,-12.378356807530254
14,14_1,Focus,1,6,3.5,-11.441957161532997,-11.864730994528482,-10.742558283987439,-11.981589130460424,-12.369253006968755
14,14_1,Focus,1,7,4.0,-11.096737091056184,-11.876074811280361,-10.881189395164702,-12.01267886221196,-12.29347343645162
14,14_2,Focus,2,0,0.5,-11.250167401876155,-11.66625902510654,-10.931055749253035,-11.984021190121455,-12.244018756828696
14,14_2,Focus,2,1,1.0,-10.962471137339179,-11.740400711246997,-11.163089595100736,-11.943137035149968,-12.11220651358712
14,14_2,Focus,2,2,1.5,-11.172008335787224,-11.497683857955362,-10.838121470135798,-11.858473605248408,-12.18337090053393
14,14_2,Focus,2,3,2.0,-11.574958149540604,-11.859228608048621,-11.293209437341376,-12.13853993325824,-12.325014391422762
14,14_2,Focus,2,4,2.5,-11.37829606592907,-11.75694201889522,-11.086783620048214,-11.908525831460747,-12.218143840268676
14,14_2,Focus,2,5,3.0,-10.984661141473616,-11.6944171452596,-10.96786877327596,-12.006499921922574,-12.283942300268306
14,14_2,Focus,2,6,3.5,-11.235284623123938,-11.727261037692726,-11.038717050321583,-11.990316859024373,-12.04769839456312
14,14_2,Focus,2,7,4.0,-10.991776592705117,-11.758746647953375,-10.8429877343555,-11.84734727067361,-12.247565105490809
14,14_3,MW,3,0,0.5,-11.318570842615967,-11.707104277683479,-10.856072842787105,-11.938295827383866,-12.43514179540488
14,14_3,MW,3,1,1.0,-10.875761823794596,-11.766527952024,-10.924935901200142,-11.921078294746062,-12.17579581581236
14,14_3,MW,3,2,1.5,-11.078458635225113,-11.790832002521746,-11.14474433394985,-11.95906935750709,-12.033717599074185
14,14_3,MW,3,3,2.0,-11.273955570258831,-11.984524043330397,-11.1021678676997,-12.019386844926673,-12.109202416119642
14,14_3,MW,3,4,2.5,-11.228030045455156,-11.862475557046892,-11.033234800726467,-11.886041614292735,-11.98910039162887
14,14_3,MW,3,5,3.0,-11.048601872722424,-11.906280704122521,-11.075157237356686,-11.750119962728185,-12.083237523676562
14,14_3,MW,3,6,3.5,-11.209372596455076,-11.712653880290556,-10.589561725911548,-11.842813161835338,-11.967319720749899
14,14_3,MW,3,7,4.0,-11.199652747478874,-11.698162538931069,-10.673663381534801,-11.758925058995947,-12.008352355445812
14,14_4,Focus,4,0,0.5,-10.976499705879858,-11.49344428599635,-11.013174794023557,-11.853606656921205,-12.333246260335574
14,14_4,Focus,4,1,1.0,-11.090432392393923,-11.618397072156911,-10.769305653999261,-12.046601142796689,-12.279799301137786
14,14_4,Focus,4,2,1.5,-11.056760880738244,-11.708136264805105,-10.926073555391557,-11.87181622869199,-12.053042814920353
14,14_4,Focus,4,3,2.0,-11.243783080201796,-11.52251425226793,-11.195331117320077,-11.889790426051718,-12.069629668274057
14,14_4,Focus,4,4,2.5,-11.117988873739188,-11.708534368488241,-10.761723092348824,-11.92111771307067,-12.170703800548404
14,14_4,Focus,4,5,3.0,-11.326723450267622,-11.7737593327888,-11.060229021963744,-11.930395774452693,-12.09221542503741
14,14_4,Focus,4,6,3.5,-11.441212157704333,-11.796567108081364,-11.394129345349132,-11.900356056994017,-11.992903441632073
14,14_4,Focus,4,7,4.0,-11.260529075967796,-11.838179483921603,-11.285721146103564,-11.87085652351893,-12.186527894239882
14,14_5,MW,5,0,0.5,-11.341986702266272,-11.827022666996653,-10.951255480772552,-11.924567266306314,-12.140801139641171
14,14_5,MW,5,1,1.0,-11.277824411923097,-11.714845294004764,-10.918710956288685,-12.037986783258257,-12.125972990138226
14,14_5,MW,5,2,1.5,-11.090861420081094,-11.792867764319448,-11.416719482762568,-11.96572171518736,-12.055534429294083
14,14_5,MW,5,3,2.0,-11.307405485140649,-11.816610140322034,-10.931591850326276,-12.008766674699132,-12.034906690850425
14,14_5,MW,5,4,2.5,-11.219304211045495,-12.087999390632573,-11.198219946208718,-11.957579170975924,-12.186023802385591
14,14_5,MW,5,5,3.0,-11.374223968284157,-11.886693122008591,-11.107472769093224,-11.80128318633071,-12.271036107259826
14,14_5,MW,5,6,3.5,-10.930997522943214,-11.920832464299325,-11.70707885924164,-11.951836832590029,-12.177897148897467
14,14_5,MW,5,7,4.0,-11.050789399527654,-11.703246513511683,-10.845239492190252,-11.756946232490872,-12.295149048097999
14,14_6,Focus,6,0,0.5,-11.09454485918725,-11.541228790613795,-10.813265274077304,-11.865036824262006,-12.150566039455137
14,14_6,Focus,6,1,1.0,-11.29218541032755,-11.304478688225059,-10.730439586334583,-11.74440482007837,-12.250496439154363
14,14_6,Focus,6,2,1.5,-11.195673385370501,-11.472289961782804,-10.7461146845337,-11.963800521144481,-12.156543996494152
14,14_6,Focus,6,3,2.0,-11.2181236460643,-11.784731280538226,-11.049464977998381,-11.952845049927921,-12.326589338694738
14,14_6,Focus,6,4,2.5,-11.445359605555621,-11.606093720963829,-10.460913490493727,-11.796939235946223,-12.285525720890853
14,14_6,Focus,6,5,3.0,-11.275911807374856,-11.786142023423785,-10.86713491244941,-11.938303033828431,-12.245494044382788
14,14_6,Focus,6,6,3.5,-11.12599679428048,-11.646034110840592,-10.704098089667562,-11.94205376645724,-12.31644844348767
14,14_6,Focus,6,7,4.0,-11.255242001884154,-11.18775681175779,-10.614184847590911,-11.979263551831268,-12.197013506845158
14,14_7,Focus,7,0,0.5,-11.393388254128975,-11.86654024062464,-11.163314948530891,-11.952881705827918,-12.293878888236277
14,14_7,Focus,7,1,1.0,-11.330661923687462,-11.443509714955715,-10.721418497294415,-11.87507796812229,-12.381115932036176
14,14_7,Focus,7,2,1.5,-11.212747218091982,-11.616374621372325,-10.829644537403444,-11.855513578745258,-12.141220397091645
14,14_7,Focus,7,3,2.0,-10.994482081536367,-11.499516822554785,-10.776392920688467,-11.769877955236936,-12.276990104916418
14,14_7,Focus,7,4,2.5,-11.22728583256703,-11.261347029034571,-10.847346093753508,-11.874735021934503,-12.13901167946294
14,14_7,Focus,7,5,3.0,-11.295321651777884,-11.53378929467877,-10.796176493018919,-11.88268601818009,-12.33758714325912
14,14_7,Focus,7,6,3.5,-11.113488764206965,-11.691107339923784,-11.122497788256359,-11.822245302752304,-12.229185737884011
14,14_7,Focus,7,7,4.0,-10.882177149174531,-11.538422463850134,-10.709984891595708,-11.881514398845102,-12.303364230534855
14,14_8,MW,8,0,0.5,-11.317379661166227,-11.709987638648261,-10.963882339144806,-11.821487121144445,-11.819105902387614
14,14_8,MW,8,1,1.0,-11.142815660699513,-11.630851249668506,-11.029411618147856,-11.634834876376614,-12.00037240406145
14,14_8,MW,8,2,1.5,-10.223854600179909,-11.169342795508273,-10.625023262431158,-11.70157795178537,-12.072585018573822
14,14_8,MW,8,3,2.0,-11.025901316542413,-11.695660077698808,-11.143261960377616,-11.726843633217719,-11.901032024699932
14,14_8,MW,8,4,2.5,-11.318856748864793,-11.58191827050954,-10.836517453067167,-11.666097013754337,-11.832750997746395
14,14_8,MW,8,5,3.0,-11.338800089703723,-11.558058126941908,-10.821661987758587,-11.915880370039426,-12.254425307404013
14,14_8,MW,8,6,3.5,-11.087560649586596,-11.529475372501459,-10.951498061690122,-11.95338552742241,-12.266089879540145
14,14_8,MW,8,7,4.0,-11.532556300195184,-11.722522758624201,-10.83182312705412,-11.840507732501164,-11.821109987588736
14,14_9,MW,9,0,0.5,-11.331086480257555,-11.88852821350882,-10.83904131635679,-11.934520240348947,-12.14067543441394
14,14_9,MW,9,1,1.0,-10.918458853189449,-11.668401646275763,-10.96079676045614,-11.902297814114048,-12.124449773697814
14,14_9,MW,9,2,1.5,-11.304315755120731,-12.000336618274105,-10.752082859548665,-11.918546525492577,-12.045581228154914
14,14_9,MW,9,3,2.0,-11.199662367417032,-11.680805401076121,-10.812760334318604,-11.688817915853766,-11.76856833196236
14,14_9,MW,9,4,2.5,-11.026339358464178,-11.73943902848625,-10.797950815590264,-11.538408909223138,-11.748376398473766
14,14_9,MW,9,5,3.0,-11.233458634702933,-11.831608288024963,-11.092902738474375,-11.549524599598964,-11.842462800126333
14,14_9,MW,9,6,3.5,-11.268418324263685,-11.64202799570699,-10.796760775505923,-11.592400916908092,-11.758895158924538
14,14_9,MW,9,7,4.0,-11.379289044292163,-11.4215870953943,-10.670498505731604,-11.620320664618523,-11.848548872366603
14,14_10,Focus,10,0,0.5,-11.098229105446958,-11.808017814782918,-10.902357013453083,-11.96388873004624,-12.172698724109155
14,14_10,Focus,10,1,1.0,-10.96736020676704,-11.552022011127104,-10.810457476666516,-11.845253107419252,-12.031460869985853
14,14_10,Focus,10,2,1.5,-11.410791632581315,-11.699232857814117,-10.700861325803789,-11.914147336888208,-11.99167175269763
14,14_10,Focus,10,3,2.0,-11.556094681140522,-11.481061440734688,-10.930663880484275,-11.859398377051358,-12.023562182786476
14,14_10,Focus,10,4,2.5,-11.534417944607053,-11.566319734096322,-11.132305607383072,-11.957182094345136,-12.077884834252172
14,14_10,Focus,10,5,3.0,-11.440266840106348,-11.669177519047402,-10.71485108242051,-11.820780207664438,-12.216257851871081
14,14_10,Focus,10,6,3.5,-11.10591196229946,-11.711533582462637,-11.449832502331398,-12.05108868653845,-12.070435114517975
14,14_10,Focus,10,7,4.0,-11.245928550982512,-11.664827110546444,-10.977052026963163,-11.910797051262557,-12.157496990438942
14,14_11,Focus,11,0,0.5,-11.294602549537833,-11.704183928415826,-10.738833414645695,-11.906208902522136,-12.308537394459783
14,14_11,Focus,11,1,1.0,-11.268963841547334,-11.622204367197627,-11.209311231008831,-12.125823265216484,-12.38752569846697
14,14_11,Focus,11,2,1.5,-11.597756823805327,-12.088455357771439,-10.960142931458714,-11.893597092890028,-12.323723112593166
14,14_11,Focus,11,3,2.0,-11.254110701362597,-11.794148916306021,-10.827400221387004,-11.890963270498652,-12.173665683908638
14,14_11,Focus,11,4,2.5,-11.433608772899536,-11.699644408498266,-11.060272946582565,-11.85979870718862,-12.1926990040575
14,14_11,Focus,11,5,3.0,-11.127352058292963,-11.581851189789965,-10.88216952577728,-11.817164815058073,-12.177875055061735
14,14_11,Focus,11,6,3.5,-11.273240044542195,-11.95981658301197,-11.108165187840404,-12.07741999050196,-12.298011409828217
14,14_11,Focus,11,7,4.0,-11.207625497372376,-11.93699553438963,-11.012006112294843,-11.941682908090277,-12.267011476584456
14,14_12,Focus,12,0,0.5,-11.06193970317688,-11.453530876583814,-10.691119027668133,-11.896785140015842,-12.426291295835675
14,14_12,Focus,12,1,1.0,-11.347423487368806,-11.388436882821052,-10.837192921238838,-11.89640735793405,-12.632466827800181
14,14_12,Focus,12,2,1.5,-11.485742148968537,-11.535939679032044,-10.960403372004272,-11.941613999285721,-12.248298233747477
14,14_12,Focus,12,3,2.0,-11.137578201661249,-11.588000197554164,-10.655991031245756,-11.874824731565987,-12.055684372846684
14,14_12,Focus,12,4,2.5,-11.108471420040821,-11.804469630194356,-10.986877585032484,-11.893391855466612,-12.043498759190904
14,14_12,Focus,12,5,3.0,-11.348866888568846,-11.633696596212598,-11.063580062884805,-11.854861986204524,-12.167942466057939
14,14_12,Focus,12,6,3.5,-11.157587958696011,-11.794977326869207,-11.092266298210333,-11.767574786529678,-12.173809699308263
14,14_12,Focus,12,7,4.0,-11.434568887999724,-11.777633015337846,-10.858173927191926,-11.925400350547623,-12.343493364047932
14,14_13,MW,13,0,0.5,-11.170769379185854,-11.776818364555773,-10.870519092090504,-11.964925671081895,-11.944724066995539
14,14_13,MW,13,1,1.0,-11.617060911492068,-11.576190980927388,-11.075819732782934,-11.93218860649877,-12.036101485911285
14,14_13,MW,13,2,1.5,-11.329440631416842,-11.840217892295184,-10.940723925956476,-11.65656942441561,-11.919357120737798
14,14_13,MW,13,3,2.0,-11.157985048241265,-11.564190569846062,-11.002731777147698,-12.02699017174204,-12.299220993965784
14,14_13,MW,13,4,2.5,-11.104371868181884,-11.603808493788893,-11.004197922801858,-12.051236196273662,-12.195317148777015
14,14_13,MW,13,5,3.0,-11.167880513791077,-11.493751065293047,-11.02307768723431,-11.59209401607063,-11.85914068606293
14,14_13,MW,13,6,3.5,-10.917285224158256,-11.813956019357958,-10.825410121962918,-11.76685600634125,-11.814164397351705
14,14_13,MW,13,7,4.0,-11.28049790412986,-11.839894093394186,-11.114748691323378,-12.124729026323735,-12.532080951666444
14,14_14,Focus,14,0,0.5,-11.197356371023302,-11.671914135131685,-10.645948114204899,-11.88743268168386,-12.3450575009799
14,14_14,Focus,14,1,1.0,-11.24070312679927,-11.62789665646878,-10.935431430728055,-11.991575223405365,-12.28388976835125
14,14_14,Focus,14,2,1.5,-11.086125338023097,-11.60383184223782,-10.82754396290957,-12.008420201900595,-12.121667441455813
14,14_14,Focus,14,3,2.0,-11.18341649286386,-11.766788469678323,-11.189581875884734,-12.016061643073373,-12.356805982564037
14,14_14,Focus,14,4,2.5,-10.9388895214454,-11.556510363659392,-10.864602276137054,-11.984455290801257,-12.184752271325815
14,14_14,Focus,14,5,3.0,-11.067004476583328,-11.415665720705814,-11.053289130301547,-11.93033328826356,-12.257347459921158
14,14_14,Focus,14,6,3.5,-11.301915124161187,-11.713551631157216,-10.853739852405402,-11.862774049280214,-12.15228554486544
14,14_14,Focus,14,7,4.0,-11.072518875135668,-11.623568411518745,-10.851585141233322,-11.778386648302817,-12.191945939615387
14,14_15,Focus,15,0,0.5,-11.379584361716237,-11.63389492850429,-11.004479482385914,-11.877664157975893,-12.2393755813903
14,14_15,Focus,15,1,1.0,-11.243740483427505,-11.846217256069673,-11.226562791572357,-11.791994767374353,-12.068867216494633
14,14_15,Focus,15,2,1.5,-11.084682283559047,-11.638575393826077,-10.922076813984285,-11.800163885567763,-12.04135854029964
14,14_15,Focus,15,3,2.0,-10.917550650922484,-11.74148080959313,-11.201705937679312,-11.843787849900082,-12.121231379206584
14,14_15,Focus,15,4,2.5,-11.478523800249985,-11.873886871572992,-10.907745338794175,-11.965127973025126,-12.261063887412101
14,14_15,Focus,15,5,3.0,-11.049632130865493,-11.778697457471505,-10.844671583032145,-12.022569912325308,-12.571968368495092
14,14_15,Focus,15,6,3.5,-11.192470104288361,-11.803725195128104,-10.83613167244055,-12.143188274216413,-12.42158780211512
14,14_15,Focus,15,7,4.0,-11.095867216171815,-11.623364693806804,-10.956261434626922,-11.784751363837788,-11.804942410028943
14,14_16,MW,16,0,0.5,-11.192549627054913,-11.733429014538052,-10.930308595928597,-12.084153741525219,-12.467116534580848
14,14_16,MW,16,1,1.0,-11.299538856508208,-11.897015934501166,-11.145156539798508,-12.02962410570797,-12.426001650048846
14,14_16,MW,16,2,1.5,-11.242532868708839,-11.884907562655158,-11.179637910401912,-11.719406614172854,-12.147176399116207
14,14_16,MW,16,3,2.0,-11.385054269036484,-11.648008446358503,-11.165789280412904,-11.864263978316123,-12.179092209776481
14,14_16,MW,16,4,2.5,-11.361131180793992,-11.723752816559484,-10.954394731621997,-11.95542695383882,-12.206634866686496
14,14_16,MW,16,5,3.0,-11.189706457590088,-11.915917606837485,-11.024265566925951,-12.12294549308581,-12.713126807846214
14,14_16,MW,16,6,3.5,-11.154118276784553,-11.7430134871015,-10.92510022822915,-11.938825464873048,-12.014908166761717
14,14_16,MW,16,7,4.0,-11.449675900115523,-11.811137272825912,-10.91085112446597,-11.843748769526798,-11.787100394624305
14,14_17,Focus,17,0,0.5,-10.989099389826297,-11.993658827664545,-11.248003227715786,-11.979801009544506,-12.300585326890301
14,14_17,Focus,17,1,1.0,-11.196349436375641,-11.8248219266005,-11.289212164476893,-12.02673623599135,-12.501747431404059
14,14_17,Focus,17,2,1.5,-11.303057225881988,-11.697968983341518,-10.93197090078438,-11.659951542713568,-11.848910698442287
14,14_17,Focus,17,3,2.0,-11.355412683344662,-11.62459683792413,-10.786387703851252,-11.727400144964605,-11.863621007843973
14,14_17,Focus,17,4,2.5,-11.249002203651447,-11.752236669964242,-10.791151124380074,-12.004948916653591,-12.554889223137284
14,14_17,Focus,17,5,3.0,-11.445972476068782,-11.719465412846665,-10.97326476886232,-11.972660870159125,-12.385822957940116
14,14_17,Focus,17,6,3.5,-11.128016286365005,-11.82737108506368,-10.933594519890079,-11.758109833302296,-11.711711129141483
14,14_17,Focus,17,7,4.0,-11.232517279321607,-11.788079110087105,-10.848359305598347,-11.828917093707858,-11.830571700927248
14,14_18,Focus,18,0,0.5,-11.55150393184872,-11.633801726126272,-11.026862038852729,-11.906300699532792,-12.64269851118949
14,14_18,Focus,18,1,1.0,-11.47223643448824,-11.820065902929496,-10.708281367772702,-11.948078277541073,-12.29698423019148
14,14_18,Focus,18,2,1.5,-11.737177376257312,-11.88027567728216,-11.03176451098173,-11.897655311891343,-12.15860049524526
14,14_18,Focus,18,3,2.0,-11.379428012701283,-11.634761300361811,-11.316018657861298,-12.045914129843746,-12.246018270098249
14,14_18,Focus,18,4,2.5,-11.483955540546395,-11.956059493557195,-11.118411852928851,-11.837331046200616,-12.169097119049413
14,14_18,Focus,18,5,3.0,-11.032004503219511,-11.59282063654399,-10.972944612920593,-12.02166774061822,-12.643755835872446
14,14_18,Focus,18,6,3.5,-11.343962599211698,-11.77006922807873,-11.199731826400164,-11.947533030662813,-12.23776500792665
14,14_18,Focus,18,7,4.0,-11.086420376451796,-11.422396364020539,-10.470932439782981,-11.825066838260037,-12.235228451097912
14,14_19,Focus,19,0,0.5,-11.10666147071326,-11.714747518723833,-11.028088805542604,-12.107207666234611,-12.24080707096422
14,14_19,Focus,19,1,1.0,-11.479603356037808,-11.772783161124849,-11.332621468982826,-12.038552841620433,-12.428731665425193
14,14_19,Focus,19,2,1.5,-11.477560641808012,-11.83321153504445,-11.216331271739069,-11.955752705594966,-11.97516702275072
14,14_19,Focus,19,3,2.0,-11.382192141627083,-11.711847334582837,-10.956895950341792,-11.529439094460306,-11.685805877527347
14,14_19,Focus,19,4,2.5,-11.197447093696798,-11.408834311671992,-10.590080710907298,-11.680834760981753,-12.190441548739116
14,14_19,Focus,19,5,3.0,-11.216168080809682,-11.61093882850863,-11.09483978759639,-11.754429713937403,-12.111133713124058
14,14_19,Focus,19,6,3.5,-11.35326141014934,-11.674012328007063,-10.885642264520326,-11.657318437913469,-12.142471595913467
14,14_19,Focus,19,7,4.0,-11.072205187670612,-11.585123877563905,-10.570190904093334,-11.715496802427191,-12.12393237243764
14,14_20,Focus,20,0,0.5,-11.39478706657808,-11.672381372247656,-10.965118236472314,-11.993471205272614,-12.202147243401523
14,14_20,Focus,20,1,1.0,-11.471227340940828,-11.748670346323355,-10.497118387619908,-11.968666883528822,-12.127430013071093
14,14_20,Focus,20,2,1.5,-11.254869734896785,-11.757242630070953,-10.843214487797356,-11.841339232127568,-12.257537269898602
14,14_20,Focus,20,3,2.0,-11.173125042359956,-11.730627288253544,-11.1786319559842,-11.980615555138542,-12.162755857932737
14,14_20,Focus,20,4,2.5,-11.343514617206196,-11.525793215368076,-11.341602901573108,-11.941424095617988,-12.16726861432704
14,14_20,Focus,20,5,3.0,-11.37231264345289,-11.777322556059284,-11.068758423696552,-11.91095900156765,-12.037414271013903
14,14_20,Focus,20,6,3.5,-11.112700978716283,-11.593444938284312,-10.894792474864726,-11.939363370420336,-12.108507744585529
14,14_20,Focus,20,7,4.0,-11.440800004094038,-11.626262991720118,-10.578708640469515,-11.744127902045872,-12.150210708927252
14,14_21,MW,21,0,0.5,-11.21845654372081,-11.649885775480563,-10.898961305283148,-11.871444469465992,-12.379457964690936
14,14_21,MW,21,1,1.0,-11.092769404543231,-11.512256896205036,-10.970404713362464,-11.864359128783155,-12.20444768327976
14,14_21,MW,21,2,1.5,-11.384748513104933,-11.716986378588896,-10.722191943961507,-11.78887450307454,-12.3644599357839
14,14_21,MW,21,3,2.0,-11.235855136924549,-11.53498779219168,-10.856809315328135,-12.094188930436927,-12.589186684871125
14,14_21,MW,21,4,2.5,-11.511234801295563,-11.730273697334757,-11.122623543720994,-12.00890145977611,-12.770535333592772
14,14_21,MW,21,5,3.0,-11.557378346034605,-11.665761030511948,-11.226401797326933,-11.981718038640652,-12.422542227434576
14,14_21,MW,21,6,3.5,-11.139992821578693,-11.722336746181831,-10.85689567299198,-11.902732371885431,-11.912654117341273
14,14_21,MW,21,7,4.0,-11.257772371178483,-11.614649548953677,-10.877651915306771,-11.842196487927236,-12.13485869283384
14,14_22,Focus,22,0,0.5,-11.134135767143958,-11.554000799425456,-11.194741785001861,-11.806694541434704,-12.124066193152887
14,14_22,Focus,22,1,1.0,-11.370517517585295,-11.451345393330438,-11.25611499377838,-11.9040739799637,-12.079924523504971
14,14_22,Focus,22,2,1.5,-11.548811028596544,-11.773629477430598,-10.872041797010096,-11.931575797268977,-12.22227909730102
14,14_22,Focus,22,3,2.0,-11.75011617844586,-11.779402969848526,-11.238433778195853,-12.043550130200723,-12.122028710276815
14,14_22,Focus,22,4,2.5,-11.210698381448852,-11.624256663390486,-10.817070299631316,-11.809072349383555,-12.176966007535933
14,14_22,Focus,22,5,3.0,-11.306589485179531,-11.544781859171012,-10.907779145263227,-11.944635681179895,-12.23388388014547
14,14_22,Focus,22,6,3.5,-11.412836480152176,-11.663977046812585,-11.121953949871212,-11.820215801473468,-12.101960124148752
14,14_22,Focus,22,7,4.0,-11.162908559224975,-11.564612524870023,-10.85720486793203,-11.719326217479475,-12.018699893561353
14,14_23,Focus,23,0,0.5,-11.320870602111876,-11.701471272743307,-10.981777343349496,-11.887196510766724,-11.979950338775948
14,14_23,Focus,23,1,1.0,-11.403798518355705,-11.70288635237406,-10.786739502137207,-11.95498146066102,-12.069585736179723
14,14_23,Focus,23,2,1.5,-11.213247634087034,-11.371801417069408,-10.699078690252767,-11.828577735669967,-11.99459394217706
14,14_23,Focus,23,3,2.0,-11.203182202551025,-11.523909712462249,-10.79862932761037,-11.837513658482251,-12.061158139444599
14,14_23,Focus,23,4,2.5,-11.383734880476602,-11.627361540179244,-10.819296767425351,-11.806886353469038,-12.043438655954573
14,14_23,Focus,23,5,3.0,-11.538954598483283,-11.798037290159506,-10.653924155478633,-11.929686541790211,-12.251343645132737
14,14_23,Focus,23,6,3.5,-11.234317882211602,-11.561706427641044,-10.73092314367855,-11.834749413454787,-12.204606321364208
14,14_23,Focus,23,7,4.0,-11.179293035236217,-11.749296622124321,-11.126373342870531,-11.886312466423576,-11.997954365512118
14,14_24,Focus,24,0,0.5,-11.263541755032087,-11.570531988589583,-10.935840646134261,-11.62087147254869,-11.946501951959776
14,14_24,Focus,24,1,1.0,-11.401272797153112,-11.645265066816664,-10.967142464984585,-11.576229355681493,-11.904076863136057
14,14_24,Focus,24,2,1.5,-11.110724170287174,-11.500564331302536,-10.945181859187903,-11.624014547158271,-11.88225646442278
14,14_24,Focus,24,3,2.0,-11.17614342974751,-11.487269356175101,-11.14342419647066,-11.899368049993955,-12.012938020354708
14,14_24,Focus,24,4,2.5,-11.169365778704426,-11.516655421195642,-11.05309038569927,-12.002581542953342,-12.374041034041309
14,14_24,Focus,24,5,3.0,-11.194950702844931,-11.644111672538465,-11.439786104097417,-12.179779891774455,-12.705578282969311
14,14_24,Focus,24,6,3.5,-11.10689812430067,-11.558864181539667,-10.939096450170972,-11.891610002038666,-12.562957849087297
14,14_24,Focus,24,7,4.0,-11.084643020000373,-11.33520671284653,-10.767892783426682,-11.831499668699927,-12.183941027490391
14,14_25,Focus,25,0,0.5,-11.472069183237728,-11.443148799837584,-10.791710126258355,-11.921254104177228,-12.121658910391256
14,14_25,Focus,25,1,1.0,-11.238306741379493,-11.634159005663092,-10.9269526861688,-11.860724488480999,-12.16270950995235
14,14_25,Focus,25,2,1.5,-11.644751035162686,-11.582493907650926,-10.924628338458586,-11.726321735818976,-12.14373317016086
14,14_25,Focus,25,3,2.0,-11.51521199831208,-11.674280164318132,-10.905176135826501,-11.865740711554558,-12.120747085225618
14,14_25,Focus,25,4,2.5,-11.123625120770004,-11.886200587721657,-10.815669467524055,-11.885336494547103,-12.07501681244544
14,14_25,Focus,25,5,3.0,-11.408709548399772,-11.745191565470174,-10.68820023647535,-11.837622066846814,-12.172173825476678
14,14_25,Focus,25,6,3.5,-11.157357329785025,-11.519978574070954,-10.671435986233679,-11.79187648633529,-12.043044152942928
14,14_25,Focus,25,7,4.0,-11.066715443941595,-11.828138798314297,-10.898152866554708,-11.874482588880364,-12.225018567069805
14,14_26,Focus,26,0,0.5,-11.462362393504973,-11.794746603347027,-11.23411342540694,-11.94969067595394,-12.153787598375203
14,14_26,Focus,26,1,1.0,-11.364948597169239,-11.748347653016769,-11.050611380008181,-11.753996018160482,-12.045711063311069
14,14_26,Focus,26,2,1.5,-11.227546254787521,-11.080903640166719,-11.016869743011728,-11.859909127073156,-12.070986442502562
14,14_26,Focus,26,3,2.0,-11.305877255294368,-11.189694078192982,-11.023782548733468,-11.832069683676155,-12.072159594732245
14,14_26,Focus,26,4,2.5,-11.159102023145982,-11.502611927867374,-11.090700570065128,-11.734791512464453,-11.94091858983689
14,14_26,Focus,26,5,3.0,-11.30537525803813,-11.457498772707261,-10.981610815007054,-11.878547566934888,-11.996475587792961
14,14_26,Focus,26,6,3.5,-11.436887884708785,-11.578170263245172,-11.028919665842743,-11.442703432791873,-11.812742459383754
14,14_26,Focus,26,7,4.0,-11.227268488423853,-11.69576756914986,-11.232007477566414,-11.64641774310923,-11.771815552846066
14,14_27,Focus,27,0,0.5,-11.401583339649761,-11.870321046137272,-11.355672109440365,-11.854500868471716,-11.905160140738166
14,14_27,Focus,27,1,1.0,-11.021357768806345,-11.213784067227696,-11.04042940999636,-11.573239944419935,-11.797491730279228
14,14_27,Focus,27,2,1.5,-11.445042309598257,-11.95059071932556,-11.239533136846159,-11.589028374782053,-11.733896431137683
14,14_27,Focus,27,3,2.0,-11.480993403136347,-11.520453245310327,-10.828289330328925,-11.672522235133181,-11.96399074029212
14,14_27,Focus,27,4,2.5,-11.1203952699509,-11.588535378445071,-10.675032468866657,-11.748257150474455,-12.093393892016758
14,14_27,Focus,27,5,3.0,-11.186282049086584,-11.72570123428553,-10.664495624413869,-11.928030511826348,-12.090490631566087
14,14_27,Focus,27,6,3.5,-11.531181182973414,-11.740222323405447,-11.00367466072974,-11.775904924536485,-11.942805735621882
14,14_27,Focus,27,7,4.0,-11.574497487702192,-11.94123492236211,-11.015023291800729,-11.847260915937902,-11.988797606288289
14,14_28,MW,28,0,0.5,-11.366027152108748,-11.787215636028625,-10.855365006330613,-11.728632236236436,-11.59434556669699
14,14_28,MW,28,1,1.0,-11.078003467546825,-11.613144292680808,-10.9303859712321,-11.676308741235408,-11.769078394735418
14,14_28,MW,28,2,1.5,-11.465260365812581,-11.82259167222287,-11.026424310375747,-11.796456432354722,-11.81186545101028
14,14_28,MW,28,3,2.0,-11.27422782835879,-11.845993676306737,-11.108435253034418,-11.661385673964123,-11.508492445792418
14,14_28,MW,28,4,2.5,-11.3238727298002,-11.743771770324129,-11.147653991561283,-11.604787895769729,-11.67008151910459
14,14_28,MW,28,5,3.0,-11.258278188143663,-11.848862267152702,-11.048899343468292,-11.864788102536348,-11.673559894248108
14,14_28,MW,28,6,3.5,-11.025920351479012,-11.847300734430544,-10.967992451418477,-11.538753206301573,-11.585439971400309
14,14_28,MW,28,7,4.0,-11.304441939274758,-11.474410256836732,-10.857139394752698,-11.72023573114236,-11.4321029646063
14,14_29,MW,29,0,0.5,-11.336879810383715,-11.941748129032701,-11.143641227015836,-11.682138892225376,-11.578206238247281
14,14_29,MW,29,1,1.0,-11.548788875006405,-11.83572542681137,-11.130081916468336,-11.640672684886878,-11.744207975792673
14,14_29,MW,29,2,1.5,-11.366000882384125,-11.651542705877636,-11.22370921517368,-11.929693658774275,-12.15062989705066
14,14_29,MW,29,3,2.0,-11.380877711301288,-11.867057315259492,-10.884343806512241,-11.934565769000699,-12.076489287834768
14,14_29,MW,29,4,2.5,-11.21209858069174,-11.753221240779446,-11.240558906871124,-11.696558399661228,-11.666178678126705
14,14_29,MW,29,5,3.0,-10.969285520515463,-11.127012006384764,-11.164538845063289,-11.533692249200303,-11.645902584931097
14,14_29,MW,29,6,3.5,-11.417791003967643,-11.99866811560745,-11.297294107044983,-12.01917559388342,-12.048437321677406
14,14_29,MW,29,7,4.0,-11.07649646827683,-11.936309865666582,-10.928774736702158,-11.893718811654367,-12.25668848061626
14,14_30,Focus,30,0,0.5,-11.392174918835371,-11.714364341861476,-11.093329375885622,-11.952412431561584,-11.873905015861489
14,14_30,Focus,30,1,1.0,-11.35125282386611,-11.541149520944685,-10.80830288185749,-11.786510932497203,-11.852234913943771
14,14_30,Focus,30,2,1.5,-11.499580681525122,-11.850453937113386,-10.708046695238693,-11.76305372802,-11.818608025572749
14,14_30,Focus,30,3,2.0,-11.542055722030755,-11.67973782952349,-11.160286698927282,-11.667411046862428,-11.933275301121315
14,14_30,Focus,30,4,2.5,-11.35847488906794,-11.796850461066787,-10.731304727067696,-11.71247877006127,-11.985358407255035
14,14_30,Focus,30,5,3.0,-11.375114473556703,-11.615927828381976,-10.741533608519614,-11.851266478978308,-12.428635009639514
14,14_30,Focus,30,6,3.5,-11.390791488023556,-11.754551912682766,-10.864040775790041,-11.853143425140955,-12.13668338556745
14,14_30,Focus,30,7,4.0,-11.055345818073272,-11.387332982480114,-11.065979584532261,-11.783540477511677,-11.97182019293338
14,14_31,MW,31,0,0.5,-11.01208868712143,-11.685881235046828,-11.14648753390586,-12.034205832879664,-12.12287853287606
14,14_31,MW,31,1,1.0,-11.363008413559182,-11.614348465046378,-10.886924512407568,-11.741511067060879,-11.850984363693973
14,14_31,MW,31,2,1.5,-11.190096046985401,-11.703340760758918,-10.821377833770432,-11.849581978672994,-12.039779538846911
14,14_31,MW,31,3,2.0,-10.929022260650472,-11.65019394766787,-11.054039968416987,-11.86353228274158,-12.062236665611078
14,14_31,MW,31,4,2.5,-11.488956207600356,-11.656327463499114,-11.054597371407715,-11.767124829649042,-12.143158934809703
14,14_31,MW,31,5,3.0,-11.40589966813069,-11.678118729748242,-10.95011419529449,-11.948934530884287,-12.144980173912009
14,14_31,MW,31,6,3.5,-11.28075351006766,-11.714750752498933,-11.000936295028879,-11.75298160425301,-12.196660570983228
14,14_31,MW,31,7,4.0,-11.330265388447875,-11.58700412876572,-10.860682766789491,-11.831508980062422,-12.075513781554825
14,14_32,Focus,32,0,0.5,-10.980692185488602,-11.506338325474497,-10.745871678949868,-11.796651414426522,-12.075522009635899
14,14_32,Focus,32,1,1.0,-11.105201299764788,-11.863137823038802,-11.080853883183629,-11.763131263805814,-12.070184629982297
14,14_32,Focus,32,2,1.5,-11.481118055151343,-11.7905397755056,-10.846885719059856,-11.726233724827695,-12.079975303519259
14,14_32,Focus,32,3,2.0,-11.268666656018507,-11.511782959431029,-10.754928134820984,-11.73088200130755,-12.23527139065599
14,14_32,Focus,32,4,2.5,-11.410829752975818,-11.654936616374844,-10.97779993029143,-11.920058648545917,-12.146513563251267
14,14_32,Focus,32,5,3.0,-11.639863717564193,-11.888522947777739,-10.795026104234578,-11.990082724555824,-12.086404282270015
14,14_32,Focus,32,6,3.5,-11.385739931410782,-11.747857993267962,-11.036334221167907,-11.885029128140742,-12.143846967444148
14,14_32,Focus,32,7,4.0,-11.292686939961225,-11.746989366964382,-10.98718680698296,-11.905777759239447,-12.063607094249862
14,14_33,Focus,33,0,0.5,-11.343443103301093,-11.623945541165053,-11.14823880995926,-11.61781794757635,-11.789103242371517
14,14_33,Focus,33,1,1.0,-11.417209485293842,-11.707766275751291,-10.720244110675523,-11.662502197542043,-11.950055513278823
14,14_33,Focus,33,2,1.5,-11.583627558516453,-11.49505548188265,-11.024659618023485,-11.650160751553125,-11.87756971431585
14,14_33,Focus,33,3,2.0,-11.412321885884369,-11.889901324225908,-11.30655374215355,-11.713313029886818,-11.739928642834007
14,14_33,Focus,33,4,2.5,-11.537434471048789,-11.61828257814637,-11.43924297405241,-11.79869237380006,-11.87691661753617
14,14_33,Focus,33,5,3.0,-11.40373132461912,-11.935109136136152,-11.363687134454056,-11.945632788443822,-11.95735517180153
14,14_33,Focus,33,6,3.5,-11.637655082974188,-12.07858488983965,-11.087475113871479,-11.818965948901724,-12.030109641389163
14,14_33,Focus,33,7,4.0,-11.573142131507842,-11.87993670351426,-10.825494717932703,-12.044058757438702,-12.11901693150647
14,14_34,MW,34,0,0.5,-11.006075173283778,-11.700559340542503,-11.043018304644095,-11.485767608797422,-11.533073430347601
14,14_34,MW,34,1,1.0,-11.15155542514087,-11.885752689709285,-11.17555529536625,-11.50417132195021,-11.54721461531073
14,14_34,MW,34,2,1.5,-11.01409481190098,-11.737122742381572,-10.994605451725258,-11.624089880089329,-11.694002252804681
14,14_34,MW,34,3,2.0,-11.148295920244323,-11.760143582323819,-11.03640954009208,-11.911085092947415,-12.187077334497236
14,14_34,MW,34,4,2.5,-10.79241627877436,-11.526162091708475,-11.243449030852195,-11.597420788528677,-11.586647889050722
14,14_34,MW,34,5,3.0,-10.908266100643186,-12.132889114203302,-11.211693480253384,-11.609228407435454,-11.746191927617142
14,14_34,MW,34,6,3.5,-11.111400825319102,-11.552493255433891,-11.169703031356287,-11.602003934341266,-11.978539315255688
14,14_34,MW,34,7,4.0,-10.938690143250469,-11.639436028012737,-10.924853480079552,-11.637810775173424,-11.669297967911977
14,14_35,Focus,35,0,0.5,-11.50398957174691,-12.17943020233241,-11.254354768786895,-11.901024909506884,-12.121359749646452
14,14_35,Focus,35,1,1.0,-11.159301701673344,-11.783317538242292,-11.427994708375522,-12.028808890084564,-11.946375089562533
14,14_35,Focus,35,2,1.5,-11.024778417872218,-11.793254128710064,-10.76125371616566,-11.702435913756398,-12.091591897049799
14,14_35,Focus,35,3,2.0,-11.113518589450122,-11.830169699424426,-11.17342536696563,-11.898757582030298,-11.974397028854593
14,14_35,Focus,35,4,2.5,-11.239555470502214,-11.69655482955601,-11.14112935852428,-11.744566820911405,-11.799272624654636
14,14_35,Focus,35,5,3.0,-11.126657196593696,-11.770620690464677,-11.417335980399143,-11.63678544423919,-11.911509601819334
14,14_35,Focus,35,6,3.5,-11.269761145430001,-11.91547123192154,-11.131372396580133,-11.927808795141901,-12.244253893692349
14,14_35,Focus,35,7,4.0,-11.267845601094576,-11.657034818311555,-11.238245379627932,-11.797359499295686,-12.09567268175027
14,14_36,Focus,36,0,0.5,-11.454713561983088,-11.380655333113015,-10.783268533378175,-11.9485161906224,-12.135816513869122
14,14_36,Focus,36,1,1.0,-11.275739574746792,-11.73905691134483,-11.335059603554779,-11.8487340701605,-11.897607797682467
14,14_36,Focus,36,2,1.5,-11.38592074836014,-11.573930518149256,-10.736668812842456,-11.68208542855259,-11.93531948777153
14,14_36,Focus,36,3,2.0,-11.199779464808866,-11.504004385972694,-10.932971703424718,-11.786010726785943,-12.045906581060809
14,14_36,Focus,36,4,2.5,-11.256300283198906,-11.455970858578736,-10.954875165435492,-11.937319254235584,-12.050841335186742
14,14_36,Focus,36,5,3.0,-11.350971135064576,-11.917453028084248,-11.07698099057123,-11.889458369626611,-12.131959933398244
14,14_36,Focus,36,6,3.5,-11.625032909507885,-11.75127556891503,-11.236332882237633,-11.906448775127759,-12.000773339510602
14,14_36,Focus,36,7,4.0,-11.304164207915576,-11.573755935677012,-11.13839252558379,-11.896290707125528,-11.934423633307343
14,14_37,Focus,37,0,0.5,-11.334232428703624,-11.634949920457224,-11.273802684582247,-11.662774025303925,-12.023242009108492
14,14_37,Focus,37,1,1.0,-11.245897385192675,-11.57347709470335,-10.590045991043615,-11.693471497165083,-11.871678408447107
14,14_37,Focus,37,2,1.5,-11.274245210788921,-11.500365170767505,-10.794873991964028,-11.569785578421696,-12.049946637034312
14,14_37,Focus,37,3,2.0,-11.259536058169946,-11.844836286889095,-11.062705270459013,-11.7781649072397,-12.295847229167839
14,14_37,Focus,37,4,2.5,-11.437486077442834,-11.551736945161123,-10.707323596168866,-11.755921892867061,-12.189752398171468
14,14_37,Focus,37,5,3.0,-11.425234981091158,-11.566226075992606,-11.00167594126512,-11.70828114558585,-11.946778810867837
14,14_37,Focus,37,6,3.5,-11.413745602645562,-11.92425557722612,-11.299965198564795,-11.898822433072779,-11.884657659911973
14,14_37,Focus,37,7,4.0,-11.268716852853533,-11.483185029769002,-11.123678653135057,-11.923332152156018,-12.369407951567355
14,14_38,Focus,38,0,0.5,-11.272338420653377,-11.478150199664139,-10.825409644803617,-12.021928585689999,-12.399348797634461
14,14_38,Focus,38,1,1.0,-11.143365397507282,-11.838724011818943,-10.920968343182883,-11.8317474092446,-11.939536091748423
14,14_38,Focus,38,2,1.5,-11.293573062578012,-12.039682977918742,-11.350631338872622,-11.933747877290863,-12.322609703188402
14,14_38,Focus,38,3,2.0,-10.859040163724817,-11.73141564854605,-10.804659902900749,-11.97644439331728,-12.361562464140794
14,14_38,Focus,38,4,2.5,-10.926149196834306,-11.66864518274899,-11.029717596845108,-11.57101009222723,-11.8264324229114
14,14_38,Focus,38,5,3.0,-10.691614586154593,-11.482729133487913,-10.913889076314184,-11.673741122335336,-11.95598428908667
14,14_38,Focus,38,6,3.5,-11.180466328145723,-11.831838192420042,-10.781561098512707,-11.901324352666297,-11.770687585155864
14,14_38,Focus,38,7,4.0,-11.27258559797245,-11.91014301891506,-11.094453314655528,-11.748959545685139,-11.962724990204741
14,14_39,Focus,39,0,0.5,-11.132849226661097,-11.747950322332652,-10.791861992408261,-11.975443418962904,-12.548988333583356
14,14_39,Focus,39,1,1.0,-11.435344752751638,-11.50497451910229,-10.595716587119972,-11.856705773260353,-12.415808120623762
14,14_39,Focus,39,2,1.5,-11.181443278861119,-11.517508139395913,-10.8224140718016,-11.837805735634285,-12.416044047283522
14,14_39,Focus,39,3,2.0,-11.302713894165247,-11.719813438657598,-11.199963438109588,-12.087495680168308,-12.43825415161998
14,14_39,Focus,39,4,2.5,-11.100611817115162,-11.71404570294327,-11.225691125425275,-11.992525259302568,-12.40236593274457
14,14_39,Focus,39,5,3.0,-11.393461237093994,-11.637661181227678,-10.922586998735566,-11.925012874271903,-12.447703422280613
14,14_39,Focus,39,6,3.5,-11.116228427731704,-11.58309752732983,-10.78963745734554,-11.975975977394405,-12.260400259905328
14,14_39,Focus,39,7,4.0,-11.42382375004273,-11.86189901240218,-11.059830493391924,-12.042279040259173,-12.27592576178563
15,15_0,Focus,0,0,0.5,-11.61323065253639,-11.998333912302737,-11.565140914460187,-12.696104239071477,-13.15588428674033
15,15_0,Focus,0,1,1.0,-11.370072295785928,-11.817797390324712,-11.706078153941023,-12.80264838169287,-13.142647701877145
15,15_0,Focus,0,2,1.5,-11.347684302211404,-12.026852487884655,-11.971075442249157,-12.984526236411023,-13.228624083255934
15,15_0,Focus,0,3,2.0,-11.502196094335876,-12.14148251357894,-11.26392892328803,-12.965040213329331,-13.18811976577825
15,15_0,Focus,0,4,2.5,-11.447596236230538,-12.036675127266157,-11.473794375687069,-12.72589914249296,-13.002471946274076
15,15_0,Focus,0,5,3.0,-11.389272221155986,-12.086003401165533,-11.506374047725824,-12.703606682928761,-13.164267466114351
15,15_0,Focus,0,6,3.5,-11.628940383597607,-12.148686864522757,-11.591884342178165,-12.95056040777991,-12.980995328347984
15,15_0,Focus,0,7,4.0,-11.816250029354812,-12.245143988253837,-11.564675950223863,-13.006401879527257,-13.190456045881259
15,15_1,Focus,1,0,0.5,-11.454169255937565,-11.92835171396713,-11.450475654247452,-12.771375063612545,-13.161727521296811
15,15_1,Focus,1,1,1.0,-11.664748884538152,-11.895303274255447,-11.810645113781701,-12.857229138859932,-13.151590672547185
15,15_1,Focus,1,2,1.5,-11.636670368047175,-12.002920168329366,-11.627382448741754,-12.817206489863167,-13.173360099763514
15,15_1,Focus,1,3,2.0,-11.353834368043529,-11.982722706252586,-11.656172586706992,-12.906191113330118,-13.218344335763861
15,15_1,Focus,1,4,2.5,-11.600058786552715,-11.941544962348848,-11.743582238529472,-12.798918665643361,-13.048325731907825
15,15_1,Focus,1,5,3.0,-11.570863750388469,-11.911829456784913,-11.53411145509765,-12.889258295067247,-13.279161293680124
15,15_1,Focus,1,6,3.5,-11.518211999550983,-12.007898571046585,-11.510225237979668,-12.69319249759297,-13.11589178648856
15,15_1,Focus,1,7,4.0,-11.425943654218294,-11.621427730045445,-11.359067700983708,-12.843597652532356,-13.064181495092734
15,15_2,Focus,2,0,0.5,-11.606456657667371,-12.130960625495106,-11.99177012797502,-13.015442911508051,-13.29819227255854
15,15_2,Focus,2,1,1.0,-11.521261503728692,-12.334254935588612,-12.095806214937522,-12.928195437492219,-13.344322134638132
15,15_2,Focus,2,2,1.5,-11.405932119038715,-12.1549146902303,-11.657223736620509,-13.008481763330781,-13.320737112549924
15,15_2,Focus,2,3,2.0,-11.505888152192384,-12.171134183621529,-11.581131511817714,-12.889917605951942,-13.418931875954536
15,15_2,Focus,2,4,2.5,-11.606431124868019,-11.957289609677531,-11.089564102591261,-12.673938603523869,-13.252017152104603
15,15_2,Focus,2,5,3.0,-11.632283968355672,-11.741959197349464,-11.59391907477358,-12.737223464713859,-13.174467288573233
15,15_2,Focus,2,6,3.5,-11.8831925818663,-12.205277049257125,-11.503599088289352,-12.774651841741452,-13.341350944491108
15,15_2,Focus,2,7,4.0,-11.554313996973928,-12.099130681002249,-11.637128070729224,-12.919993345543297,-13.308844132135894
15,15_3,Focus,3,0,0.5,-11.734715363494834,-11.749328340672792,-11.203591007335731,-12.781291447291217,-13.202139217167952
15,15_3,Focus,3,1,1.0,-11.753904058123975,-11.910418146745078,-11.434399495245401,-12.811970349238612,-13.263108235829586
15,15_3,Focus,3,2,1.5,-11.663460140684345,-11.843979033574623,-11.583282303153393,-12.743090807510905,-13.176658617125435
15,15_3,Focus,3,3,2.0,-11.573057465860895,-11.825652636551899,-11.505728191299319,-12.959854157640374,-13.389947522813321
15,15_3,Focus,3,4,2.5,-11.651073466019449,-12.137039592846591,-11.84904249556417,-12.948510185330369,-13.411691665341042
15,15_3,Focus,3,5,3.0,-11.375043294024756,-12.010857678260777,-11.847221250129522,-12.803267431173554,-13.441876828300726
15,15_3,Focus,3,6,3.5,-11.460530259114096,-12.119312252043228,-11.517758222964511,-12.771201704726298,-13.252226577044166
15,15_3,Focus,3,7,4.0,-11.768930299162843,-11.920728028218898,-11.769974008829841,-13.035623736867109,-13.428663030045367
15,15_4,Focus,4,0,0.5,-11.764357632901987,-12.230593649438104,-11.555569988106402,-12.711536328277065,-13.423955842724165
15,15_4,Focus,4,1,1.0,-11.46812092195044,-11.946635375472946,-11.589123038007134,-12.90457430954278,-13.277440583739459
15,15_4,Focus,4,2,1.5,-11.568025024671186,-11.876161424139822,-11.573168153380148,-12.993351758621008,-13.30859779722487
15,15_4,Focus,4,3,2.0,-11.607238646922273,-11.778898369206082,-11.390195464971901,-12.818103234102654,-13.487100237208827
15,15_4,Focus,4,4,2.5,-11.551240291124987,-11.865684439021889,-11.085161893777448,-12.469926644642277,-13.339521359640496
15,15_4,Focus,4,5,3.0,-11.45627481156547,-12.216298763317083,-11.452014904194439,-12.896804627160607,-13.203247575719887
15,15_4,Focus,4,6,3.5,-11.68518343612233,-12.223839840615582,-11.677774097321478,-12.978862519088908,-13.405995467333257
15,15_4,Focus,4,7,4.0,-11.752417650284814,-11.99304549135895,-11.794928985630824,-12.856082202426894,-13.464345069084706
15,15_5,Focus,5,0,0.5,-11.630323642805692,-12.087010110976236,-11.515007475478228,-12.917640675982343,-13.196009092774197
15,15_5,Focus,5,1,1.0,-11.533645632757965,-12.179787372848912,-11.72137200889081,-12.983320006132605,-13.345851301619208
15,15_5,Focus,5,2,1.5,-11.664370515277335,-11.665389568814021,-11.636812496058498,-12.615314825260127,-13.362422017319263
15,15_5,Focus,5,3,2.0,-11.251806955195168,-11.990244921153323,-11.60942932963771,-12.891433738133893,-13.375930391746916
15,15_5,Focus,5,4,2.5,-11.220652495821303,-12.202362276844386,-11.399400674635292,-12.63734055154995,-13.26558554095854
15,15_5,Focus,5,5,3.0,-11.237287508376992,-12.205640176371489,-11.46525574886659,-12.845029092037702,-13.42519484352068
15,15_5,Focus,5,6,3.5,-11.609743108551594,-12.194438060817324,-11.876573234253796,-13.033506414481664,-13.254881492344554
15,15_5,Focus,5,7,4.0,-11.443739443206498,-12.07672742019847,-11.53970851895014,-13.085309887457575,-13.425862572120648
15,15_6,Focus,6,0,0.5,-11.57533001096482,-11.902298277731626,-11.267821768746996,-12.85351467024173,-13.263839383152725
15,15_6,Focus,6,1,1.0,-11.419158661492144,-11.95837423710466,-11.264626806554064,-12.713059367992773,-13.142037558855666
15,15_6,Focus,6,2,1.5,-11.61864306908531,-11.671963364996232,-11.54662201901815,-12.886454042893384,-13.201433639545707
15,15_6,Focus,6,3,2.0,-11.767928588204686,-12.035730145984456,-12.362715792304991,-12.983274257127201,-13.220637683307348
15,15_6,Focus,6,4,2.5,-11.779630343920093,-12.05875575611794,-11.83510815134802,-12.88271120678236,-13.156608848328675
15,15_6,Focus,6,5,3.0,-11.570537648737151,-12.11891187872674,-11.733058280588475,-12.884613731425727,-13.095112789922368
15,15_6,Focus,6,6,3.5,-11.444563131367643,-11.669273311922911,-11.746892197477726,-12.80272126192011,-13.171878552970048
15,15_6,Focus,6,7,4.0,-11.518921151355002,-12.08932186954361,-11.749525700827043,-12.987235066250372,-13.274546676237952
15,15_7,MW,7,0,0.5,-11.661796325427424,-12.402490777703363,-11.860511255544615,-12.837891607459335,-13.253617703120428
15,15_7,MW,7,1,1.0,-11.631559213692963,-12.187165760299006,-11.328770546182264,-12.777215087351236,-13.236370632971445
15,15_7,MW,7,2,1.5,-11.83486074054606,-12.205095057173342,-11.6786018917184,-12.870151665544508,-13.145613271970726
15,15_7,MW,7,3,2.0,-11.674164594672053,-12.008234833778468,-11.737003308517979,-12.935418310359852,-13.2022167374121
15,15_7,MW,7,4,2.5,-11.506502501388974,-12.127648667226785,-11.60477789026971,-12.784331797122613,-13.270691939233721
15,15_7,MW,7,5,3.0,-11.78032613586189,-11.974146480997655,-11.724187261118267,-12.795080572527587,-13.324733196653163
15,15_7,MW,7,6,3.5,-11.43038650939836,-11.708882070085888,-11.88162945305957,-12.947324697982191,-13.05663168458115
15,15_7,MW,7,7,4.0,-11.556706182205819,-12.142132921694811,-11.675854768433314,-12.84244040315907,-13.182445425319733
15,15_8,MW,8,0,0.5,-11.700927163526119,-11.763294011006987,-11.553205626438235,-12.836973568198578,-13.13399796903721
15,15_8,MW,8,1,1.0,-11.782886310080068,-11.880491114347098,-11.603029208601836,-12.83901362775601,-13.302488419010402
15,15_8,MW,8,2,1.5,-11.61090211053442,-11.975332461463243,-11.73309491118091,-12.889431233901323,-13.233848053605694
15,15_8,MW,8,3,2.0,-11.660530480468612,-11.796389146833409,-11.453686238012029,-12.580220244940914,-13.28108560977997
15,15_8,MW,8,4,2.5,-11.884000813344615,-11.841701593318048,-12.140180898118242,-12.8393865857156,-13.378070004841875
15,15_8,MW,8,5,3.0,-11.648904056730816,-11.840328990338504,-12.138746129541675,-12.792147865058181,-13.275029307221397
15,15_8,MW,8,6,3.5,-11.669942844430476,-11.983467471601573,-11.601036996051569,-12.881080952953665,-13.116017693610939
15,15_8,MW,8,7,4.0,-11.536960882202768,-12.035622585656908,-11.48884958370754,-12.723390328816334,-13.241209962182662
15,15_9,MW,9,0,0.5,-11.537165941470294,-11.58901985559576,-11.391111447993197,-12.647799945789329,-13.30253079085767
15,15_9,MW,9,1,1.0,-11.603178189522763,-12.199702329869327,-11.618703633743138,-12.730139717873856,-13.181741503574399
15,15_9,MW,9,2,1.5,-11.348901850599129,-11.745528276665977,-11.866202343012516,-12.783504729247062,-13.280394167304339
15,15_9,MW,9,3,2.0,-11.522452053839952,-11.518914713593286,-11.670926721092474,-12.583556633788717,-13.419475882098846
15,15_9,MW,9,4,2.5,-11.734235723113626,-11.99495654964425,-11.645602542731945,-12.822284380851663,-13.360707981767165
15,15_9,MW,9,5,3.0,-11.43434631698497,-11.757751985212172,-11.709782527413237,-12.831937951673929,-13.305624513959314
15,15_9,MW,9,6,3.5,-11.692141737493518,-11.88545179172885,-11.80947326175856,-12.983556650768122,-13.418302463578469
15,15_9,MW,9,7,4.0,-11.464972935263113,-11.999374626940755,-11.481324856290621,-12.936160061665136,-13.343443559216384
15,15_10,MW,10,0,0.5,-11.787584717386988,-12.304632481766482,-11.594019368982847,-13.044179435126374,-13.395067286443567
15,15_10,MW,10,1,1.0,-11.820271810850363,-12.144375727659245,-11.496924397861244,-12.966643512311881,-13.478372880166535
15,15_10,MW,10,2,1.5,-11.363622612800095,-11.448074178430566,-11.810566792238859,-12.884468005617993,-13.372745481602767
15,15_10,MW,10,3,2.0,-11.49205821497078,-12.118357345183856,-11.830806097320869,-13.025554490628044,-13.34062376184238
15,15_10,MW,10,4,2.5,-11.761917679302845,-11.928529756887247,-11.79369652650627,-13.030537090020971,-13.354775310267932
15,15_10,MW,10,5,3.0,-11.592698569346842,-11.577880326271693,-11.044409352956626,-12.78057415541694,-13.35724434422023
15,15_10,MW,10,6,3.5,-11.452925735618035,-11.624819683390573,-11.700716542292152,-12.780456972879229,-13.38764736599068
15,15_10,MW,10,7,4.0,-11.660685397387555,-12.050862667283004,-11.502996494494738,-12.927223534459433,-13.33489892754847
15,15_11,Focus,11,0,0.5,-11.696794458320456,-11.753476109474825,-11.742097959343875,-12.90601208564853,-13.277741765954966
15,15_11,Focus,11,1,1.0,-11.845968491338859,-11.750387741662372,-11.764094170808429,-12.767750860403677,-13.406490758465585
15,15_11,Focus,11,2,1.5,-11.596766354601872,-11.616613157934768,-11.498290193263323,-12.601010196059821,-13.310055394892178
15,15_11,Focus,11,3,2.0,-11.558534516452326,-12.208224121404802,-11.987631676393194,-12.913297306610712,-13.298706186138753
15,15_11,Focus,11,4,2.5,-11.649442224385545,-12.078052629956874,-11.68703801981915,-12.94479669479544,-13.271081261146565
15,15_11,Focus,11,5,3.0,-11.88562791858275,-11.983288201411156,-11.500873040291566,-12.724363484482993,-13.250028051916086
15,15_11,Focus,11,6,3.5,-11.641597817324266,-12.109530342717774,-11.333618510768025,-12.841222342869056,-13.2260550554188
15,15_11,Focus,11,7,4.0,-11.449142709200588,-11.885304146048314,-11.903750306086309,-12.807356725725565,-13.284518533057144
15,15_12,MW,12,0,0.5,-11.561336234315828,-11.715990396379723,-11.403104060329653,-12.68198917571027,-13.430297593429637
15,15_12,MW,12,1,1.0,-11.839926542029264,-12.063385188374808,-11.701239713205418,-12.831298876580846,-13.356557461431361
15,15_12,MW,12,2,1.5,-11.530349022942353,-12.007732428325747,-11.356599152064867,-12.81499649271437,-13.452243506162246
15,15_12,MW,12,3,2.0,-11.475666469953085,-11.943280810010373,-11.96452008597504,-12.882821292056338,-13.45380620229689
15,15_12,MW,12,4,2.5,-11.533607903977268,-11.784443460994925,-11.482138451130503,-12.857662229109247,-13.3760586488868
15,15_12,MW,12,5,3.0,-11.69814259609729,-11.805107029777773,-11.602041541518592,-12.809913281799972,-13.299835638528126
15,15_12,MW,12,6,3.5,-11.994917927796614,-11.858677531434667,-11.481150705024376,-12.778032397497167,-13.440880883055243
15,15_12,MW,12,7,4.0,-11.671204818472257,-11.84536508485031,-11.444487105787745,-12.892720512416991,-13.483230152528037
15,15_13,MW,13,0,0.5,-11.51588201823133,-11.553059065115912,-11.947959646096315,-12.90441271337735,-13.393221468562974
15,15_13,MW,13,1,1.0,-11.595904404837993,-11.754196020585534,-11.834149254704386,-13.025877297809322,-13.550697998925154
15,15_13,MW,13,2,1.5,-11.687767308669159,-12.422640873747142,-11.978826021679078,-13.044738035970825,-13.449935057469682
15,15_13,MW,13,3,2.0,-11.929839011915877,-12.144890056947961,-12.409363423223981,-12.941873309510319,-13.463135328472989
15,15_13,MW,13,4,2.5,-11.815506971753745,-11.991078122514756,-11.810104720830475,-12.933764325221075,-13.31779652076778
15,15_13,MW,13,5,3.0,-11.287854428850064,-11.748760011940348,-11.597184638215953,-12.808742198508458,-13.424370212081424
15,15_13,MW,13,6,3.5,-11.321121892427698,-11.766533187797561,-11.567886800024604,-12.74520551797703,-13.252360678340015
15,15_13,MW,13,7,4.0,-11.600488262829815,-11.844312140651502,-11.850677976503643,-12.84758536508999,-13.235085497856392
15,15_14,MW,14,0,0.5,-11.523000022489189,-12.065501872388552,-11.759243086560268,-12.801040050524538,-13.18290595431453
15,15_14,MW,14,1,1.0,-11.686639351968171,-12.323601983209711,-11.530978330940941,-12.793669116347138,-13.269731896035827
15,15_14,MW,14,2,1.5,-11.450986532073886,-12.041098763743868,-11.717994130868247,-12.837929042440457,-13.393603440031717
15,15_14,MW,14,3,2.0,-11.274340235776023,-11.964583622101763,-11.929167792361794,-12.874715390788833,-13.354519024045493
15,15_14,MW,14,4,2.5,-11.388912850822837,-11.588477109416354,-11.798329852454806,-12.811433619701328,-13.19071231301642
15,15_14,MW,14,5,3.0,-11.30410909562871,-11.723465304935491,-11.638250321190299,-12.654006316388356,-13.231853321726561
15,15_14,MW,14,6,3.5,-11.409133182993198,-12.008606366735492,-11.732577964396786,-12.708395961502559,-13.204541536180232
15,15_14,MW,14,7,4.0,-11.472713563153853,-11.888146921340663,-11.709272157784865,-12.968882368469945,-13.332838103541523
15,15_15,MW,15,0,0.5,-11.516630088903261,-12.157696526925111,-11.606082367210712,-12.843555640964293,-13.264858515099824
15,15_15,MW,15,1,1.0,-11.757033441638118,-11.90855133257153,-11.814885357274973,-12.860804953408003,-13.457617968967513
15,15_15,MW,15,2,1.5,-11.69314330236855,-12.128076538541691,-11.908006584805019,-12.893718493637504,-13.366967523412754
15,15_15,MW,15,3,2.0,-11.702999872893649,-11.987278290073197,-11.517920610058772,-12.819591122299908,-13.327574687394375
15,15_15,MW,15,4,2.5,-11.690001794711398,-11.669916289588395,-11.590088136322837,-12.759248309090532,-13.216929349152617
15,15_15,MW,15,5,3.0,-11.674264538523849,-11.659462079705099,-11.605018893156913,-12.706834914921835,-13.301384648789076
15,15_15,MW,15,6,3.5,-11.916755371169762,-11.67427167352602,-11.504210824313637,-12.812580020253414,-13.37227895266586
15,15_15,MW,15,7,4.0,-11.730162418166861,-11.696595487446663,-11.902990489935013,-12.945774136690257,-13.262479484759123
15,15_16,MW,16,0,0.5,-11.545571933569567,-11.901102467360758,-11.371402548210277,-12.811113252997172,-13.284376234457994
15,15_16,MW,16,1,1.0,-11.856031863866379,-11.859871451748209,-11.463212420381597,-12.644416012034982,-13.21314807542149
15,15_16,MW,16,2,1.5,-11.58880800723801,-11.88682094272875,-11.735220217109346,-12.923118569480339,-13.385053221123295
15,15_16,MW,16,3,2.0,-11.82864311503643,-12.014327158959665,-11.87937988121243,-12.946114807566211,-13.435600697013037
15,15_16,MW,16,4,2.5,-11.54879435603315,-11.850126009323194,-11.739278106123386,-13.075254927287528,-13.245317457765767
15,15_16,MW,16,5,3.0,-11.051797740694214,-11.704901080812755,-11.607742437264877,-12.870106574329657,-13.379269099805759
15,15_16,MW,16,6,3.5,-11.374836428928239,-11.74377999906367,-11.450931496103957,-12.794772541966756,-13.358739866330398
15,15_16,MW,16,7,4.0,-11.161893274110556,-11.760094602183306,-11.766944334243597,-12.801296496022571,-13.263046559263096
15,15_17,MW,17,0,0.5,-11.780147726456764,-11.983865038947064,-11.859060566015764,-12.8709293767752,-13.260534995722693
15,15_17,MW,17,1,1.0,-11.814406191726649,-12.134143608097455,-11.656988259633378,-12.921855768697768,-13.20198498466569
15,15_17,MW,17,2,1.5,-11.447618739099802,-12.103048774770459,-11.79437962697798,-12.889669226913904,-13.347659534688809
15,15_17,MW,17,3,2.0,-11.846293452591553,-11.938383207168261,-11.39683599878179,-12.875124809923953,-13.279593139332889
15,15_17,MW,17,4,2.5,-11.653954525064538,-12.025231738169746,-11.179257608161468,-12.8094632293426,-13.232817463604944
15,15_17,MW,17,5,3.0,-11.594301216179662,-12.035733792275202,-11.663942585572961,-12.821461123317915,-13.228396772911552
15,15_17,MW,17,6,3.5,-11.653608275282101,-12.150776637290193,-11.580297987287192,-12.801780064410305,-13.22734752357924
15,15_17,MW,17,7,4.0,-11.740296348882504,-11.853949236278684,-11.61229160880461,-12.946596417879826,-13.256518371094044
15,15_18,MW,18,0,0.5,-11.642212502189567,-11.800490837801423,-11.929864811562322,-12.86428521065472,-13.2972446407606
15,15_18,MW,18,1,1.0,-11.569940843008434,-12.190027638674191,-11.624576232473169,-12.682801522159084,-13.25235160624211
15,15_18,MW,18,2,1.5,-11.641301451770358,-12.163716084511735,-11.951444910080792,-12.932724017821306,-13.256541186822332
15,15_18,MW,18,3,2.0,-11.585960025531127,-11.897062651393474,-11.70332347893956,-12.719087834986563,-13.325840087761359
15,15_18,MW,18,4,2.5,-11.672764720596238,-12.248217790105537,-11.567700313502508,-12.952907522465534,-13.292591267811263
15,15_18,MW,18,5,3.0,-11.802046433984646,-12.219763998039602,-11.60291963209556,-12.765605802395505,-13.333216022058382
15,15_18,MW,18,6,3.5,-11.811792240950924,-11.997296912572754,-11.900149805169303,-12.964501941373765,-13.332627656814758
15,15_18,MW,18,7,4.0,-11.654415029231165,-12.01505146044725,-11.42764281596006,-12.806179877150702,-13.426846895918166
15,15_19,MW,19,0,0.5,-11.817558662178456,-12.363220899416845,-11.810776834265955,-12.74248773262104,-13.343997438961171
15,15_19,MW,19,1,1.0,-11.692199333627533,-12.124319361247728,-12.09235961317297,-12.82262316564118,-13.323024780555844
15,15_19,MW,19,2,1.5,-11.683978998495881,-12.033685704496008,-11.624436221320503,-12.886777351186373,-13.20735957604341
15,15_19,MW,19,3,2.0,-11.665032214039766,-11.846799492789682,-11.906430358394019,-12.986578151276436,-13.235305171639856
15,15_19,MW,19,4,2.5,-11.73516832477695,-12.196013622136999,-11.83718480956644,-12.888894031247244,-13.360015391122865
15,15_19,MW,19,5,3.0,-11.730818531387218,-11.99338154365115,-11.487115120488964,-12.70641349066585,-13.417140293182733
15,15_19,MW,19,6,3.5,-11.665014312176353,-11.909677673655944,-11.791990904031366,-12.670445528129214,-13.36015351694529
15,15_19,MW,19,7,4.0,-11.816755342994718,-11.836742616047786,-12.02601892718021,-12.804224042692061,-13.42371423181507
15,15_20,Focus,20,0,0.5,-11.497134250244914,-11.542712869571135,-11.630554539271975,-12.939401564954485,-13.409148434345752
15,15_20,Focus,20,1,1.0,-11.844695030072721,-11.858710406721327,-11.518116160264837,-12.834581949934085,-13.394804234952893
15,15_20,Focus,20,2,1.5,-11.702102014086597,-12.290302350606025,-11.5793123347993,-13.01347817278454,-13.436847961780272
15,15_20,Focus,20,3,2.0,-11.918657323806917,-12.124131807976736,-12.081439282304586,-12.833001271851018,-13.349637089036934
15,15_20,Focus,20,4,2.5,-11.58800142840572,-11.976110291967899,-11.89947194337479,-12.903269241306969,-13.512573518155149
15,15_20,Focus,20,5,3.0,-11.683873722597273,-12.215871525873727,-11.690320424036779,-12.767806418111883,-13.30800562030469
15,15_20,Focus,20,6,3.5,-11.814457327219577,-12.053483733262874,-11.905869044782088,-12.803204537870547,-13.291470542562259
15,15_20,Focus,20,7,4.0,-11.763296763194298,-12.067858623521293,-12.01498573136739,-12.870297280839107,-13.525587737630575
15,15_21,Focus,21,0,0.5,-11.5457426105014,-12.062182630328955,-11.472200040830025,-12.85132058960488,-13.358601029340457
15,15_21,Focus,21,1,1.0,-11.807146910738556,-12.007080803565259,-11.54809131802535,-12.745568494705081,-13.429556717500954
15,15_21,Focus,21,2,1.5,-12.005909084440667,-11.908365637035718,-11.88805725367446,-12.938991068751067,-13.430252373279608
15,15_21,Focus,21,3,2.0,-11.731693181419969,-11.745141959146894,-11.777345798265985,-12.833348289250267,-13.37397128360956
15,15_21,Focus,21,4,2.5,-11.735137537078828,-11.801869269555633,-11.622640134724907,-12.851305548385216,-13.322346230359708
15,15_21,Focus,21,5,3.0,-11.714830459067594,-11.707021604377069,-11.521542614088617,-12.817777682765861,-13.553306561086305
15,15_21,Focus,21,6,3.5,-11.483770925638561,-11.982721726466824,-11.544398270254378,-12.8386219423332,-13.32059879034756
15,15_21,Focus,21,7,4.0,-11.671404259355432,-12.009534753974616,-11.365401460145408,-12.769352112555419,-13.252817331544408
15,15_22,Focus,22,0,0.5,-11.653783003953306,-11.75490157345389,-11.610620844684217,-12.854122829104288,-13.339858253866309
15,15_22,Focus,22,1,1.0,-11.81660887296239,-12.148206740640987,-11.459548430527231,-12.819254663298514,-13.246744431110294
15,15_22,Focus,22,2,1.5,-11.964016345975882,-12.108841689771799,-11.901034617430435,-12.852386796672757,-13.306608727129525
15,15_22,Focus,22,3,2.0,-11.784911777541737,-11.99961770925238,-11.56247754679774,-12.72745739202843,-13.34142291287828
15,15_22,Focus,22,4,2.5,-11.352829468712951,-11.679528215587746,-11.754926476944881,-12.913687268219492,-13.342936299473765
15,15_22,Focus,22,5,3.0,-11.732775703475237,-11.917846314405534,-11.38106222085166,-12.871811818774598,-13.29362663716543
15,15_22,Focus,22,6,3.5,-11.733401147922631,-12.20346264665426,-11.787781262899099,-12.982360674889094,-13.314047822259463
15,15_22,Focus,22,7,4.0,-11.613585039723183,-11.702037154949796,-11.581902729152063,-12.934726123839638,-13.434148968071762
15,15_23,MW,23,0,0.5,-11.485903540317743,-11.85107784984642,-11.528382356859154,-12.89273039406706,-13.2809077449007
15,15_23,MW,23,1,1.0,-11.786503493829798,-12.149180370400215,-12.083325451390944,-12.886353151377055,-13.254926656231063
15,15_23,MW,23,2,1.5,-11.589058482980352,-12.116747570257266,-11.925949851024981,-12.841481578011726,-13.340520373447674
15,15_23,MW,23,3,2.0,-11.71888533556792,-11.784535793218598,-11.928270365625265,-12.896096288293647,-13.211051931977613
15,15_23,MW,23,4,2.5,-11.649650332395481,-11.900771819277034,-11.980170033178256,-12.761557024698217,-13.310780401949211
15,15_23,MW,23,5,3.0,-11.777800124540857,-12.271114436968041,-11.861104178979064,-12.869359791792634,-13.305407592884112
15,15_23,MW,23,6,3.5,-11.483082344525734,-11.756850705156864,-11.713804719882743,-12.728777890190775,-13.333531971346645
15,15_23,MW,23,7,4.0,-11.671486536232164,-11.706530556434046,-11.503074279072232,-12.731392565712293,-13.369701710895036
15,15_24,Focus,24,0,0.5,-11.58891147686508,-11.72046832675895,-11.713979738828263,-12.90105203165773,-13.307553955761334
15,15_24,Focus,24,1,1.0,-11.53355664994515,-11.844430927026698,-11.737818139734141,-12.846523358137244,-13.365830389070604
15,15_24,Focus,24,2,1.5,-11.717601327198825,-12.005009283285712,-11.521430313466018,-12.699193553581445,-13.368683565133658
15,15_24,Focus,24,3,2.0,-11.527691568209534,-11.940727478019486,-11.59811466871158,-12.68192806506343,-13.22042223150299
15,15_24,Focus,24,4,2.5,-11.596989202049345,-11.916602562519113,-11.705217925336997,-12.787227576848514,-13.26546252244778
15,15_24,Focus,24,5,3.0,-11.520557723527157,-11.924361713890628,-11.542831438564379,-12.81968422463897,-13.343484082322918
15,15_24,Focus,24,6,3.5,-11.688022561710119,-11.708064027500996,-11.627172566799809,-12.803788243731436,-13.228511541274715
15,15_24,Focus,24,7,4.0,-11.558780125635085,-12.241988033771179,-11.584711896534143,-12.846124403984444,-13.232604390419496
15,15_25,Focus,25,0,0.5,-11.963748090748359,-12.358687656118551,-11.684522532922836,-12.766069047247012,-13.29307067829088
15,15_25,Focus,25,1,1.0,-11.886586740162828,-12.207723154523977,-11.57447622728446,-12.784442382375861,-13.245509548198296
15,15_25,Focus,25,2,1.5,-11.791621753293736,-12.035631543838901,-11.603239382488873,-12.670201073476559,-13.327702430232565
15,15_25,Focus,25,3,2.0,-11.51666961536744,-11.798479215951371,-11.524762386752188,-12.720482839467708,-13.260165655331946
15,15_25,Focus,25,4,2.5,-11.427667119567973,-11.770680431498873,-11.510774802445885,-12.748193807569104,-13.176137668400035
15,15_25,Focus,25,5,3.0,-12.129621239194975,-12.156704849311431,-11.569557666100716,-12.70579475628425,-13.322329618141996
15,15_25,Focus,25,6,3.5,-11.724719956132429,-12.012417107124234,-11.276067260559357,-12.57371646909545,-13.326315716690257
15,15_25,Focus,25,7,4.0,-11.645195502204816,-11.564641536643846,-11.562651886915049,-12.630500678093847,-13.20655202027691
15,15_26,Focus,26,0,0.5,-11.827049460925096,-12.067444758571638,-11.611866559270036,-12.62218403515505,-13.198945330576594
15,15_26,Focus,26,1,1.0,-11.557084709164522,-12.059029574855172,-11.58990781397742,-12.682288822415469,-13.239690197556097
15,15_26,Focus,26,2,1.5,-11.58040996274621,-11.57778857879341,-11.464745095612587,-12.65746855129363,-13.297350711218986
15,15_26,Focus,26,3,2.0,-11.666700675346458,-11.555641669680853,-11.528104117960243,-12.789202257870238,-13.379351618555553
15,15_26,Focus,26,4,2.5,-11.633681351004581,-11.201244559737964,-11.695875295088829,-12.690974542740276,-13.437942570407005
15,15_26,Focus,26,5,3.0,-11.66246591159126,-11.015241080427094,-11.827118144309143,-12.721411584231504,-13.331028186510165
15,15_26,Focus,26,6,3.5,-11.805292323422943,-11.755637853614207,-11.839810649368031,-13.021964241953127,-13.410568842231056
15,15_26,Focus,26,7,4.0,-11.400728901012771,-12.053127050025143,-11.68747621771768,-12.79690682927697,-13.260281120698895
15,15_27,MW,27,0,0.5,-11.713317617395047,-12.122680332874486,-11.741069769980433,-12.688898624226903,-13.166572067443141
15,15_27,MW,27,1,1.0,-12.06010202165279,-12.39731465125599,-12.27157677339157,-12.960347681976684,-13.186328524199881
15,15_27,MW,27,2,1.5,-11.83891349686653,-12.339342794681139,-12.154520246668568,-12.916614020874286,-13.249079949575302
15,15_27,MW,27,3,2.0,-11.734311631880109,-11.8931596424301,-12.14811814759414,-12.814510585841852,-13.358279892873202
15,15_27,MW,27,4,2.5,-11.7671293482595,-12.091589743024569,-11.79192236866256,-12.863769757483599,-13.286583827539097
15,15_27,MW,27,5,3.0,-11.759690336069822,-12.29162158569061,-11.62719998119292,-12.93176225561066,-13.381183015403703
15,15_27,MW,27,6,3.5,-11.809999319566542,-12.046022109289241,-11.736468960918486,-12.712064392990698,-13.27039429470157
15,15_27,MW,27,7,4.0,-11.68675217799893,-12.125268773737043,-11.582384609543203,-12.864350880126183,-13.281328657811745
15,15_28,MW,28,0,0.5,-11.744635417959449,-12.313512815001376,-11.987340607519053,-12.897323277059103,-13.333133447372454
15,15_28,MW,28,1,1.0,-11.87070980059435,-11.96401285689504,-11.877253821745954,-12.97683295553574,-13.257100954450454
15,15_28,MW,28,2,1.5,-11.665350350530964,-11.833448012066974,-12.02047517429461,-13.007769422021084,-13.24216146713362
15,15_28,MW,28,3,2.0,-11.311563447554429,-11.669371229064522,-12.103976128812642,-12.720237108175079,-13.22254503835991
15,15_28,MW,28,4,2.5,-11.717155997552437,-11.936654259976887,-11.660894427658748,-12.909431770817886,-13.362156146692472
15,15_28,MW,28,5,3.0,-11.593372034701343,-11.859889054809113,-12.062467031637537,-12.90972905959452,-13.273637084674588
15,15_28,MW,28,6,3.5,-11.745237160368786,-12.0974081024142,-11.803645001968292,-12.964582511301915,-13.133283895157906
15,15_28,MW,28,7,4.0,-11.666328139555773,-12.098106161472183,-11.822753866158967,-12.76980284489717,-13.349350270352991
15,15_29,MW,29,0,0.5,-11.776273194857508,-11.879960571637323,-11.968811786429356,-12.724009957231965,-13.275166295454113
15,15_29,MW,29,1,1.0,-11.911744942631987,-12.255486377557576,-11.895989654806002,-12.87328219801044,-13.11327593894321
15,15_29,MW,29,2,1.5,-11.614838469765695,-11.870814147158525,-11.84600454823267,-12.819016234161147,-13.121974244793446
15,15_29,MW,29,3,2.0,-11.525471981923289,-11.94273579889633,-11.490520580378021,-12.74785505878623,-13.114043802818337
15,15_29,MW,29,4,2.5,-11.424306224915082,-11.547297189291495,-11.678640816803949,-12.602618636249467,-13.201723421513835
15,15_29,MW,29,5,3.0,-11.225559648410426,-11.984400115760833,-11.655268888584445,-12.67934889198311,-13.072800170065857
15,15_29,MW,29,6,3.5,-12.001710544440632,-11.752411797342631,-11.697151964579316,-12.759748984153422,-13.14442740732683
15,15_29,MW,29,7,4.0,-11.705900065986752,-11.397353631390885,-11.265946217556802,-12.475462261331643,-13.093707222731217
15,15_30,MW,30,0,0.5,-11.967279868328902,-11.81211428637609,-11.540974839456604,-12.748295685798936,-13.294394075285002
15,15_30,MW,30,1,1.0,-11.751423272269639,-11.916092152623504,-11.858227228212156,-12.792441849135122,-13.271695523855989
15,15_30,MW,30,2,1.5,-11.846782502371761,-11.824332975698233,-11.865463788167943,-12.984114097360159,-13.334016456403482
15,15_30,MW,30,3,2.0,-11.91434645662216,-12.007570062811446,-11.988393850019351,-12.859036000613056,-13.529321755008969
15,15_30,MW,30,4,2.5,-11.752318634300421,-12.176505217141157,-12.060858548943283,-12.91833474491401,-13.427069919177676
15,15_30,MW,30,5,3.0,-11.800394113840502,-12.039001272420226,-12.199045605449216,-12.9757623321452,-13.351217589232327
15,15_30,MW,30,6,3.5,-11.70969416298053,-12.171794919250788,-12.128648649618603,-13.051404372662617,-13.47738471203241
15,15_30,MW,30,7,4.0,-11.602384903027394,-12.101047295611703,-11.715784349926741,-12.884158458721144,-13.35462908698873
15,15_31,MW,31,0,0.5,-11.450597762203333,-12.222480179981812,-11.906615257478004,-12.882015581369322,-13.19406810785812
15,15_31,MW,31,1,1.0,-11.654694388699092,-11.936329249533227,-12.127536060500056,-12.798455424616337,-13.232372211289183
15,15_31,MW,31,2,1.5,-11.725253170340352,-12.14307139914669,-12.083674466968798,-12.984294105204501,-13.363521247343535
15,15_31,MW,31,3,2.0,-11.663699222998385,-12.275699403977693,-12.037416525218507,-12.88437151421522,-13.312303608662367
15,15_31,MW,31,4,2.5,-11.773393296976607,-12.18924821225087,-11.858443266274682,-12.847230066533943,-13.25954221631198
15,15_31,MW,31,5,3.0,-11.73473430658767,-12.15614467178769,-11.603384189218348,-12.854876526784311,-13.33267782319182
15,15_31,MW,31,6,3.5,-11.775859955100374,-12.276981808325521,-11.901128696992387,-12.8713785757944,-13.167240837729707
15,15_31,MW,31,7,4.0,-11.859254209946153,-11.982757212678669,-12.06030745937309,-12.83383713362988,-13.218355187952072
15,15_32,MW,32,0,0.5,-11.686942306625774,-12.127891192567748,-11.716834595366516,-12.8427182784547,-13.344517663833736
15,15_32,MW,32,1,1.0,-11.849523579805322,-12.025058492575074,-11.659825583477984,-12.867025331194426,-13.347883576235697
15,15_32,MW,32,2,1.5,-11.458378369954653,-12.01141212919903,-12.163095596595852,-12.97528690221742,-13.449468312493435
15,15_32,MW,32,3,2.0,-11.953012124229229,-12.123648043343337,-12.424668767975842,-13.032076293672388,-13.427488476546454
15,15_32,MW,32,4,2.5,-11.794494075335676,-12.31576384835786,-11.977554568640272,-13.023291371497136,-13.364181237318816
15,15_32,MW,32,5,3.0,-11.686490401054787,-11.940467527833231,-12.226891434002326,-12.877783798985373,-13.359586537845276
15,15_32,MW,32,6,3.5,-11.510530181920812,-12.12112164445634,-12.218023454762246,-12.94105591325521,-13.264592514469847
15,15_32,MW,32,7,4.0,-11.686036144327536,-12.265944873862328,-12.628336576061272,-12.97735955673661,-13.329456534156215
15,15_33,MW,33,0,0.5,-11.671353185029517,-11.92595496265411,-11.617886674205137,-12.475302690323446,-13.177745518755735
15,15_33,MW,33,1,1.0,-11.637307468621238,-11.64852918821594,-11.24798520091433,-12.731799088269547,-13.280828200812879
15,15_33,MW,33,2,1.5,-11.79608059785159,-11.60627466326813,-12.147372641043825,-12.690118033087266,-13.284975846046738
15,15_33,MW,33,3,2.0,-11.480964992479663,-11.761134909926078,-11.670828415291234,-12.641720542412187,-13.233672240186525
15,15_33,MW,33,4,2.5,-11.65688843682012,-11.647555268750107,-11.562578106501359,-12.675704218094799,-13.327665564239444
15,15_33,MW,33,5,3.0,-11.776094906911927,-11.745844871909284,-11.207854068976063,-12.783585186597357,-13.29493555042186
15,15_33,MW,33,6,3.5,-11.822846203494654,-11.982097157173268,-12.006813821679511,-12.942159959651804,-13.353560630911154
15,15_33,MW,33,7,4.0,-11.916115515117149,-11.941301216768656,-11.819896533176296,-12.917674024889234,-13.366877982537114
15,15_34,MW,34,0,0.5,-11.743675830633904,-11.58251948557403,-11.417571089730291,-12.680381061680773,-13.366134745040629
15,15_34,MW,34,1,1.0,-11.646030756227765,-11.985133604603512,-12.228662921046487,-12.862043773617167,-13.374057164107603
15,15_34,MW,34,2,1.5,-11.71590612936756,-11.979644397545254,-12.030774912393811,-12.736561775804525,-13.271958304788878
15,15_34,MW,34,3,2.0,-11.847165468545644,-12.053656435127206,-11.70912634109965,-12.864926568374198,-13.357182262205868
15,15_34,MW,34,4,2.5,-11.675912353832684,-12.030316852620905,-11.571871373594167,-12.88710582317563,-13.552732750726467
15,15_34,MW,34,5,3.0,-11.716640419582884,-12.192476340788897,-12.09251492115684,-12.89674882175829,-13.361543484571978
15,15_34,MW,34,6,3.5,-11.770874599600079,-12.035864895356502,-11.741614057316738,-12.839886710867413,-13.317791065788265
15,15_34,MW,34,7,4.0,-11.845976751777876,-12.281210565826289,-11.68233812273978,-12.813179855147371,-13.44653863105492
15,15_35,MW,35,0,0.5,-11.83239206717639,-12.103495751362544,-11.94497569816143,-12.876320124818482,-13.441015135745205
15,15_35,MW,35,1,1.0,-11.644855772801455,-11.861202746440666,-11.460318263070684,-12.725739569544885,-13.370723188985929
15,15_35,MW,35,2,1.5,-12.032244783019758,-11.929314923748189,-11.974183406236218,-12.787151142164994,-13.31558694989236
15,15_35,MW,35,3,2.0,-11.681325507512348,-12.01889060840495,-11.567805964482499,-12.73596531383299,-13.394310810550204
15,15_35,MW,35,4,2.5,-11.84254693140476,-12.160418815924833,-11.597292839456376,-12.835887555160614,-13.415607956066966
15,15_35,MW,35,5,3.0,-11.649701279581276,-11.961942320384999,-11.627906129436388,-12.82704669678283,-13.256309641571072
15,15_35,MW,35,6,3.5,-11.729382271415194,-11.2863417693178,-11.399522138558948,-12.89291473099817,-13.308508729702002
15,15_35,MW,35,7,4.0,-11.680486601329173,-11.74113957214442,-11.78048919003807,-12.942921451129811,-13.42689884216942
15,15_36,MW,36,0,0.5,-11.55690286031842,-12.190209716337044,-12.307174670429605,-12.847461282683225,-13.264420148491064
15,15_36,MW,36,1,1.0,-11.917439925436575,-12.136536354994801,-12.107024831100558,-12.813186446356283,-13.402184384380307
15,15_36,MW,36,2,1.5,-11.729442987767579,-12.437348091628845,-12.56891852264124,-12.863186594068498,-13.255343923127986
15,15_36,MW,36,3,2.0,-11.600785806478838,-12.16529018320417,-11.856121870967097,-12.799027008112041,-13.413952742780804
15,15_36,MW,36,4,2.5,-11.56509155763306,-12.045935075457782,-11.716324928185456,-12.784726045953503,-13.49489363281399
15,15_36,MW,36,5,3.0,-11.700339853918354,-11.735543497602999,-12.136793269189893,-12.708310746189504,-13.354568055822574
15,15_36,MW,36,6,3.5,-11.536470674541658,-12.097077819547264,-11.610654833272886,-12.568606156970768,-13.319337067058747
15,15_36,MW,36,7,4.0,-11.77367312715873,-12.19528175719397,-11.545242548791196,-12.710341242215277,-13.544122793781879
15,15_37,MW,37,0,0.5,-11.598971828352889,-12.088261822616117,-11.69782175275997,-12.767553809855215,-13.255761009030623
15,15_37,MW,37,1,1.0,-11.517205394825865,-11.933444589368227,-11.8263685716376,-12.646345235670761,-13.368897410854943
15,15_37,MW,37,2,1.5,-11.448761978141912,-11.938631449158796,-11.655307983737762,-12.75822330928103,-13.270938652346935
15,15_37,MW,37,3,2.0,-11.570633538843506,-11.951459623006894,-11.813424684503907,-12.768938484170713,-13.364245062571278
15,15_37,MW,37,4,2.5,-11.839032594195405,-11.882164271738258,-11.906728722349772,-12.866172197684959,-13.289279135693038
15,15_37,MW,37,5,3.0,-11.697375841183785,-12.031570014139296,-12.194913028234428,-12.967400654622377,-13.378537862731516
15,15_37,MW,37,6,3.5,-11.562836924508458,-12.184246596857715,-12.16202666261089,-12.831869720275185,-13.449706399995245
15,15_37,MW,37,7,4.0,-11.573358700253227,-11.925650122489357,-11.941234037889213,-12.84994500124702,-13.343636254377234
15,15_38,MW,38,0,0.5,-11.309147137828463,-11.743942724464395,-12.264166546159982,-12.684697768977765,-13.284128139385759
15,15_38,MW,38,1,1.0,-11.409170650044187,-11.885519446459988,-12.069518168089687,-12.8828336535246,-13.276159873851961
15,15_38,MW,38,2,1.5,-11.868110114143684,-12.001983603876774,-11.977367172352768,-12.733589939592383,-13.325580510130141
15,15_38,MW,38,3,2.0,-11.9371824222516,-12.209905194428481,-11.697635959109311,-12.895728653371982,-13.405304470375446
15,15_38,MW,38,4,2.5,-11.840098162712211,-11.917967839229126,-11.70302538954777,-12.807728932179586,-13.526194369367659
15,15_38,MW,38,5,3.0,-11.638725915421768,-11.5269184176427,-11.619091128630325,-12.603772390563623,-13.529230360731033
15,15_38,MW,38,6,3.5,-11.035327763773683,-11.334534159442926,-11.729349282110386,-12.605587825169952,-13.34962769200083
15,15_38,MW,38,7,4.0,-11.529109756233476,-11.411740413794455,-11.486621275439045,-12.808289451977666,-13.346474254658808
15,15_39,MW,39,0,0.5,-11.910287964273335,-11.885850256066252,-11.438361499356349,-12.77184881937403,-13.330135661692346
15,15_39,MW,39,1,1.0,-11.695239371289084,-11.692208851443905,-11.399381118788519,-12.900272157578193,-13.401918582658162
15,15_39,MW,39,2,1.5,-11.437583716176311,-11.691379565309948,-11.704428732817703,-12.726947550642045,-13.292781407910505
15,15_39,MW,39,3,2.0,-11.344943341942523,-11.570525425671704,-11.704101143307732,-12.74623071092377,-13.420769655848428
15,15_39,MW,39,4,2.5,-11.746598328555514,-12.24235463733507,-11.40946200599254,-12.930322355859287,-13.393133484947674
15,15_39,MW,39,5,3.0,-11.61863045818875,-12.010629619075365,-11.045505606235396,-12.71187024990675,-13.415040365673352
15,15_39,MW,39,6,3.5,-11.20382013555723,-11.700579431229611,-11.398692244673615,-12.726795780526004,-13.334634744540049
15,15_39,MW,39,7,4.0,-11.516864168591445,-11.708981885967422,-11.698456766282469,-12.847304071151585,-13.384121875718009
16,16_0,Focus,0,0,0.5,-11.633683408545334,-12.101512974432048,-10.823756531841012,-11.953612304218302,-12.914667924145736
16,16_0,Focus,0,1,1.0,-11.659027043757852,-11.469744532693579,-10.438453845562057,-12.159902665344097,-12.692804111728538
16,16_0,Focus,0,2,1.5,-11.726518300812694,-11.987312192371096,-10.796711421999271,-12.36908746622909,-12.774619653960952
16,16_0,Focus,0,3,2.0,-11.678809157469363,-11.990048831178147,-10.875296520072082,-12.407632501270948,-12.954310319787746
16,16_0,Focus,0,4,2.5,-11.788748917384535,-12.411096750738759,-10.668964697899895,-12.238960119338243,-12.967971933823868
16,16_0,Focus,0,5,3.0,-11.912715074059076,-12.201022641053951,-11.61875148233346,-12.312514280803903,-12.860863895358463
16,16_0,Focus,0,6,3.5,-12.034581117969633,-12.417355850283988,-11.19908548755144,-12.208830710899843,-12.858982784718814
16,16_0,Focus,0,7,4.0,-11.507986855369984,-11.98990057746811,-10.657729620232349,-12.176757585393508,-13.01628672582279
16,16_1,MW,1,0,0.5,-11.557615115592194,-12.209524497376472,-11.608941067500972,-12.605160982454349,-12.827827071389617
16,16_1,MW,1,1,1.0,-11.70551748787419,-12.393155438946035,-11.118224318264321,-12.432355341083342,-12.839538264830594
16,16_1,MW,1,2,1.5,-11.759886991033635,-12.128939415334207,-11.454705792874114,-12.491022705672536,-12.856942136630721
16,16_1,MW,1,3,2.0,-11.842474918360438,-12.171525702703534,-10.88039632612568,-12.32489568197923,-12.655309022975905
16,16_1,MW,1,4,2.5,-11.705820144968788,-12.349296396616515,-10.876317778863998,-12.118512178740124,-12.687869773038406
16,16_1,MW,1,5,3.0,-11.573826294690244,-12.226381158933524,-11.15173621838776,-12.137958295464324,-12.88097995920057
16,16_1,MW,1,6,3.5,-11.714661419797249,-12.233400102570211,-11.310271110845276,-12.280439937766785,-13.076307867439086
16,16_1,MW,1,7,4.0,-11.832053101460305,-12.25353212837667,-11.001447531455176,-12.187454577017641,-12.905709330739388
16,16_2,MW,2,0,0.5,-12.117644961033287,-12.293653428997027,-11.926951309331715,-12.563772208817456,-13.217309184263039
16,16_2,MW,2,1,1.0,-11.800522030193685,-12.388277736524728,-12.254856493414257,-12.80942369328755,-13.172576335623452
16,16_2,MW,2,2,1.5,-11.544834206835436,-12.168765349309215,-12.267768934066059,-12.548838867729383,-12.998252679269434
16,16_2,MW,2,3,2.0,-11.771711928207527,-12.339227310214921,-12.291848916733148,-12.455190116143378,-13.287747255245852
16,16_2,MW,2,4,2.5,-11.650703592379234,-12.362509848268932,-11.891747825429396,-12.404601253984477,-13.178477373811353
16,16_2,MW,2,5,3.0,-11.672763826121919,-12.264236365019467,-11.984712976344527,-12.30853647594874,-13.11532805916528
16,16_2,MW,2,6,3.5,-11.698244069483072,-12.274905222492464,-10.935224147506148,-12.278076869000149,-12.980570710318752
16,16_2,MW,2,7,4.0,-11.660875151148627,-11.889812116973264,-10.684074602275215,-12.228291376190162,-13.039054087187914
16,16_3,Focus,3,0,0.5,-11.798488467581446,-11.740471093927017,-10.673386536311655,-12.310458231667303,-12.983453997069644
16,16_3,Focus,3,1,1.0,-11.599293810044578,-12.049580875351895,-10.742900628874338,-12.392853737262312,-13.09038519259583
16,16_3,Focus,3,2,1.5,-11.908393629387914,-12.069362394297166,-10.846731630120741,-12.239028879146767,-12.782552969366563
16,16_3,Focus,3,3,2.0,-11.6917906888311,-11.924007414255955,-11.102381554199063,-12.30879989948551,-13.086757165715643
16,16_3,Focus,3,4,2.5,-11.783850786930492,-12.088523776778194,-10.90899360130707,-12.386667287266528,-13.036230904837241
16,16_3,Focus,3,5,3.0,-11.56083736946815,-11.990290540192904,-10.671723216921952,-12.161039425496782,-13.049680432373474
16,16_3,Focus,3,6,3.5,-11.639015936849555,-12.266044191841216,-10.663948802294092,-12.128675833476317,-13.088872497765598
16,16_3,Focus,3,7,4.0,-11.55402563777626,-11.972160174182983,-10.627359604333256,-12.1153022200515,-12.869629560960432
16,16_4,Focus,4,0,0.5,-11.909588877379784,-11.80203354067329,-10.75656299076833,-12.415635648248113,-13.218931880438378
16,16_4,Focus,4,1,1.0,-11.444710721142691,-11.839110098913638,-10.811572175449662,-12.017722728960912,-13.059692707527512
16,16_4,Focus,4,2,1.5,-11.802971179770855,-12.04821916730359,-10.668707251001928,-12.333418399426817,-12.992657779759904
16,16_4,Focus,4,3,2.0,-11.841314389998352,-12.224636660598746,-11.111353780586782,-12.227656827445832,-12.965999684417636
16,16_4,Focus,4,4,2.5,-11.57683259945159,-12.398301447618437,-11.896436586623182,-12.59651605013752,-13.033027252288845
16,16_4,Focus,4,5,3.0,-11.896554133539613,-12.25342399705872,-11.668269781963021,-12.409179206229874,-13.084568626152132
16,16_4,Focus,4,6,3.5,-12.092156366288547,-12.104504489033234,-11.577271643686096,-12.31539460352119,-13.203681822893113
16,16_4,Focus,4,7,4.0,-12.027326120565093,-12.289983636775222,-11.381461376865062,-12.355904915328026,-13.328710529957059
16,16_5,MW,5,0,0.5,-11.80827564514487,-12.284446716398667,-12.349771430665129,-12.440820781056217,-13.182316592810436
16,16_5,MW,5,1,1.0,-12.08323406325627,-12.561666120889276,-12.198482220753737,-12.552257621997192,-13.24475044198746
16,16_5,MW,5,2,1.5,-11.428636764692367,-12.276671829770935,-11.68943815502068,-12.507435885123943,-13.188970536521834
16,16_5,MW,5,3,2.0,-11.7680556595132,-12.555186385581617,-11.920793167086446,-12.418562475243187,-13.051374426587094
16,16_5,MW,5,4,2.5,-11.64360022662747,-12.232929583948087,-12.291473390728664,-12.0872034484947,-13.186936637332733
16,16_5,MW,5,5,3.0,-11.723638878438779,-12.1294134222732,-11.322310387986802,-12.140439181705517,-13.058420435164773
16,16_5,MW,5,6,3.5,-11.672119950579432,-12.30459981009689,-11.273035335209181,-12.225993852350994,-13.017544558252284
16,16_5,MW,5,7,4.0,-11.62029080637042,-11.78686723714342,-10.788528324423698,-12.351331122178753,-13.004613899540567
16,16_6,Focus,6,0,0.5,-11.251680690621367,-11.762737745025051,-12.077559044948341,-12.328913851625485,-13.194387529746583
16,16_6,Focus,6,1,1.0,-11.83998002781584,-12.150791550594949,-12.259266877462101,-12.2432576725752,-13.121058173598712
16,16_6,Focus,6,2,1.5,-11.933347726652551,-12.122612703658783,-12.313656923377257,-12.338420691722481,-13.134319291427504
16,16_6,Focus,6,3,2.0,-11.657096113616287,-12.27751352737234,-12.010750737756462,-12.488515535360209,-13.072534226283258
16,16_6,Focus,6,4,2.5,-11.444730732214586,-12.194685443350187,-11.184958209580167,-12.4980180339306,-13.06189624029565
16,16_6,Focus,6,5,3.0,-11.735300190321471,-12.277372221502334,-11.367078788696476,-12.389928323355408,-13.01616657373211
16,16_6,Focus,6,6,3.5,-11.704038598382688,-12.250725585751079,-10.907546698581552,-12.371994053668836,-12.943058205501888
16,16_6,Focus,6,7,4.0,-11.710668766311674,-12.281821406412112,-10.886829321764894,-12.343008241023766,-12.929727149446588
16,16_7,MW,7,0,0.5,-11.702945707719218,-12.038614514268723,-11.342136286495256,-12.500808141060507,-12.968212499940499
16,16_7,MW,7,1,1.0,-11.550120594961879,-11.9359538262978,-10.833937152157262,-12.380256835221815,-12.880074507062664
16,16_7,MW,7,2,1.5,-11.743320123348662,-12.268488086627261,-10.92383463576717,-12.233895620028868,-12.728182224993539
16,16_7,MW,7,3,2.0,-11.673290756576511,-12.0557810477831,-10.975040670004738,-12.37433160373091,-12.960048431886905
16,16_7,MW,7,4,2.5,-11.693521944923742,-12.020236193218588,-10.705077676886855,-12.369535584022982,-12.834660951102883
16,16_7,MW,7,5,3.0,-11.68029247721281,-12.236419462242637,-10.894977290192317,-12.396057848693445,-13.015115349007871
16,16_7,MW,7,6,3.5,-11.781929493296586,-12.290270392986216,-11.03208238540434,-12.284161465814993,-12.80116171962441
16,16_7,MW,7,7,4.0,-11.417550219010753,-12.063586148788975,-11.007856520514432,-12.366815049502133,-12.804978922689068
16,16_8,MW,8,0,0.5,-11.648894678094367,-11.94421258414136,-11.065218734891959,-12.412089824201054,-13.001562955590492
16,16_8,MW,8,1,1.0,-11.335921030395278,-12.129045253690546,-11.661759825424552,-12.227256788860656,-12.96165977792259
16,16_8,MW,8,2,1.5,-11.532266922140824,-12.05493268081581,-10.823294107507053,-12.292151308386051,-13.05489472386496
16,16_8,MW,8,3,2.0,-11.420010379024479,-11.969782655689327,-10.906718540620988,-12.35934621262551,-13.060807081341046
16,16_8,MW,8,4,2.5,-11.460976871343952,-12.051041324346201,-10.590356492045307,-12.131111336561613,-12.967560843751508
16,16_8,MW,8,5,3.0,-11.316178393398483,-12.04780590278589,-10.881627039768977,-12.141284177844955,-12.969423312318847
16,16_8,MW,8,6,3.5,-11.8012216889044,-11.88470037134644,-10.836312000076735,-12.224267725219422,-12.897766350289315
16,16_8,MW,8,7,4.0,-11.899432495583318,-12.0676297141547,-10.667620340411164,-12.28056196667889,-12.865030341495338
16,16_9,MW,9,0,0.5,-11.836887623354608,-12.443739439571132,-11.861563996409588,-12.508236253159495,-12.908265867492943
16,16_9,MW,9,1,1.0,-11.874770559276515,-12.455715398403745,-11.833381806987243,-12.35080870700237,-13.037328075987775
16,16_9,MW,9,2,1.5,-11.600339137020985,-12.024282500695556,-11.102643464910024,-12.352576734899342,-12.865163925484696
16,16_9,MW,9,3,2.0,-11.40836657551218,-12.087839933452564,-11.051020174365082,-12.181994551918814,-12.991522557260922
16,16_9,MW,9,4,2.5,-11.828546930510889,-12.388462306383557,-11.16276013307702,-12.36877820851236,-12.802046156863884
16,16_9,MW,9,5,3.0,-11.807345278254855,-12.425518596623938,-11.144889202238222,-12.491730520853718,-12.904791877172954
16,16_9,MW,9,6,3.5,-11.784228379765041,-12.363838339603372,-11.613424921404102,-12.540030085463952,-12.820735197865549
16,16_9,MW,9,7,4.0,-12.008321988474908,-12.293921877018532,-10.960452041987434,-12.308843450005448,-12.954412211816958
16,16_10,Focus,10,0,0.5,-11.676106805212322,-11.996196453785192,-10.793370812384916,-12.152087009365298,-12.796123340138756
16,16_10,Focus,10,1,1.0,-11.710954743305603,-11.9509317816646,-10.7361642522568,-12.366756771551277,-12.841240768683578
16,16_10,Focus,10,2,1.5,-11.709905108357287,-12.027393921522407,-10.731180794898385,-12.24703894061106,-12.749401006678083
16,16_10,Focus,10,3,2.0,-11.813551059518932,-12.201441468752186,-11.41000687586429,-12.400749967454631,-12.782173930845648
16,16_10,Focus,10,4,2.5,-11.948543811788694,-12.34623438915477,-11.61861872653063,-12.33183224001463,-12.955250792375617
16,16_10,Focus,10,5,3.0,-11.554149665600411,-12.664578091371679,-11.496006076252336,-12.28532382263168,-12.929477173845246
16,16_10,Focus,10,6,3.5,-11.491814404585808,-12.453432688965593,-11.122531964545628,-12.211007741603824,-12.873338341034701
16,16_10,Focus,10,7,4.0,-11.476079497583838,-12.122511361550613,-10.821108925227149,-12.349109817968017,-12.906966605988305
16,16_11,Focus,11,0,0.5,-11.527528726984338,-11.934995889241941,-11.22742388385943,-12.244742009394578,-12.85832351597379
16,16_11,Focus,11,1,1.0,-11.740021659812214,-12.079460629530693,-10.936567054291057,-12.351743768639746,-12.821873834301622
16,16_11,Focus,11,2,1.5,-11.80137320006056,-12.379654707069847,-11.0659635947928,-12.365928609881342,-12.798196374346583
16,16_11,Focus,11,3,2.0,-11.60564004089829,-12.090100685752953,-11.317642923254693,-12.424201016940767,-12.796716843142809
16,16_11,Focus,11,4,2.5,-11.614538455730152,-12.007993353581865,-10.94521859337994,-12.248303961729443,-12.896086880756338
16,16_11,Focus,11,5,3.0,-11.554422945591744,-11.901552657689829,-11.096896287809905,-12.093453744744115,-12.649022186912063
16,16_11,Focus,11,6,3.5,-11.765836408453142,-11.806566409595378,-11.288380262173161,-12.37286039716449,-12.678086864568618
16,16_11,Focus,11,7,4.0,-12.009205604348933,-12.187717166221507,-11.754496099073247,-12.28735732417296,-12.944635419906906
16,16_12,Focus,12,0,0.5,-11.762044080706207,-12.375816069093927,-10.727489345443686,-11.665253013352297,-12.770284459515544
16,16_12,Focus,12,1,1.0,-11.30975025716545,-12.163328896180333,-10.646066755987167,-11.701233949540342,-12.849124569655949
16,16_12,Focus,12,2,1.5,-11.528682135580722,-11.953821508156576,-10.941135967055635,-11.64890630658222,-12.769222057834128
16,16_12,Focus,12,3,2.0,-11.62676389812719,-12.187310910298416,-11.215404814977887,-11.78986594703153,-12.889033420168609
16,16_12,Focus,12,4,2.5,-11.767309931552111,-12.084117600227836,-11.407247278102343,-11.735918867215771,-12.769662240169044
16,16_12,Focus,12,5,3.0,-11.49192593672038,-12.08729383823519,-10.76586136734115,-11.712717532197388,-12.862039687668982
16,16_12,Focus,12,6,3.5,-11.94803663335951,-12.028817989504232,-11.08535460385242,-11.721589447051326,-12.924427244219993
16,16_12,Focus,12,7,4.0,-11.700293598939078,-12.160113403768218,-11.535633221611848,-11.750613759789395,-12.902168582836552
16,16_13,Focus,13,0,0.5,-11.74159700862415,-12.37448329263752,-11.463482263241561,-12.247558693879718,-13.018844483760464
16,16_13,Focus,13,1,1.0,-11.533742309628893,-11.920551214995577,-10.854047666560408,-12.374705100928532,-12.96913730948189
16,16_13,Focus,13,2,1.5,-11.682714169782015,-11.820837494702022,-10.970774713088856,-12.187609856165736,-12.978479054374635
16,16_13,Focus,13,3,2.0,-11.175184764483308,-12.028503610952164,-10.93357510322476,-12.268515142340634,-12.834445363120343
16,16_13,Focus,13,4,2.5,-11.642259066128995,-12.308292310752412,-10.675177919492421,-12.307722473129164,-12.690333162908013
16,16_13,Focus,13,5,3.0,-11.774663509411795,-11.977586246221435,-10.760312801082241,-12.29339576812863,-12.766748980810272
16,16_13,Focus,13,6,3.5,-11.939789681950135,-12.32289485382776,-11.209115501180563,-12.36094121019117,-12.954138151479858
16,16_13,Focus,13,7,4.0,-11.620889728091282,-11.929033210565807,-11.290701288349261,-12.477530935922905,-12.989033565550562
16,16_14,MW,14,0,0.5,-11.753533737273054,-12.497093399203454,-11.289677198884533,-12.393709378467907,-12.818794984796046
16,16_14,MW,14,1,1.0,-11.700972946883802,-12.306372587859759,-11.198604466470494,-12.358344642635057,-12.988627010570799
16,16_14,MW,14,2,1.5,-11.454430322918038,-12.050602188264142,-11.118638953870684,-12.466104823796485,-12.858810337760769
16,16_14,MW,14,3,2.0,-11.726182014956464,-12.072368717984299,-11.11333326338498,-12.520073055311014,-12.856429802331768
16,16_14,MW,14,4,2.5,-11.857764571536949,-12.269428063929986,-11.123948146369404,-12.522179130478515,-12.723512809240345
16,16_14,MW,14,5,3.0,-11.731677144096755,-12.324529748886441,-11.257028747986125,-12.45413154744883,-12.865681794495213
16,16_14,MW,14,6,3.5,-11.904404548287609,-12.486725952083331,-11.228276132594845,-12.513132086000562,-12.708263778764973
16,16_14,MW,14,7,4.0,-11.683429356007249,-12.53593191891853,-11.398536385589924,-12.636266452318319,-12.779077738318453
16,16_15,Focus,15,0,0.5,-11.285644936661697,-12.007374109405106,-10.737382514569575,-12.28369823649143,-13.110336313193564
16,16_15,Focus,15,1,1.0,-11.696016061128653,-11.892388695656521,-10.901513782172627,-12.20680737365407,-12.994829175027208
16,16_15,Focus,15,2,1.5,-11.477548710046538,-12.01233195855303,-10.754985096383532,-12.3109895894912,-12.86205927653235
16,16_15,Focus,15,3,2.0,-11.646179433318723,-12.231593351938168,-11.252781955233583,-12.373355022792156,-12.991896082007216
16,16_15,Focus,15,4,2.5,-11.57330471062484,-12.016076281110749,-10.722891811322615,-12.47617560288385,-12.80334143948221
16,16_15,Focus,15,5,3.0,-11.678347188450633,-11.97576106062896,-10.86185708204392,-12.49023969944625,-13.090128030876624
16,16_15,Focus,15,6,3.5,-11.827139606354164,-12.049204605373523,-10.585629971053166,-12.36534505700517,-13.03769591035522
16,16_15,Focus,15,7,4.0,-11.621931799157691,-12.096457763378854,-10.680480835590297,-12.240488694344407,-12.918325220146555
16,16_16,Focus,16,0,0.5,-11.817808399605141,-12.124488328012077,-11.051358252554358,-12.169776076232742,-12.675769964980207
16,16_16,Focus,16,1,1.0,-11.69416894317165,-11.902330965300559,-10.640105596530791,-12.286753926524273,-12.871476323510793
16,16_16,Focus,16,2,1.5,-11.628677311066141,-12.327198170216711,-11.13773717124181,-12.26272320328913,-12.826169331665557
16,16_16,Focus,16,3,2.0,-11.704881725712115,-12.176716945050625,-11.37615532178607,-12.419971475315501,-12.995888546420598
16,16_16,Focus,16,4,2.5,-11.485631658248826,-12.183582483075483,-11.041404486656326,-12.444307644595641,-12.823072327048253
16,16_16,Focus,16,5,3.0,-11.766874563859984,-12.393525568039001,-11.401282050327982,-12.162996030127678,-12.937177780182257
16,16_16,Focus,16,6,3.5,-11.629603135984892,-12.356515194108114,-10.80901668724931,-12.2538953789933,-12.829745715128066
16,16_16,Focus,16,7,4.0,-11.628398189929671,-12.340774503929628,-10.897359567040859,-12.36824571373652,-12.975368501679238
16,16_17,Focus,17,0,0.5,-11.512849814843724,-11.69709386515637,-10.694372387958394,-11.748098582705872,-11.81484117605929
16,16_17,Focus,17,1,1.0,-11.636745454383739,-11.539903012472182,-10.808928997743152,-11.78434547758359,-11.837265244745353
16,16_17,Focus,17,2,1.5,-11.617018133850436,-11.720179213889194,-11.277865014075381,-11.926743085164528,-11.847514830313866
16,16_17,Focus,17,3,2.0,-11.554945039640682,-11.30549166277356,-11.29862056949594,-11.704471440781516,-11.781062636952703
16,16_17,Focus,17,4,2.5,-11.657821300212264,-12.072482342146381,-10.973082304964281,-11.581947853234569,-11.646746498588698
16,16_17,Focus,17,5,3.0,-11.286852783031895,-11.7675488215426,-10.820011625711084,-11.748025285760303,-12.005957747070692
16,16_17,Focus,17,6,3.5,-11.477153541392793,-12.000100977281726,-10.837652869237171,-11.60794318277307,-11.8639044391254
16,16_17,Focus,17,7,4.0,-11.898108905515743,-11.762926754830074,-10.714583002849643,-11.729828801419915,-11.810138358389343
16,16_18,Focus,18,0,0.5,-10.880425100387848,-11.379864397477535,-10.610423113906752,-11.429145688176186,-11.241695072306523
16,16_18,Focus,18,1,1.0,-11.257043070960275,-11.24548252609166,-10.669240153261438,-10.977753472264029,-11.051298851917323
16,16_18,Focus,18,2,1.5,-11.315667399617922,-10.591398589480576,-10.52026652210447,-11.06032938232806,-11.335494631093713
16,16_18,Focus,18,3,2.0,-11.370970049529351,-11.451440280819963,-11.123504896439025,-11.126007968055916,-11.15633890525576
16,16_18,Focus,18,4,2.5,-11.231039211911721,-11.969681653146129,-10.59132976513838,-10.760560715277817,-11.166691016090313
16,16_18,Focus,18,5,3.0,-11.179675037719635,-10.911390730809119,-10.596214158933526,-10.939362217852322,-11.31397126941366
16,16_18,Focus,18,6,3.5,-11.560801711903045,-11.34936330564995,-10.739230192935619,-10.881991297502097,-11.158788372178249
16,16_18,Focus,18,7,4.0,-11.13130640660211,-11.48223819114705,-10.662903705046586,-10.877740082249485,-10.857117589964652
16,16_19,Focus,19,0,0.5,-11.037669667589515,-10.609411358395763,-10.543224445322412,-10.567827717913515,-10.689860824945843
16,16_19,Focus,19,1,1.0,-10.683539964509535,-10.422511120120484,-10.242992629171702,-10.572008952716338,-10.896478726853902
16,16_19,Focus,19,2,1.5,-10.884338551877761,-10.798166069298656,-10.820295060847014,-10.620050397799899,-10.818866794444439
16,16_19,Focus,19,3,2.0,-10.638098960050039,-10.149239199083269,-10.579867376976873,-10.666563541266854,-10.811928426366517
16,16_19,Focus,19,4,2.5,-10.732614386112258,-10.522174016101124,-10.345119810448143,-10.625469827586992,-10.572259865784423
16,16_19,Focus,19,5,3.0,-10.811773651729554,-10.649656025481223,-10.454094809704094,-10.596583262135162,-10.895470705025575
16,16_19,Focus,19,6,3.5,-11.037457887640176,-10.765446777758768,-10.406707882610828,-10.750922920480644,-10.782483190145452
16,16_19,Focus,19,7,4.0,-10.751149473429523,-10.679178179616411,-10.462756755363184,-11.15672283128961,-11.073709898497368
16,16_20,Focus,20,0,0.5,-10.034373209062373,-9.898582057719008,-10.757681468096258,-10.601380698539687,-10.556306374735902
16,16_20,Focus,20,1,1.0,-10.891235526659448,-10.304476023039124,-10.54596378162622,-10.437483950550092,-10.694115882077387
16,16_20,Focus,20,2,1.5,-10.268448018201758,-10.626427753270802,-10.871063665698038,-10.89551092092617,-10.595881054750901
16,16_20,Focus,20,3,2.0,-10.25878933266019,-10.557266516955954,-10.651749418850258,-10.745136842723209,-11.078037904935568
16,16_20,Focus,20,4,2.5,-10.326827287799516,-10.924045040895274,-11.01598331508884,-10.472846833093138,-10.778974913521102
16,16_20,Focus,20,5,3.0,-10.879017763589692,-10.515324565934485,-10.841970652302228,-10.752473076111606,-10.691821569694703
16,16_20,Focus,20,6,3.5,-10.839381157291488,-10.48328275830092,-10.596285967900737,-10.553706040136722,-10.579107541277333
16,16_20,Focus,20,7,4.0,-10.85736092532535,-10.708052607443417,-10.710659817206283,-10.334792920332195,-10.667215865674562
16,16_21,Focus,21,0,0.5,-10.865950632360743,-10.590253705191742,-10.550102238630112,-10.593090630867557,-10.380584559275508
16,16_21,Focus,21,1,1.0,-11.29489643457546,-10.583081122205328,-10.505538006575629,-10.714136545098022,-10.33269780604571
16,16_21,Focus,21,2,1.5,-10.90925110808802,-10.734258808779996,-10.298620780403475,-10.517880393764713,-10.773103072906606
16,16_21,Focus,21,3,2.0,-10.692720875147609,-10.590296809239454,-11.348169795489245,-10.73219008416087,-10.607454005119324
16,16_21,Focus,21,4,2.5,-11.455780154164716,-10.818957326312594,-10.297976866602012,-10.624817504857683,-10.668074085105546
16,16_21,Focus,21,5,3.0,-11.061000655749092,-11.19635510699786,-10.457307107799846,-10.742720755320862,-10.614290161060648
16,16_21,Focus,21,6,3.5,-10.36458649118989,-10.221284197926076,-10.829641694311634,-10.595474836359053,-10.904650468683391
16,16_21,Focus,21,7,4.0,-10.2539273402294,-10.551936885970864,-10.952067090079337,-10.675099438924352,-10.662732940741652
16,16_22,MW,22,0,0.5,-10.89018101433585,-11.102625140924175,-10.69441271801259,-10.456323963017736,-10.699950725709078
16,16_22,MW,22,1,1.0,-10.628030989297539,-10.297051270554523,-11.010665544570944,-10.843666917373046,-10.954349736397875
16,16_22,MW,22,2,1.5,-10.624944285108299,-10.284690384897457,-10.559749194378576,-10.95498991836479,-10.967882554547423
16,16_22,MW,22,3,2.0,-10.45332687734139,-10.70896180882005,-10.625752362428324,-10.732234248746906,-10.630445068216412
16,16_22,MW,22,4,2.5,-10.457939456803608,-10.850310306962507,-10.609998270347047,-10.68624655563796,-10.685947972867563
16,16_22,MW,22,5,3.0,-10.727336616950819,-10.596373636801404,-10.26354743248578,-10.823279818576385,-10.858659592370984
16,16_22,MW,22,6,3.5,-10.608334785538931,-10.605114198248227,-10.451476705415017,-10.642121522536838,-10.779288555950162
16,16_22,MW,22,7,4.0,-10.89461514912575,-10.692312058668216,-10.828992104710615,-10.63918294437454,-10.510440711131778
16,16_23,Focus,23,0,0.5,-11.255615102517922,-10.844508432260017,-10.533277196367202,-10.838248129362931,-10.542069808582838
16,16_23,Focus,23,1,1.0,-11.350351964172962,-11.491493654068854,-10.784831323610083,-10.687878361826616,-10.59506598164372
16,16_23,Focus,23,2,1.5,-10.695424655905375,-10.640959790431955,-10.596516604596596,-10.710467107252601,-11.097675335231644
16,16_23,Focus,23,3,2.0,-10.890897317930873,-10.655348304320121,-10.415320662911364,-10.530916197738224,-10.635670679571444
16,16_23,Focus,23,4,2.5,-11.421756183076507,-10.596776998699449,-10.345178518430052,-10.620901580854529,-10.755449326627001
16,16_23,Focus,23,5,3.0,-11.11632012541923,-10.512981115094126,-10.36530452113568,-10.663876629144912,-10.753535046733031
16,16_23,Focus,23,6,3.5,-10.857232852135729,-10.428539400170784,-10.400765276520499,-10.623769435251432,-10.828042151373557
16,16_23,Focus,23,7,4.0,-10.74300528583252,-10.546768969580512,-10.266157134946964,-10.562994876467338,-10.42198772246336
16,16_24,Focus,24,0,0.5,-11.050878143674542,-10.261418251476554,-10.601274319738195,-10.946660466560424,-10.922163790437274
16,16_24,Focus,24,1,1.0,-10.764820114990732,-10.92395641583192,-10.616290133806395,-10.957759509102047,-10.829496388289385
16,16_24,Focus,24,2,1.5,-10.90388907170624,-11.138655759450451,-10.61986587889342,-10.728942826872913,-10.682343910575415
16,16_24,Focus,24,3,2.0,-11.459677199521565,-10.472575760643865,-10.38850820428573,-10.726347033899044,-10.917122145589534
16,16_24,Focus,24,4,2.5,-10.989793637546219,-10.828834073208451,-10.730205348873735,-10.971699605256907,-10.83410350784045
16,16_24,Focus,24,5,3.0,-10.745141269349817,-10.953831579800289,-10.648246550759053,-10.553722834683752,-10.814520162105138
16,16_24,Focus,24,6,3.5,-10.6166268214989,-10.470064082927404,-11.150016200577301,-11.014892918480758,-10.747266459263583
16,16_24,Focus,24,7,4.0,-10.697861139518613,-11.01555721255534,-10.736199799355157,-11.048833910304591,-10.696507930927318
16,16_25,MW,25,0,0.5,-11.076588195138775,-11.296945996473326,-10.757562962507048,-10.824565088556026,-10.674119117414643
16,16_25,MW,25,1,1.0,-11.013592885468073,-10.831151450245931,-10.317647092273786,-11.059705759074108,-10.891812396575212
16,16_25,MW,25,2,1.5,-10.874023003666323,-10.96800352577743,-10.664074593672447,-10.98313101674767,-10.762988470275646
16,16_25,MW,25,3,2.0,-10.528206012841418,-11.17385795994075,-11.038275963879093,-10.913121690165726,-10.730505621881017
16,16_25,MW,25,4,2.5,-10.97641129888625,-10.864969668587223,-10.822921665059916,-10.733964196540816,-10.777256325053544
16,16_25,MW,25,5,3.0,-11.131775932796716,-11.568697124753081,-10.9857158243036,-10.967133385702136,-10.700102980389667
16,16_25,MW,25,6,3.5,-10.75390166452353,-11.023655152499913,-10.86657178435668,-11.204485720165057,-10.951160246640368
16,16_25,MW,25,7,4.0,-10.545181824991408,-10.590542325042877,-11.701328263632794,-10.88646283652753,-10.754286289525691
16,16_26,Focus,26,0,0.5,-10.827436087372066,-11.131573027912568,-10.713617586248828,-11.012225136422906,-10.58799766053452
16,16_26,Focus,26,1,1.0,-11.131686697806417,-11.092419940447723,-10.092150902598325,-10.74732507139718,-10.702488175668305
16,16_26,Focus,26,2,1.5,-10.66223602627505,-10.762982864239696,-10.661013127198519,-10.587713417620925,-10.557810299921172
16,16_26,Focus,26,3,2.0,-11.066137403510663,-10.694088775315654,-10.447983349405073,-10.56640571253627,-10.546722363978311
16,16_26,Focus,26,4,2.5,-10.909617171455338,-11.059147707924968,-10.255765750976853,-10.610282492080193,-10.749686089253306
16,16_26,Focus,26,5,3.0,-10.719506837513295,-10.651311996223269,-10.616501019201142,-10.377923007769981,-10.997071544537397
16,16_26,Focus,26,6,3.5,-10.37875192229735,-10.428269174479503,-10.276708165290628,-10.740018200649814,-10.814292882352182
16,16_26,Focus,26,7,4.0,-10.671516445584604,-10.705310699175357,-10.235938003399038,-10.676651856412121,-10.688948694501645
16,16_27,MW,27,0,0.5,-10.835861493545863,-10.654938480039199,-10.22415038791002,-10.83526369753386,-10.819853873397921
16,16_27,MW,27,1,1.0,-11.161411707014908,-11.223319976322966,-10.1376626071732,-10.868409027269228,-10.812424665906798
16,16_27,MW,27,2,1.5,-10.946532258546565,-10.902780614438006,-10.602092489211035,-10.682229464966081,-10.925978823438358
16,16_27,MW,27,3,2.0,-10.932904144421858,-10.722989814646125,-10.644794285170857,-10.847950722989845,-10.845608054878124
16,16_27,MW,27,4,2.5,-10.730948180089095,-10.661454458848537,-10.372780274638826,-10.705877802165478,-10.874350231672931
16,16_27,MW,27,5,3.0,-10.546518033448649,-11.363303146270793,-10.680791945394121,-10.989437441652669,-10.834636496112156
16,16_27,MW,27,6,3.5,-10.738928031031715,-10.50243813469532,-10.719480693402245,-10.663131247963474,-10.643184105625728
16,16_27,MW,27,7,4.0,-10.89239590680466,-10.985232548484927,-10.654367188066468,-10.763182525882796,-10.769942144702275
16,16_28,Focus,28,0,0.5,-10.63232354768667,-10.499333613157622,-10.582364175623448,-10.51505533440393,-10.563411646751936
16,16_28,Focus,28,1,1.0,-10.664365974723204,-10.869510352444856,-10.407046995198167,-10.520221171707396,-11.021971086360068
16,16_28,Focus,28,2,1.5,-10.271157961421057,-10.675262531455646,-10.136122727761242,-10.688675307434336,-10.687620022624849
16,16_28,Focus,28,3,2.0,-10.562775487566585,-10.574314397709793,-10.263537618282186,-10.674164018965842,-10.733049865980105
16,16_28,Focus,28,4,2.5,-10.555152810812165,-10.551068785659472,-10.381796217635953,-10.576105018961755,-10.660038014584657
16,16_28,Focus,28,5,3.0,-10.028815567611185,-10.514700440474789,-10.47551576435828,-10.655083502991602,-10.538665397580697
16,16_28,Focus,28,6,3.5,-10.700225470839097,-10.462415532757152,-10.472221567611689,-10.622131016548545,-10.673867159101095
16,16_28,Focus,28,7,4.0,-10.674658881677141,-10.620727437268046,-10.487636092010511,-10.477348713006752,-10.763582569941326
16,16_29,Focus,29,0,0.5,-10.660264115924306,-11.642782974363838,-10.978234944249477,-10.931745802781782,-11.126133197078467
16,16_29,Focus,29,1,1.0,-11.01079351525227,-10.599719739634805,-10.742868964477024,-11.098678961332931,-11.074942301676863
16,16_29,Focus,29,2,1.5,-10.840931169843515,-11.447700367186538,-10.60522578828857,-10.750587789528415,-11.023146141529644
16,16_29,Focus,29,3,2.0,-10.935468975252476,-10.817604836670808,-10.695825506427807,-10.803661573435294,-10.692866131055315
16,16_29,Focus,29,4,2.5,-10.71725019238306,-10.906572805590637,-11.092705546363897,-11.07337448075731,-10.62248763404645
16,16_29,Focus,29,5,3.0,-10.977912807862108,-11.000408692403495,-10.478728276626834,-10.870886076732424,-10.749166908456212
16,16_29,Focus,29,6,3.5,-10.682767127750843,-10.66004663868174,-10.456583436627998,-10.70639889116844,-10.638559768369277
16,16_29,Focus,29,7,4.0,-10.849346596509228,-10.928213008207704,-10.531572018501503,-10.787590438765465,-10.77985117849111
16,16_30,Focus,30,0,0.5,-11.193808337695234,-10.91633658986327,-10.357183853264068,-10.647080918013247,-10.98151867980735
16,16_30,Focus,30,1,1.0,-10.921455842634625,-10.662682956036026,-10.359513672820054,-10.940098858024557,-10.801010671071033
16,16_30,Focus,30,2,1.5,-10.947707198382835,-11.374507757088596,-10.33097092289988,-10.869489013258457,-10.819955813850031
16,16_30,Focus,30,3,2.0,-10.47153452396794,-11.08266063755511,-10.862080475880505,-10.824470812812311,-10.66627607117351
16,16_30,Focus,30,4,2.5,-10.284871747101727,-11.011560959716737,-10.538340802413613,-11.104045108558964,-10.78940937301962
16,16_30,Focus,30,5,3.0,-10.771225350888045,-10.681488761450975,-10.464786713287292,-10.64989912447397,-11.10142476396806
16,16_30,Focus,30,6,3.5,-10.715871597134726,-10.96703157312428,-10.949415250762936,-10.757058640592053,-10.800579768988358
16,16_30,Focus,30,7,4.0,-10.989203664951697,-11.36501458947538,-10.521326145683167,-10.767349767531144,-10.85061040659562
16,16_31,Focus,31,0,0.5,-10.490827802538371,-10.968722813537187,-10.615887718394994,-10.38288857674666,-10.509463525059887
16,16_31,Focus,31,1,1.0,-10.749401199738058,-10.368675455307299,-10.538327312118465,-10.451642078505639,-10.469025055343598
16,16_31,Focus,31,2,1.5,-10.723157550004284,-10.415780536799454,-10.196709083962354,-10.559065423336289,-10.558596984443474
16,16_31,Focus,31,3,2.0,-10.711774886817167,-10.153035751673816,-9.85234515086163,-10.320174076896961,-10.733281486009368
16,16_31,Focus,31,4,2.5,-10.33567172848911,-10.735757421962063,-10.486398915179938,-10.672092598047103,-10.479588673162306
16,16_31,Focus,31,5,3.0,-10.916828349152679,-11.365310988566453,-10.242453303110466,-10.389107881963358,-10.725443318601373
16,16_31,Focus,31,6,3.5,-10.677218067609637,-10.357672230799757,-10.475592050774651,-10.575741846994328,-10.571166531419971
16,16_31,Focus,31,7,4.0,-10.823658293534631,-10.774412978074425,-10.646374712352497,-10.719410740270295,-10.750345098360512
16,16_32,Focus,32,0,0.5,-10.77864555473079,-10.904919627522858,-10.77660192461805,-10.999156220247912,-10.894637261890676
16,16_32,Focus,32,1,1.0,-10.377844671183306,-10.666304952675736,-10.562965813774413,-10.832897906459719,-10.523851842152311
16,16_32,Focus,32,2,1.5,-11.16027526840055,-10.969325885470846,-10.849121364354465,-10.70320812393766,-10.747488785916172
16,16_32,Focus,32,3,2.0,-10.84039452525412,-10.985650809799989,-10.468013220337228,-10.685324277553939,-10.913587698784085
16,16_32,Focus,32,4,2.5,-10.851305077746884,-11.473186425886459,-11.117011567166308,-10.665599893150718,-10.697515156079207
16,16_32,Focus,32,5,3.0,-10.69398672412745,-10.78167271857939,-10.95112916751259,-10.906137555321259,-10.877566082269794
16,16_32,Focus,32,6,3.5,-11.070883934064858,-10.652015422772772,-10.637163432356049,-10.79494381943753,-10.89893741220764
16,16_32,Focus,32,7,4.0,-10.68835751125755,-11.122411071150244,-10.72105781009765,-10.897706822584334,-10.817320020724198
16,16_33,MW,33,0,0.5,-10.448358773634169,-10.940518057705804,-10.797042105309284,-10.732565929653186,-10.767575372719776
16,16_33,MW,33,1,1.0,-11.017196648478889,-11.273773051422195,-10.269396631765012,-10.8735367481927,-10.785804985484479
16,16_33,MW,33,2,1.5,-10.721011060035078,-11.110012775926783,-10.452422018397602,-10.905123133733174,-10.794457908519618
16,16_33,MW,33,3,2.0,-10.719684190958358,-10.88111192989808,-10.552106567181864,-10.964843502364765,-10.765758383966407
16,16_33,MW,33,4,2.5,-10.387609050855465,-11.012654190184577,-10.33351508316907,-10.686752276041862,-10.9129266045155
16,16_33,MW,33,5,3.0,-11.547607108504716,-10.910510652417981,-11.136342541996887,-10.676916356962884,-10.643484306232333
16,16_33,MW,33,6,3.5,-11.010275142810615,-11.117384359886088,-10.520158747535838,-10.70132199737083,-11.01050569787109
16,16_33,MW,33,7,4.0,-10.443496017559628,-10.909617371474752,-10.77567553601448,-11.043446628633086,-10.639509630732865
16,16_34,Focus,34,0,0.5,-10.24652589765873,-10.507996422597602,-10.555651736984835,-10.764056076464112,-10.822936225113718
16,16_34,Focus,34,1,1.0,-10.968010741173893,-10.651607180166879,-11.242042087627615,-10.662036580278526,-10.554900899155815
16,16_34,Focus,34,2,1.5,-10.432340327892518,-10.451175768763957,-11.098557599813496,-10.696116334304275,-10.973482529794842
16,16_34,Focus,34,3,2.0,-10.760503677369297,-10.720285300093536,-10.692648666188491,-10.83907074863301,-10.615171211536369
16,16_34,Focus,34,4,2.5,-10.251323983583838,-10.339554374479857,-10.737046057066083,-10.624891561307637,-10.733363816621134
16,16_34,Focus,34,5,3.0,-10.799973229900544,-10.513861548278811,-10.649689114124165,-10.619774377661392,-10.6394493431298
16,16_34,Focus,34,6,3.5,-10.648963270886593,-10.70859061226927,-10.53967251568215,-10.629299428732466,-10.77266366525413
16,16_34,Focus,34,7,4.0,-10.760207980339237,-10.663883257759025,-10.979760829529935,-10.809395344047386,-10.789650782606916
16,16_35,Focus,35,0,0.5,-10.505771973952163,-10.621668861478103,-10.562351426807856,-10.60775158267468,-10.789769386563474
16,16_35,Focus,35,1,1.0,-10.903384652182647,-10.649154776188968,-10.255529980625111,-10.452814918810235,-10.57526709739772
16,16_35,Focus,35,2,1.5,-10.652182319650548,-10.461465414760275,-10.585749947722286,-10.601053176928563,-10.643946220191735
16,16_35,Focus,35,3,2.0,-10.500665890805095,-10.828627293890106,-10.511628555683004,-10.77401761963872,-10.674863023994263
16,16_35,Focus,35,4,2.5,-11.171651874699647,-11.309797365311187,-10.673152766051095,-10.907589797338535,-11.02167781712034
16,16_35,Focus,35,5,3.0,-10.623734423760917,-11.363714458590229,-10.518190074689972,-10.78967306132603,-10.971481869998872
16,16_35,Focus,35,6,3.5,-10.760620672046928,-10.78363488356478,-10.286372678035924,-10.69180544582857,-10.817580167007115
16,16_35,Focus,35,7,4.0,-11.1292004529778,-11.156591710342298,-10.307584667776247,-10.411941333087318,-10.319275474300557
16,16_36,Focus,36,0,0.5,-10.505405494838413,-10.719358683316477,-10.37753137508199,-11.002780479201975,-10.97934817383012
16,16_36,Focus,36,1,1.0,-10.610826976238975,-10.877004633650238,-10.84709352786883,-10.888907000849484,-10.910654578891492
16,16_36,Focus,36,2,1.5,-11.590018197456038,-10.838412690585285,-10.518762316390177,-10.793851030272528,-10.891891703225685
16,16_36,Focus,36,3,2.0,-11.283225536029892,-10.796974301672773,-10.64993159219759,-10.79713508459777,-10.993998312989936
16,16_36,Focus,36,4,2.5,-11.08645099836381,-10.665788380775155,-10.371442215613941,-10.706653676129251,-11.136065064593186
16,16_36,Focus,36,5,3.0,-10.990586484524394,-10.81622413214903,-10.31408858049345,-10.749758008912744,-10.864917986272062
16,16_36,Focus,36,6,3.5,-10.599820718450625,-10.56773405843479,-10.58613751768684,-10.611894334024024,-10.69240190199858
16,16_36,Focus,36,7,4.0,-11.46960632859759,-10.524684553722805,-10.76232170026694,-10.770581327149568,-10.816918329529928
16,16_37,MW,37,0,0.5,-10.99766772720166,-10.795862962700753,-10.548637459631468,-10.931134058115394,-10.682598606136963
16,16_37,MW,37,1,1.0,-10.697041264138859,-10.840468417083175,-10.824331964404433,-10.891238178819094,-10.764634601630343
16,16_37,MW,37,2,1.5,-10.604261623910462,-10.944382937254481,-10.830492096285843,-10.581896021604198,-10.67974814028019
16,16_37,MW,37,3,2.0,-11.032463905924011,-11.324631950250785,-10.558376392064412,-10.776980591856233,-10.771953034673865
16,16_37,MW,37,4,2.5,-10.817119600714559,-11.359587328263931,-10.659981405375214,-10.666834427414951,-10.717968865850729
16,16_37,MW,37,5,3.0,-10.845696639468713,-10.800606228251686,-10.77626154001913,-10.937861882100497,-10.807571844345974
16,16_37,MW,37,6,3.5,-11.056214316933993,-11.359499667179563,-10.602806593522464,-10.89141603817282,-10.646413288334912
16,16_37,MW,37,7,4.0,-10.793247184976295,-11.191257868446566,-10.386360994217053,-10.811638325155302,-10.388123727287102
16,16_38,Focus,38,0,0.5,-10.597247367722755,-11.26880099209656,-10.87795726847263,-10.65333424690714,-10.813829834634713
16,16_38,Focus,38,1,1.0,-10.926858025741009,-10.684143311391699,-10.81764174708926,-10.537055562532643,-11.016394832937287
16,16_38,Focus,38,2,1.5,-10.799710108256294,-10.5221373666549,-11.066559314100871,-10.662482287196653,-10.576977506563148
16,16_38,Focus,38,3,2.0,-10.467903757135591,-10.888812702621049,-10.637559336520734,-10.763135546790558,-10.992810167756705
16,16_38,Focus,38,4,2.5,-10.754125665736897,-11.152489132803035,-10.557583751194306,-10.8960935751486,-11.211418455970248
16,16_38,Focus,38,5,3.0,-10.159043900507381,-10.7134879773495,-10.493842453236933,-10.447795995212315,-10.860412088974298
16,16_38,Focus,38,6,3.5,-11.43519814467384,-10.803927429180357,-10.412242027678316,-11.06597816209829,-10.815052308283867
16,16_38,Focus,38,7,4.0,-10.68906093526294,-10.85788593529249,-10.867330950540891,-10.837022006372958,-10.506633689090123
16,16_39,Focus,39,0,0.5,-10.756962101003152,-10.74693123771833,-10.450173538713594,-10.816774000172448,-10.577337192204805
16,16_39,Focus,39,1,1.0,-11.13404163534614,-10.632343826150635,-10.786227387974236,-10.796627427223187,-11.031545912118627
16,16_39,Focus,39,2,1.5,-10.68105273176422,-10.895265745062945,-10.667916908476093,-10.670802046112358,-10.465773147310369
16,16_39,Focus,39,3,2.0,-11.00814457309017,-10.77881379346102,-10.472092802485768,-10.949390195934274,-10.641625660309264
16,16_39,Focus,39,4,2.5,-11.065057351663889,-10.838759030276236,-10.544277172455148,-10.780344339886705,-10.839320442058048
16,16_39,Focus,39,5,3.0,-10.982585917104242,-10.252561696604845,-10.737095687001684,-11.253055685530876,-10.863047998273567
16,16_39,Focus,39,6,3.5,-11.136473822136482,-10.880309311919072,-10.50961009796118,-10.488442516364925,-10.655892659459795
16,16_39,Focus,39,7,4.0,-10.649286329502297,-10.64080219138674,-10.631240181250721,-10.74668610796253,-11.036156781942884
17,17_0,Focus,0,0,0.5,-11.46109131122216,-12.143505197938117,-12.238167222438895,-12.368926117168824,-12.400379213181989
17,17_0,Focus,0,1,1.0,-11.428845058616036,-11.948951314381423,-11.997572207852619,-12.578209756096937,-12.499137413722634
17,17_0,Focus,0,2,1.5,-11.630976415813901,-11.882289223766133,-12.198131057798234,-12.491321848221109,-12.610180662852203
17,17_0,Focus,0,3,2.0,-11.781833311859861,-11.970884053372478,-12.162620537900064,-12.402285473561177,-12.516967125918223
17,17_0,Focus,0,4,2.5,-11.79046394436645,-12.135760076163653,-12.077646732222524,-12.408654248758408,-12.442252436447454
17,17_0,Focus,0,5,3.0,-11.633803477989181,-12.02800891305159,-12.284862945762818,-12.295838450548805,-12.42046312138063
17,17_0,Focus,0,6,3.5,-11.360399739076625,-12.016757120872674,-12.255856155749159,-12.362597153254825,-12.497244539164173
17,17_0,Focus,0,7,4.0,-11.486638384818274,-11.967334457115616,-12.513638523368183,-12.46656541068342,-12.534520690206145
17,17_1,Focus,1,0,0.5,-11.55145942505557,-11.677722106050597,-12.055246262843127,-12.37125360714586,-12.624199564429407
17,17_1,Focus,1,1,1.0,-11.456434778034328,-12.051793837664185,-11.92256482774799,-12.201581852176338,-12.659120666940284
17,17_1,Focus,1,2,1.5,-11.539296710097359,-12.152271535103367,-11.398720989197264,-12.388738580047631,-12.61858321134076
17,17_1,Focus,1,3,2.0,-11.436912822785414,-12.158950164372692,-11.803587645848072,-12.302326250326804,-12.70579252382331
17,17_1,Focus,1,4,2.5,-11.417920531500998,-12.127178855773263,-11.430391707274008,-12.493809285787863,-12.469219915673795
17,17_1,Focus,1,5,3.0,-11.566236316027837,-12.16427383556768,-11.562973443422075,-12.560666507482427,-12.60070912317462
17,17_1,Focus,1,6,3.5,-11.733465676014958,-12.278840723131136,-12.060618654467207,-12.468206396352153,-12.666986686035797
17,17_1,Focus,1,7,4.0,-11.639165718302575,-12.124347695463365,-11.62711045172861,-12.428519753510926,-12.680104150687262
17,17_2,Focus,2,0,0.5,-11.631208775832347,-12.038876667536758,-12.12832918778395,-12.531786547624506,-12.776904629664125
17,17_2,Focus,2,1,1.0,-11.602211863777416,-12.007717315055752,-11.883097438341949,-12.575807478559101,-12.706892794821663
17,17_2,Focus,2,2,1.5,-11.448800783683193,-11.900663169829487,-12.143116262742646,-12.645987305517542,-12.749650180343489
17,17_2,Focus,2,3,2.0,-11.558251718290567,-11.891041562580497,-11.824631044762949,-12.573238460362251,-12.751768552768453
17,17_2,Focus,2,4,2.5,-11.62573298971262,-12.053685409475934,-11.797341361311233,-12.69959332300109,-12.744604721759064
17,17_2,Focus,2,5,3.0,-11.436786383767481,-11.98018664377736,-12.036388423394966,-12.56394922445954,-12.771387827040796
17,17_2,Focus,2,6,3.5,-11.744892970659956,-11.90699749925134,-11.813099131347913,-12.472026295051991,-12.81921653753772
17,17_2,Focus,2,7,4.0,-11.66603227561026,-11.83782183757604,-12.122351202907502,-12.381617648588502,-12.722311332417851
17,17_3,Focus,3,0,0.5,-11.349033721646345,-12.040212485421144,-12.165442623599994,-12.544427220820515,-12.914119601551068
17,17_3,Focus,3,1,1.0,-11.27304366125443,-12.279071103911432,-12.298833895205178,-12.705034568388813,-12.837331446239128
17,17_3,Focus,3,2,1.5,-11.645804177415338,-12.25271875181396,-12.417560036082525,-12.693378960092353,-12.840676061044924
17,17_3,Focus,3,3,2.0,-11.891793758930497,-12.0748869146454,-12.435121321715734,-12.632892793470738,-12.924645105517028
17,17_3,Focus,3,4,2.5,-11.61460831702288,-12.236482454114936,-12.548335518544118,-12.672743758602966,-12.95557194819423
17,17_3,Focus,3,5,3.0,-11.692479667383385,-12.152881790492899,-12.23497568970103,-12.549026858347876,-12.910760274164762
17,17_3,Focus,3,6,3.5,-11.593859226271334,-12.35573418041808,-12.406176289201314,-12.662497887454633,-13.031596255197504
17,17_3,Focus,3,7,4.0,-11.310245329032796,-11.97144845266787,-12.378536542938045,-12.616839828783224,-12.79184815336462
17,17_4,Focus,4,0,0.5,-11.292056668058716,-12.146680021135804,-11.97348858581349,-12.772156911734859,-13.039196555937215
17,17_4,Focus,4,1,1.0,-11.673706363688197,-12.101577655875728,-12.226033299419399,-12.827360256968367,-13.011951373248348
17,17_4,Focus,4,2,1.5,-11.560731537789046,-12.151688318115543,-12.496874853516795,-12.80106791704637,-12.918646245158605
17,17_4,Focus,4,3,2.0,-11.314197781690964,-11.725146648656864,-12.269209012145174,-12.619455123561393,-12.91853964397744
17,17_4,Focus,4,4,2.5,-11.168335123464939,-12.1002766816177,-12.422098889915835,-12.623842437291575,-12.847926994031852
17,17_4,Focus,4,5,3.0,-11.269712529575136,-12.195140850833523,-12.25426242108115,-12.780075829158731,-12.86812188979276
17,17_4,Focus,4,6,3.5,-11.280634068889212,-12.046456883274216,-12.244010660093227,-12.833115328442421,-12.803255272064296
17,17_4,Focus,4,7,4.0,-11.594926439621409,-11.939228924750797,-12.30948514063293,-12.671029995004702,-12.870661941691038
17,17_5,Focus,5,0,0.5,-11.614127952378402,-12.123187711768894,-12.200137820542706,-12.6960013337857,-13.040415231460488
17,17_5,Focus,5,1,1.0,-11.28774055979878,-11.978106507966196,-11.84112624354777,-12.632487730392281,-12.878546339841304
17,17_5,Focus,5,2,1.5,-11.561239627004214,-12.129874647953926,-12.138368076720118,-12.435888317922803,-13.098692878517024
17,17_5,Focus,5,3,2.0,-11.620441902039486,-12.102920568564773,-11.599779680868325,-12.513430561544183,-12.960206202917565
17,17_5,Focus,5,4,2.5,-11.495320648146427,-11.731183606308994,-11.931817576516357,-12.495645303356019,-13.025540712903707
17,17_5,Focus,5,5,3.0,-11.55390162962104,-11.940225686578989,-11.493585939949405,-12.697319282380606,-12.873436577207421
17,17_5,Focus,5,6,3.5,-11.610949508441044,-11.91187968688625,-11.59423772508384,-12.542679707882217,-12.835392406737757
17,17_5,Focus,5,7,4.0,-11.399227009369874,-11.99997642394291,-12.053134943976806,-12.64851289717734,-12.932492604260025
17,17_6,MW,6,0,0.5,-11.541109610822339,-11.952189950076491,-12.171695775152315,-12.773363575126035,-13.130934823404944
17,17_6,MW,6,1,1.0,-11.41755868349224,-11.89733315402767,-12.317839286108335,-12.782503318671546,-12.816628669169505
17,17_6,MW,6,2,1.5,-11.585016122735837,-12.196544299510983,-12.437865882474034,-12.603048755832924,-12.976042152917017
17,17_6,MW,6,3,2.0,-11.514864072337911,-12.056490223317113,-12.480523792689711,-12.721928330696468,-12.86682182186718
17,17_6,MW,6,4,2.5,-10.744130444473495,-11.537610209354208,-12.051703752499407,-12.412681821310892,-12.7959443327836
17,17_6,MW,6,5,3.0,-11.032802634624572,-11.780151741003094,-12.32782923520399,-12.652985925392308,-12.887604203325022
17,17_6,MW,6,6,3.5,-11.21594229056225,-11.712365249273432,-12.269401657663089,-12.75967579542595,-12.955823295136497
17,17_6,MW,6,7,4.0,-11.089995008216636,-11.678255117142688,-12.237790147657442,-12.589009929954237,-12.971783406663016
17,17_7,Focus,7,0,0.5,-11.23895410503379,-11.878608914606565,-12.20262865022947,-12.686402462858137,-13.066073222669296
17,17_7,Focus,7,1,1.0,-11.61395969283919,-12.078158167312164,-12.181280526398972,-12.814147683915271,-13.081823173842123
17,17_7,Focus,7,2,1.5,-10.886050062672894,-11.954106552046131,-12.387551968545285,-12.8806267645575,-13.037254421671706
17,17_7,Focus,7,3,2.0,-11.380266139772338,-11.919776927314869,-12.486452990370253,-12.816980771045365,-13.008374564724908
17,17_7,Focus,7,4,2.5,-11.448729863673396,-12.025703448488308,-12.052050287735637,-12.79691367614188,-13.163230896051516
17,17_7,Focus,7,5,3.0,-11.728563135646752,-12.16791971613729,-12.187396430906281,-12.772717920879305,-13.08795617008397
17,17_7,Focus,7,6,3.5,-11.594066022630496,-12.19347524736649,-11.828362982995824,-12.807428181350653,-12.962891978075781
17,17_7,Focus,7,7,4.0,-11.496888230930477,-11.988069727009334,-12.02008523269542,-12.746971420519905,-13.168157828540021
17,17_8,Focus,8,0,0.5,-11.198159221957868,-12.069803385666198,-11.944741372935557,-12.971498662008955,-13.220588352995936
17,17_8,Focus,8,1,1.0,-11.46112355431308,-12.017215822304832,-11.975599472125651,-12.771096273765643,-13.174553696285464
17,17_8,Focus,8,2,1.5,-11.637225304196148,-12.0892973194753,-12.163373567477763,-12.886240516054684,-13.16754515597199
17,17_8,Focus,8,3,2.0,-11.632538213206825,-11.780970858271095,-12.31478190680324,-12.780086012209148,-13.13251861334684
17,17_8,Focus,8,4,2.5,-11.519036779831783,-12.232939222837505,-12.490346007547164,-12.949273530296137,-13.11319921469696
17,17_8,Focus,8,5,3.0,-11.462975121058331,-11.980197198355576,-12.476491231320633,-12.879205035051228,-13.050056228362315
17,17_8,Focus,8,6,3.5,-11.429440476519275,-11.956610190748929,-12.391453618455863,-12.84130402291507,-13.097256576249038
17,17_8,Focus,8,7,4.0,-11.431661339390912,-12.157527746707686,-12.17029827895628,-12.815075542646147,-13.111896428496076
17,17_9,MW,9,0,0.5,-11.565510296671128,-12.17566458973191,-12.318752962051981,-12.704484718228894,-12.836671070544876
17,17_9,MW,9,1,1.0,-11.66929148835788,-12.093841095475067,-12.42598770331721,-12.577178703977985,-13.030281867292219
17,17_9,MW,9,2,1.5,-11.525352918427936,-12.14085573596422,-12.123420260620172,-12.743928003255952,-13.083002839589364
17,17_9,MW,9,3,2.0,-11.237717033401953,-11.871236076324227,-11.839705313384309,-12.748590083596163,-13.180785020204892
17,17_9,MW,9,4,2.5,-11.30808402119429,-11.991681642307187,-12.282648700751823,-12.808906877298606,-13.200904508378763
17,17_9,MW,9,5,3.0,-11.533592173178745,-11.955431531663148,-12.265725045785855,-12.716537105920864,-13.268458812919617
17,17_9,MW,9,6,3.5,-11.343357745434597,-12.098047461864068,-12.151703239539277,-12.787025082942082,-13.186892404605361
17,17_9,MW,9,7,4.0,-11.494548148942066,-12.087933404753086,-11.869784193204081,-12.723374841885313,-13.131827714171457
17,17_10,MW,10,0,0.5,-11.416723648233535,-11.871194944062017,-12.02471127725897,-12.895947921489476,-13.134970124513595
17,17_10,MW,10,1,1.0,-11.282202219056492,-11.982474691135018,-12.33076880314436,-12.631851706311288,-13.137165801217202
17,17_10,MW,10,2,1.5,-11.607822982541531,-12.202783026032591,-12.097468875198663,-12.705440024195248,-12.914272018470832
17,17_10,MW,10,3,2.0,-11.444242841360749,-12.139801579185916,-12.127449360283304,-12.627496591264672,-12.785933100763977
17,17_10,MW,10,4,2.5,-11.327383249818912,-12.15408245201476,-12.275567203107045,-12.557564927615402,-12.501943595744779
17,17_10,MW,10,5,3.0,-11.163154685316076,-12.109145242662406,-11.989540183153283,-12.525683420705144,-12.632086165200171
17,17_10,MW,10,6,3.5,-11.432295161353517,-12.054461007495377,-12.073598848823684,-12.71526167227672,-12.603239570045185
17,17_10,MW,10,7,4.0,-11.388705123035948,-12.034080764468214,-12.158347672368684,-12.6288461236279,-12.591471377074742
17,17_11,Focus,11,0,0.5,-10.994687824015548,-11.852116583099546,-12.278648586252334,-12.940672212983197,-12.933410351172402
17,17_11,Focus,11,1,1.0,-11.447047688559422,-11.678151158705367,-12.260849118070402,-12.740113581418433,-12.962017300678987
17,17_11,Focus,11,2,1.5,-11.482248653675821,-11.900642424783038,-12.592003833925537,-12.734456822375138,-12.949956695205636
17,17_11,Focus,11,3,2.0,-11.669121098872278,-11.92424571067026,-12.343268893008897,-12.801538209563201,-13.045198131190537
17,17_11,Focus,11,4,2.5,-11.520771071614636,-12.07814483552938,-12.326014478888428,-12.750728165126867,-13.039757129217632
17,17_11,Focus,11,5,3.0,-11.334379238825969,-11.791514272124788,-12.289616378891804,-12.71048309819509,-12.93857999184604
17,17_11,Focus,11,6,3.5,-11.406379914415433,-11.963447575748713,-12.324866123761844,-12.656896318321465,-12.849596848501157
17,17_11,Focus,11,7,4.0,-11.446477377166367,-11.847933835474318,-12.345865126450377,-12.799863307698471,-12.853603267738233
17,17_12,Focus,12,0,0.5,-11.489440938359117,-12.114586369451981,-12.158547952794512,-12.749831738362738,-12.965633651022912
17,17_12,Focus,12,1,1.0,-11.567733230926613,-12.090237093379908,-12.248756966823596,-12.674737477736548,-13.064776105918405
17,17_12,Focus,12,2,1.5,-11.128789371272175,-12.196368382220237,-11.846389301282096,-12.51574642499476,-12.95962417005451
17,17_12,Focus,12,3,2.0,-11.008628434979554,-11.730322693735578,-12.278543096251072,-12.607660052293362,-13.013813911206498
17,17_12,Focus,12,4,2.5,-11.596345299560964,-11.7251206797975,-12.440010601573173,-12.888564009460481,-13.13126245518289
17,17_12,Focus,12,5,3.0,-11.380978535053515,-11.822103595619978,-12.480269047162038,-12.802948079837034,-12.98980488468481
17,17_12,Focus,12,6,3.5,-11.6872069446328,-12.278406833043915,-12.252148987627109,-12.743492154237767,-13.059027500101543
17,17_12,Focus,12,7,4.0,-11.671390401427685,-12.110812583284131,-12.224665715623756,-12.819649987119476,-13.02443349017596
17,17_13,Focus,13,0,0.5,-11.538598198197226,-12.044484931567478,-12.395168855025034,-12.813375619984283,-13.215817573909817
17,17_13,Focus,13,1,1.0,-11.519831492048166,-11.922900264608135,-12.058574969379443,-12.90331569903623,-13.065050043306393
17,17_13,Focus,13,2,1.5,-11.144501654434933,-11.757286755511455,-12.05234791072942,-12.834946439678674,-13.047415310623862
17,17_13,Focus,13,3,2.0,-10.371224976411828,-11.221947256742087,-11.67997568482086,-12.412958840322455,-12.862545698298014
17,17_13,Focus,13,4,2.5,-11.237287552944307,-11.709548053894375,-12.136468367739043,-12.804929994453698,-13.019238075439748
17,17_13,Focus,13,5,3.0,-11.43132250648106,-12.044122159729387,-12.335388267461008,-12.886250745038474,-13.15119298235683
17,17_13,Focus,13,6,3.5,-11.819888357303098,-12.037661415615608,-12.09879950030567,-12.797474614684319,-12.995850687629781
17,17_13,Focus,13,7,4.0,-11.468858907307045,-11.953634963906863,-12.403468650278292,-12.84771460295639,-12.920567430302585
17,17_14,Focus,14,0,0.5,-11.558207515481884,-12.178230597456347,-12.270880020883881,-12.714228286496594,-13.121898667203906
17,17_14,Focus,14,1,1.0,-11.561983703815017,-11.851566228560532,-12.290773623556598,-12.762442062085492,-13.11602003154702
17,17_14,Focus,14,2,1.5,-11.63139011082507,-12.001025812103524,-12.33154990928034,-12.731056096626144,-12.94575627703179
17,17_14,Focus,14,3,2.0,-11.384485699854963,-11.789696094743569,-12.478201618781362,-12.799709685540689,-13.134627053693526
17,17_14,Focus,14,4,2.5,-11.38192853564004,-11.745543291164932,-12.30638086445718,-12.782212412952234,-13.140680574329327
17,17_14,Focus,14,5,3.0,-11.557626590322831,-12.068284439905357,-12.29368841800046,-12.79558318128417,-12.938614215052121
17,17_14,Focus,14,6,3.5,-11.747478394301472,-11.94981772488478,-12.264454679740096,-12.79056077247718,-13.123640525848487
17,17_14,Focus,14,7,4.0,-11.26749574019842,-12.159264383034769,-12.207047906273086,-12.774932850132066,-13.007609609746966
17,17_15,MW,15,0,0.5,-11.517060889819554,-12.126785035782357,-12.191064677084329,-12.801725057466143,-13.114866468511021
17,17_15,MW,15,1,1.0,-11.467583386648391,-12.125937459705609,-12.265182075466937,-12.697549360625077,-13.145900942417217
17,17_15,MW,15,2,1.5,-11.481635044838834,-12.200944382515067,-12.199167389448686,-12.91043166511158,-13.112148176305842
17,17_15,MW,15,3,2.0,-11.387060362736525,-11.546098339150612,-12.306872211310663,-12.66069056196078,-13.023212585357113
17,17_15,MW,15,4,2.5,-11.221635634053262,-11.618908443884374,-12.182888947792193,-12.83422265896821,-13.174908824942156
17,17_15,MW,15,5,3.0,-11.331874515624666,-12.11716828478652,-12.332758010665952,-12.858477449178984,-13.182220729917578
17,17_15,MW,15,6,3.5,-11.218027982836132,-11.996441423258098,-12.388730913582451,-12.954153989253196,-13.27758209705641
17,17_15,MW,15,7,4.0,-11.518500222062583,-12.08724687625394,-12.207192529706184,-12.90388748518037,-13.22486710744145
17,17_16,MW,16,0,0.5,-11.395789253336398,-12.187764377756618,-12.353523606492411,-12.805414008815054,-13.080568340697342
17,17_16,MW,16,1,1.0,-11.207956562660588,-12.078554053636129,-12.318231781094179,-12.835534099272486,-13.158588214358364
17,17_16,MW,16,2,1.5,-11.596669278608427,-12.249543161029475,-12.374007004625197,-12.662284857289743,-13.007562479239176
17,17_16,MW,16,3,2.0,-11.424414452187328,-12.292316878748235,-12.296124445906752,-12.766772694479183,-13.083085635588736
17,17_16,MW,16,4,2.5,-11.611328153671874,-12.128544865340219,-12.372824976272554,-12.883652808791263,-13.100014446864387
17,17_16,MW,16,5,3.0,-11.345240505235282,-11.949726597106826,-12.143754151333349,-12.926639536583451,-12.989364897634307
17,17_16,MW,16,6,3.5,-11.30060385786734,-12.275084464130357,-12.289044882211117,-12.944332188605237,-13.227014175697494
17,17_16,MW,16,7,4.0,-11.395315852677545,-12.383856642579635,-11.730883569775413,-12.837372711974034,-12.96948626237307
17,17_17,Focus,17,0,0.5,-11.3727808479561,-11.711602566284883,-12.177302787718594,-12.652279190452676,-12.76349010568162
17,17_17,Focus,17,1,1.0,-11.412825307547886,-12.00608466231364,-12.242367498524684,-12.69028432608857,-12.769691742799278
17,17_17,Focus,17,2,1.5,-11.766796080311373,-11.962408439146682,-12.473823183327193,-12.751851492967008,-12.748038408335315
17,17_17,Focus,17,3,2.0,-11.435032889234222,-12.069040206872627,-12.417154701017616,-12.713791965847419,-12.908474663437627
17,17_17,Focus,17,4,2.5,-11.672133115248986,-11.922707166568156,-12.340224245944867,-12.794658469591264,-12.703993839024248
17,17_17,Focus,17,5,3.0,-11.701308427914565,-11.960444328759422,-12.09842230014449,-12.761165743893368,-12.738857791934201
17,17_17,Focus,17,6,3.5,-11.152202526130242,-11.77918341417411,-12.407769723136676,-12.611523312474555,-12.805337172900883
17,17_17,Focus,17,7,4.0,-11.353564851115674,-12.015831560033046,-12.293875344645055,-12.361108921920474,-12.675632876592651
17,17_18,Focus,18,0,0.5,-11.4376991418442,-11.836615554631118,-12.568538304062358,-12.741858414336011,-12.833675548962633
17,17_18,Focus,18,1,1.0,-11.252233464057486,-11.937190466402116,-12.525904657560242,-12.736059080664434,-12.843741362538243
17,17_18,Focus,18,2,1.5,-11.513454624350377,-12.007517197336707,-12.416982164624642,-12.792512930640903,-12.757008201532367
17,17_18,Focus,18,3,2.0,-11.455733297596542,-11.91118929599793,-12.369089417000115,-12.792474224435933,-12.84821543472338
17,17_18,Focus,18,4,2.5,-11.677920417880152,-12.087866524745767,-12.23536793341177,-12.606611568207477,-12.833335788224666
17,17_18,Focus,18,5,3.0,-11.646045055050834,-12.082120422740946,-12.45440927622753,-12.790860249939938,-12.980336889136671
17,17_18,Focus,18,6,3.5,-11.563944861912287,-11.919956656770092,-12.344517149774704,-12.810848173951467,-12.756129920887954
17,17_18,Focus,18,7,4.0,-11.625989357366205,-12.149029621766136,-12.496881859345761,-12.712451743643754,-12.977715901778138
17,17_19,MW,19,0,0.5,-11.51443771484758,-12.150887265171589,-12.473709170909231,-12.951149351461028,-12.978786212733915
17,17_19,MW,19,1,1.0,-11.654315229642622,-11.689855703829501,-12.329180302865083,-12.879206489360628,-13.033615758829649
17,17_19,MW,19,2,1.5,-11.508133192220324,-12.182330171073376,-12.394519874912909,-12.932470257773327,-13.053634266373686
17,17_19,MW,19,3,2.0,-11.398929204410813,-12.219554742605787,-12.377357144798316,-12.867418969269236,-12.964163480594893
17,17_19,MW,19,4,2.5,-11.683569545939372,-11.983253367721012,-12.250392735687733,-12.764073312247163,-12.846476540645993
17,17_19,MW,19,5,3.0,-11.423070899086499,-11.653912364060078,-12.34751757231388,-12.819708715975494,-12.92274739319167
17,17_19,MW,19,6,3.5,-11.43254015022339,-12.238637283606584,-12.240138797388411,-12.875310057509829,-12.952866097736576
17,17_19,MW,19,7,4.0,-11.700138970617715,-11.939987185251567,-12.244712161020308,-12.831259073187889,-12.84030380936748
17,17_20,Focus,20,0,0.5,-11.326764799001603,-11.863411746296324,-12.593378399082841,-12.819148738342841,-12.973953530070496
17,17_20,Focus,20,1,1.0,-11.206590879527175,-11.925839628080865,-12.275864670505346,-12.769110268708488,-12.890363152563152
17,17_20,Focus,20,2,1.5,-11.228948165724871,-11.98921690840925,-12.405214597478802,-12.777072574558531,-13.006061755667046
17,17_20,Focus,20,3,2.0,-11.843766968814476,-12.009790539695471,-12.093750474153538,-12.758908117339084,-12.953366820579287
17,17_20,Focus,20,4,2.5,-11.676806999444084,-12.11557355361875,-12.154891212806026,-12.639324178039134,-12.947004178726049
17,17_20,Focus,20,5,3.0,-11.444664111527906,-12.006947920867022,-12.457745205206828,-12.481424310145838,-12.900490587520423
17,17_20,Focus,20,6,3.5,-11.776534318259289,-12.199371945632423,-12.249642673412337,-12.622552722982123,-12.951057825040206
17,17_20,Focus,20,7,4.0,-11.354279189648034,-12.158418397079373,-12.19741632129368,-12.815127723294276,-13.094460970856932
17,17_21,Focus,21,0,0.5,-11.633340525112818,-11.99632833435755,-12.173701240158401,-12.712460726692747,-13.030089820299603
17,17_21,Focus,21,1,1.0,-11.422558000596629,-11.834120242883875,-12.127565195776874,-12.8422287900205,-13.02118821015096
17,17_21,Focus,21,2,1.5,-11.597167755135724,-11.931109655526361,-12.31635936102236,-12.851225758129942,-13.002310851393386
17,17_21,Focus,21,3,2.0,-11.660944256863443,-12.06813478881404,-12.269505799747837,-12.791323367858496,-12.872433588073747
17,17_21,Focus,21,4,2.5,-11.663994662792437,-12.073568789923879,-12.434932988574673,-12.811417072986446,-12.923602408383827
17,17_21,Focus,21,5,3.0,-11.413703734274955,-11.874293364359252,-12.307934796576584,-12.922966144815195,-12.976310683946261
17,17_21,Focus,21,6,3.5,-11.42549963346229,-11.949599743282095,-12.230267459180158,-12.781495075992648,-12.913455610346519
17,17_21,Focus,21,7,4.0,-11.217910791060783,-11.859966183279179,-12.112762263904054,-12.681112893402574,-13.024552051504969
17,17_22,Focus,22,0,0.5,-11.52515359895844,-12.172632667982143,-12.243211941294344,-12.582180872317805,-12.810281542121423
17,17_22,Focus,22,1,1.0,-11.553994020444637,-12.217932567444599,-12.10992950715628,-12.431398509262822,-12.884361485215251
17,17_22,Focus,22,2,1.5,-11.67759931703251,-11.823362011189138,-12.150136840933357,-12.554840925724,-12.960342837116468
17,17_22,Focus,22,3,2.0,-11.625901055949074,-11.91957710085796,-12.15611606754803,-12.579975789141523,-12.957183138623472
17,17_22,Focus,22,4,2.5,-11.40609614758428,-12.06279482374605,-12.106033765648338,-12.805804404488807,-12.914930162733903
17,17_22,Focus,22,5,3.0,-11.441545943288883,-12.047047592043693,-12.366382245964289,-12.807671260656546,-12.915152067669519
17,17_22,Focus,22,6,3.5,-11.56264565507414,-11.80817383995186,-12.133942226457075,-12.922866139169056,-12.86931447941897
17,17_22,Focus,22,7,4.0,-11.472964682697258,-11.777127931344403,-12.252029958641533,-12.745735483326833,-12.900738244324009
17,17_23,MW,23,0,0.5,-11.673557463058824,-12.113039227114422,-12.500292782733919,-12.949921540366736,-13.235239346807107
17,17_23,MW,23,1,1.0,-11.461420680002739,-11.599572512230564,-12.411618764318307,-12.820144861503758,-13.08528737140502
17,17_23,MW,23,2,1.5,-11.413040276281095,-11.945497848403495,-12.1698342008081,-12.860047029920056,-13.10443386978157
17,17_23,MW,23,3,2.0,-11.772862535684808,-11.83481815212045,-12.347890403568114,-12.907108441212001,-13.219148394612509
17,17_23,MW,23,4,2.5,-11.638982260624827,-12.182483810515578,-12.503451973654121,-13.001955006839966,-13.103487687134445
17,17_23,MW,23,5,3.0,-11.523205416496868,-12.117930117173843,-12.179661348336587,-12.875119944735474,-13.135324754889103
17,17_23,MW,23,6,3.5,-11.380200681024855,-12.011969654124915,-12.376495927012058,-12.895284278211397,-13.167544102677386
17,17_23,MW,23,7,4.0,-11.429127572178471,-11.8097903741473,-12.303433857717557,-12.792746792720635,-13.208394065013762
17,17_24,Focus,24,0,0.5,-11.269779134928195,-11.880340871580557,-12.454835887069528,-12.942285540450102,-13.21234567765982
17,17_24,Focus,24,1,1.0,-11.448427415827044,-11.92392142016016,-12.369449638309176,-12.794187951739676,-13.043633537562261
17,17_24,Focus,24,2,1.5,-11.641172275381074,-12.079240335019014,-12.174759761537851,-12.766438898558121,-13.0766998610728
17,17_24,Focus,24,3,2.0,-11.697627481906183,-12.038937055436424,-12.030912975289915,-12.680639328967606,-13.051293462500784
17,17_24,Focus,24,4,2.5,-11.467185283103715,-11.89249630481106,-12.133593535685733,-12.829804973386194,-13.182988093031682
17,17_24,Focus,24,5,3.0,-11.203786154751366,-11.807840230597948,-12.485671292759355,-12.993528340603978,-13.286916029404368
17,17_24,Focus,24,6,3.5,-11.592804077045223,-12.114453544287283,-12.281072820238972,-12.801587613036098,-13.28845454999158
17,17_24,Focus,24,7,4.0,-11.181009468940724,-11.84127137903731,-12.410500621451463,-12.938128891062311,-13.235915931203257
17,17_25,Focus,25,0,0.5,-11.402353995611367,-12.148409330159236,-12.33427970705648,-12.94539924102446,-13.113353882533756
17,17_25,Focus,25,1,1.0,-11.685967144167194,-12.159059504674797,-12.378133667972236,-12.899761608410033,-13.196243893313518
17,17_25,Focus,25,2,1.5,-11.621387390979558,-11.92594413078605,-12.361762548310336,-12.812244404191864,-13.101913968639254
17,17_25,Focus,25,3,2.0,-11.746867141453379,-12.028481123020285,-12.44835496574266,-12.815105871688008,-13.166472784880439
17,17_25,Focus,25,4,2.5,-11.793199511927654,-12.002353330103489,-12.41398913747432,-12.710814101727136,-13.048251664560043
17,17_25,Focus,25,5,3.0,-11.346000214772367,-12.206257239856434,-12.44330893027354,-12.861358429834405,-13.032037033038092
17,17_25,Focus,25,6,3.5,-11.271371621553246,-11.839053029376029,-12.200704565352815,-12.653001687730708,-13.13997742200338
17,17_25,Focus,25,7,4.0,-11.464443358789092,-11.921844709143018,-12.208233283176355,-12.784004571044006,-13.084888822992067
17,17_26,Focus,26,0,0.5,-11.49297885876499,-12.094519555918449,-12.296420893707895,-12.777733957580189,-13.097579031218368
17,17_26,Focus,26,1,1.0,-11.439243412751171,-12.302776031736345,-12.45683454604244,-12.757598001697005,-12.89656545120268
17,17_26,Focus,26,2,1.5,-11.385394462413565,-12.140963313139334,-12.362668675446914,-12.971277897509175,-12.918623832979703
17,17_26,Focus,26,3,2.0,-11.399894695299817,-11.97319684811346,-12.65052647303677,-12.812595244937405,-12.85332097297685
17,17_26,Focus,26,4,2.5,-11.624636840516677,-11.940880334170595,-11.9661763607076,-12.859675658151724,-13.127787585347573
17,17_26,Focus,26,5,3.0,-11.662577753760967,-12.057638505843318,-12.268466308606984,-12.931375270560169,-13.25615579600074
17,17_26,Focus,26,6,3.5,-11.664352382665916,-11.98230873074136,-12.236103656509744,-12.771676068472203,-13.05372738784316
17,17_26,Focus,26,7,4.0,-11.306546098721567,-11.819069843528736,-12.274377237033931,-12.862244307955116,-13.057064309036642
17,17_27,Focus,27,0,0.5,-11.596959091680246,-11.909572058956563,-12.131587166237848,-12.648717869685095,-12.743696859272557
17,17_27,Focus,27,1,1.0,-11.445534494645003,-12.150447583069418,-12.351026059971272,-12.625305361895455,-12.79945313952379
17,17_27,Focus,27,2,1.5,-11.485347103135833,-12.234563501256257,-12.013716177266335,-12.503348144973378,-12.705211755453863
17,17_27,Focus,27,3,2.0,-11.43163593117568,-12.174842210386371,-12.215274106142289,-12.668069419282354,-12.738308285560963
17,17_27,Focus,27,4,2.5,-11.527850871183412,-11.912614318704934,-12.019799507903386,-12.648790201116597,-12.682234362485051
17,17_27,Focus,27,5,3.0,-11.581753071004142,-11.841113054176601,-12.405141248725835,-12.723458238622,-12.81030216426345
17,17_27,Focus,27,6,3.5,-11.661068685537852,-11.904305344970508,-12.231790772781574,-12.610451777530033,-12.847363112944336
17,17_27,Focus,27,7,4.0,-11.44099437156733,-12.165254313533826,-12.290931456402541,-12.634680838596854,-12.750331066993208
17,17_28,Focus,28,0,0.5,-11.312281875768607,-11.955185500462527,-12.014243423162288,-12.613859897380653,-13.021394560190204
17,17_28,Focus,28,1,1.0,-11.290879642073378,-11.870735685396308,-12.129035357965149,-12.754068180715276,-12.917630039811153
17,17_28,Focus,28,2,1.5,-11.402216792552023,-11.967031611797617,-12.338022681138906,-12.731507413841838,-12.892241133058786
17,17_28,Focus,28,3,2.0,-11.378604497554203,-11.65519286496752,-12.600896793647038,-12.819742328997547,-13.027207080905324
17,17_28,Focus,28,4,2.5,-11.267235792364106,-11.543867615201556,-12.355730763554167,-12.574893903822488,-12.859287810562746
17,17_28,Focus,28,5,3.0,-11.775373618483336,-12.213687839166454,-12.37192117817882,-12.356505883175616,-12.853322586558761
17,17_28,Focus,28,6,3.5,-11.444850677690338,-12.039160414503801,-12.166646562453714,-12.551620001164414,-12.731981936373442
17,17_28,Focus,28,7,4.0,-11.271825839968265,-12.077227534045047,-12.247748758175625,-12.487075657571605,-12.911572966444888
17,17_29,Focus,29,0,0.5,-11.925108478836885,-12.043292404075531,-12.326018940400774,-12.700236415163738,-12.73806296271898
17,17_29,Focus,29,1,1.0,-11.650922542343201,-12.057657010910964,-12.289991110319438,-12.730282979727573,-12.889709748145979
17,17_29,Focus,29,2,1.5,-11.480267531902792,-11.95774061909467,-12.140027647804585,-12.625989115194038,-12.666907061622492
17,17_29,Focus,29,3,2.0,-11.870682074388988,-12.031828812357498,-12.289059816092402,-12.632925568260594,-12.678005835285248
17,17_29,Focus,29,4,2.5,-11.751233385487081,-11.829796663802252,-12.029047822750027,-12.724496301102068,-12.885966884910895
17,17_29,Focus,29,5,3.0,-11.582673337426034,-11.889541651404217,-12.333870541099895,-12.792510460905612,-12.901927827148773
17,17_29,Focus,29,6,3.5,-11.738421206860458,-11.9893925849817,-12.567863407220077,-12.728717280442623,-12.877249443583846
17,17_29,Focus,29,7,4.0,-11.545271958595805,-12.040813391128324,-12.67470763000604,-12.684775805123184,-12.896603715622327
17,17_30,Focus,30,0,0.5,-11.756530005160885,-12.250654029094195,-12.40500303735078,-12.646536288616462,-12.769367081388825
17,17_30,Focus,30,1,1.0,-11.409255890318564,-12.216118370864516,-12.2345195506426,-12.707161764552705,-12.742537313446165
17,17_30,Focus,30,2,1.5,-11.371830255695238,-12.140543394556737,-12.435117247564262,-12.744010419394485,-12.772578712651855
17,17_30,Focus,30,3,2.0,-11.692009174169133,-12.157507420799519,-12.364543243805455,-12.616488920865537,-12.837604433339328
17,17_30,Focus,30,4,2.5,-11.592830577850995,-12.167797513470578,-12.349272927319472,-12.680989713039432,-12.813513570428903
17,17_30,Focus,30,5,3.0,-11.653421548158605,-12.109430856223929,-12.303180827860844,-12.75074841804338,-12.883163356328064
17,17_30,Focus,30,6,3.5,-11.571125942412596,-12.085152084632035,-12.389965723282993,-12.673825761453454,-12.81193669453457
17,17_30,Focus,30,7,4.0,-11.793933529821256,-12.54620863249099,-12.243092115974445,-12.725235053210696,-12.806997448334931
17,17_31,Focus,31,0,0.5,-11.287454559044471,-11.645306619389906,-12.338875913994578,-12.873801297731333,-13.146200447889935
17,17_31,Focus,31,1,1.0,-11.391692095132305,-11.908273237435083,-12.257527334999853,-12.733126032448878,-13.243348331468223
17,17_31,Focus,31,2,1.5,-11.34998531033124,-11.820968187240606,-12.344982755392639,-12.755185291249727,-13.148306498264041
17,17_31,Focus,31,3,2.0,-11.367582777674155,-11.628212967244547,-12.36711544596755,-12.925267958587213,-13.077643331410846
17,17_31,Focus,31,4,2.5,-10.98456415317596,-11.696389972627369,-12.491867987598278,-12.749728691303085,-13.20000607147734
17,17_31,Focus,31,5,3.0,-11.13039061699283,-12.072596143122835,-12.393581140413543,-12.695765184646998,-13.060708958514764
17,17_31,Focus,31,6,3.5,-11.644728947712716,-11.843202395496839,-12.304721990839235,-12.679625954424559,-13.066172926959972
17,17_31,Focus,31,7,4.0,-11.6077834464199,-12.059306331328878,-12.129098044671943,-12.631134414367423,-13.144223759406964
17,17_32,Focus,32,0,0.5,-11.462356250512373,-11.815132492281835,-12.126664931135341,-12.960511056879849,-13.044272384774514
17,17_32,Focus,32,1,1.0,-11.432915215401085,-12.19509324886247,-12.398048688345012,-12.817657124589374,-13.118162775657666
17,17_32,Focus,32,2,1.5,-11.757319870798403,-11.96675960481323,-12.470045228399337,-12.77975432289971,-12.982088867200257
17,17_32,Focus,32,3,2.0,-11.711970392618433,-11.968088825796261,-11.836820852181292,-12.485032025511869,-12.881414459535955
17,17_32,Focus,32,4,2.5,-11.410769538812254,-12.03766166135076,-12.09424376570084,-12.741200857300717,-13.060201422749714
17,17_32,Focus,32,5,3.0,-11.963628005025058,-11.992679836707719,-12.332629728429602,-12.71889402559562,-13.038972115070333
17,17_32,Focus,32,6,3.5,-11.653846702814148,-11.917567084731699,-12.701455978312445,-12.756648771241439,-12.90031970718985
17,17_32,Focus,32,7,4.0,-11.602882784412925,-11.996697007036138,-12.354346541608484,-12.593160489406833,-12.892505302094017
17,17_33,Focus,33,0,0.5,-11.393823007537938,-12.044674033296495,-12.295181687599266,-12.553863577978646,-12.998295561024571
17,17_33,Focus,33,1,1.0,-11.739022048116432,-11.97277099186305,-12.048081185286657,-12.714650483073548,-13.037534117182537
17,17_33,Focus,33,2,1.5,-11.576283089551184,-12.109871946668244,-12.342678106268215,-12.800773428766421,-13.088735222618157
17,17_33,Focus,33,3,2.0,-11.454955849427883,-12.084446005133165,-12.131994416192168,-12.845064659534486,-12.963133354944699
17,17_33,Focus,33,4,2.5,-10.901981271829568,-12.044375109389067,-12.258858659472399,-12.769143830356922,-13.105566246176327
17,17_33,Focus,33,5,3.0,-11.379487570008706,-12.02587982453767,-12.436968831473848,-12.851046900589559,-13.058228257496019
17,17_33,Focus,33,6,3.5,-11.198133866570235,-12.001629490351618,-12.24758919380843,-12.773054384078506,-13.091828586969662
17,17_33,Focus,33,7,4.0,-11.15928674939545,-11.68965529876967,-12.357339352317375,-12.715777773469545,-13.020406386799362
17,17_34,Focus,34,0,0.5,-11.905079491523598,-12.25194437387531,-12.293143886069181,-12.70793889137635,-12.807712645549039
17,17_34,Focus,34,1,1.0,-11.433593938507892,-12.10608121617532,-12.31134873053989,-12.646198116925904,-12.812764927191692
17,17_34,Focus,34,2,1.5,-11.718560312794368,-12.145367826291373,-12.582083032203697,-12.657221989823226,-12.789560589065397
17,17_34,Focus,34,3,2.0,-11.610644519790595,-12.145337061946211,-12.22628339701918,-12.48873234772894,-12.955737921028495
17,17_34,Focus,34,4,2.5,-11.824276833841072,-12.071190577733818,-11.89142723143751,-12.461360778673976,-13.024442312111853
17,17_34,Focus,34,5,3.0,-11.77506093522892,-12.167774052652522,-12.443028852930148,-12.616245512708524,-12.793412721504016
17,17_34,Focus,34,6,3.5,-11.742616296056063,-12.06573263700025,-12.427734128355896,-12.677479639478715,-12.847041850139595
17,17_34,Focus,34,7,4.0,-11.78928835461271,-12.305200516075539,-12.56956383089687,-12.660780717454776,-12.906757541266607
17,17_35,Focus,35,0,0.5,-11.542087463581847,-11.921266087362332,-12.31428262812807,-12.616407258482685,-12.885538184859737
17,17_35,Focus,35,1,1.0,-11.485122582010993,-12.223795579983337,-12.46688456935944,-12.5219451967888,-12.903584259461484
17,17_35,Focus,35,2,1.5,-11.496734616225414,-12.068457111242257,-12.346607777734539,-12.710070983665357,-12.699749348111549
17,17_35,Focus,35,3,2.0,-11.81402791959229,-12.283846404427946,-12.181966477559685,-12.70369168573501,-12.743514016142672
17,17_35,Focus,35,4,2.5,-11.93400689923603,-12.150236334829728,-12.307310871420237,-12.638934098359103,-12.739974458973663
17,17_35,Focus,35,5,3.0,-11.947432451911785,-12.489624391301886,-12.310999528664318,-12.702011074438257,-12.732762932113358
17,17_35,Focus,35,6,3.5,-11.732086590002798,-12.151089292548752,-12.442507492380967,-12.677301794080567,-12.722272425985055
17,17_35,Focus,35,7,4.0,-11.635244808483167,-12.069583869086507,-12.538671890289141,-12.671102165544914,-12.795307521547683
17,17_36,MW,36,0,0.5,-11.376344708493301,-11.837421471461411,-12.424210656981547,-12.931439842049189,-13.268316872949717
17,17_36,MW,36,1,1.0,-11.413537816270923,-12.048084209761829,-12.352901765944058,-12.734823920014263,-13.029202992392836
17,17_36,MW,36,2,1.5,-11.145608697548466,-12.002144171459262,-12.496901938796867,-12.803760924115275,-13.02988539365571
17,17_36,MW,36,3,2.0,-11.554091073054886,-11.996532012590546,-12.338478484688254,-12.827030942940423,-13.03960734395542
17,17_36,MW,36,4,2.5,-11.449870457364257,-11.929115974151026,-12.467490247102754,-12.650757492916364,-13.209489392973568
17,17_36,MW,36,5,3.0,-11.482205698138872,-12.061370930211414,-12.533483583876315,-12.877357111522914,-13.134438995434794
17,17_36,MW,36,6,3.5,-11.618225887166426,-12.181658237081166,-12.228341065084294,-12.87020199467717,-13.211213447670954
17,17_36,MW,36,7,4.0,-11.70439365650102,-11.822805260879699,-12.209685772569282,-12.8355496780534,-13.25512340241582
17,17_37,Focus,37,0,0.5,-11.591278357727461,-11.685007276989177,-12.410359498151927,-12.948935930751091,-13.35616174495763
17,17_37,Focus,37,1,1.0,-11.178193965509903,-11.522870379630938,-12.193380818816584,-12.987436145064818,-13.345178911310633
17,17_37,Focus,37,2,1.5,-11.161193567653653,-11.605572696825654,-12.32901976466593,-12.908761660752013,-13.29375780212843
17,17_37,Focus,37,3,2.0,-11.191147444307958,-11.428169931296665,-12.243978448707892,-12.871631380972541,-13.324495833785262
17,17_37,Focus,37,4,2.5,-11.275997026199176,-11.68989498827984,-11.949537857240477,-12.846776066415769,-13.417993314746717
17,17_37,Focus,37,5,3.0,-11.224315854967218,-12.04778437967256,-12.207185665028472,-12.891072370474657,-13.157486732040036
17,17_37,Focus,37,6,3.5,-11.656581569564056,-12.249529340420446,-12.272117887610296,-12.458715811620559,-13.137882556390181
17,17_37,Focus,37,7,4.0,-11.321223440923866,-12.09124841607163,-12.097181578413066,-12.630936372231897,-13.151045335770089
17,17_38,Focus,38,0,0.5,-11.542887224814109,-12.117870475793662,-12.117489809597604,-12.827322818986918,-13.007508413278815
17,17_38,Focus,38,1,1.0,-11.580113539972649,-11.911602226799106,-12.307530117812382,-12.860135726457655,-12.949450350777552
17,17_38,Focus,38,2,1.5,-11.494625672150901,-12.05557485201695,-12.518061485806765,-12.843371584998577,-13.139421258516277
17,17_38,Focus,38,3,2.0,-11.573299726171134,-11.85914982361974,-12.197370551760425,-12.741626695244879,-13.02861704298181
17,17_38,Focus,38,4,2.5,-11.522439979166924,-11.66998739310156,-11.980337595511275,-12.971654419107102,-13.151132050837107
17,17_38,Focus,38,5,3.0,-11.548721234388333,-11.979446929798023,-12.265999411978322,-12.728947354261516,-12.880173837191913
17,17_38,Focus,38,6,3.5,-11.820567609396166,-11.874347309625094,-12.197268566526951,-12.723722656391027,-12.952526313494115
17,17_38,Focus,38,7,4.0,-11.692190361372354,-12.174075275223606,-11.9587574436029,-12.76102745867838,-13.142502082347365
17,17_39,Focus,39,0,0.5,-11.014419779242042,-11.684895834286836,-12.460204641651808,-12.952280518045754,-13.175166724702411
17,17_39,Focus,39,1,1.0,-11.257072081262713,-11.999285835948237,-12.38957606915319,-12.608186562158503,-12.916719374486009
17,17_39,Focus,39,2,1.5,-11.508486273765184,-11.85795725175994,-11.662753258445635,-12.273485950845723,-13.002800596159766
17,17_39,Focus,39,3,2.0,-11.15876513815215,-12.155603999734812,-12.18381885134302,-12.539366037385324,-13.026874655760457
17,17_39,Focus,39,4,2.5,-11.464132830923868,-12.145638298220367,-12.191265264613763,-12.54439015372833,-12.994645632600433
17,17_39,Focus,39,5,3.0,-11.475689689284968,-12.082662879824175,-11.931644400241662,-12.366712357460823,-12.826143009903236
17,17_39,Focus,39,6,3.5,-11.491208796093556,-12.166420032526235,-12.230365023535969,-12.476693253935109,-12.971852213301611
17,17_39,Focus,39,7,4.0,-11.770231620143077,-12.070773922084264,-12.032625988191707,-12.705862534698674,-12.821579102380756
18,18_0,Focus,0,0,0.5,-11.344459700833793,-11.775557457650796,-11.034065726005082,-12.21997615832235,-12.748472953293426
18,18_0,Focus,0,1,1.0,-11.448019725855016,-11.735152291508157,-10.874895614990164,-12.16309867711206,-12.831214760956847
18,18_0,Focus,0,2,1.5,-11.378554075436977,-11.959226627315118,-10.982169896783843,-12.375008720168216,-12.880122229095546
18,18_0,Focus,0,3,2.0,-11.164465810077491,-11.787434342645899,-10.889069734904895,-12.232481828711032,-12.758592558501
18,18_0,Focus,0,4,2.5,-11.423210000208908,-11.745235253384136,-10.85531639182459,-12.280828730823556,-12.758980720936446
18,18_0,Focus,0,5,3.0,-11.248335974524393,-11.981466644603257,-10.873470915433822,-12.246790941643908,-12.699787236843632
18,18_0,Focus,0,6,3.5,-11.402224276370996,-11.884106429712865,-10.867043261752896,-12.019808882678893,-12.695295826060947
18,18_0,Focus,0,7,4.0,-11.30967320162933,-11.856191900358793,-10.956001388461079,-12.298152487491484,-12.736477776118189
18,18_1,MW,1,0,0.5,-11.58742914088569,-11.748311198356966,-11.270353378307792,-12.361060328718821,-12.951796366270736
18,18_1,MW,1,1,1.0,-11.627474289028225,-11.928671375895437,-11.076752318929197,-12.211067286186534,-12.825553267707026
18,18_1,MW,1,2,1.5,-11.37616005191025,-11.619726875765785,-11.170190548536832,-12.248102231097343,-12.864241595633253
18,18_1,MW,1,3,2.0,-11.462465034536262,-11.648749749155513,-11.031193543591579,-12.205755310055448,-12.775640926729496
18,18_1,MW,1,4,2.5,-11.107489039526769,-11.696250097216916,-11.139837075624113,-12.3685880862028,-12.676743318357781
18,18_1,MW,1,5,3.0,-11.445971576378271,-12.202000174353353,-11.149475562276226,-12.19081029959123,-12.773671631590197
18,18_1,MW,1,6,3.5,-11.402431028192252,-11.979291305160867,-10.99978514337595,-12.290158569995373,-12.794579620617629
18,18_1,MW,1,7,4.0,-11.329275786778387,-12.08801988372891,-11.274976169937279,-12.493900504374214,-12.839546946955885
18,18_2,Focus,2,0,0.5,-11.182585766303573,-11.795351258899956,-11.175903424467542,-12.31395563693494,-12.83245262425353
18,18_2,Focus,2,1,1.0,-11.581402202937404,-12.05785372319638,-11.317063702431252,-12.545603349603121,-12.830227019131696
18,18_2,Focus,2,2,1.5,-11.517682825276449,-11.777104623485922,-11.366243925208265,-12.376979877107203,-12.83739148240105
18,18_2,Focus,2,3,2.0,-11.218579543562365,-12.216363129309123,-10.833060727911983,-12.322581055194926,-12.941178055777463
18,18_2,Focus,2,4,2.5,-11.339407133814376,-11.944301612757211,-11.068564414278402,-12.141387811939929,-12.92936227725522
18,18_2,Focus,2,5,3.0,-11.257543870551661,-12.092646732561903,-11.107813927406152,-12.305815736066524,-12.874227299477836
18,18_2,Focus,2,6,3.5,-11.445384345627122,-12.011842257086842,-11.033328192825289,-12.310134987998625,-12.891234557700555
18,18_2,Focus,2,7,4.0,-11.530467397741273,-11.784252370552439,-11.175222597197541,-12.229394429686899,-12.720410516836983
18,18_3,Focus,3,0,0.5,-11.486631488618515,-12.22804908520641,-11.645112047275076,-12.3624481923923,-12.941287313746304
18,18_3,Focus,3,1,1.0,-11.467881411901624,-12.049030492571948,-11.096820888809038,-12.36712405024635,-13.106997462180356
18,18_3,Focus,3,2,1.5,-11.202065083171393,-11.922458570171028,-11.276316127621058,-12.108410375933913,-12.947968804337766
18,18_3,Focus,3,3,2.0,-11.286747879495678,-11.892422125561904,-11.468913293135353,-12.252572329309137,-12.950124711619825
18,18_3,Focus,3,4,2.5,-11.242601910254649,-11.93749411549696,-11.459840280027839,-12.044688398659465,-12.960729746912696
18,18_3,Focus,3,5,3.0,-11.392632408712513,-11.867469893303852,-11.218219276157429,-12.202901782724592,-12.911343530450475
18,18_3,Focus,3,6,3.5,-11.301194879608483,-11.833580270020379,-11.255238720854752,-12.280317282369316,-12.976069279359997
18,18_3,Focus,3,7,4.0,-11.439309899081845,-11.861902735955773,-11.240301614244315,-12.472554190802903,-12.808783596275548
18,18_4,Focus,4,0,0.5,-11.745924757165156,-12.300585611585564,-11.109725696126665,-12.336092081877037,-12.79934923825087
18,18_4,Focus,4,1,1.0,-11.243856708405312,-11.839879447413107,-10.764052379615352,-12.067938176341917,-12.829581548107857
18,18_4,Focus,4,2,1.5,-11.390823086720921,-11.766097366677961,-10.969458149565133,-12.02567235739784,-12.794090166271712
18,18_4,Focus,4,3,2.0,-11.297470624296766,-11.720457625455884,-11.01932466035897,-12.243072406909548,-12.78349947336449
18,18_4,Focus,4,4,2.5,-11.429152617914408,-11.868331741132964,-11.195110619975376,-12.403440438193572,-12.876124023622392
18,18_4,Focus,4,5,3.0,-11.337212432318253,-11.642335116086167,-11.620455024326535,-12.597012559014425,-12.792659159323096
18,18_4,Focus,4,6,3.5,-11.604534815434132,-12.13627984712311,-11.374837121401594,-12.343731371495556,-13.033979946300237
18,18_4,Focus,4,7,4.0,-11.51985985463145,-11.906510249989651,-11.371504782808051,-12.375845388505763,-13.016817956271108
18,18_5,MW,5,0,0.5,-11.205359778065663,-12.019391135834415,-11.591518209542704,-12.354723214781641,-12.725628001313881
18,18_5,MW,5,1,1.0,-11.315355748043249,-11.983636369678484,-10.966297260695717,-12.203812332249404,-12.750794350292109
18,18_5,MW,5,2,1.5,-11.169662628110789,-12.34935464098901,-11.303107283973045,-12.325153661755632,-13.004026083563565
18,18_5,MW,5,3,2.0,-11.298524206437097,-12.184176196903051,-11.418014657704088,-12.453492375857989,-12.967354548297152
18,18_5,MW,5,4,2.5,-11.438064313361131,-12.203191207572226,-11.690534226709014,-12.552988364603493,-12.849238378820528
18,18_5,MW,5,5,3.0,-11.585031964399432,-12.124613970485457,-11.290734973825097,-12.491353996531418,-13.061733692883605
18,18_5,MW,5,6,3.5,-11.508038093003737,-11.96035991801978,-12.079012928293139,-12.423974889274623,-13.112315330904517
18,18_5,MW,5,7,4.0,-11.66711108725901,-12.118118397718828,-11.783646498697573,-12.514983774440553,-12.917473415499082
18,18_6,Focus,6,0,0.5,-11.646699256966006,-12.11566875483745,-11.300511688223303,-12.402302853502507,-12.918317942078502
18,18_6,Focus,6,1,1.0,-11.475653453612734,-12.115078772756858,-11.094182153831984,-12.378248280546767,-13.09321211589347
18,18_6,Focus,6,2,1.5,-11.183598388461107,-11.848977257857824,-10.963484316281836,-12.308497999730685,-13.130215378025435
18,18_6,Focus,6,3,2.0,-11.354683531886298,-12.129099730452468,-10.996529226582444,-12.304227338445497,-13.094463700079968
18,18_6,Focus,6,4,2.5,-11.578455905705852,-12.057930969088728,-11.247508994055572,-12.2161895069138,-12.983796534161426
18,18_6,Focus,6,5,3.0,-11.554118838085785,-12.000709897516806,-11.337331150332178,-12.495001571135287,-13.164076922689706
18,18_6,Focus,6,6,3.5,-11.460655767424075,-11.814015313984706,-10.913672544730726,-12.304096924849532,-13.061195679951332
18,18_6,Focus,6,7,4.0,-11.419998912635968,-11.942803535747672,-11.112650045907364,-12.303902878213465,-13.012620375408874
18,18_7,MW,7,0,0.5,-11.20579777211024,-12.059349612661745,-11.74481737530943,-12.578565375063272,-13.007909432864466
18,18_7,MW,7,1,1.0,-11.20036444154116,-12.269767486340163,-11.78417990275047,-12.652947392599241,-12.962556572018146
18,18_7,MW,7,2,1.5,-11.447087744040438,-11.799544693929157,-11.049507742245307,-12.385630023431238,-12.989972874691711
18,18_7,MW,7,3,2.0,-11.399690928542244,-12.018024786105062,-11.495869558554215,-12.472784472752176,-12.945784640133857
18,18_7,MW,7,4,2.5,-11.342945672425463,-12.284897399768713,-11.727112804198455,-12.505007681975739,-12.925428998847822
18,18_7,MW,7,5,3.0,-11.241764569113348,-12.025064096141534,-11.880167153577487,-12.45568714003798,-12.933377251034678
18,18_7,MW,7,6,3.5,-11.799192991263254,-12.220289922973048,-11.319734549662758,-12.410003587079883,-12.960311615836382
18,18_7,MW,7,7,4.0,-11.71361409645116,-12.093237024978292,-11.485727971215141,-12.396562921324273,-12.984510516704471
18,18_8,MW,8,0,0.5,-11.261922041667221,-12.021004823259265,-11.132523803797861,-12.073207767112345,-12.31607434310526
18,18_8,MW,8,1,1.0,-11.11596462902896,-11.542606858039761,-11.572084632655619,-11.903682565828332,-11.84429499645286
18,18_8,MW,8,2,1.5,-11.004798741918735,-11.925734816005075,-11.006994165974985,-11.983872997224942,-11.906037224322374
18,18_8,MW,8,3,2.0,-11.331659767454898,-11.961248077502495,-11.33928287320289,-12.115530802188056,-12.368964257801007
18,18_8,MW,8,4,2.5,-11.296075966439473,-11.701968761459742,-10.898652884475593,-12.083747643758393,-12.549024818931397
18,18_8,MW,8,5,3.0,-11.440439320086917,-11.525432292594616,-11.051982686066774,-12.187752876903359,-12.608297764040415
18,18_8,MW,8,6,3.5,-11.45968544918905,-12.019711257806684,-11.243541690076288,-12.397934041094894,-12.637399412467675
18,18_8,MW,8,7,4.0,-11.215346727611509,-12.056681057653986,-10.935345247054252,-12.289507257547797,-12.779759401532777
18,18_9,Focus,9,0,0.5,-11.240504555592658,-12.174452490186498,-11.141370454661192,-12.153643685289925,-12.735746314465967
18,18_9,Focus,9,1,1.0,-11.065193798978699,-12.020225763974292,-10.963815280271403,-12.119736361888599,-12.760327708441368
18,18_9,Focus,9,2,1.5,-11.59245656531299,-12.02185054522829,-11.245876504542062,-12.414121169003506,-12.806919751841615
18,18_9,Focus,9,3,2.0,-11.503963990601413,-11.731041271371918,-11.11325487232467,-12.223523143374988,-12.775876956172553
18,18_9,Focus,9,4,2.5,-11.166746857756719,-11.722962586141781,-11.471781636413178,-12.278704155243949,-12.713176203480494
18,18_9,Focus,9,5,3.0,-11.178994753376664,-11.952694647082113,-11.108314956895773,-12.324855761515398,-12.820659021159738
18,18_9,Focus,9,6,3.5,-11.483487392675418,-11.781225896129236,-11.436624110647735,-12.231798879763815,-12.745152400359977
18,18_9,Focus,9,7,4.0,-11.318035310151044,-11.894683205927283,-11.31250303285194,-12.223759146659441,-12.742125273670736
18,18_10,MW,10,0,0.5,-11.36951994086148,-11.83483407606293,-11.088642729300082,-11.952596415167513,-12.12444033722068
18,18_10,MW,10,1,1.0,-11.015298016372656,-11.539817243898698,-11.124189161749264,-11.445169587545953,-11.3182784343379
18,18_10,MW,10,2,1.5,-11.40025060147454,-11.973708914090285,-11.34787095213847,-11.934874036353182,-11.739675066775632
18,18_10,MW,10,3,2.0,-11.078390856984871,-11.615166363208404,-11.160446983151056,-12.00471401533388,-11.976044720651167
18,18_10,MW,10,4,2.5,-11.335599227488132,-11.87116580933857,-11.20658247041993,-12.144558677484524,-12.007367235515604
18,18_10,MW,10,5,3.0,-11.00426983196999,-11.876700252660745,-11.060594639526805,-11.934766146962826,-11.787964209598671
18,18_10,MW,10,6,3.5,-11.230547051971628,-12.18369524965519,-11.415767960902842,-12.208906807289802,-12.159794681678411
18,18_10,MW,10,7,4.0,-11.371851220484057,-12.162850386010666,-11.12067785203551,-12.117516220804902,-12.590839606625742
18,18_11,Focus,11,0,0.5,-11.285364906541151,-12.053467206181157,-11.908599623292032,-12.324104816245649,-12.774576246547054
18,18_11,Focus,11,1,1.0,-11.544932249777355,-12.422611545165696,-12.387169937955814,-12.596630020803815,-12.847590191457114
18,18_11,Focus,11,2,1.5,-11.640002975948525,-12.331634226141682,-12.110050447915018,-12.553471249541266,-12.59401258502367
18,18_11,Focus,11,3,2.0,-11.511641555153043,-12.31732331835425,-12.15784489642375,-12.584240555113658,-12.678460795970247
18,18_11,Focus,11,4,2.5,-11.4321179610689,-12.219576842324916,-12.363601231550483,-12.346689254620287,-12.738707480719398
18,18_11,Focus,11,5,3.0,-11.738049935035795,-12.182153079417105,-11.752378388205685,-12.364349113000449,-12.715468867027738
18,18_11,Focus,11,6,3.5,-11.742125956182678,-11.949590640781224,-11.78545553218265,-12.407609463786041,-12.788195889200557
18,18_11,Focus,11,7,4.0,-11.629441190994635,-12.219914489123934,-11.045007315772136,-12.269548297945539,-12.873614724434388
18,18_12,Focus,12,0,0.5,-11.512889042433407,-12.311593787522865,-11.466856192645833,-12.47708000225584,-12.732929037022284
18,18_12,Focus,12,1,1.0,-11.526769184013919,-12.10785189590022,-11.358842273094503,-12.413171606669371,-12.73574316587025
18,18_12,Focus,12,2,1.5,-11.540850665194045,-11.874911855087891,-11.533231509864123,-12.404454301599188,-12.649896017965744
18,18_12,Focus,12,3,2.0,-11.47418875627619,-12.231225924494504,-11.924578213807475,-12.325071114755954,-12.8151396805708
18,18_12,Focus,12,4,2.5,-11.42147613755831,-12.291921828511892,-11.640358825616836,-12.443815509486926,-12.741085142345787
18,18_12,Focus,12,5,3.0,-11.46076388199931,-12.042518202151994,-11.337857443560077,-12.349302792376127,-12.790752544063844
18,18_12,Focus,12,6,3.5,-11.249376295594931,-12.168017420396723,-10.990014654146126,-12.424472080747638,-12.764544074528411
18,18_12,Focus,12,7,4.0,-11.685098455722908,-12.234122416106556,-11.673866195304502,-12.529362089910418,-12.75614457862442
18,18_13,Focus,13,0,0.5,-11.756223539154131,-12.21386993116375,-12.113978707821776,-12.584251108337037,-12.947953074766854
18,18_13,Focus,13,1,1.0,-11.59034559255217,-12.366108222178157,-12.11497325925557,-12.670682343531068,-12.960100774715816
18,18_13,Focus,13,2,1.5,-11.561706174229633,-12.138866199711948,-12.205342258449814,-12.456044588882952,-12.81418353833423
18,18_13,Focus,13,3,2.0,-11.427071113782263,-11.922994502882991,-12.126013614931335,-12.474654807632842,-12.9353100059546
18,18_13,Focus,13,4,2.5,-11.115043799485615,-12.080433819665592,-11.841314569266466,-12.655287550156343,-12.895747159219866
18,18_13,Focus,13,5,3.0,-11.48626920744197,-12.031445596919028,-11.123688373573346,-12.256372196986677,-12.737139201489754
18,18_13,Focus,13,6,3.5,-11.263108654217344,-11.994622819569207,-11.23173455847565,-12.041068101882985,-12.683032005536013
18,18_13,Focus,13,7,4.0,-11.570617602528639,-12.113737584494038,-11.144179982480502,-12.28523694554274,-12.747303996003334
18,18_14,Focus,14,0,0.5,-11.452290504829833,-11.893914364527971,-11.364684770093714,-12.509362824433717,-12.733650956224523
18,18_14,Focus,14,1,1.0,-11.284350943809047,-11.455686137368764,-11.25819309341679,-12.251674875271242,-12.578530831022901
18,18_14,Focus,14,2,1.5,-11.338973147710112,-11.845734820088165,-11.482622278955494,-12.17145724397852,-12.66274378497508
18,18_14,Focus,14,3,2.0,-11.636864204356591,-11.996961369380779,-11.036024203292751,-12.229658151488765,-12.737494658879653
18,18_14,Focus,14,4,2.5,-11.425718875612034,-11.742023567162217,-11.476860393346104,-12.445738587587593,-12.711257012762909
18,18_14,Focus,14,5,3.0,-11.575464770211031,-11.908543067998169,-11.25564046546731,-12.388588621888424,-12.674060872812534
18,18_14,Focus,14,6,3.5,-11.389447264058438,-11.678044079305886,-11.006677564956348,-12.262377238743598,-12.600168498796577
18,18_14,Focus,14,7,4.0,-11.449484460751103,-11.956478070809343,-11.23614577518695,-12.387024237585623,-12.685088932107353
18,18_15,MW,15,0,0.5,-11.421528108743432,-11.93723915053781,-11.259778610770585,-12.527048095577323,-12.849492001511875
18,18_15,MW,15,1,1.0,-11.29368629443759,-11.842760696976889,-11.153427970460545,-12.244240023935438,-12.810850102315635
18,18_15,MW,15,2,1.5,-11.579797426544637,-11.960948761489448,-11.485979515325893,-12.369503821583248,-12.799341449772935
18,18_15,MW,15,3,2.0,-11.488208910545275,-11.909375336729388,-11.57926216271046,-12.433438534818508,-12.803551820974578
18,18_15,MW,15,4,2.5,-11.175594271770226,-11.9632528435473,-11.269083130388838,-12.37731870051113,-12.841254852909044
18,18_15,MW,15,5,3.0,-11.090749631787391,-11.755348659935613,-11.301122819099957,-12.410992353363934,-12.791277074982935
18,18_15,MW,15,6,3.5,-11.546753617757165,-12.009322311907377,-11.240843457715275,-12.403221453692563,-12.707099862064915
18,18_15,MW,15,7,4.0,-11.65321950976111,-11.992519897376853,-11.3572848475179,-12.42633440181387,-12.757066699694544
18,18_16,Focus,16,0,0.5,-11.280660022435788,-12.079356689998402,-12.023375756768127,-12.46816842476581,-12.931603491906667
18,18_16,Focus,16,1,1.0,-11.631553872096298,-12.306956727913692,-11.853669010124706,-12.379190908943956,-12.846713488237492
18,18_16,Focus,16,2,1.5,-11.737504414223212,-11.960821758274953,-11.02467337758148,-12.352405715276142,-12.940035708207164
18,18_16,Focus,16,3,2.0,-11.294118187415087,-11.82785249869412,-10.988657108088955,-12.057237372531524,-12.843429120059643
18,18_16,Focus,16,4,2.5,-11.450348230133898,-11.719334578323128,-11.037934862745397,-12.199343630823899,-12.799421573138025
18,18_16,Focus,16,5,3.0,-11.479100353324842,-12.113084972986858,-11.386900908785167,-12.507235992976517,-12.834671143107123
18,18_16,Focus,16,6,3.5,-11.481432775586766,-12.239710257935414,-11.383606908049115,-12.372750270107145,-12.992621139294389
18,18_16,Focus,16,7,4.0,-11.188426419269494,-12.237197371481612,-11.162921944609227,-12.381755440802188,-12.803153061012384
18,18_17,MW,17,0,0.5,-11.28288883683499,-11.572209225152134,-11.193906612230771,-12.094748062838939,-12.748342359137238
18,18_17,MW,17,1,1.0,-11.319540537054028,-11.851582031295584,-11.094380804916645,-12.221910831022313,-12.730143723061465
18,18_17,MW,17,2,1.5,-11.552841709223104,-11.832699613709865,-11.248580899315373,-12.212207914953822,-12.733131522317414
18,18_17,MW,17,3,2.0,-11.406285830396232,-11.968360450391847,-11.027941557742881,-12.179256208748578,-12.673720521411395
18,18_17,MW,17,4,2.5,-11.425525288622252,-12.007627619978381,-11.057128194312325,-12.328977244468149,-12.850143761851546
18,18_17,MW,17,5,3.0,-11.505047118903727,-11.906080503627305,-11.019871358916951,-12.20681877049177,-12.822287319165474
18,18_17,MW,17,6,3.5,-11.325725005603829,-11.977846914293837,-11.150890889019285,-12.146655769978487,-12.739665404338563
18,18_17,MW,17,7,4.0,-11.223584071456754,-11.973127384551312,-11.040921362598608,-12.283900638529872,-12.802464608757276
18,18_18,MW,18,0,0.5,-11.317114816372756,-11.954709901030762,-11.216421681923668,-12.308540475467781,-12.856774264976188
18,18_18,MW,18,1,1.0,-11.488230710414763,-12.014400178602367,-11.239681199021122,-12.59329305878369,-13.050626194878799
18,18_18,MW,18,2,1.5,-11.90654671402681,-12.00659671893142,-11.529254762606978,-12.549551370452757,-12.897038201320784
18,18_18,MW,18,3,2.0,-11.395237481012845,-11.92324595748932,-11.121059578778505,-12.484813605140356,-12.9829646049308
18,18_18,MW,18,4,2.5,-11.434882959022298,-11.908079781645924,-10.949311373767362,-12.403239377573785,-12.986551448815993
18,18_18,MW,18,5,3.0,-11.759029590182955,-12.005953395990062,-11.232652856378706,-12.394099357805889,-12.975207102225161
18,18_18,MW,18,6,3.5,-11.454076194214583,-12.129762619512594,-11.376064244816597,-12.381040775233288,-13.002799673264695
18,18_18,MW,18,7,4.0,-11.688568999296661,-12.152785181502402,-12.166786384423038,-12.492321446669692,-13.025305852649124
18,18_19,Focus,19,0,0.5,-11.683030576592738,-11.639886930041262,-10.990927368519557,-12.32230016719114,-12.591102523420027
18,18_19,Focus,19,1,1.0,-11.47476904852492,-11.90414557277782,-10.955953327145812,-12.256855837120822,-12.754747807097365
18,18_19,Focus,19,2,1.5,-11.418237234052416,-12.199147129089665,-11.700121129551702,-12.416698708300887,-12.83563226320508
18,18_19,Focus,19,3,2.0,-11.340468308341086,-12.020795949575824,-11.863049149474138,-12.662545751218435,-12.989285213010723
18,18_19,Focus,19,4,2.5,-11.452968794407699,-12.073685450026636,-12.079263903881744,-12.373912977145606,-12.833099859506415
18,18_19,Focus,19,5,3.0,-11.373468600793755,-12.088806225296034,-11.475640914817042,-12.320829019211438,-12.867663235086477
18,18_19,Focus,19,6,3.5,-11.279981250435084,-12.122533944597654,-11.342224218656991,-12.455646845067665,-12.94640700510002
18,18_19,Focus,19,7,4.0,-11.77552811112732,-12.149959048025828,-11.561558969992818,-12.36301368856781,-12.881735679597705
18,18_20,Focus,20,0,0.5,-11.423673919642034,-11.655704694906538,-11.377691190956893,-12.177463549950112,-12.769711212425435
18,18_20,Focus,20,1,1.0,-11.55557197957286,-12.204968916682766,-11.520389553283469,-12.353072029724371,-12.767045386553512
18,18_20,Focus,20,2,1.5,-11.480486269872856,-11.898492397947878,-11.073710506093251,-12.35900948904277,-12.896461624444067
18,18_20,Focus,20,3,2.0,-11.716160973256015,-12.047020741014194,-11.343272555177887,-12.196653835643884,-12.890065254869462
18,18_20,Focus,20,4,2.5,-11.723557722588273,-11.798916696627616,-11.275465848793703,-12.206305581280187,-12.814421012852463
18,18_20,Focus,20,5,3.0,-11.555722541414005,-11.730022496590289,-11.083138812554282,-12.246938389278917,-12.793029174507026
18,18_20,Focus,20,6,3.5,-11.486441760489475,-11.901477758546669,-11.386085154758282,-12.46841778487725,-12.845514108040204
18,18_20,Focus,20,7,4.0,-11.600741046215038,-11.85526853128809,-11.413625524334172,-12.305001635919007,-12.875486252318764
18,18_21,MW,21,0,0.5,-11.493972732584762,-12.116056930181315,-11.984674610540878,-12.466433841008813,-12.842355750744236
18,18_21,MW,21,1,1.0,-11.564550050067922,-11.972621900175792,-11.936392320697896,-12.401398318700235,-12.9428900677036
18,18_21,MW,21,2,1.5,-11.25628406665487,-12.041979247484432,-11.765684518694677,-12.115963793029444,-12.84557815059632
18,18_21,MW,21,3,2.0,-11.493578969664012,-11.97895434655296,-11.179334921126511,-12.065627737266293,-12.821255138720957
18,18_21,MW,21,4,2.5,-11.273461821325164,-12.000478321564922,-11.303908838232864,-12.208352341319781,-12.713413101668875
18,18_21,MW,21,5,3.0,-11.403309697806634,-11.883763358893328,-11.099223413573275,-12.303618756619304,-12.876075453235824
18,18_21,MW,21,6,3.5,-11.27685964168431,-11.890602522482212,-11.083306896168855,-12.11272492972383,-12.762095724232516
18,18_21,MW,21,7,4.0,-11.423633947935848,-11.911105520764728,-10.715323991832673,-12.021247261218138,-12.774764895987065
18,18_22,MW,22,0,0.5,-11.33674896858586,-11.952899235616234,-10.881834178871257,-12.192539159819349,-12.754831020841602
18,18_22,MW,22,1,1.0,-11.413985083289996,-11.874930806625882,-11.796045431355717,-12.402139166518019,-12.868756573380864
18,18_22,MW,22,2,1.5,-11.353103353356454,-12.150964361694603,-11.16921003648396,-12.365330268995399,-12.977123704653723
18,18_22,MW,22,3,2.0,-11.449175449453122,-11.918804708761495,-11.419157767768587,-12.297974865967209,-12.955795199059699
18,18_22,MW,22,4,2.5,-11.571177815291973,-12.208080962806875,-11.052401622417134,-12.487597230156796,-12.99510838879096
18,18_22,MW,22,5,3.0,-11.440584060096885,-11.860914908036273,-11.200727409252838,-12.375539403138163,-13.019927605558754
18,18_22,MW,22,6,3.5,-11.448994767934957,-11.540668497813325,-11.147241074505606,-12.105687422974052,-12.860998112871572
18,18_22,MW,22,7,4.0,-11.453510573444984,-11.747726840924253,-11.468440493053741,-12.270190939316164,-13.000273268664031
18,18_23,Focus,23,0,0.5,-11.51601714374888,-12.003063729461942,-12.206388288583096,-12.788849631590788,-13.094787906214227
18,18_23,Focus,23,1,1.0,-11.815847894940422,-12.035469626027657,-12.226609493794257,-12.490921768392775,-12.830099909789343
18,18_23,Focus,23,2,1.5,-11.712177149693046,-11.892623161192025,-11.612349823770291,-12.41452308516694,-12.878158125524093
18,18_23,Focus,23,3,2.0,-11.617396807326443,-12.003837640950866,-11.081048274349206,-12.311499812917804,-12.832429135815351
18,18_23,Focus,23,4,2.5,-11.384507463349339,-11.91268651953325,-11.568811406933788,-12.147009611246048,-12.924083216478996
18,18_23,Focus,23,5,3.0,-11.237127037571813,-11.786566045352352,-11.940007443549204,-12.615503564003705,-13.160435262345365
18,18_23,Focus,23,6,3.5,-11.481046429857201,-12.191826278249762,-12.146119061385264,-12.443589467884882,-12.951878619640626
18,18_23,Focus,23,7,4.0,-11.484690368985262,-12.016142157551155,-12.035696506549169,-12.412759626422183,-12.9233446659111
18,18_24,Focus,24,0,0.5,-11.000586712793991,-11.84263999472405,-10.955276053544353,-12.346718932926976,-13.054475759092083
18,18_24,Focus,24,1,1.0,-11.054778611646286,-11.649353164905287,-10.879504901251662,-12.47143604318088,-12.983342126466319
18,18_24,Focus,24,2,1.5,-11.568823643735639,-11.800308796268833,-11.19649954766764,-12.401825923907168,-13.203015245350056
18,18_24,Focus,24,3,2.0,-11.761878794665463,-12.14079029401592,-11.174996327374862,-12.35468650110139,-13.09230380087256
18,18_24,Focus,24,4,2.5,-11.59977569085324,-12.02896572822714,-11.33208377490044,-12.605142599787506,-13.10182633533392
18,18_24,Focus,24,5,3.0,-11.819479752217726,-12.24988709059522,-11.229631821272582,-12.585183981369857,-13.017356162391193
18,18_24,Focus,24,6,3.5,-11.665440881625042,-12.135328453769102,-11.717310000631066,-12.436347166985234,-13.13329626481276
18,18_24,Focus,24,7,4.0,-11.321509993083584,-11.28694376144409,-10.944900339987134,-12.08799024250425,-12.934132223843934
18,18_25,MW,25,0,0.5,-11.387604826174286,-11.670990710783794,-11.138478690582572,-12.644978013811855,-13.172636909957411
18,18_25,MW,25,1,1.0,-11.355380521302731,-12.184711032755523,-11.899599501557447,-12.5996346865252,-13.137863805534822
18,18_25,MW,25,2,1.5,-11.56518222990192,-11.840382542687413,-11.102373289601209,-12.502428635883161,-13.10866810539229
18,18_25,MW,25,3,2.0,-11.388283124898157,-12.059489669866647,-11.290462438327731,-12.482184750940139,-13.07166436544318
18,18_25,MW,25,4,2.5,-11.245166643966227,-11.876437034486624,-11.44973798512016,-12.325300345776991,-13.086618676427014
18,18_25,MW,25,5,3.0,-11.414896240530664,-11.678900333100255,-10.656950319260337,-12.325780457269918,-13.112054912159826
18,18_25,MW,25,6,3.5,-11.379271149165513,-11.934904555149263,-10.89200259623022,-12.309105483644117,-13.18019591914315
18,18_25,MW,25,7,4.0,-11.384582916725616,-12.046797822989811,-11.063390654517992,-12.430656117106581,-13.175574722812657
18,18_26,MW,26,0,0.5,-11.461902461907801,-11.827586213477153,-11.022258718350946,-12.404179812987714,-13.021363672950788
18,18_26,MW,26,1,1.0,-11.279309090041249,-12.153496051351533,-11.686083887378828,-12.4060610420233,-13.025741977134633
18,18_26,MW,26,2,1.5,-11.616762449512391,-11.913615169887091,-11.112064226097464,-12.499721613294556,-13.003997375924964
18,18_26,MW,26,3,2.0,-11.665709894065136,-11.807935808011798,-11.436008427308664,-12.4116753553444,-13.099214415328657
18,18_26,MW,26,4,2.5,-11.317223069708483,-12.175028682640376,-10.914760745548676,-12.20245120443231,-13.069240490366
18,18_26,MW,26,5,3.0,-11.240102340507848,-11.808845485207558,-10.875750263029413,-12.168212606035713,-13.033218464509833
18,18_26,MW,26,6,3.5,-11.468946591969994,-12.061445133245245,-10.87836431407275,-12.322529067992615,-13.013181875735775
18,18_26,MW,26,7,4.0,-11.470515504758128,-11.991447529536755,-11.382269418311695,-12.39430338792205,-13.18769626951169
18,18_27,MW,27,0,0.5,-11.247591109052467,-11.808135591751858,-10.943057278126977,-12.297224420109345,-13.026254590175826
18,18_27,MW,27,1,1.0,-11.53496873886454,-12.1358518163712,-11.301668541974939,-12.567178348074801,-12.970926579350994
18,18_27,MW,27,2,1.5,-11.27380253665401,-11.932790437239834,-11.64238876742175,-12.511295441236275,-12.93123073226943
18,18_27,MW,27,3,2.0,-11.383273894174724,-11.900877841392116,-10.940293856984239,-12.042095249285193,-12.06025478787862
18,18_27,MW,27,4,2.5,-11.227115658153345,-12.008526799134872,-11.0933066432449,-11.86059419553903,-11.89581082160694
18,18_27,MW,27,5,3.0,-11.268036782523199,-11.924889952202275,-10.970233403960433,-12.179803906935698,-12.184249380224044
18,18_27,MW,27,6,3.5,-11.384079139236704,-12.068629161886802,-11.128722765921735,-12.06068139325205,-12.17882354546608
18,18_27,MW,27,7,4.0,-11.43237535419815,-11.89461866596206,-11.066640758512685,-11.883914325878168,-11.897057557709326
18,18_28,MW,28,0,0.5,-10.991797494476906,-11.954507098061503,-11.462118828139523,-12.268996492990302,-13.088306236943874
18,18_28,MW,28,1,1.0,-11.607080181465923,-11.874129369010111,-11.229541855396471,-12.4783979667604,-13.128184621640406
18,18_28,MW,28,2,1.5,-11.613255921196417,-11.898840462710814,-11.462724585328846,-12.338938429438846,-13.080079034622567
18,18_28,MW,28,3,2.0,-11.329674216510078,-11.969570553003551,-11.214032781627084,-12.274483801003102,-13.003256271231
18,18_28,MW,28,4,2.5,-10.886369462482612,-11.81575116882259,-10.94135051228688,-12.153163711772129,-13.090198567021055
18,18_28,MW,28,5,3.0,-11.124619409945316,-11.861856572532005,-11.791365681976249,-12.480383519918101,-13.158368604672468
18,18_28,MW,28,6,3.5,-11.714648312313395,-11.978353508157438,-11.21727754820479,-12.299757247101239,-12.894255963934768
18,18_28,MW,28,7,4.0,-11.583923171893879,-12.032207906955565,-11.177384295934633,-12.58820029655435,-13.173074341251457
18,18_29,MW,29,0,0.5,-11.730088998277248,-11.753508823100992,-11.122613752116592,-12.14883551391231,-13.09172475641388
18,18_29,MW,29,1,1.0,-11.661914036871993,-11.897287493110698,-11.241624878651074,-12.33696612841165,-13.070614612980991
18,18_29,MW,29,2,1.5,-11.595806598957349,-12.059877646879274,-11.070904956995227,-12.309568860451598,-13.15452868213578
18,18_29,MW,29,3,2.0,-11.460560678425187,-11.935604076434183,-11.073771242089164,-12.471690216300392,-13.18177375588932
18,18_29,MW,29,4,2.5,-11.456751096535651,-12.018196553671286,-11.324218697877264,-12.541319922336703,-13.133313295413995
18,18_29,MW,29,5,3.0,-11.4150160837657,-11.893360117935742,-10.916665195785411,-12.166321680858147,-12.96637984706571
18,18_29,MW,29,6,3.5,-11.556397880748595,-11.902347328499173,-11.239255262027555,-12.25186250429295,-13.088254093227158
18,18_29,MW,29,7,4.0,-11.398942230815363,-11.999526877049016,-11.28780294166171,-12.20626856347805,-13.085610718453331
18,18_30,MW,30,0,0.5,-11.348918094071687,-11.880998849529734,-10.902572484361736,-12.236223551775332,-13.041235717287991
18,18_30,MW,30,1,1.0,-11.553256020362054,-12.21614875457501,-11.189438341953965,-12.263140433766512,-13.073878487197964
18,18_30,MW,30,2,1.5,-11.31913097324582,-11.907691715263203,-10.991039740137994,-12.318704098404853,-13.000855439919766
18,18_30,MW,30,3,2.0,-11.543845770687927,-12.253087389168078,-11.085677805154507,-12.337125631404835,-13.06070800028198
18,18_30,MW,30,4,2.5,-11.33363834922519,-11.585031726787967,-11.231749683941398,-12.191828632956481,-13.060591455106904
18,18_30,MW,30,5,3.0,-11.448935252632065,-12.139426517220329,-11.126109607901318,-12.433341839221924,-13.001643293827492
18,18_30,MW,30,6,3.5,-11.3962949892097,-11.83446451614657,-11.075810641322724,-12.469215481510826,-12.908351169843433
18,18_30,MW,30,7,4.0,-11.098027528453814,-12.003309907882295,-11.287920344450425,-12.490181555382803,-13.1214946902899
18,18_31,Focus,31,0,0.5,-11.598604802734886,-11.908337162384143,-11.220501618916892,-12.387786606285712,-12.912255126512253
18,18_31,Focus,31,1,1.0,-11.554323476853662,-12.264705764591016,-11.251746893966331,-12.517968045274525,-13.016646158064944
18,18_31,Focus,31,2,1.5,-11.587382249264817,-12.191669134729523,-11.214441612773944,-12.47349369049438,-12.944004323131761
18,18_31,Focus,31,3,2.0,-11.385049931961367,-11.998074114584957,-11.385966022885114,-12.297982845586565,-13.053117541341845
18,18_31,Focus,31,4,2.5,-11.65182111969975,-11.886248655099829,-11.240757678735479,-12.506308982931916,-13.006979416868374
18,18_31,Focus,31,5,3.0,-11.379129601873446,-12.103173617266693,-11.38757017101601,-12.556841396149444,-13.01158434834535
18,18_31,Focus,31,6,3.5,-11.528613421061062,-12.143866957203633,-11.471251016840228,-12.63500105845291,-12.917875500145728
18,18_31,Focus,31,7,4.0,-11.328515344378784,-11.652400823067504,-11.093959206354402,-12.381813250619551,-13.037232914811115
18,18_32,MW,32,0,0.5,-11.387769398195404,-11.958689286341416,-11.721209732760432,-12.51740982941635,-12.98887810258196
18,18_32,MW,32,1,1.0,-11.428979153257321,-11.973140703850529,-11.477197925627264,-12.463920731811484,-13.01448696845023
18,18_32,MW,32,2,1.5,-11.740639748725151,-12.022705236225987,-11.69513734979024,-12.451603791673094,-12.987124589046458
18,18_32,MW,32,3,2.0,-11.345083355870136,-12.330503259759166,-12.002444343547715,-12.480690379643557,-12.934579808339599
18,18_32,MW,32,4,2.5,-11.647687295972174,-12.169111379107644,-11.0983489465568,-12.295006292804356,-12.805162578224573
18,18_32,MW,32,5,3.0,-11.611484136317479,-11.878575638830267,-11.111748919488928,-12.129350062896227,-12.678884915999467
18,18_32,MW,32,6,3.5,-11.451254171780764,-11.969268644237964,-11.112322733581305,-12.143198914920049,-12.730480184175052
18,18_32,MW,32,7,4.0,-11.186489455934364,-11.787707111593102,-11.124986610495737,-12.252592937419571,-12.919833341115645
18,18_33,MW,33,0,0.5,-11.279736690231298,-12.030950148803198,-12.244981439139986,-12.743891909402505,-12.919840499118473
18,18_33,MW,33,1,1.0,-11.017555872658983,-11.831390781167807,-11.711552609515946,-12.411501543537558,-12.848442271071328
18,18_33,MW,33,2,1.5,-10.924802149279353,-11.664877333661757,-11.33895450465969,-12.270642727808811,-12.845452883790706
18,18_33,MW,33,3,2.0,-11.443230473836511,-12.129774218458298,-11.402384940608615,-12.470301476539422,-12.9514908214753
18,18_33,MW,33,4,2.5,-11.633225729347036,-12.017486211370311,-11.491174547344643,-12.29315109127751,-13.071144473793023
18,18_33,MW,33,5,3.0,-11.62913488705557,-12.06251766531519,-11.581763276842844,-12.620077071909186,-12.993017815827566
18,18_33,MW,33,6,3.5,-11.500485185879317,-11.982277196517778,-11.757683078419316,-12.377280169793146,-12.893184155770724
18,18_33,MW,33,7,4.0,-11.460266614840046,-11.853080161176948,-11.891244890736285,-12.573485021129319,-13.07893854787556
18,18_34,Focus,34,0,0.5,-11.358080428111464,-12.213100386816128,-12.120304702157577,-12.5415152272344,-12.994828342061725
18,18_34,Focus,34,1,1.0,-11.32569065632402,-12.434000290361114,-11.838640003892287,-12.536540878327076,-13.048149036611498
18,18_34,Focus,34,2,1.5,-11.67540008178823,-12.368757543362198,-12.263996330563558,-12.708561787643687,-13.10894322664473
18,18_34,Focus,34,3,2.0,-11.55247991093171,-12.281610800808823,-12.452748479724672,-12.69605948238243,-13.284900683683531
18,18_34,Focus,34,4,2.5,-11.621734766442806,-12.035454740211964,-12.10240147041841,-12.430053079907093,-13.058418888309335
18,18_34,Focus,34,5,3.0,-11.16823083509421,-12.143636221233388,-12.094337634560809,-12.538776039869072,-13.054194016295469
18,18_34,Focus,34,6,3.5,-11.514959857621287,-12.12968538215581,-11.783159932268564,-12.51498679090351,-13.028815331059526
18,18_34,Focus,34,7,4.0,-11.636002850280665,-12.191264040008296,-11.211021908507062,-12.426352508299205,-12.993559575184824
18,18_35,MW,35,0,0.5,-11.386207965596103,-11.840084196310114,-11.47017325152251,-12.54199499645123,-12.995212889638955
18,18_35,MW,35,1,1.0,-11.64643697780508,-11.762364223057578,-11.334362483433285,-12.441157003399322,-12.956461105520749
18,18_35,MW,35,2,1.5,-11.598840052348514,-12.18695597872891,-11.520710445775173,-12.5873240727344,-12.785693227763202
18,18_35,MW,35,3,2.0,-11.612402692461693,-11.879865040254902,-11.133167028863358,-12.345567041553629,-13.013312147279047
18,18_35,MW,35,4,2.5,-11.419338876702868,-12.195964474453186,-11.415315923111262,-12.163679101848004,-12.875731401660365
18,18_35,MW,35,5,3.0,-11.510290396723354,-11.79508151641083,-11.579912329027918,-12.46108409437757,-12.899385473098699
18,18_35,MW,35,6,3.5,-11.558462690725172,-12.006453845836077,-10.937807252961214,-12.421671586789998,-12.859249665972424
18,18_35,MW,35,7,4.0,-11.899952991258884,-12.144680456348043,-11.818980297648224,-12.472575808510499,-12.968075471895968
18,18_36,Focus,36,0,0.5,-11.382616453574288,-11.65890698250769,-11.051525498526637,-12.245222791185837,-12.923575749074908
18,18_36,Focus,36,1,1.0,-11.258527816930474,-11.63929469156096,-10.761651036376023,-11.997834168833663,-12.969393938704622
18,18_36,Focus,36,2,1.5,-11.398701936843628,-12.239214517219022,-10.96681785512725,-12.332643004268554,-12.975269855257768
18,18_36,Focus,36,3,2.0,-11.212771864182258,-11.886140255355865,-11.364163564543327,-12.30441971975436,-12.97265219709224
18,18_36,Focus,36,4,2.5,-11.705899674629638,-11.676753721809972,-11.09277696695561,-12.302157467677429,-12.912612243152118
18,18_36,Focus,36,5,3.0,-11.309518897758974,-11.792487125007769,-10.790886506441433,-12.427498832285842,-13.003122689413408
18,18_36,Focus,36,6,3.5,-11.138801011657893,-11.79058280966788,-11.073677911903271,-12.233328361834367,-12.912963195208203
18,18_36,Focus,36,7,4.0,-11.374972524850392,-11.907216106963869,-11.006253801259136,-12.46131549906956,-12.930951368577771
18,18_37,Focus,37,0,0.5,-11.271823874701784,-11.905219072255983,-11.082082787152439,-12.474156600804749,-12.979822732914
18,18_37,Focus,37,1,1.0,-10.812539355304354,-11.582977778375277,-11.081388622484921,-12.299881174000818,-12.943756133323035
18,18_37,Focus,37,2,1.5,-11.660402905657593,-12.131752030522016,-11.072240366669348,-12.372611742053657,-13.029101919260437
18,18_37,Focus,37,3,2.0,-11.683461010990078,-12.078614842302317,-10.870647234697232,-12.28532860063487,-13.04244573215177
18,18_37,Focus,37,4,2.5,-11.667344246158502,-11.981083766688025,-11.185442132358398,-12.502173222297895,-12.991523031264537
18,18_37,Focus,37,5,3.0,-11.493150799336027,-11.812099872351263,-10.900282854187573,-12.447971439482917,-12.866147129208777
18,18_37,Focus,37,6,3.5,-11.586238150153624,-12.050144192435928,-11.265148859581696,-12.50426126507753,-12.9256433997407
18,18_37,Focus,37,7,4.0,-11.722784405910227,-11.68725250169455,-10.9599414205858,-12.301032158092143,-12.827930813648438
18,18_38,Focus,38,0,0.5,-11.695600294497071,-12.130137251638198,-10.831860931337175,-12.447164980442384,-13.089545402687738
18,18_38,Focus,38,1,1.0,-11.274715955585739,-11.891139384905735,-11.068994120732835,-12.313240695037244,-12.957819385106141
18,18_38,Focus,38,2,1.5,-11.334955684761495,-11.850478417223478,-11.156442421730292,-12.31249992282727,-12.96063031384038
18,18_38,Focus,38,3,2.0,-11.610233838515908,-11.728250970209505,-11.073462469948192,-12.39069562125092,-12.942649384638242
18,18_38,Focus,38,4,2.5,-11.49041402910739,-11.783371886594939,-11.4561447036866,-12.32794596444976,-13.075681765553007
18,18_38,Focus,38,5,3.0,-11.562874508496918,-12.11182688337923,-11.198711521538831,-12.257667337842577,-13.115683251185645
18,18_38,Focus,38,6,3.5,-11.406185306273565,-12.260547676033257,-11.4619865204248,-12.472831200075959,-13.155134314273198
18,18_38,Focus,38,7,4.0,-11.438751137942736,-12.313774968850476,-11.892069703256933,-12.427908797121995,-13.10044880279402
18,18_39,Focus,39,0,0.5,-11.484800599949498,-11.893401270488319,-11.160988595781273,-12.35371351674515,-13.059358691873518
18,18_39,Focus,39,1,1.0,-11.87597526274175,-12.050851300996547,-10.856549208519029,-12.371345657246714,-13.102751120608708
18,18_39,Focus,39,2,1.5,-11.504694049741856,-11.792841494466563,-11.182018456433514,-12.346055888571579,-13.083409974128248
18,18_39,Focus,39,3,2.0,-11.47557792124326,-11.743675447606762,-10.810619383468348,-12.247774356346222,-12.925604695857308
18,18_39,Focus,39,4,2.5,-11.387523378864046,-11.704600707437663,-11.149585534340433,-12.29276846538788,-12.905774677468195
18,18_39,Focus,39,5,3.0,-11.70406223351774,-11.951774889777521,-11.117333051569585,-12.332295766385913,-12.923004776161303
18,18_39,Focus,39,6,3.5,-11.573309067457759,-12.366720704253494,-11.430594154202655,-12.509124993015888,-13.011157574148177
18,18_39,Focus,39,7,4.0,-11.242717590923895,-11.434120620332761,-11.049211723141308,-12.318023960078474,-12.952729493609693
19,19_0,Focus,0,0,0.5,-11.459028794354955,-11.876698353778872,-11.285205724547097,-13.071828377846273,-13.708672776778089
19,19_0,Focus,0,1,1.0,-11.803058574381327,-12.03914843113833,-11.128047971026557,-12.968847370302647,-13.66425361247964
19,19_0,Focus,0,2,1.5,-11.855097716458953,-11.924663037610955,-11.239310785538715,-12.829138129974952,-13.640561290492785
19,19_0,Focus,0,3,2.0,-12.053445430380892,-12.222445324390184,-11.271813072251183,-12.816576744201656,-13.636339873417663
19,19_0,Focus,0,4,2.5,-12.085404342595307,-11.876034389293599,-11.109906321969792,-13.052771861082745,-13.768173687692057
19,19_0,Focus,0,5,3.0,-11.519499785711302,-11.865868056451088,-11.20337327497085,-13.090345254118603,-13.772973057186062
19,19_0,Focus,0,6,3.5,-11.720872358037806,-12.090206817554355,-11.215099747449665,-12.828049359121204,-13.664634375849511
19,19_0,Focus,0,7,4.0,-11.963792099449224,-11.826627956839287,-11.171961002928608,-12.697070629211266,-13.565586323431484
19,19_1,Focus,1,0,0.5,-12.192374713887764,-12.107910232486915,-11.57786037463831,-13.035274898723797,-13.79906595890745
19,19_1,Focus,1,1,1.0,-11.960702668375616,-12.09357844889928,-11.073306487773804,-12.832234655339303,-13.77287654190148
19,19_1,Focus,1,2,1.5,-12.047114814019482,-12.306203837737621,-11.47230455564981,-12.864303328683555,-13.733357060870471
19,19_1,Focus,1,3,2.0,-12.182606620798886,-12.639898507840709,-11.417556205315874,-13.02276361051452,-13.74701275552309
19,19_1,Focus,1,4,2.5,-11.996337486538314,-12.546328435694603,-11.73634176990099,-13.048549220359073,-13.767544683695572
19,19_1,Focus,1,5,3.0,-11.84587785354827,-12.174107801605343,-11.249478522513737,-12.74850172126283,-13.731883777202817
19,19_1,Focus,1,6,3.5,-11.81215186891468,-12.673834914583226,-11.32644790018386,-12.93294168999531,-13.666560245300484
19,19_1,Focus,1,7,4.0,-11.829462556376509,-11.960854253158914,-11.193839975949796,-12.993432929435004,-13.628440148766677
19,19_2,MW,2,0,0.5,-12.23369387875952,-12.481902089381078,-11.074698295229616,-12.810889253407518,-13.669405109023401
19,19_2,MW,2,1,1.0,-11.570627824402518,-12.295416235419493,-11.321492692615427,-12.987199933450908,-13.743770325829036
19,19_2,MW,2,2,1.5,-11.11301682865832,-12.115729872238516,-10.987984735143312,-12.851857899177807,-13.537639652531599
19,19_2,MW,2,3,2.0,-11.62632741870293,-12.151101619615488,-11.299814443432465,-13.01460813045962,-13.85980037302155
19,19_2,MW,2,4,2.5,-11.595598252176398,-12.086986476819146,-11.287290065931126,-12.88720021041864,-13.672129721565474
19,19_2,MW,2,5,3.0,-11.78148178025081,-12.142822368861905,-11.291178008936383,-12.84614770811664,-13.802902208371274
19,19_2,MW,2,6,3.5,-11.933001719251733,-11.96170511817019,-10.926327712603813,-13.034387202589375,-13.8692716959002
19,19_2,MW,2,7,4.0,-12.136825012443149,-12.24364234538578,-11.150539689077155,-12.59168596938582,-13.553207559302095
19,19_3,Focus,3,0,0.5,-11.790955325341116,-12.350089186448606,-11.417723191131,-12.575193082055641,-13.71319348110864
19,19_3,Focus,3,1,1.0,-12.166769918404164,-12.199739349875388,-11.265030992798167,-12.704114320435167,-13.77705489913601
19,19_3,Focus,3,2,1.5,-12.296047011030854,-12.503859167340355,-11.284259879697833,-12.99750814885131,-13.61714902471281
19,19_3,Focus,3,3,2.0,-12.02491125878775,-12.416324244644732,-11.770738153447391,-12.936581615138138,-13.692594960820795
19,19_3,Focus,3,4,2.5,-11.894075843622147,-12.280583179107898,-12.05733382814534,-12.878216192825638,-13.751250108732714
19,19_3,Focus,3,5,3.0,-12.044269179788607,-12.564402133272004,-11.54749222429131,-13.073373209692173,-13.653686351959273
19,19_3,Focus,3,6,3.5,-12.345028504574271,-12.602282301033524,-11.769710457369612,-13.044995239563036,-13.60146552654008
19,19_3,Focus,3,7,4.0,-11.869780053474871,-12.45236486764925,-11.78857630999901,-12.918864793247344,-13.726897605834788
19,19_4,Focus,4,0,0.5,-11.953873907791785,-12.346263380375337,-11.89723107976037,-13.074863688398137,-13.689037742501695
19,19_4,Focus,4,1,1.0,-11.78263125981787,-12.511408962140136,-11.925737059082183,-13.265510397547931,-13.748061187125424
19,19_4,Focus,4,2,1.5,-11.418448485601465,-12.135983615606968,-11.131632350915856,-13.06428360180957,-13.832092901230329
19,19_4,Focus,4,3,2.0,-11.979642131983681,-12.36328682746983,-11.942966424109208,-13.122893938392224,-13.72775389872319
19,19_4,Focus,4,4,2.5,-11.78488063855275,-12.138104383565222,-11.042731896167254,-13.022164667600792,-13.585485128222826
19,19_4,Focus,4,5,3.0,-11.938900258395035,-11.998902532607294,-11.215878415548325,-12.915734388527842,-13.53992292026259
19,19_4,Focus,4,6,3.5,-12.012106318921104,-12.135319386866492,-10.90210075341382,-12.726900150306728,-13.534773675096764
19,19_4,Focus,4,7,4.0,-12.078052059729558,-12.351117322067092,-11.350790163203166,-13.02822571482399,-13.644005421708169
19,19_5,Focus,5,0,0.5,-11.794293177101132,-12.274672227706017,-11.30917404368061,-12.84601724876483,-13.64561733021772
19,19_5,Focus,5,1,1.0,-11.878985761933437,-12.428863179916847,-11.008808407920577,-12.924164679785898,-13.56769343273199
19,19_5,Focus,5,2,1.5,-11.479996152538023,-12.159795099792804,-11.37408525684689,-12.863571781055056,-13.750151776855628
19,19_5,Focus,5,3,2.0,-11.806272209901758,-12.170655369797322,-11.230652815330194,-12.904774972861572,-13.803162857898274
19,19_5,Focus,5,4,2.5,-12.11890565079836,-11.918127488078193,-10.90716705913601,-12.856567356307178,-13.624525842092126
19,19_5,Focus,5,5,3.0,-11.938949048426558,-12.241203488413642,-11.328227684690718,-12.8320269491337,-13.68100345506425
19,19_5,Focus,5,6,3.5,-11.74942579803075,-12.45574672605645,-11.113938296154164,-12.98970172281057,-13.59101286741221
19,19_5,Focus,5,7,4.0,-11.940788685780284,-12.282700429744388,-11.455515789019426,-12.895335075400558,-13.635311683078182
19,19_6,MW,6,0,0.5,-12.328865998167622,-12.454182083737658,-11.523529139076002,-12.852871174737494,-13.576730358718821
19,19_6,MW,6,1,1.0,-11.946227507536397,-12.207882434982295,-11.086588183266668,-12.974427490915318,-13.65863395589389
19,19_6,MW,6,2,1.5,-12.247987401390647,-12.333464829960464,-11.112308885817384,-12.84523516244022,-13.640793016298337
19,19_6,MW,6,3,2.0,-12.040427858390757,-12.277480762092448,-11.238721129804537,-12.774356337014554,-13.707120406727801
19,19_6,MW,6,4,2.5,-11.815711999409649,-12.208580623602224,-11.160301218846563,-12.861316179245392,-13.81199445501683
19,19_6,MW,6,5,3.0,-11.864138543313302,-12.194441920808297,-11.158051148181228,-12.769109228733809,-13.685537893900827
19,19_6,MW,6,6,3.5,-11.975480356133414,-12.268024156594878,-11.303558971316239,-12.993566272681269,-13.616559545139333
19,19_6,MW,6,7,4.0,-11.592281839558439,-11.869708491761923,-10.945609518594727,-12.849929349967477,-13.795801843748634
19,19_7,Focus,7,0,0.5,-11.640897074292763,-12.39179768452382,-11.340430274536777,-12.832399813104917,-13.677479780362173
19,19_7,Focus,7,1,1.0,-12.059337467243582,-12.11786576039551,-11.166742859307483,-12.745896887474723,-13.655985232931865
19,19_7,Focus,7,2,1.5,-12.117597158034389,-12.24197721501813,-11.33336466233196,-12.941323510437726,-13.75350012742091
19,19_7,Focus,7,3,2.0,-12.097187768763028,-12.23290686639874,-11.572163698825584,-12.941126794047896,-13.736096090019217
19,19_7,Focus,7,4,2.5,-12.026526443950134,-12.19990829829673,-11.445529022492122,-12.964505533047038,-13.667205966772967
19,19_7,Focus,7,5,3.0,-11.907056340489392,-12.480012421136621,-11.41321408905871,-12.971711133355518,-13.787452358035617
19,19_7,Focus,7,6,3.5,-11.955740089923914,-12.291365598189705,-11.166036480142767,-12.834685669759518,-13.620056080600847
19,19_7,Focus,7,7,4.0,-11.726446444891828,-12.268314539290945,-11.239028906836925,-13.06260530643629,-13.642080471447903
19,19_8,Focus,8,0,0.5,-11.830657939787159,-12.116787290260307,-11.52910844046959,-13.166613408643745,-13.79102522249802
19,19_8,Focus,8,1,1.0,-11.783628382099264,-12.662367165492197,-11.98814529162059,-13.264635130273243,-13.730867475878906
19,19_8,Focus,8,2,1.5,-11.95331900644311,-12.47942000549142,-11.744529570693444,-13.01108724852504,-13.832598458613353
19,19_8,Focus,8,3,2.0,-12.250466730377658,-12.343225166868576,-11.724933491462867,-13.325096646405193,-13.591888226158105
19,19_8,Focus,8,4,2.5,-11.68652232394287,-11.890006527094688,-11.151109233359108,-12.694756254736612,-13.646510911058302
19,19_8,Focus,8,5,3.0,-11.793357380923034,-12.207392788144768,-11.222779347243865,-12.999285539237194,-13.737097902870188
19,19_8,Focus,8,6,3.5,-12.051324480866668,-12.178763665718675,-11.5901270567367,-13.169272180481043,-13.66425129186503
19,19_8,Focus,8,7,4.0,-11.86478198930391,-12.249834277411257,-11.489749158065194,-12.806975421067438,-13.73193587885918
19,19_9,MW,9,0,0.5,-11.385843710095003,-12.321884026945867,-11.18318221098962,-12.797216083435416,-13.620104560450693
19,19_9,MW,9,1,1.0,-11.60427410494298,-11.78553220287071,-11.20532697771755,-12.809110176752862,-13.576095127684098
19,19_9,MW,9,2,1.5,-11.386856490663668,-11.893557606674056,-11.271163595053375,-12.845966385292428,-13.775037988763449
19,19_9,MW,9,3,2.0,-11.896540950792092,-12.343659556081427,-11.244956932502774,-12.789070407974242,-13.757123646830168
19,19_9,MW,9,4,2.5,-11.978805515390876,-11.817793900245222,-11.068251778052211,-12.857262629863328,-13.513646894511908
19,19_9,MW,9,5,3.0,-11.508968510718756,-12.021375985394743,-11.301545906701149,-12.938011360283763,-13.766748267228728
19,19_9,MW,9,6,3.5,-11.350040793480472,-12.239001327051273,-11.594015652265506,-13.035836082727391,-13.681561046484969
19,19_9,MW,9,7,4.0,-11.108565675191395,-11.89774140540105,-11.414705089285262,-12.724177122272938,-13.641416287205086
19,19_10,Focus,10,0,0.5,-11.916145839327699,-12.378029643585645,-11.182911251499592,-12.906660751143187,-13.707950436648794
19,19_10,Focus,10,1,1.0,-11.951677544495208,-11.936141419946962,-10.783002163252693,-12.870397339067708,-13.70762451708247
19,19_10,Focus,10,2,1.5,-11.977207222014675,-11.947744583313737,-11.366230405376683,-12.9672374802593,-13.756062517393728
19,19_10,Focus,10,3,2.0,-11.855377453748996,-12.005312474140261,-11.100531129848783,-12.745687562287106,-13.48480436836599
19,19_10,Focus,10,4,2.5,-11.822821840467652,-11.803950174220423,-11.224184650324533,-12.778711616387003,-13.477403257439452
19,19_10,Focus,10,5,3.0,-11.988382043125029,-12.188565478391158,-11.46911988563459,-12.870537898671927,-13.541280335812132
19,19_10,Focus,10,6,3.5,-11.440754168238907,-12.065583186282256,-11.229931699745059,-12.78728193921545,-13.711715524754917
19,19_10,Focus,10,7,4.0,-12.286178334198393,-12.535781811051676,-11.697686325507847,-12.968084471056674,-13.551918686848905
19,19_11,Focus,11,0,0.5,-11.817061498609485,-11.796720848373763,-11.08091496604665,-12.802624148011098,-13.686008191587625
19,19_11,Focus,11,1,1.0,-11.945050878906057,-12.131065727423788,-11.431314089933066,-12.84028184208698,-13.588187006429008
19,19_11,Focus,11,2,1.5,-11.925560844863696,-11.84910469366558,-11.1411893280748,-12.627917357789345,-13.508847269055563
19,19_11,Focus,11,3,2.0,-11.944018907893703,-12.181563898476966,-11.62912653970018,-12.785994836602551,-13.639571738433913
19,19_11,Focus,11,4,2.5,-12.18708777416267,-12.451479106352794,-11.595502128602444,-12.913581159761433,-13.560772211246615
19,19_11,Focus,11,5,3.0,-12.028900153438704,-11.870223409364643,-11.369453524658404,-12.986799495355207,-13.70848210597498
19,19_11,Focus,11,6,3.5,-11.431331859065246,-12.071716104117671,-11.434509307317677,-13.003966250921607,-13.729184700841271
19,19_11,Focus,11,7,4.0,-11.930277060075033,-12.092095010237506,-11.351105848578248,-13.008867747131148,-13.638093637266078
19,19_12,MW,12,0,0.5,-11.915604852087107,-12.027090956459045,-11.113319678549681,-12.929627086047285,-13.591372556743956
19,19_12,MW,12,1,1.0,-12.407344129839021,-12.134448439592239,-11.294139616494009,-12.998883248383384,-13.622014309238482
19,19_12,MW,12,2,1.5,-12.218801340641063,-12.152088828045205,-11.070504255421103,-13.03533453887537,-13.679203844048795
19,19_12,MW,12,3,2.0,-11.804634265368076,-11.962797075136459,-11.419151318376983,-13.03621598837958,-13.619074931987692
19,19_12,MW,12,4,2.5,-11.868804064875016,-12.17804422171896,-11.556387486035284,-12.999288831689922,-13.640391282134155
19,19_12,MW,12,5,3.0,-12.211030212007845,-12.367836298349882,-11.663233491339843,-13.080982120783052,-13.713737041173498
19,19_12,MW,12,6,3.5,-12.199529569334343,-12.2144391207463,-11.297754070528912,-13.056012216643422,-13.645299727711688
19,19_12,MW,12,7,4.0,-11.960849250760491,-12.312816475862398,-11.026654347776734,-12.844796045345028,-13.625193928281323
19,19_13,Focus,13,0,0.5,-12.034490334130506,-12.193525765570623,-10.758793665399256,-12.903161890737145,-13.674160746140164
19,19_13,Focus,13,1,1.0,-11.98956664907594,-12.363076372862219,-11.460548165928259,-13.05325834536812,-13.694305087429562
19,19_13,Focus,13,2,1.5,-11.849578981279992,-12.224305751059344,-11.312978086094244,-12.955921817473204,-13.734839129127439
19,19_13,Focus,13,3,2.0,-12.13090925841525,-12.065257919022283,-10.833501591535851,-12.657595007653489,-13.766273052636638
19,19_13,Focus,13,4,2.5,-12.008136441262508,-12.437863392717809,-11.230975559328124,-12.83782291090811,-13.686589662965646
19,19_13,Focus,13,5,3.0,-11.817339915674662,-12.560615079043055,-11.63180019897852,-12.958300903753692,-13.751907700305125
19,19_13,Focus,13,6,3.5,-11.608107140993422,-12.426133947551053,-11.665814246075218,-13.146817936247377,-13.709475995496106
19,19_13,Focus,13,7,4.0,-11.3853043235892,-11.833428756046958,-10.987007383630278,-12.524588715248512,-13.66186067109286
19,19_14,MW,14,0,0.5,-11.66884482950025,-11.898295206028275,-10.970520736681902,-12.710552793245704,-13.744728093329318
19,19_14,MW,14,1,1.0,-11.608886173585047,-12.005148171571552,-11.58046477040926,-12.816997919706484,-13.702058880233848
19,19_14,MW,14,2,1.5,-11.452662370486795,-11.945250019448657,-11.467046069380997,-12.941053054558655,-13.787734322199784
19,19_14,MW,14,3,2.0,-11.41790509389844,-12.148928094678963,-10.840468087555118,-12.807520246080317,-13.655564278841078
19,19_14,MW,14,4,2.5,-11.925727449641261,-12.44292273265007,-11.174568713051833,-12.798412546117499,-13.686501845407069
19,19_14,MW,14,5,3.0,-11.951269542883985,-12.356406367824704,-11.371863705153277,-12.968081846485381,-13.799975559841046
19,19_14,MW,14,6,3.5,-11.639213676377624,-12.159563515321336,-11.510040048167404,-12.882229732341475,-13.628254208674198
19,19_14,MW,14,7,4.0,-12.171696328096662,-12.044484076505064,-11.00037308818078,-12.870964334022876,-13.573306802159527
19,19_15,MW,15,0,0.5,-12.325946076782166,-12.324072401537943,-11.4697686694828,-12.90081209608387,-13.684158189440026
19,19_15,MW,15,1,1.0,-12.237102511967962,-12.565539328200659,-11.371880563917829,-12.938321664143476,-13.763582565050838
19,19_15,MW,15,2,1.5,-11.732847346662028,-11.91472470397116,-10.786607342305727,-12.654700663285425,-13.529939852498755
19,19_15,MW,15,3,2.0,-11.64546834208842,-12.296564684050198,-11.327813519771254,-12.659239895343443,-13.604845339564008
19,19_15,MW,15,4,2.5,-11.874225510789485,-12.00880401851386,-10.973093470932717,-12.588686340676546,-13.612191877839852
19,19_15,MW,15,5,3.0,-12.400473978208511,-12.608672143474097,-11.460617237992494,-13.078957769473417,-13.693537267105578
19,19_15,MW,15,6,3.5,-11.888626696535539,-12.340755630402485,-11.505503350245592,-12.878390432245174,-13.723677167833817
19,19_15,MW,15,7,4.0,-11.995001145240966,-12.270083839578989,-11.001554084906715,-12.922986708759604,-13.63458070981569
19,19_16,Focus,16,0,0.5,-11.974243136602889,-12.127600368475429,-11.521654484835313,-13.057248418156023,-13.724992657434054
19,19_16,Focus,16,1,1.0,-12.273117755257847,-12.417229039348287,-11.058208417408062,-12.963041316176508,-13.645902377433835
19,19_16,Focus,16,2,1.5,-11.777605357570897,-12.128289370278114,-11.816921501443664,-13.08093466518073,-13.712618329582112
19,19_16,Focus,16,3,2.0,-11.94042566180772,-12.220859118904361,-11.428755216130812,-12.976362494675683,-13.74346937458237
19,19_16,Focus,16,4,2.5,-12.01811819451385,-12.446085229564911,-11.504424441804133,-12.981049040951813,-13.743787447927161
19,19_16,Focus,16,5,3.0,-12.157076077043934,-12.341603087023893,-12.123040901929842,-13.207334289889262,-13.645476976961259
19,19_16,Focus,16,6,3.5,-11.77900418914412,-12.197568511829886,-11.306905916678545,-12.943984065027328,-13.604337858840939
19,19_16,Focus,16,7,4.0,-12.261277251936228,-12.308792395284872,-11.793309837308895,-13.149373834166914,-13.713248700410809
19,19_17,MW,17,0,0.5,-12.186573795632501,-12.346376900278173,-11.175866430200609,-12.975571391312547,-13.716860660970994
19,19_17,MW,17,1,1.0,-11.978250866065261,-12.055503627914955,-11.263772274399013,-13.099914952857404,-13.658187420760454
19,19_17,MW,17,2,1.5,-11.77004364816569,-11.753236270417313,-10.87719391404977,-12.8538695506399,-13.586619692171052
19,19_17,MW,17,3,2.0,-11.709260131715991,-12.127258014635192,-10.901560079069831,-12.785256188436238,-13.770554995404495
19,19_17,MW,17,4,2.5,-12.056776855787913,-12.184922959003483,-11.52831737146819,-12.908573437920223,-13.685409351043148
19,19_17,MW,17,5,3.0,-11.478622623073534,-11.917580323375976,-10.90837935003792,-12.936064235127922,-13.716919128542099
19,19_17,MW,17,6,3.5,-11.577880150641548,-12.227310032235577,-11.283573427176307,-12.879078637379706,-13.775599568864306
19,19_17,MW,17,7,4.0,-11.951375357180739,-12.358216313495374,-11.272323230972654,-12.969413975345127,-13.744634415199226
19,19_18,Focus,18,0,0.5,-12.057613287235382,-12.260641843329894,-11.200791988179533,-12.99335358660915,-13.780907148499429
19,19_18,Focus,18,1,1.0,-11.608250993273506,-12.030446245495138,-11.488144404536413,-12.890272811428561,-13.683027064790565
19,19_18,Focus,18,2,1.5,-11.84916229626534,-12.266628781957541,-11.092654298522959,-12.843532539575971,-13.606461897165575
19,19_18,Focus,18,3,2.0,-12.087218877319373,-12.038616803238181,-11.416113498789823,-12.889923267571488,-13.624021567039405
19,19_18,Focus,18,4,2.5,-11.939659577543589,-12.395283348576724,-11.721632262027933,-13.084280601620158,-13.605627683196108
19,19_18,Focus,18,5,3.0,-11.792431438272375,-12.452064371631916,-11.312185910945152,-12.676282005345296,-13.649144244697162
19,19_18,Focus,18,6,3.5,-11.662030167093786,-12.077598545825282,-11.535527773420363,-13.060066221751265,-13.64262211947995
19,19_18,Focus,18,7,4.0,-11.89582232125891,-12.022812554355259,-11.213812263363904,-12.963772802371642,-13.732720659466544
19,19_19,MW,19,0,0.5,-11.524806273801746,-12.176003541054714,-11.216121980554771,-12.922818946984446,-13.705439476027287
19,19_19,MW,19,1,1.0,-12.320258463128033,-12.184323716791477,-11.412375830827244,-13.035577162886996,-13.697979101530635
19,19_19,MW,19,2,1.5,-11.647621191874414,-12.033402175702502,-11.017284131501329,-12.927556882089853,-13.581072637434692
19,19_19,MW,19,3,2.0,-11.640520246059802,-12.19561875911381,-11.220838746552513,-12.938519111976317,-13.637464171979538
19,19_19,MW,19,4,2.5,-11.760605492059211,-12.148794642896412,-11.143675313759909,-12.802557717878255,-13.652991672507728
19,19_19,MW,19,5,3.0,-12.284178003102934,-12.335248320909939,-11.144851664416327,-12.86834110200286,-13.674027462898227
19,19_19,MW,19,6,3.5,-12.153483045429066,-12.121080043479658,-11.054154672624295,-12.977476971404911,-13.61144112888494
19,19_19,MW,19,7,4.0,-11.738836541931413,-12.27694551007339,-10.80957450862779,-12.786159751976813,-13.668171343375697
19,19_20,MW,20,0,0.5,-12.1448009523737,-12.086248375955593,-11.103095626919373,-12.780676290718059,-13.610051721640087
19,19_20,MW,20,1,1.0,-11.687654375533038,-12.208994516475576,-11.108307223220686,-13.03368195893178,-13.655342352781009
19,19_20,MW,20,2,1.5,-11.97042621143439,-12.15862093217489,-11.196263695273226,-13.08761056906358,-13.723885717697133
19,19_20,MW,20,3,2.0,-12.071090113878542,-12.287635382782437,-11.035457921725177,-12.871960854112345,-13.523607079447892
19,19_20,MW,20,4,2.5,-12.250919650545665,-12.324634990627734,-11.679132124541102,-13.13735228099162,-13.695617580996709
19,19_20,MW,20,5,3.0,-12.075473640570653,-12.24292800726061,-11.436357007719943,-13.054317178508548,-13.721188747404254
19,19_20,MW,20,6,3.5,-11.852095408755622,-12.091327857147915,-11.421896405940414,-12.947715550564661,-13.725898248640272
19,19_20,MW,20,7,4.0,-11.785995253013537,-12.398300358581483,-11.157488941814584,-13.046350749491891,-13.62031419879604
19,19_21,MW,21,0,0.5,-11.513222484451555,-11.545594804361325,-10.72052451272027,-12.639432017475182,-13.406923244618673
19,19_21,MW,21,1,1.0,-11.419632878576639,-12.088712943554059,-10.784568338393695,-12.771896352408472,-13.566888754348982
19,19_21,MW,21,2,1.5,-11.746754696494337,-12.075938602699582,-11.062622391361367,-12.757654226026903,-13.618891244479961
19,19_21,MW,21,3,2.0,-12.000239786172644,-12.008623530257788,-10.970858551597752,-12.763721365311577,-13.657354542356135
19,19_21,MW,21,4,2.5,-11.817411363545752,-11.961875534734844,-11.08914445719928,-12.858972207917946,-13.751287764902354
19,19_21,MW,21,5,3.0,-12.221300232018416,-11.87043127625926,-11.692797467088191,-13.116977499550483,-13.753580133729074
19,19_21,MW,21,6,3.5,-11.521103921283595,-12.122453156234215,-10.6796950008457,-12.659078918187754,-13.782322176950853
19,19_21,MW,21,7,4.0,-11.915580874499508,-12.27543907918154,-10.874437544105174,-13.052199570498262,-13.554362791650613
19,19_22,Focus,22,0,0.5,-11.556989204473137,-11.925535923499739,-10.930554087040617,-12.765909756306828,-13.570213008766508
19,19_22,Focus,22,1,1.0,-11.818381708553002,-12.169995856548914,-11.00494019541467,-12.87577085565191,-13.774407440264206
19,19_22,Focus,22,2,1.5,-11.399712551166465,-12.168332371651536,-11.11017392669961,-12.956470677375462,-13.691238577330198
19,19_22,Focus,22,3,2.0,-12.057952621499158,-12.322524059821957,-11.206011992373407,-12.862545263804115,-13.628446116998436
19,19_22,Focus,22,4,2.5,-12.325888515717601,-12.603057126829365,-11.314171322483086,-12.725939427375941,-13.727597287906164
19,19_22,Focus,22,5,3.0,-12.096543934413987,-12.556450376807112,-11.12199126751125,-12.938989471648288,-13.640684042158966
19,19_22,Focus,22,6,3.5,-11.731119874367426,-12.37765164240074,-11.242722348753597,-13.011665758507545,-13.608360479371967
19,19_22,Focus,22,7,4.0,-11.888195514772654,-12.381998407371984,-11.352858465004557,-13.007755488168929,-13.512203190701696
19,19_23,Focus,23,0,0.5,-11.441812745492845,-12.140834107540474,-10.768169049491252,-12.637744518420934,-13.653818222204386
19,19_23,Focus,23,1,1.0,-12.267649857009694,-11.999115126513969,-10.794948634934892,-12.642036538301742,-13.784751771463204
19,19_23,Focus,23,2,1.5,-11.941611634372599,-12.087241691146872,-10.954582722581394,-12.593819768777815,-13.65251556831752
19,19_23,Focus,23,3,2.0,-12.244590610521518,-12.209042664824976,-11.342115830099377,-13.047364242263487,-13.766839374365826
19,19_23,Focus,23,4,2.5,-11.808758312888743,-12.762154610891393,-11.964336665674272,-13.059631816252146,-13.675434883856674
19,19_23,Focus,23,5,3.0,-12.096483087623879,-12.50233483134285,-12.918135957929739,-13.273985730899788,-13.75485967170452
19,19_23,Focus,23,6,3.5,-11.709331951015686,-12.628426166251042,-12.524251015950853,-13.327611889441597,-13.724694061706156
19,19_23,Focus,23,7,4.0,-12.471529494388951,-12.471223452495723,-12.453102827708733,-13.17126904741703,-13.704589754799132
19,19_24,MW,24,0,0.5,-11.645617358836496,-12.151736870540573,-11.616041160853058,-13.137418809153132,-13.77934535604748
19,19_24,MW,24,1,1.0,-12.107636220088887,-11.892123483769014,-11.718371158529925,-13.241721073283435,-13.798742988394094
19,19_24,MW,24,2,1.5,-11.75302460372281,-11.958541382259343,-12.244043896910302,-13.186868057111427,-13.848638662655365
19,19_24,MW,24,3,2.0,-12.23635970798832,-12.16161172713083,-12.20146465580664,-13.210428187016731,-13.762698130767781
19,19_24,MW,24,4,2.5,-11.662992205022869,-12.225697982942139,-11.756672392609257,-13.065351704620022,-13.784732014889931
19,19_24,MW,24,5,3.0,-11.305716245144973,-11.691134347284244,-10.810732675508454,-12.792187738850062,-13.70819078435644
19,19_24,MW,24,6,3.5,-11.828119160756309,-12.007585636243462,-11.909658115752526,-12.80242178698827,-13.696770028196292
19,19_24,MW,24,7,4.0,-11.839295979937306,-11.671800954310749,-10.818553275648753,-12.675600123010462,-13.569884602973854
19,19_25,MW,25,0,0.5,-11.380477468392282,-11.340190937281239,-10.700679738110383,-12.526232674020827,-13.683643497520526
19,19_25,MW,25,1,1.0,-11.814250647963737,-12.148965391899582,-11.408395336839394,-12.660710270650197,-13.534626862595545
19,19_25,MW,25,2,1.5,-12.014529576892787,-12.21307264492421,-11.261481235874161,-12.711444400242357,-13.683762350286008
19,19_25,MW,25,3,2.0,-12.248083625682186,-12.049628792538282,-11.459683010510215,-12.848807840457377,-13.723890354164485
19,19_25,MW,25,4,2.5,-11.937619956207632,-12.052171060014391,-11.291619125135066,-13.173217729430073,-13.642570924999768
19,19_25,MW,25,5,3.0,-11.596174768814354,-11.935773184045452,-11.13216620853191,-12.940491868414464,-13.612637183460121
19,19_25,MW,25,6,3.5,-11.906260792701229,-12.348442288131292,-11.611441781220517,-13.16692941726094,-13.654691358943014
19,19_25,MW,25,7,4.0,-11.758049672875506,-11.75698038434873,-11.239592847922852,-13.001670205383906,-13.728274749165989
19,19_26,MW,26,0,0.5,-11.851953308791277,-12.231453597596518,-12.208923881338588,-13.234800018280163,-13.786253027231991
19,19_26,MW,26,1,1.0,-12.073586453027099,-12.170036067275818,-12.195600625155826,-13.220297629028334,-13.779943763155556
19,19_26,MW,26,2,1.5,-11.839084029427527,-12.387771979530516,-12.655118502376872,-13.281593487212826,-13.708197954084252
19,19_26,MW,26,3,2.0,-12.025511975556789,-11.672310098384953,-12.213837973011486,-13.36549924845334,-13.814845435953778
19,19_26,MW,26,4,2.5,-11.564169721800091,-11.78975187198728,-12.148255875854925,-12.94058144042718,-13.68946976286598
19,19_26,MW,26,5,3.0,-11.672838197938727,-11.745141447186267,-10.958983351762363,-12.610567146417923,-13.649346002706341
19,19_26,MW,26,6,3.5,-11.692595716903476,-11.696283796941394,-10.868568534972434,-12.574961289589474,-13.52051071239654
19,19_26,MW,26,7,4.0,-11.66241472910353,-12.278809444786887,-10.626557671077515,-12.477602640628426,-13.591607702236736
19,19_27,MW,27,0,0.5,-12.157538563711393,-11.892644501450382,-11.116132654339088,-12.817682299504261,-13.673097203757163
19,19_27,MW,27,1,1.0,-11.91937356840587,-12.170712303143628,-11.74800559451789,-13.044949697158332,-13.559507591970478
19,19_27,MW,27,2,1.5,-12.248940084111933,-12.428063660471661,-11.363436751288585,-13.12638803514771,-13.692677565039713
19,19_27,MW,27,3,2.0,-12.093260392582305,-12.257192053762031,-11.21194704681814,-12.993959624102008,-13.719215527086524
19,19_27,MW,27,4,2.5,-12.1430230363649,-12.41376089315528,-11.140118373543098,-12.740297189030386,-13.690004577974793
19,19_27,MW,27,5,3.0,-12.23720784481998,-12.000089567579252,-11.148323228545964,-12.798132250738776,-13.653512236915821
19,19_27,MW,27,6,3.5,-12.138740490963704,-12.413893735427418,-11.130424724256706,-13.026739752668377,-13.58221835266489
19,19_27,MW,27,7,4.0,-12.100884617969891,-12.504223730339632,-11.593729385947945,-13.150892842425037,-13.673966172040116
19,19_28,MW,28,0,0.5,-11.81552006615466,-12.433856873536552,-11.899402760105364,-13.050643607037244,-13.841979904939457
19,19_28,MW,28,1,1.0,-12.097245934834305,-12.296621680788693,-11.335461053293393,-13.062613238891046,-13.668800227277487
19,19_28,MW,28,2,1.5,-12.367248670621574,-12.558348240037212,-11.393436048205839,-13.055464449561622,-13.601241989100055
19,19_28,MW,28,3,2.0,-12.269002624524896,-12.448220692918266,-11.330961900371955,-12.999116873561787,-13.769021670695793
19,19_28,MW,28,4,2.5,-12.121746994273089,-12.367946727849846,-11.60679175911215,-12.99149600656418,-13.64758754650005
19,19_28,MW,28,5,3.0,-12.313878634549884,-12.285768619575219,-11.849932319516572,-13.102033727179597,-13.654839834190472
19,19_28,MW,28,6,3.5,-11.735416818183861,-12.07474261868444,-12.08534344713409,-13.413679583868134,-13.747229073161153
19,19_28,MW,28,7,4.0,-11.759244165385672,-12.173397728480424,-11.979117536335217,-13.31581794044611,-13.794606303200565
19,19_29,Focus,29,0,0.5,-11.618272914284825,-11.970903163159,-11.555175609029332,-13.144592812972663,-13.587320496625907
19,19_29,Focus,29,1,1.0,-11.945897147282652,-12.017887380512285,-11.464644493641217,-13.091839272236118,-13.6509477186315
19,19_29,Focus,29,2,1.5,-11.376962908268759,-12.455484519578869,-11.68907713347758,-12.9979193574461,-13.79338423777839
19,19_29,Focus,29,3,2.0,-12.060825721649355,-12.4433224551329,-11.9152466579368,-13.225275615557472,-13.724749561293468
19,19_29,Focus,29,4,2.5,-11.997920629184806,-12.471847155434507,-12.085473527131398,-13.304286023663787,-13.772025753035292
19,19_29,Focus,29,5,3.0,-11.97271193292259,-12.129032022610751,-12.017104751389493,-13.016091359027714,-13.598973929815639
19,19_29,Focus,29,6,3.5,-12.063246118041029,-12.092080900126902,-12.307459264380242,-13.059006323348898,-13.696747385244958
19,19_29,Focus,29,7,4.0,-11.785265457791304,-12.364002640846795,-11.628541690898304,-13.20566760817249,-13.646954901648469
19,19_30,Focus,30,0,0.5,-11.759820638225246,-12.160189779585142,-11.369546424468231,-13.099963577325314,-13.824742624387987
19,19_30,Focus,30,1,1.0,-12.201495597596223,-12.219507110311207,-10.872869027170049,-13.0122599183407,-13.631352122058537
19,19_30,Focus,30,2,1.5,-11.891929671503986,-11.985215160132205,-11.133088626543959,-12.75718284643531,-13.648912156794164
19,19_30,Focus,30,3,2.0,-11.850067656217995,-11.663802205563474,-10.989468341977803,-12.649781469031934,-13.565886330225315
19,19_30,Focus,30,4,2.5,-11.868418628305095,-12.175713670816508,-11.220708200419507,-13.08420010024704,-13.731126480863333
19,19_30,Focus,30,5,3.0,-11.684293859292142,-12.344986305973388,-11.400391132920275,-12.946373525754819,-13.52037387542353
19,19_30,Focus,30,6,3.5,-11.726387168591874,-12.322911523497499,-11.224376527370369,-12.904242199334975,-13.705704694146187
19,19_30,Focus,30,7,4.0,-12.103348704812849,-12.116531363429978,-11.307385975680104,-13.101251372058979,-13.716382199452077
19,19_31,MW,31,0,0.5,-11.864003289819331,-12.08456355791629,-11.402286260567807,-12.865323964564066,-13.650207975220159
19,19_31,MW,31,1,1.0,-11.298589326089148,-11.858501676071176,-11.45860056632451,-13.046958979305025,-13.696675551760443
19,19_31,MW,31,2,1.5,-12.039912539213633,-12.435897307068393,-11.38878177501339,-12.87716994188403,-13.71872280985384
19,19_31,MW,31,3,2.0,-11.89672423928537,-11.955996177711821,-11.68476916624823,-13.208979793507648,-13.691782455551428
19,19_31,MW,31,4,2.5,-11.900993624822254,-12.139951452564002,-11.920480828443997,-13.240502662422438,-13.772936285560151
19,19_31,MW,31,5,3.0,-11.768960955937327,-11.893283084858833,-11.589262739729046,-12.930821187335166,-13.451697598207897
19,19_31,MW,31,6,3.5,-11.906774597236492,-11.717609841863872,-11.798848873508076,-13.108355767831474,-13.572157081918863
19,19_31,MW,31,7,4.0,-12.160758831160589,-11.996510934808502,-11.796725968707529,-13.115665352640585,-13.809092178479945
19,19_32,MW,32,0,0.5,-12.144738014760886,-12.399309441055891,-12.016533165812888,-12.916907043272209,-13.658220290385827
19,19_32,MW,32,1,1.0,-12.031180803915234,-12.456210675561701,-11.38934047230221,-13.205602325447714,-13.831441358797221
19,19_32,MW,32,2,1.5,-12.144079243796334,-12.178539917075227,-11.487158765759645,-13.136575089212068,-13.866761719129212
19,19_32,MW,32,3,2.0,-12.11734888146768,-11.8928449487576,-12.029098232591664,-13.108564933586246,-13.8225049380791
19,19_32,MW,32,4,2.5,-12.324975940844542,-12.21864910541847,-11.484932502492152,-13.142091640470083,-13.696259436099897
19,19_32,MW,32,5,3.0,-12.008040763847367,-11.978718373171963,-11.202046625762998,-12.847794331666632,-13.653245322127649
19,19_32,MW,32,6,3.5,-11.640961830426031,-12.00149623975402,-11.057268274577817,-12.889951032336745,-13.799059070494296
19,19_32,MW,32,7,4.0,-11.842526753182083,-12.52342758873195,-11.183572915641415,-12.717363313711589,-13.61881778635414
19,19_33,MW,33,0,0.5,-12.09652305366765,-11.896062726477906,-11.090400417308876,-12.742687537588557,-13.722244933293654
19,19_33,MW,33,1,1.0,-12.04134753839183,-12.234210909583368,-10.93332286832124,-12.736646514862365,-13.75067848040999
19,19_33,MW,33,2,1.5,-11.449303632917099,-11.65926257522804,-10.87899226159782,-12.798764799747065,-13.599016624216167
19,19_33,MW,33,3,2.0,-12.077062010000484,-12.121398131076106,-11.060515509318279,-12.851874481444234,-13.749400427044392
19,19_33,MW,33,4,2.5,-12.270355450922981,-12.277172089856444,-11.400178895052777,-12.769030968211617,-13.710740017275329
19,19_33,MW,33,5,3.0,-11.723644496426893,-12.012918091184257,-10.970387749288436,-12.88447634725192,-13.769504693301345
19,19_33,MW,33,6,3.5,-11.589132562361478,-12.240281157499034,-11.039268154579354,-12.966662578124918,-13.649271766621105
19,19_33,MW,33,7,4.0,-11.73320287206355,-11.898756118423623,-10.917750882273081,-12.86904892376376,-13.729077401298142
19,19_34,MW,34,0,0.5,-12.055562907301109,-12.29261865385051,-11.661252373373785,-13.137286826222866,-13.862805582262835
19,19_34,MW,34,1,1.0,-11.99942596131238,-12.215637787324216,-12.56304948830172,-13.330636331961202,-13.793068954029682
19,19_34,MW,34,2,1.5,-12.106741087051116,-12.114517077450861,-12.224797873170967,-13.208441087467936,-13.82155115861298
19,19_34,MW,34,3,2.0,-12.163305545033467,-12.220014007350157,-12.175099598221887,-13.294101790754677,-13.793693130020289
19,19_34,MW,34,4,2.5,-12.327063864951743,-11.978916806231425,-12.134968503149013,-13.265603368207241,-13.727445704729355
19,19_34,MW,34,5,3.0,-11.811122856391732,-12.345754691862435,-12.317471456704894,-13.4143896318305,-13.7626998830979
19,19_34,MW,34,6,3.5,-12.092779360095964,-12.337420644988748,-12.30450554020246,-13.28163887861845,-13.801132975565467
19,19_34,MW,34,7,4.0,-11.86229281787782,-12.317467265670878,-12.067918435173725,-13.108532120790159,-13.748835817112083
19,19_35,Focus,35,0,0.5,-11.788542881220835,-11.940051294636636,-10.919103696066596,-12.752698891078479,-13.69958446237668
19,19_35,Focus,35,1,1.0,-11.793404212224138,-12.031581228700777,-11.205648492109338,-12.918848357748693,-13.663314073626806
19,19_35,Focus,35,2,1.5,-11.924336240061002,-12.032687616029268,-11.14356001233996,-12.72151017331895,-13.709221847078133
19,19_35,Focus,35,3,2.0,-12.138181837715242,-11.961784238773713,-10.972751793933217,-12.836491813526221,-13.744355179394816
19,19_35,Focus,35,4,2.5,-12.105926131415005,-12.031297008282902,-11.236697425623612,-12.940594895947994,-13.739370126095205
19,19_35,Focus,35,5,3.0,-11.531664607913987,-12.089122659846355,-11.066546456852192,-12.83159808466626,-13.76127432021898
19,19_35,Focus,35,6,3.5,-12.069239648652541,-12.155745986568208,-11.192506664434461,-12.801349105610626,-13.678223127810426
19,19_35,Focus,35,7,4.0,-12.057195923492774,-12.028848163974393,-11.099016619329815,-12.764013658381234,-13.764991499569893
19,19_36,MW,36,0,0.5,-12.147352566464066,-12.026770893125818,-11.047005704010495,-12.744878806127085,-13.682313066475565
19,19_36,MW,36,1,1.0,-11.962016489458868,-11.927178907730298,-11.011561832564192,-12.738590877743052,-13.639689781083593
19,19_36,MW,36,2,1.5,-12.289794346696702,-12.331022167496771,-11.676078392385445,-13.215327771194952,-13.819737747236921
19,19_36,MW,36,3,2.0,-11.973359182182836,-12.532675377745855,-12.440444233585337,-13.256575817375964,-13.709268350090017
19,19_36,MW,36,4,2.5,-11.900633691181513,-12.193093837996987,-12.047735766888096,-13.222270959025096,-13.727274464846225
19,19_36,MW,36,5,3.0,-11.943562928162185,-12.101367302215076,-12.547859805388269,-13.334457606189497,-13.763616486923258
19,19_36,MW,36,6,3.5,-12.138306622015929,-12.232119429607963,-12.1153964818152,-13.3252872783824,-13.731373193146128
19,19_36,MW,36,7,4.0,-11.69768796910187,-11.702746270845225,-11.991786541445682,-13.385232731124173,-13.683878114786745
19,19_37,MW,37,0,0.5,-11.945073840025534,-12.193621849494672,-12.630770108079656,-13.284434140516492,-13.79633895721837
19,19_37,MW,37,1,1.0,-12.014678179992949,-12.217746291230004,-12.363196941494651,-13.176172361357308,-13.847630839680587
19,19_37,MW,37,2,1.5,-11.545795159398393,-12.25182948152965,-12.477640398441533,-13.364741566904558,-13.79208437326712
19,19_37,MW,37,3,2.0,-11.908836855931842,-11.974716235390234,-12.001075191254458,-13.2102860173789,-13.650761231004633
19,19_37,MW,37,4,2.5,-11.446269807099434,-11.858101805737714,-12.325571258933294,-12.99827378714486,-13.750651891768745
19,19_37,MW,37,5,3.0,-11.50321027870208,-12.315740886608229,-11.568349176757328,-12.287134999278951,-13.678605011370804
19,19_37,MW,37,6,3.5,-11.624116086548023,-12.002639319545576,-11.03043266662094,-12.565077389282244,-13.592169909889169
19,19_37,MW,37,7,4.0,-11.63235358104455,-11.861322437924883,-10.658433225692187,-12.543708521055988,-13.501395572504606
19,19_38,MW,38,0,0.5,-11.152892904987418,-12.099588561067485,-10.86784963685522,-12.546610101323706,-13.550992985509396
19,19_38,MW,38,1,1.0,-11.700417497300357,-12.412094219442238,-11.07818535513776,-12.660229010946509,-13.70660429454484
19,19_38,MW,38,2,1.5,-11.814177912665011,-12.224742244389299,-10.814228841311948,-12.647829131349745,-13.468284003361266
19,19_38,MW,38,3,2.0,-11.512632087591706,-12.481135042409996,-11.085220029028811,-12.589303433372185,-13.528403051321854
19,19_38,MW,38,4,2.5,-11.590408056901637,-12.125708578783456,-10.704805846694848,-12.379595805330744,-13.589781448097883
19,19_38,MW,38,5,3.0,-11.24938596637194,-11.482176823949503,-10.710586452200499,-12.531110248527122,-13.590522856756467
19,19_38,MW,38,6,3.5,-12.175082361565666,-12.430314833119594,-11.341520588109816,-12.905686252421578,-13.621900070968518
19,19_38,MW,38,7,4.0,-11.791640402912144,-12.248149944251288,-10.974686895707894,-12.744435260230455,-13.647344306960123
19,19_39,Focus,39,0,0.5,-12.18720340085118,-12.099671216795098,-10.942703484657498,-12.875302213769324,-13.66949735728604
19,19_39,Focus,39,1,1.0,-11.900571820383282,-11.781207926885054,-11.073668405971764,-12.765028851389753,-13.792599353774024
19,19_39,Focus,39,2,1.5,-12.069013174979943,-12.057751100681639,-11.02697626454097,-12.814060389399591,-13.612895369250834
19,19_39,Focus,39,3,2.0,-11.918105924483145,-12.021343972028559,-10.96122621909422,-13.074898886848192,-13.73822705971545
19,19_39,Focus,39,4,2.5,-11.432846608474193,-12.294149588719282,-11.148551394007221,-12.715681064302272,-13.61519907476507
19,19_39,Focus,39,5,3.0,-11.732899463633942,-12.567726106101754,-11.344212817077885,-12.879656000918517,-13.522698504664572
19,19_39,Focus,39,6,3.5,-12.032567875272209,-12.197655985455631,-11.000252855373764,-13.007306507499733,-13.673200230176892
19,19_39,Focus,39,7,4.0,-11.664881312575611,-12.638071362857154,-11.407172203911674,-12.794548410827804,-13.608890589537474
1,1_0,Focus,0,0,0.5,-11.719155206040247,-12.460837238823894,-12.553493004760544,-12.932283010550666,-13.122674111729118
1,1_0,Focus,0,1,1.0,-11.793954927789017,-12.180123883965052,-12.29343740387338,-12.811023399867938,-13.160615344105569
1,1_0,Focus,0,2,1.5,-11.82278020483495,-12.317140998458642,-12.397710761138649,-12.951441387695546,-13.082924302163912
1,1_0,Focus,0,3,2.0,-11.818351750339572,-12.233010716814647,-12.136775743482247,-12.766060519448674,-13.297312173074191
1,1_0,Focus,0,4,2.5,-11.649596283611354,-12.478313496074568,-12.696189981257819,-12.97942446186135,-13.248661253916833
1,1_0,Focus,0,5,3.0,-12.05079780588464,-12.523715235035503,-12.901720982052135,-12.86421277731647,-13.191949584745934
1,1_0,Focus,0,6,3.5,-11.57679061363071,-12.321900202665423,-12.692040481454342,-12.897355957981594,-13.283073885964845
1,1_0,Focus,0,7,4.0,-11.663437185403724,-12.17161128901648,-12.465894300843617,-12.84991310796434,-13.116850721945157
1,1_1,Focus,1,0,0.5,-11.466350634425922,-11.847088812765318,-12.443899646342844,-12.770663091617733,-13.130537116183998
1,1_1,Focus,1,1,1.0,-11.672520176733448,-12.30502882901972,-12.548780356203258,-12.677574963288274,-13.173238777433808
1,1_1,Focus,1,2,1.5,-11.868481774986112,-12.372944818322823,-12.728314624078312,-12.750068402422993,-13.183968553746958
1,1_1,Focus,1,3,2.0,-11.680958452416807,-12.332574480988796,-12.489515544308738,-12.783932745787446,-13.148904656046506
1,1_1,Focus,1,4,2.5,-11.567042955743611,-12.180497271547884,-12.38852615284336,-12.845768090219785,-13.053089565395144
1,1_1,Focus,1,5,3.0,-11.962190292094135,-12.498749464217633,-12.32994423300058,-12.861448526182203,-13.235628117710123
1,1_1,Focus,1,6,3.5,-11.548176168130718,-11.99164694976755,-12.652085194069265,-12.963501637485258,-13.2678971285787
1,1_1,Focus,1,7,4.0,-11.64797293121206,-12.466349032968338,-12.524745870899594,-12.773695485228657,-13.063643154059028
1,1_2,MW,2,0,0.5,-11.395851715643012,-12.098100951609602,-12.685117935941634,-12.95797233085699,-13.020152816788894
1,1_2,MW,2,1,1.0,-11.61446614731144,-12.377668298715731,-12.617210144149693,-12.80622135713171,-13.160788358003032
1,1_2,MW,2,2,1.5,-11.571998990973661,-12.274878363410409,-12.540123419526235,-12.909515803126231,-13.2657598910877
1,1_2,MW,2,3,2.0,-11.599656752497443,-12.439395742345582,-12.365417767533376,-12.91329954350678,-13.207433177584718
1,1_2,MW,2,4,2.5,-11.723765221808375,-12.28933573466322,-12.40001401149664,-12.83019707237901,-13.16688920048646
1,1_2,MW,2,5,3.0,-11.434509309493835,-12.258845536535365,-12.605298440712144,-12.689584122787835,-13.259991987070581
1,1_2,MW,2,6,3.5,-11.295469251439101,-12.146633037059718,-12.476768812499571,-12.750498927996796,-13.144974051957142
1,1_2,MW,2,7,4.0,-11.503993692780554,-12.316821834741303,-12.197901260072097,-12.690366528107292,-13.137952869710794
1,1_3,Focus,3,0,0.5,-11.50881369525582,-12.397712887052279,-12.284204739832019,-12.582549979888721,-12.639031808162267
1,1_3,Focus,3,1,1.0,-11.663440519569514,-12.223814873382123,-12.448903608064803,-12.597179697821963,-12.699567352935842
1,1_3,Focus,3,2,1.5,-11.79974640713852,-12.379020854281073,-12.49356756650278,-12.604243451159117,-12.664641771350295
1,1_3,Focus,3,3,2.0,-11.551874912247122,-12.220956415518819,-12.591694277977638,-12.548819620060803,-12.67456209920563
1,1_3,Focus,3,4,2.5,-11.569516614611022,-12.230111929337836,-12.706527041983922,-12.43527825239188,-12.722308198947001
1,1_3,Focus,3,5,3.0,-11.820643853496488,-12.307971260136314,-12.541094455284995,-12.64353335668394,-12.768797071799208
1,1_3,Focus,3,6,3.5,-11.745900058743914,-12.293184978416411,-12.4745030387735,-12.519802423853127,-12.817219428774626
1,1_3,Focus,3,7,4.0,-11.846427092001429,-12.230709342427682,-12.5129298620612,-12.617507714686544,-12.832594021817588
1,1_4,Focus,4,0,0.5,-11.5244302387766,-12.467589488999371,-12.529541180225332,-12.762061766246353,-12.942507676623256
1,1_4,Focus,4,1,1.0,-11.591448831461287,-11.903714191810028,-12.458528361252608,-12.76959541576668,-12.916281213582284
1,1_4,Focus,4,2,1.5,-11.745867133250838,-12.330564806994714,-12.493849221314905,-12.77745633304544,-12.799727168816329
1,1_4,Focus,4,3,2.0,-11.509546750472985,-12.311722267790909,-12.49479218086664,-12.568281922980946,-13.017643221039561
1,1_4,Focus,4,4,2.5,-11.513110912535897,-12.240875233810996,-12.554898836462927,-12.705304231112112,-12.895311725220116
1,1_4,Focus,4,5,3.0,-11.54313374106531,-12.186352921032942,-12.615710865300775,-12.601796360085977,-12.883517793571587
1,1_4,Focus,4,6,3.5,-11.546997823280785,-12.407409957579455,-12.246326199094916,-12.676466159080285,-13.016556329753374
1,1_4,Focus,4,7,4.0,-11.678305098357756,-12.46494004270785,-12.784467097512614,-12.829685035913304,-13.165894051754806
1,1_5,MW,5,0,0.5,-11.985682949639552,-12.190193769757109,-12.554929356439667,-12.91972398654567,-13.129964220294088
1,1_5,MW,5,1,1.0,-12.038289881085001,-12.383727862779438,-12.721170363448229,-13.010546316588922,-13.216743505881135
1,1_5,MW,5,2,1.5,-11.682245975352743,-12.31545701471552,-12.657133467327345,-12.964541299432652,-13.098135742458053
1,1_5,MW,5,3,2.0,-11.62361472910242,-12.474894985215847,-12.568555750402108,-12.948725068877344,-13.273298744729226
1,1_5,MW,5,4,2.5,-11.675827862932486,-12.076738786156511,-12.334081601760925,-12.792014260713392,-13.138388141889012
1,1_5,MW,5,5,3.0,-11.710913864681709,-12.143294512689897,-12.604470780811527,-12.824832244634504,-13.202613802110214
1,1_5,MW,5,6,3.5,-11.790540755258442,-12.167557674645806,-12.546870994508323,-13.010107664814157,-13.10899682113678
1,1_5,MW,5,7,4.0,-11.918921653583867,-12.307938218836021,-12.97180036708337,-12.872937905811058,-12.98980409310663
1,1_6,Focus,6,0,0.5,-11.777402082511118,-12.301120383590769,-12.43201893148715,-12.581675262045477,-12.471407966897129
1,1_6,Focus,6,1,1.0,-11.896075471833548,-12.23887265059089,-12.188515138420929,-12.566151595055755,-12.684357896010198
1,1_6,Focus,6,2,1.5,-11.693673339609933,-12.299929483654005,-12.3977531656251,-12.560280489633314,-12.635939589958769
1,1_6,Focus,6,3,2.0,-11.691816536746746,-12.024899919348915,-12.139435921937766,-12.447080467851835,-12.705698308860658
1,1_6,Focus,6,4,2.5,-11.653281905630926,-12.343556697939166,-12.318971514279959,-12.421828965278134,-12.679608243734314
1,1_6,Focus,6,5,3.0,-11.689416243921677,-12.351472260966533,-12.519943113195618,-12.60094972685944,-12.657529561110126
1,1_6,Focus,6,6,3.5,-11.844037241098764,-12.041257904907653,-12.428973707340818,-12.48237569327388,-12.689629298990601
1,1_6,Focus,6,7,4.0,-11.616516785201359,-12.257177510070779,-12.256888624588651,-12.42442456119321,-12.5926304244795
1,1_7,Focus,7,0,0.5,-11.73195317337088,-12.362539554728144,-12.48241631555086,-12.9708004524711,-13.17061012158558
1,1_7,Focus,7,1,1.0,-11.681794173690529,-11.919931609524065,-12.591611885631218,-12.861915059648135,-12.949614691158608
1,1_7,Focus,7,2,1.5,-11.725256378161346,-12.09916808468805,-12.188374346384334,-12.774266025600514,-13.09671849808924
1,1_7,Focus,7,3,2.0,-11.491060179396921,-12.619708700065019,-12.639456768324536,-12.727212726833683,-13.037357609632917
1,1_7,Focus,7,4,2.5,-11.862359278041808,-12.403163198370448,-12.562675897973676,-12.544170491087142,-13.100193573392268
1,1_7,Focus,7,5,3.0,-11.547470410773391,-11.947907235444058,-12.726736565220545,-12.71090350830608,-13.17261183692894
1,1_7,Focus,7,6,3.5,-11.657885038596989,-12.24050567924984,-12.09331608118359,-12.822014799858911,-13.077400623351053
1,1_7,Focus,7,7,4.0,-11.820547663001514,-12.167890609404871,-12.270094435814304,-12.80656782723513,-12.94288392684194
1,1_8,MW,8,0,0.5,-11.632900910377371,-12.37329116066165,-12.568167608201518,-12.774224310761792,-13.065635747595872
1,1_8,MW,8,1,1.0,-12.079794163335361,-12.359782833288618,-12.469911396876933,-12.514281909614525,-13.11038309752247
1,1_8,MW,8,2,1.5,-11.972252780920686,-12.244268329372911,-12.515176592080193,-12.588633168037564,-13.118270398578762
1,1_8,MW,8,3,2.0,-11.953163134943237,-12.087030351490604,-12.457885227354831,-12.867105995560014,-12.978149202246122
1,1_8,MW,8,4,2.5,-11.690051219003893,-12.39387568464035,-12.548162473375339,-12.766228776382512,-13.05506772745091
1,1_8,MW,8,5,3.0,-11.85739795852537,-12.076470545937443,-12.757964039022687,-12.79822192701169,-13.081514198220587
1,1_8,MW,8,6,3.5,-11.717152140364487,-12.294391102785307,-12.610022883374935,-12.886856313579967,-12.987917874774144
1,1_8,MW,8,7,4.0,-11.996514400737311,-12.33349802640371,-12.648309720680063,-12.744980011215855,-13.084299953068497
1,1_9,MW,9,0,0.5,-11.88259278672802,-12.545720367341577,-12.398325415924786,-12.814825570322657,-12.818591902332264
1,1_9,MW,9,1,1.0,-11.599889896737109,-12.274109236452171,-12.255236913498202,-12.597666713304358,-12.927848881288579
1,1_9,MW,9,2,1.5,-11.600343194519436,-12.267674303889914,-12.317878856044308,-12.738568840944355,-12.87092853252704
1,1_9,MW,9,3,2.0,-11.914393339549022,-12.393162010851459,-12.60430527718508,-12.743600993352436,-12.983618905111301
1,1_9,MW,9,4,2.5,-11.842498491830574,-12.29077202964837,-12.300591557532702,-12.76211890287557,-12.978234891442412
1,1_9,MW,9,5,3.0,-11.933393383749554,-12.401220024811899,-12.55412652624039,-12.851382604107314,-12.972992160436176
1,1_9,MW,9,6,3.5,-11.676384090186387,-12.24010361779838,-12.432835821887563,-12.796404703998377,-12.860475459905395
1,1_9,MW,9,7,4.0,-11.692223554272225,-11.84808998519693,-12.078909422914341,-12.694723180489074,-13.025537227201454
1,1_10,Focus,10,0,0.5,-11.80589219169145,-12.446308453841274,-12.58890384114225,-12.725649134043021,-12.883751906754368
1,1_10,Focus,10,1,1.0,-11.776566245529992,-12.037210231688414,-12.545417492550797,-12.655232270897747,-12.967546934057339
1,1_10,Focus,10,2,1.5,-11.564902584488527,-12.437439264925075,-12.329002488021152,-12.75929737153235,-12.921652576696935
1,1_10,Focus,10,3,2.0,-11.584492348261668,-12.381298435928732,-12.478598257828118,-12.778150232329157,-13.085416422882314
1,1_10,Focus,10,4,2.5,-11.679192636984839,-12.217611379107272,-12.428060551490091,-12.645379413500388,-12.98840396350992
1,1_10,Focus,10,5,3.0,-11.616178600214578,-12.265141395238679,-12.593728674381147,-12.779775191843273,-12.932643119544306
1,1_10,Focus,10,6,3.5,-11.719141542178424,-12.260502466614986,-12.626433670107613,-12.875868794421836,-13.021478377859786
1,1_10,Focus,10,7,4.0,-11.947261968276091,-12.285840239881235,-12.666771653017328,-12.773924315314451,-13.069845780059886
1,1_11,Focus,11,0,0.5,-11.61568356219558,-12.054305981245863,-12.483971322731144,-12.872088846621702,-13.01463787189362
1,1_11,Focus,11,1,1.0,-11.839155220514794,-12.081108018771156,-12.615563882208496,-12.885501043182341,-13.096516245998368
1,1_11,Focus,11,2,1.5,-11.863154239121664,-12.276302239486778,-12.631731607953583,-12.854819899187572,-13.169651421792656
1,1_11,Focus,11,3,2.0,-11.779231378768449,-12.286910645705738,-12.434067493339484,-12.850111378857799,-13.071860167033185
1,1_11,Focus,11,4,2.5,-11.861818406890949,-12.414589484258308,-12.712281389157456,-12.900482645157778,-13.059885727425257
1,1_11,Focus,11,5,3.0,-11.81743548036533,-12.125019169413466,-12.185241291329765,-12.797842293444177,-13.130521072226005
1,1_11,Focus,11,6,3.5,-11.794633230506799,-12.587173090202702,-12.56069716210398,-12.651592087590213,-13.00875863395004
1,1_11,Focus,11,7,4.0,-11.81247821728246,-12.18807981695377,-12.708259071351096,-12.87376485597996,-13.065961691106272
1,1_12,Focus,12,0,0.5,-11.49719214404221,-12.315562027437222,-12.452794732083857,-12.835643638298366,-12.892617525799555
1,1_12,Focus,12,1,1.0,-11.479656062477744,-12.291907410446578,-12.608417905603526,-12.773717013626818,-12.927931385049552
1,1_12,Focus,12,2,1.5,-11.816187682604891,-12.144525634651835,-12.59691958174137,-12.700891151418206,-12.840980457507875
1,1_12,Focus,12,3,2.0,-11.777787667571994,-12.25662169983675,-12.41149765073421,-12.778033361637096,-12.865847416141497
1,1_12,Focus,12,4,2.5,-12.03377790093581,-12.311217581026192,-12.834835707376143,-12.785612535610815,-12.933104712878015
1,1_12,Focus,12,5,3.0,-11.916880885860046,-12.489076810872374,-12.773485980668923,-12.819982639039605,-12.88479703656886
1,1_12,Focus,12,6,3.5,-11.83625436861908,-12.290298984793916,-12.554480311585088,-12.859809599414472,-12.863411559949201
1,1_12,Focus,12,7,4.0,-11.913193446025879,-12.167287843875403,-12.635600909279626,-12.722572626832955,-13.074045219256893
1,1_13,Focus,13,0,0.5,-11.954887299425485,-12.313008494938044,-12.337227273975891,-12.998236859473893,-13.113788246748044
1,1_13,Focus,13,1,1.0,-11.661681329106022,-12.441665589135672,-12.298239088848812,-12.716950717576488,-13.110186632424611
1,1_13,Focus,13,2,1.5,-11.942440381982484,-12.243710605645651,-12.721760382027433,-12.790338757326106,-13.154056058397595
1,1_13,Focus,13,3,2.0,-11.744262179798893,-12.23328682146017,-12.474152595290187,-12.79214787075148,-13.10191786130098
1,1_13,Focus,13,4,2.5,-11.905571125094523,-12.45650321200995,-12.63494571844265,-12.989489301973126,-13.239092058141864
1,1_13,Focus,13,5,3.0,-11.852403251346235,-12.28635851906687,-12.282615244363132,-12.758348337888583,-13.281561588480105
1,1_13,Focus,13,6,3.5,-11.632049747700536,-12.215721408212275,-12.42015232161383,-12.907237619627914,-13.219198878985244
1,1_13,Focus,13,7,4.0,-11.70417828589198,-12.209483806516321,-12.496017414606074,-12.88006191470562,-13.354213567473266
1,1_14,MW,14,0,0.5,-11.727488816329716,-12.452511855420184,-12.447453463671476,-12.562690704591677,-12.857586185735295
1,1_14,MW,14,1,1.0,-11.53624655476716,-12.343766155533103,-12.353158555651154,-12.632204513644469,-12.881567619833154
1,1_14,MW,14,2,1.5,-11.893211344744163,-12.384798786644806,-12.813955353108135,-12.623243647490886,-12.968588079983975
1,1_14,MW,14,3,2.0,-11.651209938559449,-12.275775637698349,-12.571480630141531,-12.745177525682239,-12.960536682316416
1,1_14,MW,14,4,2.5,-11.743850704438689,-12.291508935278834,-12.219840837273622,-12.645863276557321,-12.93474394990587
1,1_14,MW,14,5,3.0,-11.870917018168711,-12.40607662097276,-12.313804790977946,-12.628485386524515,-12.98069800070641
1,1_14,MW,14,6,3.5,-11.846399515851262,-12.303829770932953,-12.053047396515769,-12.77056720843432,-13.014944678229263
1,1_14,MW,14,7,4.0,-11.93614460521586,-12.517141743155218,-12.599269244348413,-12.788579974965664,-13.085442737902607
1,1_15,Focus,15,0,0.5,-11.746478222956972,-12.274211894216444,-12.190590681923158,-12.838951666144009,-12.988528619216767
1,1_15,Focus,15,1,1.0,-11.500673251869697,-12.237202586055275,-12.264228779243023,-12.793083055478434,-12.913945737543873
1,1_15,Focus,15,2,1.5,-11.909144097878318,-12.506455599325587,-12.102310501707601,-12.898690341443382,-12.914914547116286
1,1_15,Focus,15,3,2.0,-11.774954636446441,-12.354403586003144,-12.71856112248515,-12.834693046859146,-12.945117175784915
1,1_15,Focus,15,4,2.5,-11.633234049784782,-12.051090127222729,-12.838770840222546,-12.747723386141436,-12.925368726684164
1,1_15,Focus,15,5,3.0,-11.459512705934635,-12.248718050847012,-12.718903065580028,-12.930798080231272,-12.857024962100216
1,1_15,Focus,15,6,3.5,-11.84413458479805,-12.349649119657748,-12.506839921318765,-12.789329363875174,-12.829196386818007
1,1_15,Focus,15,7,4.0,-11.985457332924598,-12.398965447595717,-12.45713819496427,-12.788033293035173,-12.995010321128055
1,1_16,MW,16,0,0.5,-11.446525274615555,-12.381174352426246,-12.34314177003401,-12.859168601323113,-13.02264619371717
1,1_16,MW,16,1,1.0,-11.670291021577738,-12.025525043038385,-12.291998483474483,-12.723001672128532,-12.956606440730337
1,1_16,MW,16,2,1.5,-11.70670445014473,-12.055449319196171,-12.472436817529832,-12.788705854096976,-13.061066536374218
1,1_16,MW,16,3,2.0,-11.392720088591751,-12.292421651805816,-12.62943213544377,-12.891448838904656,-12.930937142508698
1,1_16,MW,16,4,2.5,-11.58090442730276,-12.300244949454513,-12.613244206414535,-12.88793677286536,-12.940856711375883
1,1_16,MW,16,5,3.0,-11.860094005296686,-12.558852973394911,-12.738051115265947,-12.801691727640682,-13.004245548706448
1,1_16,MW,16,6,3.5,-11.933254323041586,-12.755562263705428,-12.679201048119094,-13.020790581217566,-13.145616025228518
1,1_16,MW,16,7,4.0,-11.730223145512898,-12.415252313091939,-12.788873714115077,-12.895399686014446,-12.993240165660326
1,1_17,Focus,17,0,0.5,-12.031961553220613,-12.335719621609464,-12.488048797331457,-12.924330606395705,-13.202924278009313
1,1_17,Focus,17,1,1.0,-11.648782050663982,-11.913902746953873,-12.410776000435595,-12.941945295394797,-13.192724962525592
1,1_17,Focus,17,2,1.5,-11.546618662709752,-12.237345625641872,-12.630793609065098,-13.07890392877521,-13.293688693192918
1,1_17,Focus,17,3,2.0,-11.60153675603862,-12.334194397514143,-12.71236161154675,-12.971767811651784,-13.165323100557965
1,1_17,Focus,17,4,2.5,-11.834672298317141,-12.311310127499933,-12.72041819304013,-12.800186390544473,-13.162452068794865
1,1_17,Focus,17,5,3.0,-11.971254007881686,-12.14237864244429,-12.545243464358697,-12.914030421676536,-13.1114390131343
1,1_17,Focus,17,6,3.5,-11.535179979119457,-12.404385887718574,-12.568691882848656,-12.886640154554385,-13.174123766753473
1,1_17,Focus,17,7,4.0,-11.636922062287613,-12.299722749007522,-12.564330949302027,-12.92431953623534,-13.263723156418008
1,1_18,Focus,18,0,0.5,-11.582871161496975,-12.304194657730484,-12.38891706437351,-12.862679010269423,-13.13389634624556
1,1_18,Focus,18,1,1.0,-11.77658383150877,-12.379532555721065,-12.71761286555216,-12.861844477416476,-13.175730507447735
1,1_18,Focus,18,2,1.5,-12.00917180189059,-12.288435599169308,-12.575408311043534,-13.015970283694028,-13.335278323194563
1,1_18,Focus,18,3,2.0,-11.823557435585501,-12.198645304309263,-12.734468214414404,-12.650807707135487,-13.229422153735538
1,1_18,Focus,18,4,2.5,-11.556208548324255,-12.25192288003601,-12.67176616648221,-12.848668898851834,-13.2550452103789
1,1_18,Focus,18,5,3.0,-10.719559545251236,-11.643679210190234,-12.180793877986655,-12.695793856353069,-13.028955024523114
1,1_18,Focus,18,6,3.5,-11.594695289569971,-12.39140978122451,-12.579087630473351,-12.947859549320295,-13.215509255530083
1,1_18,Focus,18,7,4.0,-11.895615206179826,-12.518069372779404,-12.70009580690531,-12.982020622828436,-13.255594543537947
1,1_19,Focus,19,0,0.5,-11.676729368235877,-12.429833161125263,-12.624624323567486,-12.776661002592762,-13.30333686080309
1,1_19,Focus,19,1,1.0,-11.827322308205186,-12.509130836957528,-12.490903155958092,-12.860058571095706,-13.268834162276404
1,1_19,Focus,19,2,1.5,-11.89163778853276,-12.477861425041615,-12.919911257241028,-12.990751376939691,-13.231147924401174
1,1_19,Focus,19,3,2.0,-11.748908252591256,-12.210470014320729,-12.584225943782352,-12.784368614407995,-13.302398955283465
1,1_19,Focus,19,4,2.5,-11.58007070748872,-12.331373761042794,-12.707626118576012,-12.896340443925622,-13.354274800032481
1,1_19,Focus,19,5,3.0,-11.69058984132496,-12.310842856833291,-12.697675570623062,-12.93128028536251,-13.343626744278394
1,1_19,Focus,19,6,3.5,-11.849492969036106,-12.188143326130241,-12.557513471381856,-12.908484299401273,-13.315959325751244
1,1_19,Focus,19,7,4.0,-11.458281742504093,-12.396564541184208,-12.645976933299595,-13.051760880171498,-13.282966137386898
1,1_20,Focus,20,0,0.5,-11.653261801648696,-12.34121438820855,-12.208629720700538,-12.889383081581737,-13.46102310906129
1,1_20,Focus,20,1,1.0,-11.946651559478424,-12.30199258098384,-11.873004457769694,-12.774287575757205,-13.278354418416555
1,1_20,Focus,20,2,1.5,-11.915822129270747,-12.004853496913922,-11.846155725788295,-12.907261336849816,-13.333366196888065
1,1_20,Focus,20,3,2.0,-11.949157508052721,-12.243998904072551,-12.583320459104803,-12.887150778986411,-13.223238467806866
1,1_20,Focus,20,4,2.5,-11.507278758603734,-12.47815247585137,-12.465050729954724,-12.837012920405387,-13.361836035471839
1,1_20,Focus,20,5,3.0,-11.61759834266844,-12.370848259143504,-12.546985688167197,-12.784249171035444,-13.232205189078995
1,1_20,Focus,20,6,3.5,-12.196798641126993,-12.421763383675513,-12.612496202699743,-12.950212010829167,-13.362468386319948
1,1_20,Focus,20,7,4.0,-12.02324124466809,-12.373998016223313,-12.382977747388091,-12.8296408445316,-13.425650407107444
1,1_21,Focus,21,0,0.5,-11.852073003580784,-12.350629422993794,-12.729823201339885,-13.091357155259875,-13.134071633202295
1,1_21,Focus,21,1,1.0,-11.872901347747367,-12.374395099885149,-12.688412963919863,-12.904630158664332,-13.14540635031468
1,1_21,Focus,21,2,1.5,-11.849168570001792,-12.378421913600208,-12.62152990506003,-12.913354648102946,-13.088620844088625
1,1_21,Focus,21,3,2.0,-11.779368252626693,-12.288460206786224,-12.621718351345507,-13.055060160904077,-13.169550823928189
1,1_21,Focus,21,4,2.5,-11.637386515323097,-12.280812209920594,-12.571879274120615,-12.903465807486835,-13.115630039486772
1,1_21,Focus,21,5,3.0,-11.692723650614095,-12.084035433827147,-12.446370384598652,-12.8141057478244,-13.140080591544
1,1_21,Focus,21,6,3.5,-11.76858669543393,-12.217713100981248,-12.459332354511465,-12.700987333802654,-13.027051717745202
1,1_21,Focus,21,7,4.0,-11.412582452655034,-12.215661350578058,-12.669913486222503,-12.783279948083484,-13.137883114131526
1,1_22,Focus,22,0,0.5,-12.083802572420653,-12.41538546432635,-12.981218645136552,-12.982610709478909,-13.03489327513775
1,1_22,Focus,22,1,1.0,-11.743036112383294,-12.53449423857293,-12.678932181617629,-12.86285385871324,-13.216216282894232
1,1_22,Focus,22,2,1.5,-11.719812845921176,-12.031196106246993,-12.506596739742157,-12.851391335365708,-13.386372015798441
1,1_22,Focus,22,3,2.0,-11.576128647424945,-12.188326497934957,-12.650393631491692,-12.888352849519896,-13.308453912457372
1,1_22,Focus,22,4,2.5,-11.85213708274452,-12.252801174454564,-12.625618460888711,-12.870480400678314,-13.227206680339485
1,1_22,Focus,22,5,3.0,-12.035598644400684,-12.565263003452165,-12.94892035821838,-12.877633049506494,-13.294036004481514
1,1_22,Focus,22,6,3.5,-12.340264873297263,-12.481758322605122,-12.662102115225686,-12.800984717762587,-13.31550660617184
1,1_22,Focus,22,7,4.0,-11.987835168865429,-12.242990239569586,-12.541733593299789,-12.928422888173047,-13.222500844533121
1,1_23,Focus,23,0,0.5,-11.654981806929309,-12.417134455268185,-12.781504797737282,-12.932094784032186,-13.245225597657695
1,1_23,Focus,23,1,1.0,-11.573739153666374,-12.133684542649224,-12.744511961049703,-12.916045513135101,-13.249369548709504
1,1_23,Focus,23,2,1.5,-11.622007473674177,-12.273951776335727,-12.487056119069216,-12.600990364852919,-13.409052075737844
1,1_23,Focus,23,3,2.0,-11.906194878696274,-12.372466145145596,-12.755930787677874,-13.045521364017771,-13.172085512669197
1,1_23,Focus,23,4,2.5,-11.966667148654086,-12.41287095277834,-12.61328960658966,-12.985272463396146,-13.222068938629914
1,1_23,Focus,23,5,3.0,-11.912588494979506,-12.530532959327902,-12.656248023603316,-13.101639446911967,-13.383068120369165
1,1_23,Focus,23,6,3.5,-11.945141030389815,-12.302155346149194,-12.608534319605653,-13.03479768938329,-13.268288661174378
1,1_23,Focus,23,7,4.0,-11.683803423181791,-12.319496190559825,-12.466758327948622,-12.766969507097329,-13.358002931848691
1,1_24,MW,24,0,0.5,-11.806518638931557,-12.598359164664252,-12.753595827558419,-12.836643332805904,-12.849153933971522
1,1_24,MW,24,1,1.0,-11.899018039858595,-12.32359842751552,-12.474743909038937,-12.600104080306766,-12.699931194829814
1,1_24,MW,24,2,1.5,-11.86005506526556,-12.32336752743469,-12.52714685426577,-12.735743565964063,-12.812018949724443
1,1_24,MW,24,3,2.0,-11.976114504713456,-12.386503389540785,-12.438822216310434,-12.767703772637333,-12.850174175040731
1,1_24,MW,24,4,2.5,-11.860589106219944,-12.484393728023944,-12.419594086422522,-12.749024677055047,-12.753709633233559
1,1_24,MW,24,5,3.0,-11.744617272687176,-12.37454122115877,-12.464858245964237,-12.626869638130476,-12.683003400620287
1,1_24,MW,24,6,3.5,-11.578189721172246,-12.558786136725288,-12.724700180269998,-12.703870894548487,-12.73688977189962
1,1_24,MW,24,7,4.0,-11.598445463270943,-12.50865031290231,-12.658132091251279,-12.67091677299668,-12.765131348348858
1,1_25,Focus,25,0,0.5,-11.869129515626058,-12.520820017799512,-12.3683374711133,-12.685509922305009,-12.774552557602595
1,1_25,Focus,25,1,1.0,-11.629050973130456,-12.215405535522134,-12.485673671893068,-12.764895142193645,-12.80177831624279
1,1_25,Focus,25,2,1.5,-11.501810788790412,-12.387512746910744,-12.46211291682945,-12.748645151453772,-12.770420985000804
1,1_25,Focus,25,3,2.0,-11.563300728749741,-12.51068409844208,-12.515123179893562,-12.718707999582753,-12.849415958947798
1,1_25,Focus,25,4,2.5,-11.976043947650695,-12.51271339906479,-12.435595007932204,-12.76899769188253,-12.779368581299853
1,1_25,Focus,25,5,3.0,-11.972209457415943,-12.317849978053337,-12.435742000994187,-12.657998653924032,-12.905554098252392
1,1_25,Focus,25,6,3.5,-11.758780924758447,-12.412040943565625,-12.3906152988285,-12.67920753995331,-12.851602344991697
1,1_25,Focus,25,7,4.0,-11.557467529739274,-12.132744409511227,-12.567716905262916,-12.651102715608182,-12.712245372135728
1,1_26,Focus,26,0,0.5,-11.475990512695981,-12.016350700699196,-12.580425359995006,-12.962244541144045,-13.063734757168476
1,1_26,Focus,26,1,1.0,-11.729985400253764,-12.15170679010035,-12.824929253068055,-12.786617804902543,-13.082457333128955
1,1_26,Focus,26,2,1.5,-11.917015648711358,-12.478334145345912,-12.76751821759005,-12.865796953076957,-13.057410883557397
1,1_26,Focus,26,3,2.0,-12.019708000363726,-12.487503803140362,-12.516867152658117,-12.841948364640725,-13.06292911538896
1,1_26,Focus,26,4,2.5,-12.022962688895758,-12.34585256475086,-12.501342201842448,-12.86765698109597,-13.028749622627922
1,1_26,Focus,26,5,3.0,-11.82255819890602,-12.34555097114461,-12.367580020643725,-12.916828774972132,-13.077505119824869
1,1_26,Focus,26,6,3.5,-11.77991588876061,-12.319938260180027,-12.487289917652761,-12.860145110736868,-13.135725438072733
1,1_26,Focus,26,7,4.0,-11.849660872859364,-12.495249941272188,-12.558327648191016,-12.814969234225876,-12.990522628186561
1,1_27,MW,27,0,0.5,-11.757435623220193,-12.61938102263851,-12.65462794889125,-12.827861970526893,-12.907321487506644
1,1_27,MW,27,1,1.0,-11.726605744354107,-12.339904671958097,-12.517740837527137,-12.8252906375104,-13.0366741584578
1,1_27,MW,27,2,1.5,-11.94888972331022,-12.448325313811036,-12.535501236273127,-12.790900942780556,-12.901236460023052
1,1_27,MW,27,3,2.0,-11.855660628466728,-12.530137090099041,-12.575333746721629,-12.881903371553818,-12.883743660633153
1,1_27,MW,27,4,2.5,-11.832155364361537,-12.407529429393032,-12.635018546632608,-12.694676675903933,-12.857280629779261
1,1_27,MW,27,5,3.0,-11.852194879617532,-12.234561792601891,-12.39195637199292,-12.744095218343734,-13.078172739612048
1,1_27,MW,27,6,3.5,-11.770705592234016,-12.256653007284577,-12.589246295799033,-12.827316084282705,-13.019652788838288
1,1_27,MW,27,7,4.0,-11.921592280513984,-12.384731471871095,-12.536267707687166,-12.816736697994076,-12.979106967062952
1,1_28,Focus,28,0,0.5,-11.790813484315247,-12.629689284822241,-12.665263586583938,-12.953379051154286,-13.132756325789199
1,1_28,Focus,28,1,1.0,-11.919554094514725,-12.348597753525647,-12.387255563225079,-12.890242312238495,-13.261776992659295
1,1_28,Focus,28,2,1.5,-11.895299918404005,-12.367233959110889,-12.428916483251607,-12.90999463868598,-13.263428298626117
1,1_28,Focus,28,3,2.0,-12.090992457479869,-12.297573542289278,-12.36567389609043,-12.754125882481784,-13.204707006744538
1,1_28,Focus,28,4,2.5,-11.956113299369962,-12.593675825728267,-12.445665118094324,-12.849857052168007,-13.271836901330415
1,1_28,Focus,28,5,3.0,-11.708328821625289,-12.275919930404461,-12.135065783906233,-12.893554065696092,-13.19932940719874
1,1_28,Focus,28,6,3.5,-11.359701675955991,-12.361912423518335,-12.746571872728781,-13.11441959520361,-13.426735956053214
1,1_28,Focus,28,7,4.0,-11.707248082631583,-12.30072406946635,-12.311090467304398,-12.617506803001012,-13.36651839983798
1,1_29,Focus,29,0,0.5,-12.084943897284607,-12.514592880872392,-12.600422080937909,-12.456673416929515,-12.529099029236944
1,1_29,Focus,29,1,1.0,-11.915201527908131,-12.268807925889043,-12.30427363453559,-12.690259552606557,-12.599266410781635
1,1_29,Focus,29,2,1.5,-11.569312190093687,-12.210499408790048,-12.3227731318947,-12.541199580662669,-12.769828947454497
1,1_29,Focus,29,3,2.0,-11.788191074010124,-12.371800901555178,-12.382570529575874,-12.737017393402818,-12.795268955936972
1,1_29,Focus,29,4,2.5,-11.658052423251036,-12.233033067412348,-12.424840032657757,-12.549461049048416,-12.746871726908825
1,1_29,Focus,29,5,3.0,-11.881404223737814,-12.181929795158275,-12.449925989619791,-12.730170267445354,-12.72912262533653
1,1_29,Focus,29,6,3.5,-12.236349318850475,-12.240374473368181,-12.358322749351842,-12.673734914623035,-12.658133685059331
1,1_29,Focus,29,7,4.0,-12.136854909628982,-12.470277391739778,-12.752869785827583,-12.742197069778586,-12.782796768923493
1,1_30,Focus,30,0,0.5,-12.107394066590455,-12.655994562698265,-12.652565188277258,-12.758712731848828,-12.822908912673734
1,1_30,Focus,30,1,1.0,-11.981248056381999,-12.638951827936909,-12.621510481352534,-12.588656325982106,-12.865590730287765
1,1_30,Focus,30,2,1.5,-11.858869537973561,-12.391301492686528,-12.380667604069703,-12.720098347224777,-12.708123868921337
1,1_30,Focus,30,3,2.0,-12.167501172272932,-12.307497615576864,-12.61715904122861,-12.645999984079676,-12.603153287394155
1,1_30,Focus,30,4,2.5,-11.753390636234407,-12.345361495554066,-12.64459688387832,-12.736863925696463,-12.67711586806355
1,1_30,Focus,30,5,3.0,-11.728964657726507,-12.315478650626336,-12.486620607420102,-12.77936571845646,-12.601639701380494
1,1_30,Focus,30,6,3.5,-11.91019401717984,-12.269359523628756,-12.153962267620244,-12.615349544270364,-12.647826840639656
1,1_30,Focus,30,7,4.0,-11.892352491481276,-12.532540118122213,-12.511274100748619,-12.625160523155728,-12.874188316379849
1,1_31,Focus,31,0,0.5,-12.041344919694978,-12.445923768064377,-12.732544449126545,-12.677945712034674,-12.73187767912448
1,1_31,Focus,31,1,1.0,-12.08009703254366,-12.320543254007431,-12.816033876748262,-12.750808760097737,-12.767905831111655
1,1_31,Focus,31,2,1.5,-11.959748577041355,-12.178661049806253,-12.597229216227086,-12.74641692492815,-12.699205433416312
1,1_31,Focus,31,3,2.0,-11.958647112655157,-12.012429488576203,-12.480448713810311,-12.717516444117216,-12.681132676299713
1,1_31,Focus,31,4,2.5,-12.045812484604353,-12.415047317014624,-12.416005733210179,-12.762959426424066,-12.614203842843043
1,1_31,Focus,31,5,3.0,-11.897658634962134,-12.563432971204131,-12.68418985003112,-12.650572209670177,-12.691391463783155
1,1_31,Focus,31,6,3.5,-11.835480901219348,-12.509334498264575,-12.463585497641606,-12.745882865815778,-12.573832839184044
1,1_31,Focus,31,7,4.0,-11.73191959709703,-12.631241914643255,-12.468524196345179,-12.737034835179042,-12.58620183444442
1,1_32,Focus,32,0,0.5,-11.768512846507262,-12.525635785477599,-12.465532930404875,-12.701914347013684,-13.0870985535031
1,1_32,Focus,32,1,1.0,-11.811059090679342,-12.011449540198704,-11.929433771989945,-12.534821231582328,-13.029873405116444
1,1_32,Focus,32,2,1.5,-11.833583774725819,-12.606736545185305,-12.64336004742473,-12.805275033995185,-12.926590416080797
1,1_32,Focus,32,3,2.0,-11.80792888614562,-12.24079245431824,-12.573516649287706,-12.825956417349836,-13.116921273844001
1,1_32,Focus,32,4,2.5,-11.600643125091215,-12.533975043771804,-12.478545941662624,-12.973758933727046,-13.02105849041614
1,1_32,Focus,32,5,3.0,-11.902181258695881,-12.660266190254518,-12.94596701299436,-12.966872504085009,-13.018623777164327
1,1_32,Focus,32,6,3.5,-11.95538343301347,-12.404471010182073,-12.471435195915575,-12.83497946252342,-13.030271489790549
1,1_32,Focus,32,7,4.0,-11.86800856279541,-12.382986594922123,-12.306320852841896,-12.689512589182959,-12.951294311586752
1,1_33,MW,33,0,0.5,-12.108556294721645,-12.440470736818304,-12.43873407003711,-12.679437476558354,-12.947887013396477
1,1_33,MW,33,1,1.0,-11.910578384247719,-12.663833511949619,-12.469820544846527,-12.83198527322286,-13.064813870018721
1,1_33,MW,33,2,1.5,-12.064813927114335,-12.445384725566095,-12.831782766745803,-12.855401534830943,-12.93016023575765
1,1_33,MW,33,3,2.0,-11.913775838495258,-12.386392980737567,-12.301656312213732,-12.668985571453948,-12.831001330988295
1,1_33,MW,33,4,2.5,-11.806632832822345,-12.580125289569214,-12.728065572895577,-12.762664120185022,-12.965882418571073
1,1_33,MW,33,5,3.0,-11.650716165315103,-12.246152692414917,-12.486678064077429,-12.766486841008811,-12.839381160170879
1,1_33,MW,33,6,3.5,-11.494991847714413,-12.374502605583293,-12.309125705215422,-12.860180509072183,-12.855144170396159
1,1_33,MW,33,7,4.0,-11.505483750887102,-11.979106951827662,-12.585468935618987,-12.704597878803062,-12.813883833740126
1,1_34,Focus,34,0,0.5,-11.73329912074094,-12.184964568343549,-12.116995327848974,-12.788561833909577,-13.227560431302864
1,1_34,Focus,34,1,1.0,-11.966385253311952,-12.265611795839552,-12.296142094952513,-12.870888068101209,-13.169104804007752
1,1_34,Focus,34,2,1.5,-11.712088628037035,-12.296030836285599,-12.644877346811558,-12.769093700891915,-13.08973689435687
1,1_34,Focus,34,3,2.0,-11.305063123343857,-12.269059396905245,-12.641904697627373,-12.902955280950007,-13.078737864274506
1,1_34,Focus,34,4,2.5,-12.10885031520228,-12.530627422586118,-12.684630457709332,-13.028248315995713,-13.090756757325167
1,1_34,Focus,34,5,3.0,-11.985669646002709,-12.040446206367355,-12.48117347333665,-12.936466696808553,-13.176194734400491
1,1_34,Focus,34,6,3.5,-11.725732063173588,-12.10613652121883,-12.826308967912299,-13.20987179489648,-13.229310134595902
1,1_34,Focus,34,7,4.0,-12.034384993262142,-12.424376471899478,-12.539130078944547,-13.125611501845967,-13.230491618667996
1,1_35,Focus,35,0,0.5,-11.337106934947165,-12.303344722049973,-12.565826710083755,-12.773728283859025,-12.958098936321168
1,1_35,Focus,35,1,1.0,-11.636174773256716,-12.113165516756986,-12.680722179295735,-12.815977151124956,-12.983376137152254
1,1_35,Focus,35,2,1.5,-11.706640459884655,-12.231384216499254,-12.380567893365795,-12.74992933016356,-12.997789197467943
1,1_35,Focus,35,3,2.0,-12.351150583843506,-11.899313004063597,-12.386188103306521,-13.030976335697854,-12.917986914713236
1,1_35,Focus,35,4,2.5,-11.957900732972245,-12.316089599202654,-12.483604285619732,-12.943980475124347,-13.1084613914857
1,1_35,Focus,35,5,3.0,-11.990594838642632,-12.342185102840403,-12.683154905139368,-12.910931407399312,-13.100877483465567
1,1_35,Focus,35,6,3.5,-11.907114380484826,-12.418383230352713,-12.767765644991234,-13.019270624026493,-13.004776985511267
1,1_35,Focus,35,7,4.0,-12.156007127421207,-12.338837076043276,-12.552885906797185,-12.871319487576281,-12.972506557020257
1,1_36,Focus,36,0,0.5,-11.643976093180765,-12.310173593473413,-12.519102962556868,-12.675670828829787,-12.808500432710396
1,1_36,Focus,36,1,1.0,-11.50552151755545,-12.377990268371539,-12.318932137225344,-12.746097623601877,-12.881268178204222
1,1_36,Focus,36,2,1.5,-12.018557951847711,-12.288316771107166,-12.69870705848193,-12.82217771325227,-12.842173904324845
1,1_36,Focus,36,3,2.0,-12.012361727589283,-12.191139505101658,-12.706841917294705,-12.85324461043973,-12.861302074072578
1,1_36,Focus,36,4,2.5,-11.71480735970822,-12.249011507159757,-12.451086331390009,-12.905445188634129,-12.93125094642269
1,1_36,Focus,36,5,3.0,-11.923193005555143,-12.25814383034301,-12.507856031102065,-12.906250540562478,-12.898997532827396
1,1_36,Focus,36,6,3.5,-11.784332792622465,-12.146015144593088,-12.401892651412027,-12.793210073088686,-12.8757971559853
1,1_36,Focus,36,7,4.0,-11.967990307773496,-12.524216612148821,-12.705446003665825,-12.846217548553728,-12.952802529295976
1,1_37,Focus,37,0,0.5,-11.894979683055006,-12.6200287020239,-12.708289167448648,-13.132606234416713,-13.379531826554537
1,1_37,Focus,37,1,1.0,-11.898814394600775,-12.51191883809718,-12.605323898684285,-12.888798555998504,-13.322395865156063
1,1_37,Focus,37,2,1.5,-11.918587259131021,-12.469762051457707,-12.570851232932165,-13.109709810112221,-13.279956244070846
1,1_37,Focus,37,3,2.0,-11.643057020038812,-12.234970195122857,-11.864731349391963,-12.76496569650841,-13.422450481438718
1,1_37,Focus,37,4,2.5,-11.890878019069717,-12.425124415540443,-12.69974117873598,-12.979367381457447,-13.281491926504861
1,1_37,Focus,37,5,3.0,-11.85669169592207,-12.235022418382902,-12.891489504249787,-13.181383873216772,-13.46847986404543
1,1_37,Focus,37,6,3.5,-12.046248143730054,-12.517057091248951,-12.737985820103562,-13.030141203004382,-13.376140147398923
1,1_37,Focus,37,7,4.0,-11.81542649985217,-12.354582428599743,-12.64701258559908,-12.933263551400627,-13.36063624544761
1,1_38,Focus,38,0,0.5,-11.42354389072526,-12.225957193982305,-12.767069122445665,-13.057768387030317,-13.30525257144499
1,1_38,Focus,38,1,1.0,-12.000296822106884,-12.334699197243275,-12.921058660419932,-12.96149780239701,-13.288224369506878
1,1_38,Focus,38,2,1.5,-12.183670137025429,-12.581804646989491,-12.6426691653561,-12.942815798458803,-13.13804207262444
1,1_38,Focus,38,3,2.0,-11.851712724763928,-12.244109690658052,-12.548344825988547,-12.993672171413541,-13.521261480387192
1,1_38,Focus,38,4,2.5,-12.0790187901125,-12.537583130806548,-12.554038164733283,-13.083734017142607,-13.183960922822038
1,1_38,Focus,38,5,3.0,-11.603930895274187,-12.370216513416576,-12.773169538610405,-13.142679483145429,-13.34676523450505
1,1_38,Focus,38,6,3.5,-12.057988311025376,-11.948644525809929,-12.80146948402394,-13.002046411957217,-13.256808089362332
1,1_38,Focus,38,7,4.0,-11.968458253907247,-12.467618937534333,-12.762346028407489,-12.980234093239336,-13.40271225847284
1,1_39,Focus,39,0,0.5,-11.753490678585024,-12.255357060338854,-12.601033851750957,-12.947504184782781,-13.030755686352313
1,1_39,Focus,39,1,1.0,-11.78013621600644,-12.451186398806824,-12.42679419992166,-12.931820001645915,-13.092758619171432
1,1_39,Focus,39,2,1.5,-11.546623355344282,-11.990365669673864,-12.238775819635672,-13.019061357633147,-13.132038306257483
1,1_39,Focus,39,3,2.0,-11.63853502382268,-12.298616313363045,-12.32398041951322,-12.973607690801627,-13.145821966466164
1,1_39,Focus,39,4,2.5,-11.98629254118759,-12.178126925104566,-12.36498397881873,-12.850720792402685,-12.954019051324568
1,1_39,Focus,39,5,3.0,-11.937663946160676,-12.046676818773458,-12.52823223618423,-12.984554586446476,-13.046950931040636
1,1_39,Focus,39,6,3.5,-12.17922461480491,-12.392003388168376,-12.681750141005008,-12.896226850525789,-13.071768515600505
1,1_39,Focus,39,7,4.0,-12.142934704092392,-12.421254117147924,-12.544103300895008,-12.962022853521088,-13.026519016648384
20,20_0,MW,0,0,0.5,-10.901709805660614,-11.960665903028163,-11.132099254421153,-12.192383260345917,-12.856956931341216
20,20_0,MW,0,1,1.0,-11.139774469674244,-11.973269929621225,-11.080185652927296,-12.46525329776433,-12.757987659605897
20,20_0,MW,0,2,1.5,-11.190577919964127,-11.684061250417741,-11.19167479600373,-12.351759028603118,-12.956952555176843
20,20_0,MW,0,3,2.0,-11.150396697399023,-12.076815901565238,-10.84321759310721,-12.264012088173082,-12.82867236184262
20,20_0,MW,0,4,2.5,-11.586914733487292,-11.8190315847305,-11.645409063771266,-12.379982818335039,-13.072370978972742
20,20_0,MW,0,5,3.0,-11.136191434831913,-11.90737513593925,-11.389338484477838,-12.519303480400861,-13.128838927214339
20,20_0,MW,0,6,3.5,-11.397369817812255,-11.923224807192092,-11.221080486643421,-12.475082951841664,-13.057517014639526
20,20_0,MW,0,7,4.0,-11.35828317103715,-11.527134980329967,-11.032956707769051,-12.290300042548758,-12.984837289278712
20,20_1,Focus,1,0,0.5,-11.40335983060484,-11.87002380854976,-10.796817908204913,-12.27649854522808,-12.909230825008947
20,20_1,Focus,1,1,1.0,-11.476819515431716,-11.560261780645726,-10.953014292785774,-12.332225875999741,-13.010089485349663
20,20_1,Focus,1,2,1.5,-11.571275525605875,-11.530131145234039,-11.007181170242445,-12.534480176092776,-13.035896752357903
20,20_1,Focus,1,3,2.0,-11.248521555535822,-11.348763873091091,-10.87201939418888,-12.285179650821917,-12.96049878569179
20,20_1,Focus,1,4,2.5,-11.089938969633135,-11.091821654314824,-10.862383969274642,-12.212461631644402,-13.03838328108406
20,20_1,Focus,1,5,3.0,-11.26102707832938,-11.85667940848903,-10.854072224637585,-12.322865416270998,-13.062941845527842
20,20_1,Focus,1,6,3.5,-11.211044883869821,-11.605545964680953,-10.923744196552729,-12.362783706973268,-13.001472137365901
20,20_1,Focus,1,7,4.0,-11.491903471279365,-11.943811684115644,-11.01543306469236,-12.305157250584775,-12.922532327167964
20,20_2,Focus,2,0,0.5,-11.208849186777531,-11.903923271072452,-11.019711688583628,-12.368015788571892,-12.987496145304029
20,20_2,Focus,2,1,1.0,-11.244617147727332,-11.67474567615037,-10.92888316672147,-12.353185403387885,-12.953692559246987
20,20_2,Focus,2,2,1.5,-11.369651284070061,-11.449844604557287,-10.90372240986513,-12.285598351011426,-12.99100269481722
20,20_2,Focus,2,3,2.0,-11.36316671078652,-11.656831815457105,-10.826570686254993,-12.353936615983738,-12.976379582351813
20,20_2,Focus,2,4,2.5,-11.659858440805706,-11.859057051626772,-11.36375791980497,-12.45024120441611,-13.001795350080457
20,20_2,Focus,2,5,3.0,-11.537632794299988,-11.776610936264142,-11.0857602632669,-12.31265145928602,-13.039277080530093
20,20_2,Focus,2,6,3.5,-11.33557572440757,-11.610928799722046,-11.222097834846,-12.287922777040949,-12.905545907517096
20,20_2,Focus,2,7,4.0,-11.422425425415115,-11.46615317628592,-10.872929897382619,-12.273899455622587,-12.911648211536958
20,20_3,Focus,3,0,0.5,-11.652727076411928,-11.639373709222463,-10.808366684824493,-12.28771822582343,-12.971828501059527
20,20_3,Focus,3,1,1.0,-11.528564588288196,-11.949145221172653,-11.097224770823134,-12.344374760254201,-12.936416707558973
20,20_3,Focus,3,2,1.5,-11.61771469669408,-11.808922907202065,-11.240631583579793,-12.256475125759502,-13.024207339829369
20,20_3,Focus,3,3,2.0,-11.715908699389704,-12.177163108517504,-11.19366631086791,-12.445330218855291,-12.987239030146675
20,20_3,Focus,3,4,2.5,-11.69509677752255,-11.869897574450258,-11.180440304849677,-12.27808127372355,-13.023569942252037
20,20_3,Focus,3,5,3.0,-11.890692010313696,-11.941437843076837,-11.052328836304618,-12.384122356002667,-12.922650813069323
20,20_3,Focus,3,6,3.5,-11.465486722628802,-11.582645849486003,-10.692606418438466,-12.467633198915289,-13.08360185209605
20,20_3,Focus,3,7,4.0,-11.293258329402752,-11.533172888533466,-11.046329442383376,-12.434238635642515,-13.121519500289212
20,20_4,MW,4,0,0.5,-11.725663682553607,-12.155198356470784,-11.442654476743503,-12.269356590023815,-12.823889570468365
20,20_4,MW,4,1,1.0,-11.343828508074509,-12.10784169979951,-11.307219193350816,-12.298865912582567,-13.025720227514165
20,20_4,MW,4,2,1.5,-11.330399449944819,-12.01695219213962,-11.5827768165969,-12.411701837553636,-13.02295200060121
20,20_4,MW,4,3,2.0,-11.233701169268343,-11.812175187771373,-11.565687568095456,-12.330875660808687,-13.008398203527292
20,20_4,MW,4,4,2.5,-11.291438075701889,-11.93503030766161,-11.702681890104845,-12.350478743069573,-12.894586738027515
20,20_4,MW,4,5,3.0,-11.59234788140513,-11.886232672322029,-11.723224336998173,-12.42435812676354,-12.999122074860198
20,20_4,MW,4,6,3.5,-11.315533317125023,-11.926788687490319,-11.04059213883999,-12.322399263952494,-12.95654638292672
20,20_4,MW,4,7,4.0,-11.335848140309155,-11.951738982481848,-10.950185666806835,-12.356531082405633,-12.982351158305312
20,20_5,Focus,5,0,0.5,-11.551868333962528,-11.73406579106676,-11.326150780137327,-12.316569554777242,-12.991726838235037
20,20_5,Focus,5,1,1.0,-11.124153144533398,-11.841739126082548,-11.052905193565364,-12.240397990388995,-12.987354559970143
20,20_5,Focus,5,2,1.5,-11.138715774697959,-12.006837480143924,-10.998541254971025,-12.495146580707837,-12.88816119700404
20,20_5,Focus,5,3,2.0,-11.380171920369559,-11.983565314761162,-10.888753999311584,-12.253886505656572,-12.934868998441948
20,20_5,Focus,5,4,2.5,-11.574058029330743,-11.611096815267015,-11.148611149030224,-12.372929048708759,-13.03360622740996
20,20_5,Focus,5,5,3.0,-11.382745883629198,-11.809476966643665,-10.973973605263444,-12.433595645445212,-13.053176677292276
20,20_5,Focus,5,6,3.5,-11.356579277087915,-11.767843572177538,-10.909920530736388,-12.449975538722125,-13.040784407831296
20,20_5,Focus,5,7,4.0,-11.407711961034241,-11.88740508769772,-11.250920806189697,-12.450275430109379,-12.971770630988653
20,20_6,Focus,6,0,0.5,-11.422351518853258,-11.801994338059465,-11.343107302378613,-12.50752050890337,-12.982801627538887
20,20_6,Focus,6,1,1.0,-11.251572219003876,-11.813154169321,-11.195612091484602,-12.377042643555859,-13.117488754769456
20,20_6,Focus,6,2,1.5,-11.579002850149438,-12.205251426603116,-11.140412458633456,-12.412585254948924,-13.095081913540454
20,20_6,Focus,6,3,2.0,-11.330049404981729,-11.752228550875785,-10.961338551113984,-12.3040872599467,-12.996143714613803
20,20_6,Focus,6,4,2.5,-11.453826675791127,-11.799865673143568,-11.081820621269237,-12.296374906979977,-13.07721195752419
20,20_6,Focus,6,5,3.0,-11.531909211591747,-11.513744558441598,-10.888118354306004,-12.36055403433402,-13.012277334305386
20,20_6,Focus,6,6,3.5,-11.63953729142751,-11.889329280312571,-11.68993982361052,-12.550943283584054,-13.067672929757537
20,20_6,Focus,6,7,4.0,-11.537973666162845,-11.736197594888443,-11.38432570790848,-12.414688682971203,-12.924075320865462
20,20_7,Focus,7,0,0.5,-11.724654453165137,-12.175331422482806,-10.975594840765243,-12.350920443866967,-13.089942031145727
20,20_7,Focus,7,1,1.0,-11.410225479343914,-12.009664472140916,-11.526871238252884,-12.457587959484925,-13.064850938163511
20,20_7,Focus,7,2,1.5,-11.48249425730224,-11.879333851619363,-10.909580654476011,-12.49218466098548,-13.050774535186067
20,20_7,Focus,7,3,2.0,-11.551614107746586,-11.678429790120548,-11.119706275198979,-12.486802211715734,-13.061142076564813
20,20_7,Focus,7,4,2.5,-11.396988533054756,-11.629929816082582,-11.35587048575937,-12.483275123859546,-13.084733966899051
20,20_7,Focus,7,5,3.0,-11.660990775485597,-11.904359642929,-11.40809533179231,-12.539027391820202,-13.18371900730256
20,20_7,Focus,7,6,3.5,-11.229613327317262,-11.528726585058417,-10.818177433904882,-12.222496758438696,-13.088981675891791
20,20_7,Focus,7,7,4.0,-11.584999197930417,-11.792130507140302,-10.591161805149095,-12.364129224592558,-12.994931046657957
20,20_8,Focus,8,0,0.5,-11.49527804855377,-11.952480508947895,-11.35792962706311,-12.34735132384206,-12.931537284447185
20,20_8,Focus,8,1,1.0,-11.58096401403818,-11.65394966255185,-10.930169277617487,-12.248996633717397,-13.044928693437006
20,20_8,Focus,8,2,1.5,-11.286562834923302,-11.760335974413044,-10.907824038379788,-12.286078392330033,-12.984538828914063
20,20_8,Focus,8,3,2.0,-11.404917710124918,-11.963254870118988,-10.939525655185554,-12.504470679957887,-13.138283354547024
20,20_8,Focus,8,4,2.5,-11.468481232104123,-11.728686102000214,-11.102654361830707,-12.547266453278436,-13.136983247313125
20,20_8,Focus,8,5,3.0,-11.469159229189156,-11.447845749407993,-10.976964908459825,-12.45564445991943,-13.108326878235042
20,20_8,Focus,8,6,3.5,-11.277923228995757,-11.727136435391285,-10.974762273461026,-12.503483451777603,-12.979233004957603
20,20_8,Focus,8,7,4.0,-11.264528660739998,-11.81964415879668,-11.06795778298913,-12.537283883638167,-13.12586768555477
20,20_9,Focus,9,0,0.5,-11.492937022234416,-11.726146880605404,-10.888552305856118,-12.354309901701843,-13.13495057242497
20,20_9,Focus,9,1,1.0,-11.35583927141303,-12.07508015126427,-11.317913180112047,-12.455125007830102,-13.011957800530725
20,20_9,Focus,9,2,1.5,-11.362628154790492,-11.955683806881042,-11.465140109364523,-12.528269844824127,-13.037868665452171
20,20_9,Focus,9,3,2.0,-11.636635330343113,-11.940173408752365,-11.242475933702423,-12.594682931866902,-13.169391276593805
20,20_9,Focus,9,4,2.5,-11.834131787094682,-11.763775737535866,-11.149586738146619,-12.486018801517163,-13.13064653461274
20,20_9,Focus,9,5,3.0,-11.456769140244242,-12.278925856443626,-11.300315202821917,-12.398053578255062,-13.059093593200094
20,20_9,Focus,9,6,3.5,-11.365807129904178,-11.753470202012506,-10.989998237738737,-12.273010974566013,-13.012137169249486
20,20_9,Focus,9,7,4.0,-11.55185381643777,-11.917438866315193,-11.270756032121536,-12.437104215191427,-13.081262726373595
20,20_10,MW,10,0,0.5,-11.024903742650453,-11.870810173250936,-11.449432620512232,-12.460866180248605,-13.01973398719749
20,20_10,MW,10,1,1.0,-11.118756358653624,-11.949551141620478,-12.022220961178474,-12.707650627935163,-13.091140171115322
20,20_10,MW,10,2,1.5,-11.822577756860492,-11.92642994330923,-11.719523342442836,-12.584639409252055,-12.946506352948116
20,20_10,MW,10,3,2.0,-11.542357062878752,-11.76986215566923,-11.81506222299717,-12.501063113162784,-13.006459429154761
20,20_10,MW,10,4,2.5,-11.539965074434933,-11.651606291819673,-11.524586855711014,-12.415798618492568,-13.232726630865491
20,20_10,MW,10,5,3.0,-11.403178102609296,-11.96368061266962,-11.864575532187422,-12.584557453854849,-13.030729929471576
20,20_10,MW,10,6,3.5,-11.586658269194352,-11.96520677418743,-11.516490631279144,-12.29509225870617,-12.949004336639312
20,20_10,MW,10,7,4.0,-11.4240628393385,-11.659224568560951,-11.047099462431904,-12.425242697941316,-12.98058618001042
20,20_11,Focus,11,0,0.5,-11.344879443613985,-12.178814832537743,-11.454771402907829,-12.488260692722271,-13.120112393079355
20,20_11,Focus,11,1,1.0,-11.466758091872011,-12.080887318063652,-11.301842332363927,-12.386815129265594,-12.979865127618439
20,20_11,Focus,11,2,1.5,-11.566485595036822,-12.07932766761945,-11.001174655266317,-12.301917952896149,-12.981778394393599
20,20_11,Focus,11,3,2.0,-11.200144790416703,-12.01100667152223,-11.126206743100008,-12.400847652109375,-13.126938121882784
20,20_11,Focus,11,4,2.5,-11.415790008925278,-11.771840310331802,-11.16352594245119,-12.371657321805685,-13.059062509374762
20,20_11,Focus,11,5,3.0,-11.623274147652948,-11.9774183321351,-11.578098263798543,-12.225336386434252,-13.04672916789294
20,20_11,Focus,11,6,3.5,-11.53216234540589,-11.591633001586468,-11.291924672749653,-12.39386404554513,-13.011794801319024
20,20_11,Focus,11,7,4.0,-11.411279053272866,-11.645372003847884,-11.189301521457987,-12.339406762711807,-13.058239520103255
20,20_12,Focus,12,0,0.5,-11.478749417444261,-11.857189075382758,-11.179539425076205,-12.552536168003378,-13.047458984293748
20,20_12,Focus,12,1,1.0,-11.272076814579986,-11.932695142819343,-11.486023201547116,-12.703532087902815,-13.118972369009558
20,20_12,Focus,12,2,1.5,-11.721357890397536,-12.05766310805746,-11.502581283462565,-12.605850976317036,-12.867345578352824
20,20_12,Focus,12,3,2.0,-11.60922085512657,-11.79006320793981,-11.12429512390265,-12.2062932517933,-13.124503978056918
20,20_12,Focus,12,4,2.5,-11.488880111664885,-12.148777495250412,-11.247424764216207,-12.447237911152545,-13.153453179483947
20,20_12,Focus,12,5,3.0,-11.464622647828726,-11.706611866546995,-11.310673222739261,-12.388591563415579,-13.114537521880093
20,20_12,Focus,12,6,3.5,-11.539120578595988,-11.76056759441218,-11.168673789686805,-12.204881623836048,-13.186593807386272
20,20_12,Focus,12,7,4.0,-12.029248807181537,-12.133441651889571,-11.401048536574658,-12.406090787784972,-13.077555979673686
20,20_13,MW,13,0,0.5,-11.858342647126442,-11.710434947571358,-11.356398918327475,-12.572546725891929,-13.114302397387696
20,20_13,MW,13,1,1.0,-11.730351061097421,-11.966099127612237,-11.097075726671768,-12.596479974544371,-13.231955567924237
20,20_13,MW,13,2,1.5,-11.636648898104268,-11.593407050001314,-11.212099461288197,-12.536997768679562,-13.025783425126201
20,20_13,MW,13,3,2.0,-11.137984510700774,-11.809095749679443,-11.448974181715936,-12.5690140619512,-13.158876098234728
20,20_13,MW,13,4,2.5,-11.377551850135092,-11.822624605914534,-11.254798698924509,-12.39947337731849,-13.012339456907034
20,20_13,MW,13,5,3.0,-11.407296752549938,-11.678121191433446,-11.171964281106087,-12.48333093535078,-13.110488099117537
20,20_13,MW,13,6,3.5,-11.394418578391823,-11.618918443166041,-11.168892565119942,-12.487638994225009,-13.117094808238178
20,20_13,MW,13,7,4.0,-11.673930676930146,-11.79245351213653,-11.071586916984568,-12.558598760362408,-13.136215877212255
20,20_14,Focus,14,0,0.5,-11.7094433595449,-12.18391386373004,-11.002327605315925,-12.276710349389923,-12.98560675499027
20,20_14,Focus,14,1,1.0,-11.48325374552159,-12.17543900800688,-11.40820991626608,-12.604434803760267,-13.131926083307496
20,20_14,Focus,14,2,1.5,-10.878152495136748,-11.937759966476708,-11.628639185892363,-12.503479128715435,-13.186370915567892
20,20_14,Focus,14,3,2.0,-11.361331791018541,-11.841203408772737,-11.311297617725236,-12.399387263934155,-12.905648361438919
20,20_14,Focus,14,4,2.5,-11.472961350560496,-11.713683053865308,-11.293243920784892,-12.393097861778017,-13.063807242221063
20,20_14,Focus,14,5,3.0,-11.391207478291625,-11.943058076034783,-11.413541049654235,-12.281378299809752,-13.116356779901427
20,20_14,Focus,14,6,3.5,-11.46264617795478,-11.912736143704176,-11.26760193364131,-12.422442959969326,-13.128282999335768
20,20_14,Focus,14,7,4.0,-11.273082251449727,-11.913923106396567,-11.287996006311099,-12.379438998243362,-12.96138613404224
20,20_15,Focus,15,0,0.5,-11.440049773277048,-12.256935755619686,-11.011643864732537,-12.155689429060216,-13.020572396921644
20,20_15,Focus,15,1,1.0,-11.54623596902176,-11.676726214065752,-10.979161296439722,-12.284964766955289,-13.044631258919487
20,20_15,Focus,15,2,1.5,-11.664433179417907,-11.76778725179457,-11.327149164741028,-12.171871896710298,-13.223964505090287
20,20_15,Focus,15,3,2.0,-11.493415115085407,-11.968420534803988,-11.15856162426631,-12.45127703309925,-13.237547374316435
20,20_15,Focus,15,4,2.5,-11.394006701283907,-11.676965371380197,-11.359626530620064,-12.561450657516982,-13.165400786474434
20,20_15,Focus,15,5,3.0,-11.393392199317729,-12.062489614012406,-11.602194993134031,-12.484024398667446,-13.127408014553259
20,20_15,Focus,15,6,3.5,-11.588734264029124,-11.869794331316742,-11.124845500168568,-12.457308920968906,-13.100588337009905
20,20_15,Focus,15,7,4.0,-11.672209897784597,-12.033354670333576,-11.270825287717827,-12.620808135633695,-13.033683686027658
20,20_16,MW,16,0,0.5,-11.498191339120414,-12.127163849723718,-11.465182520687996,-12.545619348096338,-13.118070200912165
20,20_16,MW,16,1,1.0,-11.577775758922195,-12.177256876398062,-11.655993885251902,-12.627093859726497,-13.09728686494893
20,20_16,MW,16,2,1.5,-11.587376390495299,-12.038338154787082,-11.913461504950728,-12.630184436228438,-13.255708563728907
20,20_16,MW,16,3,2.0,-11.484330355081697,-11.94311932920705,-11.951012713675581,-12.499301806388061,-13.075448513479884
20,20_16,MW,16,4,2.5,-11.578342525769607,-12.207406357329054,-11.852797699580316,-12.63223694244029,-13.151990079206021
20,20_16,MW,16,5,3.0,-11.660799206082272,-12.377558847466169,-11.630125129152944,-12.672678371429804,-13.277484970580373
20,20_16,MW,16,6,3.5,-11.62752451043856,-11.977490705710016,-11.876965299094254,-12.45366506036466,-13.094681255586092
20,20_16,MW,16,7,4.0,-11.254266168626314,-11.95269102175407,-12.127167856652505,-12.636057502434461,-13.13048439247517
20,20_17,Focus,17,0,0.5,-11.419371658514782,-11.825196368545551,-11.40502172716502,-12.583941484301596,-13.171448203674043
20,20_17,Focus,17,1,1.0,-11.660010511461183,-12.036534371933625,-11.02742236880254,-12.40499846314016,-13.106472009979305
20,20_17,Focus,17,2,1.5,-11.326851234756603,-12.038775848557997,-10.916220601501632,-12.335266765958044,-13.079759474012546
20,20_17,Focus,17,3,2.0,-11.38654366356098,-11.902247103257169,-10.935346836807922,-12.335468198691299,-12.734001637825864
20,20_17,Focus,17,4,2.5,-11.351739642881961,-11.68975671787606,-11.100437684219681,-12.31171579411337,-12.935448319884792
20,20_17,Focus,17,5,3.0,-11.616815246220973,-11.919977445418985,-11.283737830708514,-12.483810972398068,-13.080889757532134
20,20_17,Focus,17,6,3.5,-11.436063217936894,-11.878445003699579,-10.978365719343243,-12.229135329420062,-13.027014731643083
20,20_17,Focus,17,7,4.0,-11.382103823756285,-11.958114000002684,-10.948350648421808,-12.451508922090586,-13.162036610492903
20,20_18,MW,18,0,0.5,-11.588560463464658,-12.035292083116515,-12.10362778774493,-12.689876465726927,-13.021681826112706
20,20_18,MW,18,1,1.0,-11.219977854599911,-12.003621625401564,-11.683404699391232,-12.63694234576445,-13.035021456697752
20,20_18,MW,18,2,1.5,-11.469213256671495,-11.913464757506173,-12.129917491518118,-12.620518217069957,-13.150193331707948
20,20_18,MW,18,3,2.0,-11.607573442856234,-12.164252400207213,-12.20507737043943,-12.597689354026038,-13.190485940749957
20,20_18,MW,18,4,2.5,-11.668983786419155,-11.953163578719733,-12.473599128747601,-12.620745644155793,-13.134644093288161
20,20_18,MW,18,5,3.0,-11.51200068302,-12.217557027738566,-12.01507944911681,-12.674172901771847,-13.003873170059173
20,20_18,MW,18,6,3.5,-11.401661133692704,-12.109106791735229,-11.994897724374482,-12.80459524672243,-13.137550561442167
20,20_18,MW,18,7,4.0,-11.396548140530417,-11.944340149231845,-12.062606779500914,-12.927038085981696,-13.075530245966508
20,20_19,MW,19,0,0.5,-11.15302262355879,-12.029503433034135,-11.063296722333174,-12.323580274532874,-13.085433036495964
20,20_19,MW,19,1,1.0,-10.3640214134177,-11.339084824502992,-10.939164848947978,-12.29471368536589,-13.10490779622367
20,20_19,MW,19,2,1.5,-11.10568687214366,-11.81169703876895,-11.02874025891622,-12.333335318674013,-12.978337900296479
20,20_19,MW,19,3,2.0,-11.564292844981045,-12.101815236506775,-11.040969072012484,-12.277867509759785,-13.022581593155111
20,20_19,MW,19,4,2.5,-11.317940291030906,-11.46698261674488,-10.874187498294726,-12.307653660641991,-13.214450457582917
20,20_19,MW,19,5,3.0,-11.298547356315664,-11.67868416113525,-11.152525942090461,-12.421856433419732,-13.215509723766282
20,20_19,MW,19,6,3.5,-11.411289058728718,-11.833750018619671,-11.300706000613395,-12.313182792621584,-13.252464998537517
20,20_19,MW,19,7,4.0,-11.24023206458504,-11.85627747752484,-11.173627623115927,-12.363716150345885,-13.151749924395919
20,20_20,MW,20,0,0.5,-11.452588041280576,-11.976653326156642,-11.403117632215665,-12.528326697466673,-13.245776026931129
20,20_20,MW,20,1,1.0,-11.748830151665777,-11.467097951998488,-11.472810214156125,-12.405077712706351,-13.219347050247206
20,20_20,MW,20,2,1.5,-11.611105659627704,-11.669391693222035,-11.21180647572371,-12.611187765581692,-13.20162147426595
20,20_20,MW,20,3,2.0,-11.463308393003024,-11.69914996400507,-11.234703785429275,-12.469295441359638,-13.202615874109908
20,20_20,MW,20,4,2.5,-11.377459933339484,-12.134167708560677,-11.767606341229715,-12.683227656352319,-13.230245978078225
20,20_20,MW,20,5,3.0,-11.125805713807255,-11.95147076511049,-12.109496955473492,-12.678398652543706,-13.172621491571702
20,20_20,MW,20,6,3.5,-10.885721763457138,-11.894560144893996,-11.395082935498548,-12.415980547139874,-13.090749959264746
20,20_20,MW,20,7,4.0,-11.251746628815738,-11.882968868414986,-11.178995595339838,-12.269687349730775,-13.00705246950447
20,20_21,Focus,21,0,0.5,-11.489672607929322,-11.687590943617867,-11.234736255652264,-12.433372379210052,-13.15629246528123
20,20_21,Focus,21,1,1.0,-11.442165508527454,-12.103997446643612,-11.306780095449694,-12.519854167161341,-13.039860347650922
20,20_21,Focus,21,2,1.5,-11.246822474105887,-11.88532850185388,-11.239070066402398,-12.520039658156765,-13.131969595527874
20,20_21,Focus,21,3,2.0,-11.337459728683596,-12.21205100184492,-11.325949585555556,-12.59719551636976,-13.193204715427154
20,20_21,Focus,21,4,2.5,-11.388518620614994,-12.064188341921522,-11.164792739779442,-12.658082824832569,-13.189789522781567
20,20_21,Focus,21,5,3.0,-11.402378880436636,-12.026688922131768,-10.961915792630593,-12.473256440354907,-13.180530695852621
20,20_21,Focus,21,6,3.5,-11.628971700418553,-11.96009339496471,-11.529798955850422,-12.373897326705979,-13.136780853701858
20,20_21,Focus,21,7,4.0,-11.335376045283246,-11.502898522193211,-11.054015075207726,-12.17546770122075,-13.114120322639376
20,20_22,Focus,22,0,0.5,-11.731549173680886,-12.094904198000464,-12.059099302005741,-12.632864286153595,-13.231500647457747
20,20_22,Focus,22,1,1.0,-11.599031059764423,-11.97012685344621,-11.52917012596648,-12.696613708468602,-13.10792333132125
20,20_22,Focus,22,2,1.5,-11.42735639974914,-11.793816581526553,-12.160034737098782,-12.54373275216036,-13.293064472119424
20,20_22,Focus,22,3,2.0,-11.222286006421536,-11.83115194241604,-12.459642859203552,-12.62746486696173,-13.335629164932234
20,20_22,Focus,22,4,2.5,-11.608675622840364,-12.10013215042491,-11.608715981023577,-12.492711870629892,-13.3373879173951
20,20_22,Focus,22,5,3.0,-11.53708745182611,-11.796663120054692,-11.86581642990523,-12.551292568190787,-13.212855464938961
20,20_22,Focus,22,6,3.5,-11.758995955371676,-12.102346788894538,-11.353893454998685,-12.363880750717097,-13.14933637970646
20,20_22,Focus,22,7,4.0,-11.736852118518831,-11.864158327065256,-11.164016634712333,-12.607101732070117,-13.200406116268546
20,20_23,MW,23,0,0.5,-11.674676464626861,-12.171283163681764,-12.165190784463459,-12.48971465653734,-13.182139019503477
20,20_23,MW,23,1,1.0,-11.531129718551735,-11.999414152805624,-11.644918863049428,-12.393441180907843,-13.206741861478939
20,20_23,MW,23,2,1.5,-11.27028860516307,-11.868109913917829,-11.19962807118539,-12.394042388859459,-13.159001452618647
20,20_23,MW,23,3,2.0,-11.48463148220233,-11.663676921033383,-11.389959840327865,-12.582606800061852,-13.219119338351442
20,20_23,MW,23,4,2.5,-11.404458241278885,-12.065236074809974,-11.340176728558395,-12.347408578768421,-13.329194826247669
20,20_23,MW,23,5,3.0,-11.436273337875535,-11.795397714508713,-11.235198120436209,-12.342736107838236,-13.349252189267533
20,20_23,MW,23,6,3.5,-11.497620260537198,-11.488661122434495,-10.99782124538296,-12.44346840551647,-13.13431737577297
20,20_23,MW,23,7,4.0,-11.687910554997798,-11.926097415585195,-11.224615016253413,-12.359417317751792,-13.155999945266254
20,20_24,MW,24,0,0.5,-11.66867221143014,-11.923695514867875,-12.444295156894013,-12.931355110053124,-13.169412668923968
20,20_24,MW,24,1,1.0,-11.647679049362363,-11.933475121377551,-12.578024367529464,-12.801729928147264,-13.188684215646498
20,20_24,MW,24,2,1.5,-11.621122034800104,-11.942047294757922,-12.265724184517945,-12.883485448734454,-13.004259060220129
20,20_24,MW,24,3,2.0,-11.719398194672578,-12.165404816761635,-11.980410100290314,-12.553478462853416,-12.99973083500952
20,20_24,MW,24,4,2.5,-11.381981945518305,-11.983454381388526,-11.89309510604986,-12.636982916590258,-12.987973223841674
20,20_24,MW,24,5,3.0,-11.530644502147148,-11.763663668489517,-12.273671332660626,-12.58099475747719,-13.078719750299653
20,20_24,MW,24,6,3.5,-10.781060775414705,-11.504034470516643,-11.847629220348056,-12.60651259196944,-13.134325776193105
20,20_24,MW,24,7,4.0,-11.005721932295424,-11.524110602493197,-11.120590468887114,-12.23993818575192,-13.003593432687595
20,20_25,MW,25,0,0.5,-11.55083844685093,-11.928881750783036,-11.215422698411535,-12.465373102488835,-13.165598554068334
20,20_25,MW,25,1,1.0,-11.557383893090375,-11.666364476160254,-10.890193391960668,-12.233614320943104,-13.005762477662403
20,20_25,MW,25,2,1.5,-11.646697114179716,-11.946241086155856,-11.145453686463787,-12.366060493283063,-13.03068318633498
20,20_25,MW,25,3,2.0,-11.597954311437192,-11.67338982071077,-11.006417350288201,-12.225407090920553,-13.132595242116095
20,20_25,MW,25,4,2.5,-11.51053185123134,-11.035438273604356,-11.175952737823355,-12.42141864283873,-13.121185173223175
20,20_25,MW,25,5,3.0,-11.608725565520297,-11.558166789474473,-11.482300829445515,-12.555980413053295,-13.064558752951502
20,20_25,MW,25,6,3.5,-11.613426214549573,-12.100279624541415,-11.674405545600672,-12.707435564995837,-13.136427394935952
20,20_25,MW,25,7,4.0,-11.525920868178892,-12.008499120002053,-12.259923560126346,-12.81842399484982,-13.154199831166169
20,20_26,MW,26,0,0.5,-11.056328982777833,-12.07362870823771,-12.30910653014162,-12.403915444422456,-13.032033298810799
20,20_26,MW,26,1,1.0,-11.23635989855241,-12.23456540285798,-11.630958262982565,-12.199399768470567,-12.991268435827864
20,20_26,MW,26,2,1.5,-11.225101515559592,-11.858240560664598,-11.18215924362401,-12.28025085701092,-12.850215561712963
20,20_26,MW,26,3,2.0,-11.422825418207683,-11.996995670976618,-11.769001159657108,-12.3277105095184,-13.02952664019445
20,20_26,MW,26,4,2.5,-11.173684314825776,-11.721078992646094,-11.37733532543618,-12.17075745669686,-13.061041264518344
20,20_26,MW,26,5,3.0,-11.139089641125436,-11.490235710022269,-11.16798921032873,-12.356928518621809,-13.199156055918364
20,20_26,MW,26,6,3.5,-11.316104953052454,-11.469211176601306,-11.046819952035964,-12.42663570283666,-13.10194533747177
20,20_26,MW,26,7,4.0,-11.657780764158462,-11.416017047043846,-11.384351020601263,-12.531784547080333,-13.061213761222609
20,20_27,MW,27,0,0.5,-11.359355044103108,-11.856277170512186,-11.749554899416648,-12.549594529859103,-13.08967216338526
20,20_27,MW,27,1,1.0,-11.593169849633751,-11.964450726591778,-12.012721328609949,-12.350154641220003,-13.122377429550033
20,20_27,MW,27,2,1.5,-11.685309196673614,-11.686365577138549,-12.13640410844281,-12.577323963569613,-13.129870324038153
20,20_27,MW,27,3,2.0,-11.638308885347142,-11.70574291334612,-11.78351987024596,-12.593264624705888,-12.934400131234078
20,20_27,MW,27,4,2.5,-11.635324047712242,-11.810516900233742,-12.001711730820388,-12.566517270594126,-13.018686774798296
20,20_27,MW,27,5,3.0,-11.423126580191791,-11.525649926435413,-12.314194300925113,-12.671705492537843,-13.05720582264571
20,20_27,MW,27,6,3.5,-11.78957622594363,-12.043789799699931,-12.233717775861665,-12.721261259474106,-13.019694090953102
20,20_27,MW,27,7,4.0,-11.53879667442794,-11.874289411158014,-11.903360697304286,-12.595058742514956,-13.114769595329308
20,20_28,MW,28,0,0.5,-10.779620952648077,-11.618590315221672,-12.032169382403975,-12.615850986525572,-12.956615545192697
20,20_28,MW,28,1,1.0,-11.235425248476062,-11.9905616230455,-12.377424975175698,-12.763461575215844,-13.00886537921462
20,20_28,MW,28,2,1.5,-11.561564986479752,-11.572187761277153,-12.191682730720407,-12.715540738447926,-12.982436323133086
20,20_28,MW,28,3,2.0,-11.35002804546285,-12.12494766322886,-12.316988565421681,-12.640031505851532,-13.069778949435873
20,20_28,MW,28,4,2.5,-11.37248295095342,-11.961966785751661,-12.089234578442403,-12.581572847907816,-13.037324435823066
20,20_28,MW,28,5,3.0,-11.711490390680815,-12.147956945897763,-11.823628293945301,-12.528364723718871,-12.923007562380352
20,20_28,MW,28,6,3.5,-11.261957881407715,-11.662580233923382,-11.786506068622868,-12.47216611698727,-13.001307596517236
20,20_28,MW,28,7,4.0,-10.866881993010766,-11.405070541741166,-11.970107381910418,-12.24124934342801,-12.69428122047194
20,20_29,MW,29,0,0.5,-10.869468612183557,-11.328262773817327,-11.8999596511747,-12.08665142257234,-12.746514804557936
20,20_29,MW,29,1,1.0,-10.853305383748825,-11.067342473318728,-11.970603723917087,-12.509614771426845,-12.847840552678452
20,20_29,MW,29,2,1.5,-11.267171594613405,-12.102031246257267,-12.279614925718954,-12.545786721297553,-12.788307916247383
20,20_29,MW,29,3,2.0,-10.91187742369468,-11.999172556717932,-12.061505368188515,-12.472751393161822,-12.916915368913811
20,20_29,MW,29,4,2.5,-11.170192830901058,-11.390108627667567,-10.746974818766262,-12.185670887832144,-13.010917287101451
20,20_29,MW,29,5,3.0,-11.371803204310885,-11.200214004779436,-10.97225784518217,-12.307653068385193,-13.03210545164152
20,20_29,MW,29,6,3.5,-11.623083715829756,-11.260569627244726,-11.206917841076693,-12.267315103629562,-12.996906155242117
20,20_29,MW,29,7,4.0,-11.356188886761359,-11.306229029846945,-11.18632445987596,-12.334662217100881,-12.982977459435766
20,20_30,MW,30,0,0.5,-11.709852070950218,-11.453116536427997,-10.854749728011816,-12.304951879544193,-13.022508823013517
20,20_30,MW,30,1,1.0,-11.639343752818643,-12.022394295996051,-11.129982826559424,-12.411241831629809,-13.129089838492417
20,20_30,MW,30,2,1.5,-11.172844252687959,-11.834315725481085,-10.735162939494705,-12.317103792924481,-13.078374192602531
20,20_30,MW,30,3,2.0,-11.44517938539983,-11.82388261329025,-10.865434855633081,-12.365608199526475,-13.0377923249343
20,20_30,MW,30,4,2.5,-11.51254518874549,-11.65494998122706,-10.9786334564661,-12.50687601862003,-12.932266079235067
20,20_30,MW,30,5,3.0,-11.464260744630595,-11.808124593072229,-11.379683470865128,-12.35741941158635,-13.112525343331928
20,20_30,MW,30,6,3.5,-11.391082174557482,-11.674544715728617,-10.96328689660347,-12.38558502643659,-13.141890907137528
20,20_30,MW,30,7,4.0,-11.584374876390617,-11.736698701582204,-11.187133188318315,-12.402619280712099,-13.114935557282417
20,20_31,Focus,31,0,0.5,-11.470008641236928,-11.976250204394502,-11.281477013062903,-12.234293452578056,-12.952422703113362
20,20_31,Focus,31,1,1.0,-11.532378749490704,-11.656632824418498,-11.744886627890807,-12.521667079935497,-12.964169399313759
20,20_31,Focus,31,2,1.5,-11.477360845263515,-11.960026515629085,-11.90822177584059,-12.399192648750542,-12.800751961546206
20,20_31,Focus,31,3,2.0,-11.494990769370462,-11.746709656089097,-12.028960058909112,-12.532747749486994,-13.058405880039732
20,20_31,Focus,31,4,2.5,-11.0526092065636,-11.714714676682041,-12.117982893599924,-12.579202932962229,-12.907938707234266
20,20_31,Focus,31,5,3.0,-11.523574325432774,-11.596668282512896,-11.039559330254852,-12.45560063728633,-12.964333275910548
20,20_31,Focus,31,6,3.5,-11.753903171176988,-11.961109426518181,-11.053794709975909,-12.38787239525368,-13.09569427464423
20,20_31,Focus,31,7,4.0,-11.378988642435019,-11.931375309968688,-11.473003353451931,-12.440330490825051,-13.029049969978022
20,20_32,MW,32,0,0.5,-11.027279908249739,-12.01265896999617,-12.131715838468097,-12.40708065598592,-13.038000929171728
20,20_32,MW,32,1,1.0,-11.234634639396202,-11.80110816755852,-12.005089638342906,-12.536222823614972,-13.05018704233202
20,20_32,MW,32,2,1.5,-11.75628424415618,-11.92201122747561,-11.889277756168815,-12.433391660355234,-12.944159260523652
20,20_32,MW,32,3,2.0,-11.615198065045162,-11.710750004625194,-11.648206737505369,-12.613101904357574,-13.046872833674717
20,20_32,MW,32,4,2.5,-11.491847414186065,-11.67867627425684,-12.004708095398009,-12.654634520950228,-13.051419647022684
20,20_32,MW,32,5,3.0,-11.222004796936172,-11.561613225314428,-12.059833844448681,-12.731471604187478,-13.053872730232124
20,20_32,MW,32,6,3.5,-10.735893315467795,-11.66675060360808,-12.209486210082522,-12.23033198931296,-12.426616638162704
20,20_32,MW,32,7,4.0,-10.973915346098176,-11.480011119401093,-11.518535062012447,-12.003335634659617,-12.956889721674616
20,20_33,MW,33,0,0.5,-11.632520600993612,-11.751964444637093,-11.107590883336227,-12.436024212030532,-12.864007047206426
20,20_33,MW,33,1,1.0,-11.60927069655895,-11.861190052219225,-11.065161262729747,-12.335865332584508,-13.091268843654827
20,20_33,MW,33,2,1.5,-11.583533884083922,-11.553285624291549,-11.087582946184355,-12.412102182318446,-12.950044653295876
20,20_33,MW,33,3,2.0,-11.428407833274413,-11.461434639745036,-11.14226193322244,-12.304379936957005,-13.000688987787333
20,20_33,MW,33,4,2.5,-11.798872736990065,-11.905165061791882,-11.334739783898351,-12.363382970305338,-13.125780856888507
20,20_33,MW,33,5,3.0,-11.600803251208221,-11.380391654502368,-10.855417590923196,-12.479914007873234,-12.971754982135849
20,20_33,MW,33,6,3.5,-11.663791737568308,-12.08984675862242,-11.086741861567344,-12.538965079730362,-13.061147790057538
20,20_33,MW,33,7,4.0,-11.692430835941861,-11.69528552126171,-10.90300817233388,-12.416651126924002,-12.963139507976805
20,20_34,MW,34,0,0.5,-11.388566159758412,-12.041199608740103,-11.28849814794009,-12.412399619243823,-13.155265408243414
20,20_34,MW,34,1,1.0,-11.635143362257942,-12.445176553876156,-10.913253484434412,-12.38946796646205,-13.130413611581195
20,20_34,MW,34,2,1.5,-11.627891868764706,-12.029236896845173,-11.059191055783916,-12.34376587485767,-12.81392749874114
20,20_34,MW,34,3,2.0,-11.689847278011568,-11.946172178921694,-11.041322074806715,-12.4199818087944,-12.992622810959086
20,20_34,MW,34,4,2.5,-11.55325817335503,-11.884710819921938,-11.218812592558265,-12.316776457042518,-12.672543102336064
20,20_34,MW,34,5,3.0,-11.304173931915182,-11.732486070563727,-10.79890284391377,-12.410588942154545,-13.017026617232663
20,20_34,MW,34,6,3.5,-11.235998623135892,-11.854008527261579,-11.096440679835956,-12.403690917231687,-13.026291087569927
20,20_34,MW,34,7,4.0,-11.351727845135352,-12.05845907866342,-10.642210101511543,-12.334414880507286,-13.060626016586776
20,20_35,MW,35,0,0.5,-11.272022252951349,-11.568209869159123,-11.964973662046098,-12.364394841169574,-13.043492122876467
20,20_35,MW,35,1,1.0,-11.34854520104284,-11.908111768922014,-11.941398571662218,-12.590702679791326,-13.164552278672925
20,20_35,MW,35,2,1.5,-11.473272476250363,-11.583219955952014,-12.132936869428562,-12.674781606791912,-12.968071158063665
20,20_35,MW,35,3,2.0,-11.519912975367404,-11.715505359026109,-12.092766032273238,-12.640689218493522,-13.139043074588557
20,20_35,MW,35,4,2.5,-11.513807402619468,-11.87219189715394,-11.938019151546603,-12.665867156454986,-13.070282201799747
20,20_35,MW,35,5,3.0,-10.93616323120212,-10.955111885479747,-11.74042336890688,-12.508881069912055,-13.08509067494318
20,20_35,MW,35,6,3.5,-11.293984940412944,-11.622688341851093,-12.109605000157273,-12.616986367250366,-13.02017912831232
20,20_35,MW,35,7,4.0,-11.538190850384234,-12.157124559612738,-12.317724204968055,-12.495145187858071,-13.054915369880158
20,20_36,MW,36,0,0.5,-10.908349244367896,-11.79926773773307,-12.202042897687273,-12.560563666682995,-12.97260445294919
20,20_36,MW,36,1,1.0,-11.264336058954838,-11.657643482097997,-11.244910627699639,-12.263754757861836,-12.937521711702214
20,20_36,MW,36,2,1.5,-11.493735005809539,-11.53961663217413,-11.525410224849864,-12.219748151991682,-12.969994172144293
20,20_36,MW,36,3,2.0,-11.57546618309353,-11.795500571999051,-12.310522029338568,-12.455233190375132,-12.993122631294321
20,20_36,MW,36,4,2.5,-11.603156441619062,-12.033680241715944,-11.608327646357699,-12.309667314739935,-12.968717962087576
20,20_36,MW,36,5,3.0,-11.266864291380081,-11.907575805871234,-11.836672752573161,-12.592106922847812,-13.100868295985885
20,20_36,MW,36,6,3.5,-11.414269346651235,-11.953293059011271,-11.988879943251142,-12.626151747285403,-13.02341153492214
20,20_36,MW,36,7,4.0,-11.669542524901024,-11.777106569616222,-12.223968653999275,-12.60981511646451,-13.13548148423714
20,20_37,Focus,37,0,0.5,-11.820320124018913,-12.008376652882335,-12.486369931530088,-12.879644073540968,-12.99115893494608
20,20_37,Focus,37,1,1.0,-11.608894799255559,-11.994983298295212,-12.30934906036577,-12.642740936285911,-13.064230759028732
20,20_37,Focus,37,2,1.5,-11.570181813037218,-12.20053384931919,-12.164384213473399,-12.712070059795998,-12.938778156442499
20,20_37,Focus,37,3,2.0,-11.554463752778062,-12.037338708242931,-12.11881189190362,-12.535365926178814,-13.001995219373436
20,20_37,Focus,37,4,2.5,-11.52908671369534,-11.708589616535487,-12.448643112107275,-12.657134864414175,-13.06340223385665
20,20_37,Focus,37,5,3.0,-11.463826867361531,-11.718501734622361,-12.280932957921555,-12.413733635242394,-12.94770429146629
20,20_37,Focus,37,6,3.5,-11.52037644870389,-12.11051862255637,-12.203726281270807,-12.69239325886959,-13.002715977219314
20,20_37,Focus,37,7,4.0,-11.419241526176371,-11.88486275874765,-12.311360128969204,-12.558428495233319,-13.006828773291662
20,20_38,MW,38,0,0.5,-11.495063750121849,-11.975532208820047,-12.24582010611809,-12.646996384847792,-12.964421594790894
20,20_38,MW,38,1,1.0,-11.441372074246038,-11.719358359063348,-12.161893681598352,-12.412321438316836,-12.887024283178171
20,20_38,MW,38,2,1.5,-11.4943252410323,-11.98117282793392,-12.311356135360137,-12.670327892215393,-12.933478985249092
20,20_38,MW,38,3,2.0,-11.274159716665736,-11.774576257461218,-12.031336026235035,-12.607091927771394,-12.834079153832047
20,20_38,MW,38,4,2.5,-11.541878993010448,-11.706175663217925,-12.278172011329525,-12.689547523860968,-13.029471656392275
20,20_38,MW,38,5,3.0,-11.456381114550531,-11.921063109622795,-11.779210687978617,-12.388926379405595,-12.88156663737573
20,20_38,MW,38,6,3.5,-11.206729457052466,-12.014135545618494,-12.143324978004891,-12.425568606603726,-12.81114491218429
20,20_38,MW,38,7,4.0,-11.709643096130383,-12.054867217494754,-11.608929250849714,-12.257136982770433,-12.998708866265732
20,20_39,MW,39,0,0.5,-11.565818415654798,-11.960860946879052,-12.277756987344805,-12.573927959693572,-13.024722753587819
20,20_39,MW,39,1,1.0,-11.040671472612116,-12.122935816794357,-12.263644833760491,-12.640095490809069,-12.980056027199964
20,20_39,MW,39,2,1.5,-11.248630674254322,-11.84267374243795,-12.142695020950292,-12.47155361901601,-13.004505321271752
20,20_39,MW,39,3,2.0,-11.674226200605432,-12.187219703624573,-11.9491047311782,-12.53405227817148,-12.925895325665007
20,20_39,MW,39,4,2.5,-11.498673535067704,-11.932979101668419,-12.11751164494368,-12.74180819973232,-12.890780776198929
20,20_39,MW,39,5,3.0,-11.357515165145083,-11.626241283853275,-12.44113477118175,-12.483234313521775,-12.947054510050819
20,20_39,MW,39,6,3.5,-11.737983369027644,-11.88976667352792,-12.22079348935737,-12.635894887453446,-12.866520444208213
20,20_39,MW,39,7,4.0,-11.301976737744033,-11.688235376914438,-12.00362805764231,-12.541502483109687,-12.825869099419519
22,22_0,Focus,0,0,0.5,-11.109436554213945,-11.91912338364085,-12.131454804364942,-12.612351819640521,-13.25461390914911
22,22_0,Focus,0,1,1.0,-11.213721964515829,-11.89302126822302,-12.106373481622265,-12.54362254506717,-13.264593369177678
22,22_0,Focus,0,2,1.5,-11.051479295746715,-11.597554343547316,-12.258193579992998,-12.640501625303726,-13.197508649999033
22,22_0,Focus,0,3,2.0,-10.928178644137924,-11.765665974132292,-11.853618589781416,-12.220746965114227,-13.167978793859477
22,22_0,Focus,0,4,2.5,-11.043946104399115,-11.715128050936901,-12.18604261480238,-12.566510783002755,-13.163417983610909
22,22_0,Focus,0,5,3.0,-11.267135543441773,-12.007917783135692,-12.187797802410334,-12.625401399765629,-13.229693151907549
22,22_0,Focus,0,6,3.5,-11.167566878591508,-11.996179579737458,-12.15030080818525,-12.56748650326244,-13.107407434926978
22,22_0,Focus,0,7,4.0,-11.088013884903226,-11.948563414692757,-12.28288128015987,-12.506506651646783,-13.14901552127429
22,22_1,MW,1,0,0.5,-11.053132182905614,-11.794566775922233,-11.887003482564031,-12.499637958925456,-12.979852028436257
22,22_1,MW,1,1,1.0,-11.138863954719582,-11.929570090033346,-12.367680884404377,-12.532954147437685,-12.917728677164206
22,22_1,MW,1,2,1.5,-11.190532365961085,-11.864759992481249,-12.104926847122766,-12.361282361808353,-12.974808084316056
22,22_1,MW,1,3,2.0,-11.367385302288822,-11.853826836957968,-12.19102393335592,-12.46114312463406,-12.827329652540055
22,22_1,MW,1,4,2.5,-11.347353367510117,-11.748214694130466,-12.23710628202911,-12.675141554335877,-12.918697670371285
22,22_1,MW,1,5,3.0,-11.356086494453734,-11.950531853036932,-12.357666571491752,-12.60825950492707,-12.94665675814352
22,22_1,MW,1,6,3.5,-11.196294411497544,-11.773832433880976,-12.223840215411432,-12.326665701921709,-12.985233943861246
22,22_1,MW,1,7,4.0,-11.030916515330533,-11.607415741757231,-12.357682684077703,-12.47431365071711,-12.951040937272268
22,22_2,Focus,2,0,0.5,-11.31104177026246,-11.89446199010034,-11.867128243358076,-12.369662696885882,-12.877588787707099
22,22_2,Focus,2,1,1.0,-10.782358517669651,-11.774888120441771,-12.367664154831564,-12.569157598255694,-12.904192483680708
22,22_2,Focus,2,2,1.5,-10.887768552356064,-11.934086824378262,-12.006259671329431,-12.450974638247388,-12.863583204522017
22,22_2,Focus,2,3,2.0,-10.909949931322563,-11.90042902780578,-11.800632050119255,-12.505077930542448,-12.936138479772389
22,22_2,Focus,2,4,2.5,-11.149093737433153,-11.986006060976004,-12.006116896245253,-12.543129930222124,-12.906858876851219
22,22_2,Focus,2,5,3.0,-10.827509050211699,-11.874082515137275,-12.153882150100047,-12.476669797260106,-12.955194932337177
22,22_2,Focus,2,6,3.5,-11.181621456027505,-11.832701191830425,-12.133409608847526,-12.527482716541995,-12.939400973406068
22,22_2,Focus,2,7,4.0,-10.941694240009808,-12.080996866245476,-12.172698175237699,-12.476227484799981,-12.748611015863302
22,22_3,Focus,3,0,0.5,-11.000217074707002,-11.932862494702448,-12.112894288185117,-12.588643351672934,-13.224123909161985
22,22_3,Focus,3,1,1.0,-11.048705003492248,-12.028565288260381,-11.685389813269255,-12.359113892168704,-13.110631021099731
22,22_3,Focus,3,2,1.5,-10.875630936151037,-11.701297216916908,-11.569619441683912,-12.045437852661072,-13.115883933341253
22,22_3,Focus,3,3,2.0,-11.085473038014351,-11.772578019737276,-12.050631846568166,-12.4201935539342,-12.65397872326333
22,22_3,Focus,3,4,2.5,-10.998008179543179,-11.829739634833885,-11.861519165669389,-12.161077744572593,-12.324659400468839
22,22_3,Focus,3,5,3.0,-10.896605310749262,-12.081653596672615,-11.84451771365541,-12.347325264247175,-12.58753681015399
22,22_3,Focus,3,6,3.5,-10.520244027715762,-11.633535639174589,-11.945022034589874,-12.338166056693858,-12.808689539320456
22,22_3,Focus,3,7,4.0,-10.718929665972677,-11.80080377635196,-11.968932924437052,-12.21311894761392,-12.649244195687771
22,22_4,Focus,4,0,0.5,-11.272911620221736,-11.951446167100132,-11.83385534433283,-12.350157338998539,-13.160723406105912
22,22_4,Focus,4,1,1.0,-11.03090729673626,-11.90549840586468,-12.46747997450807,-12.662619183875911,-13.137099280727881
22,22_4,Focus,4,2,1.5,-11.11599385324689,-11.901815819809588,-12.427195523833067,-12.418911169425737,-13.195997196988555
22,22_4,Focus,4,3,2.0,-10.747372539250865,-12.049186881562063,-12.29406558181823,-12.380193552710123,-13.28675982969375
22,22_4,Focus,4,4,2.5,-10.301044469394776,-11.665276306223188,-11.725417383894943,-12.231048837845922,-13.014218701922834
22,22_4,Focus,4,5,3.0,-10.572735837819016,-11.804102148067763,-11.692112889900443,-12.313738773004562,-13.111620651676951
22,22_4,Focus,4,6,3.5,-10.746408322976395,-11.481685730432549,-11.303800395033438,-12.058157072200835,-13.104725861293034
22,22_4,Focus,4,7,4.0,-11.076876224014995,-11.736694744121884,-12.035897975107197,-12.451506459187224,-13.28358441076797
22,22_5,Focus,5,0,0.5,-11.098724159599888,-12.036906094461157,-11.970312576515449,-12.354406735286954,-13.048704728264795
22,22_5,Focus,5,1,1.0,-11.2305278745404,-11.823136374806634,-11.737044887465734,-12.2460540024999,-13.078780139733462
22,22_5,Focus,5,2,1.5,-11.472040169944211,-11.956523677159643,-12.148136931778623,-12.560931183778443,-13.18934515780644
22,22_5,Focus,5,3,2.0,-11.211894865448057,-11.897224366038351,-12.328925143663783,-12.607884440128931,-13.09810689110723
22,22_5,Focus,5,4,2.5,-11.315969447000985,-11.880274300031278,-11.696231380399876,-12.48859566366752,-13.155072498802735
22,22_5,Focus,5,5,3.0,-11.236793569547697,-12.138952782072275,-11.867028865643253,-12.436436183632047,-13.137122734001098
22,22_5,Focus,5,6,3.5,-11.289546513293423,-11.760744443580364,-11.894347450099131,-12.58709457295972,-13.139247373013207
22,22_5,Focus,5,7,4.0,-11.22319046887237,-12.055468312015842,-12.23981357408677,-12.569032915358173,-13.084601795480456
22,22_6,Focus,6,0,0.5,-11.155722858992107,-11.953714619888675,-11.876368856150037,-12.578912363574398,-13.107192909662931
22,22_6,Focus,6,1,1.0,-11.141030954068578,-11.985486843596638,-12.15381213355535,-12.622959868771266,-13.182393807349262
22,22_6,Focus,6,2,1.5,-11.12892016905958,-11.944065939679032,-12.13435025268442,-12.52620812422046,-13.089214826058939
22,22_6,Focus,6,3,2.0,-11.04667207820406,-11.964291995725313,-12.100599687844307,-12.58201604315246,-13.279436292931123
22,22_6,Focus,6,4,2.5,-11.336483449482177,-12.078934172068339,-12.072699591398996,-12.673732971858248,-13.32762464347266
22,22_6,Focus,6,5,3.0,-11.52228122626601,-11.911153465443457,-11.99947504719743,-12.304668919274071,-13.062047755685239
22,22_6,Focus,6,6,3.5,-11.177169457745617,-11.930576393135729,-12.181902365455137,-12.314348797650991,-13.168878001790494
22,22_6,Focus,6,7,4.0,-11.275358357935204,-12.013972574465663,-11.714093745571041,-12.066279250504003,-13.17211207243263
22,22_7,Focus,7,0,0.5,-10.950008730373892,-11.90828465021174,-12.24046760933394,-12.403365978409454,-13.042911399790885
22,22_7,Focus,7,1,1.0,-10.85939271209471,-11.863853673760643,-12.09777760283904,-12.409666099795832,-13.037337043534592
22,22_7,Focus,7,2,1.5,-10.769931194724307,-11.919617819575896,-12.083841614807724,-12.02346610757022,-11.726087517480972
22,22_7,Focus,7,3,2.0,-10.78701937264778,-11.648792623779086,-12.114557419550389,-12.364136435265658,-12.345162738231037
22,22_7,Focus,7,4,2.5,-10.745036811443455,-11.66157132794413,-11.733945129937998,-12.3991821439037,-13.023527571738487
22,22_7,Focus,7,5,3.0,-11.003357092302773,-11.870441671909639,-12.341729889206944,-12.659138425583428,-13.197142677413023
22,22_7,Focus,7,6,3.5,-10.895213648681294,-12.042334651024388,-12.429029813368592,-12.58075675812707,-12.958312593382088
22,22_7,Focus,7,7,4.0,-11.04631494408442,-11.816344914225985,-12.437184915971034,-12.53690137621678,-13.006179094298112
22,22_8,Focus,8,0,0.5,-11.086706631656957,-11.786401181496217,-12.285249592651446,-12.392309802241822,-13.065021427399964
22,22_8,Focus,8,1,1.0,-10.905368621054777,-11.884023132963978,-12.36114209644853,-12.605846763650375,-13.132877587819282
22,22_8,Focus,8,2,1.5,-10.874826350187176,-11.751849066691484,-12.366301792181435,-12.502098064611197,-13.147894693333297
22,22_8,Focus,8,3,2.0,-11.03498451919391,-11.645102260992086,-12.144969544763384,-12.48188771204195,-13.342871400698678
22,22_8,Focus,8,4,2.5,-11.03057986104404,-11.949845328696142,-12.37516112272396,-12.585993518295213,-13.213080774243956
22,22_8,Focus,8,5,3.0,-11.377233803435377,-12.08166406135089,-12.321059214109797,-12.451317959825314,-13.165163669208185
22,22_8,Focus,8,6,3.5,-11.356604221199351,-11.972997165998331,-11.910728377175836,-11.998831848325482,-13.124986000516156
22,22_8,Focus,8,7,4.0,-11.053339961812082,-12.120353196154849,-12.148291532306542,-12.289545399047054,-13.04394066576843
22,22_9,MW,9,0,0.5,-10.124429138100359,-11.731096146310325,-12.292596167285582,-12.25483277034722,-12.294200893979056
22,22_9,MW,9,1,1.0,-10.92124302972962,-11.948910109218561,-11.994262575276412,-12.241231195671869,-12.085401337095101
22,22_9,MW,9,2,1.5,-11.100056956038356,-12.05569432656584,-11.974732440210072,-12.08816104534757,-12.200622893185045
22,22_9,MW,9,3,2.0,-10.085774299615418,-12.077840668101548,-11.64475531224897,-12.26216285363655,-12.178561273754635
22,22_9,MW,9,4,2.5,-9.990952169702009,-11.753674529381817,-11.681897202855794,-12.450587392165056,-12.644497026726352
22,22_9,MW,9,5,3.0,-10.867904085552054,-11.78107989555262,-12.246692555010453,-12.363780330792276,-12.619509948377702
22,22_9,MW,9,6,3.5,-11.044850568253587,-11.819942914704104,-11.657702653212331,-12.387870862676627,-12.424807922099436
22,22_9,MW,9,7,4.0,-11.53963345251309,-11.876638627176149,-12.158462395304438,-12.37417032519983,-12.80993015268255
22,22_10,MW,10,0,0.5,-10.901864301121398,-11.69829574144279,-11.870286345556316,-12.384814868055518,-13.087349395120444
22,22_10,MW,10,1,1.0,-10.964745649011949,-11.743015428562936,-12.188962818383336,-12.732577440271495,-13.178866644283476
22,22_10,MW,10,2,1.5,-11.575140529988547,-11.991654267108844,-12.216749208999312,-12.496241652038965,-13.108822146679515
22,22_10,MW,10,3,2.0,-11.246888046291156,-11.974649083397638,-11.469148450921011,-12.188053122743835,-13.006903834944074
22,22_10,MW,10,4,2.5,-11.400612623278509,-11.755629651406771,-11.544266283237253,-12.400490300789127,-13.048441226598785
22,22_10,MW,10,5,3.0,-11.167391310664511,-11.787655669940536,-11.603069486767943,-12.44767571166537,-12.96970513477149
22,22_10,MW,10,6,3.5,-11.022646673964235,-12.006588309945927,-11.619603859611917,-12.25385130791352,-13.156938911698662
22,22_10,MW,10,7,4.0,-11.02416619856963,-11.813244295577011,-11.984440005252909,-12.517418495806274,-13.154545849119378
22,22_11,MW,11,0,0.5,-11.486762213190788,-12.132943070169805,-12.03294493804874,-12.672161142563958,-13.272143692570252
22,22_11,MW,11,1,1.0,-11.263685613322256,-11.886266565375381,-12.249822904070799,-12.465521381324653,-13.148996289405272
22,22_11,MW,11,2,1.5,-11.278395009779988,-12.194554860574312,-11.941836973332425,-12.718188137981981,-13.131711490724767
22,22_11,MW,11,3,2.0,-10.495093588242545,-11.816834060031718,-12.165548086351516,-12.648583310932082,-13.073465748636107
22,22_11,MW,11,4,2.5,-10.597917341203729,-11.791304986335595,-12.066297572263608,-12.186013676375843,-13.125463189558465
22,22_11,MW,11,5,3.0,-10.978723243701202,-11.780100665687266,-12.166027922234655,-12.500954791332253,-13.11114081984033
22,22_11,MW,11,6,3.5,-11.211151447965449,-12.051660360107729,-12.397151148180475,-12.451634901858762,-13.066205981907297
22,22_11,MW,11,7,4.0,-11.486055127959672,-11.91633292890747,-12.53182871898614,-12.389133649746414,-13.014595517969209
22,22_12,Focus,12,0,0.5,-11.277749350363226,-11.931189506410702,-12.145261444544719,-12.425606652584305,-13.302935245080697
22,22_12,Focus,12,1,1.0,-11.182619001644428,-12.013727637786417,-12.091167839626701,-12.547373403824881,-13.119014068178869
22,22_12,Focus,12,2,1.5,-11.258339319576463,-12.03422651037888,-12.265375683772964,-12.529118153383687,-13.14150948514069
22,22_12,Focus,12,3,2.0,-11.238130273695477,-12.06248620295974,-12.325086434654754,-12.491328891740427,-13.21281656554695
22,22_12,Focus,12,4,2.5,-11.170134994692784,-12.017829851650868,-12.348851350060766,-12.486774087139684,-13.181729318734348
22,22_12,Focus,12,5,3.0,-11.341019337330689,-12.101576967022991,-12.23765593799028,-12.619391309139107,-13.20678277269213
22,22_12,Focus,12,6,3.5,-11.059437425526863,-12.025913361278779,-12.269936153952084,-12.555133145349313,-13.20472515633934
22,22_12,Focus,12,7,4.0,-11.101815055683932,-11.902989229740884,-12.116364192598724,-12.248487840305717,-13.256601469915072
22,22_13,MW,13,0,0.5,-11.42518142425682,-11.987832465433497,-11.997732386483678,-12.499702068839268,-13.15440509382782
22,22_13,MW,13,1,1.0,-11.449985547075782,-12.047262902395657,-11.987185235772785,-12.753629257067672,-13.031395203639038
22,22_13,MW,13,2,1.5,-11.3720819206842,-12.254611822602456,-11.983122726628734,-12.663663438296727,-13.06157864057794
22,22_13,MW,13,3,2.0,-11.211189138266981,-11.768993826810343,-12.041980812510674,-12.221350236690393,-13.033643423837095
22,22_13,MW,13,4,2.5,-11.339250958942266,-12.006608190377232,-12.044369108526539,-12.332770730826287,-13.065218148370036
22,22_13,MW,13,5,3.0,-11.466651351312464,-11.842730781873069,-12.021234726146222,-12.367657930205043,-13.020909083789162
22,22_13,MW,13,6,3.5,-11.14600877338186,-11.824221178254776,-11.906082072392122,-12.301673490951892,-13.12462558265255
22,22_13,MW,13,7,4.0,-11.332471371605921,-12.027179712946973,-12.02884290525325,-12.270957354223968,-13.127352422494276
22,22_14,Focus,14,0,0.5,-11.618433130157808,-11.985468297253444,-12.215765729463822,-12.449548157247941,-13.172361972138004
22,22_14,Focus,14,1,1.0,-11.496034754898698,-11.989596197592821,-11.993924795665913,-12.541483460195991,-13.067139707223502
22,22_14,Focus,14,2,1.5,-11.111253758078568,-11.919961891714687,-12.341653354401231,-12.402265864396323,-13.101112713337649
22,22_14,Focus,14,3,2.0,-11.193373381543447,-12.250234903253235,-12.20354095239719,-12.509622483331272,-13.045623806944484
22,22_14,Focus,14,4,2.5,-11.244242583615994,-12.162364008911856,-12.220034077704005,-12.357323307433163,-13.041640137203858
22,22_14,Focus,14,5,3.0,-10.987906105449737,-12.233603895054596,-12.21000404479683,-12.558602648791412,-13.128272580487346
22,22_14,Focus,14,6,3.5,-11.228129091286947,-11.96081878022676,-12.215323266314398,-12.361467755286034,-13.194831833047504
22,22_14,Focus,14,7,4.0,-11.050225040175315,-11.866558563319906,-12.298167373050603,-12.504665443573984,-13.136596810040944
22,22_15,Focus,15,0,0.5,-11.332015091905808,-11.979143179007314,-11.583228485899955,-12.483411069891572,-12.962537043142088
22,22_15,Focus,15,1,1.0,-11.279063952154027,-12.17074559763934,-11.572798023476158,-12.240310453236804,-13.028859789776723
22,22_15,Focus,15,2,1.5,-11.323282451527739,-12.131356987615696,-12.023251202485197,-12.474703430799183,-12.944006658055068
22,22_15,Focus,15,3,2.0,-11.158186327415697,-12.0621263751855,-11.784884244357523,-12.26806516431715,-13.045665721002889
22,22_15,Focus,15,4,2.5,-11.271962594127604,-12.107344131927494,-11.012650071185494,-12.37897025539635,-12.937652777725381
22,22_15,Focus,15,5,3.0,-11.237298206556268,-11.928654248977807,-11.300128909328004,-12.512472855763638,-12.984185387853119
22,22_15,Focus,15,6,3.5,-11.00102152534874,-12.078442471847207,-11.94357932625315,-12.348720423177229,-13.029113237266255
22,22_15,Focus,15,7,4.0,-11.33641949975793,-12.161403501501907,-12.311084806936696,-12.385078585950888,-13.075721527344271
22,22_16,MW,16,0,0.5,-11.075518011828574,-12.147886751532393,-11.990154494534844,-12.710539403714439,-13.046697632408641
22,22_16,MW,16,1,1.0,-11.230217003809985,-12.12754907134835,-12.465926653753971,-12.667558273266046,-13.159827472218346
22,22_16,MW,16,2,1.5,-11.415438991095145,-12.07725416711026,-12.417858256170828,-12.4504440168831,-13.09824092664642
22,22_16,MW,16,3,2.0,-11.330764204993427,-11.779869038331816,-11.965481574578646,-12.566370041863793,-13.116229788257984
22,22_16,MW,16,4,2.5,-11.318642404714723,-11.684799454108974,-12.03282408646859,-12.591947182724208,-13.186727937121175
22,22_16,MW,16,5,3.0,-11.236261808015195,-12.011371381823082,-12.21477077630786,-12.62485197974049,-12.995939442213455
22,22_16,MW,16,6,3.5,-11.130547559696938,-12.03845515052066,-12.464616082284278,-12.638925948955901,-13.02589844344712
22,22_16,MW,16,7,4.0,-11.153742830925218,-11.961813382970536,-12.364490683495545,-12.81227526238587,-12.944640988637826
22,22_17,Focus,17,0,0.5,-11.113568179713996,-11.952636752303393,-12.277931593303142,-12.612447221675186,-12.860590075508242
22,22_17,Focus,17,1,1.0,-11.468556058275212,-11.744983706512684,-12.228582890353831,-12.56772091386546,-12.854278416953145
22,22_17,Focus,17,2,1.5,-11.13557326179589,-11.98680353364317,-12.235306715066683,-12.369816684784983,-12.716210988888582
22,22_17,Focus,17,3,2.0,-11.129198876642409,-11.942588714951922,-11.851342677351898,-12.214900653022177,-12.812486687280337
22,22_17,Focus,17,4,2.5,-11.222842734621244,-11.906505739796433,-11.946853640390426,-12.205733122438916,-12.264617700279503
22,22_17,Focus,17,5,3.0,-11.080258848927162,-11.975361947152683,-12.167810250865752,-12.231339705887345,-12.117947349658225
22,22_17,Focus,17,6,3.5,-11.385009708564688,-11.9599933435489,-11.873730576969477,-11.917097915181985,-13.000935946784647
22,22_17,Focus,17,7,4.0,-11.257248732289119,-12.011388911801042,-11.513572706975406,-12.32612200181974,-13.014364458962262
22,22_18,MW,18,0,0.5,-11.42627177615284,-12.165592091629138,-12.276581455209175,-12.593455991684213,-12.981706904387483
22,22_18,MW,18,1,1.0,-11.38409422919622,-11.9847370780537,-12.31199386188101,-12.691164244641817,-12.947656826941982
22,22_18,MW,18,2,1.5,-11.682502324944723,-12.28818008781157,-12.469585971982877,-12.472154905752742,-13.019031233789597
22,22_18,MW,18,3,2.0,-11.05573748360041,-12.222176329770061,-12.496710646391893,-12.39002860340492,-13.162922168756847
22,22_18,MW,18,4,2.5,-11.244343505823135,-11.863092573855297,-12.256624359498694,-12.616905589168548,-13.090874491719923
22,22_18,MW,18,5,3.0,-11.344791493892615,-12.144887160288812,-12.298629932631973,-12.617479774643565,-13.074752632234524
22,22_18,MW,18,6,3.5,-11.153214473237583,-12.224909229296806,-12.397821180220827,-12.6257549304469,-13.039474905617206
22,22_18,MW,18,7,4.0,-11.359861526205915,-11.888259319659456,-12.391766548641936,-12.615272443616435,-13.024890936371879
22,22_19,MW,19,0,0.5,-11.355656811476178,-12.017147656206973,-12.164922048923637,-12.610992036382624,-13.194488886364041
22,22_19,MW,19,1,1.0,-11.519825705083962,-11.973152162962023,-12.302810418843922,-12.49842345301717,-13.100164240658236
22,22_19,MW,19,2,1.5,-11.345401497527552,-12.197261655548223,-12.197271781624229,-12.64302862692809,-13.181101682590915
22,22_19,MW,19,3,2.0,-11.180353941075204,-12.04182149086966,-11.93339102593533,-12.618038975171979,-13.141368557576223
22,22_19,MW,19,4,2.5,-11.356248982689404,-11.788092460836088,-11.699453505491618,-12.337204768814367,-13.344326283813329
22,22_19,MW,19,5,3.0,-11.542983751645039,-11.913721080172795,-11.880949475508523,-12.57080339028571,-13.104644438390766
22,22_19,MW,19,6,3.5,-11.126757335262601,-12.070848775925418,-11.923501202001699,-12.426722664975822,-13.188014663981066
22,22_19,MW,19,7,4.0,-11.367872626560692,-12.018728693404654,-12.077881482661597,-12.658219163932138,-13.206329031180367
22,22_20,MW,20,0,0.5,-11.36883329588661,-12.010656311077343,-12.04871617216499,-12.64098900824024,-13.089456039761384
22,22_20,MW,20,1,1.0,-11.376509032415084,-12.073074954883195,-12.518991211729366,-12.396225094713374,-13.08267096179348
22,22_20,MW,20,2,1.5,-10.286967361903292,-11.659908334901056,-11.800160357728284,-12.17473040121062,-12.95934031221937
22,22_20,MW,20,3,2.0,-10.645488665262478,-12.062452240760278,-12.18887574145223,-12.469062627099207,-13.041428505585003
22,22_20,MW,20,4,2.5,-10.936924581333928,-11.81147269725723,-12.356157832341468,-12.626841313803416,-13.106930402611642
22,22_20,MW,20,5,3.0,-10.892909557365092,-11.94744414752348,-12.116781085900685,-12.671625936041288,-13.216246557253427
22,22_20,MW,20,6,3.5,-11.271715007900085,-12.107847759895684,-11.931024709131236,-12.592009574425925,-13.099923518539644
22,22_20,MW,20,7,4.0,-10.776229303966135,-11.697902202533122,-11.789883336455139,-12.65986953719666,-13.019353832822429
22,22_21,MW,21,0,0.5,-10.998940963926795,-11.808926031336892,-12.287269885914556,-12.664199494647672,-13.090638138725156
22,22_21,MW,21,1,1.0,-11.406226344333238,-12.020558471333244,-12.370570174842369,-12.655791900631188,-13.10844268474677
22,22_21,MW,21,2,1.5,-11.305619994381235,-12.150117774219627,-12.311076858836516,-12.729465096887797,-13.154878296846473
22,22_21,MW,21,3,2.0,-11.226307539055734,-11.970665274802993,-12.280299316718816,-12.739706985169354,-13.145725975930004
22,22_21,MW,21,4,2.5,-11.193533266875988,-11.886613957789468,-12.105511379682278,-12.250322972059923,-13.008709582035001
22,22_21,MW,21,5,3.0,-11.251296251992391,-12.024540799342006,-12.27407591641698,-12.456961673041292,-13.072154525487843
22,22_21,MW,21,6,3.5,-11.25676982862751,-12.044766727071902,-12.268936518213247,-12.680174045577791,-13.1412082147352
22,22_21,MW,21,7,4.0,-11.204153222085035,-11.778847786602778,-12.226316875850575,-12.653564696538032,-13.111408879903557
22,22_22,MW,22,0,0.5,-11.209112372190477,-12.004127961160279,-11.655276489728054,-12.510144871025838,-12.995642539784908
22,22_22,MW,22,1,1.0,-11.563830418871714,-11.961491123347686,-11.889211259325847,-12.197690193320497,-13.05045648051764
22,22_22,MW,22,2,1.5,-11.579280600471767,-12.254370088879437,-11.629468100506363,-12.227837382444655,-13.166567402119469
22,22_22,MW,22,3,2.0,-11.123482285586235,-11.912494779605149,-12.162687442892075,-12.49255902800235,-13.191528744204897
22,22_22,MW,22,4,2.5,-11.404153911719296,-11.971647503580895,-12.406889439737158,-12.551401117608052,-13.021218727803953
22,22_22,MW,22,5,3.0,-11.171091404504143,-11.90800339388291,-12.290271300584283,-12.568747556975657,-12.992716379507568
22,22_22,MW,22,6,3.5,-11.014733343442117,-12.127458540874658,-12.557435448368011,-12.516522669144956,-12.906589787777365
22,22_22,MW,22,7,4.0,-11.06764016578342,-11.998286464475795,-12.24838934662628,-12.33904708863335,-13.034150536997219
22,22_23,MW,23,0,0.5,-11.532230570672171,-11.988946344806466,-11.565156260682729,-12.352206708030463,-12.997893273795487
22,22_23,MW,23,1,1.0,-11.04103685554361,-11.93984979949985,-11.989340199236056,-12.214435560424091,-13.015518529162131
22,22_23,MW,23,2,1.5,-11.24633906168243,-11.81829556197877,-11.971053079109918,-11.88119855038342,-12.906571014548401
22,22_23,MW,23,3,2.0,-11.305236493156334,-11.978758037951028,-11.858287371217969,-12.313937109855068,-13.048959332013018
22,22_23,MW,23,4,2.5,-11.297368266922566,-12.100683756413328,-12.257635556208358,-12.601103488757015,-13.095571630869156
22,22_23,MW,23,5,3.0,-11.324133256158547,-12.191727739315157,-12.205847751886118,-12.445520441378434,-13.081166710441408
22,22_23,MW,23,6,3.5,-11.267042513558078,-11.917541052794903,-12.25109805033469,-12.49480056896548,-12.863363555664181
22,22_23,MW,23,7,4.0,-11.074514149607852,-11.894092444436954,-12.302040773329226,-12.38556073046234,-12.932520608347822
22,22_24,Focus,24,0,0.5,-11.15759703451405,-12.190990079433687,-12.330703632860375,-12.47507673625168,-12.919714094467954
22,22_24,Focus,24,1,1.0,-11.426079195528715,-12.161619097372325,-12.488082172766436,-12.557528840550068,-13.028132193841763
22,22_24,Focus,24,2,1.5,-11.579123059793897,-12.115546711845935,-12.000733780411393,-12.557102013022398,-12.945599559330157
22,22_24,Focus,24,3,2.0,-11.769592389091084,-11.981865553273163,-12.304570404450853,-12.621248307054923,-13.16837591835395
22,22_24,Focus,24,4,2.5,-11.309872947099883,-12.006368888955578,-12.395898427175176,-12.567335503026538,-12.972289380567002
22,22_24,Focus,24,5,3.0,-11.469094490347235,-12.055799980224348,-12.163418054752023,-12.388348676716573,-12.941191580744983
22,22_24,Focus,24,6,3.5,-11.307704556667348,-12.094288438610482,-12.329267032199956,-12.424586749691008,-13.11040613964447
22,22_24,Focus,24,7,4.0,-11.354546683770081,-11.878979087151286,-12.263406116502296,-12.69491876233443,-13.002443115530891
22,22_25,Focus,25,0,0.5,-11.284604683813194,-12.233175542620248,-12.303656425314216,-12.497898709516377,-12.858446540595121
22,22_25,Focus,25,1,1.0,-11.258408350597703,-12.062142059175667,-12.157970901210854,-12.307033217520571,-12.979899578063138
22,22_25,Focus,25,2,1.5,-11.306136826197756,-11.882234599273238,-12.302236114923417,-12.355782815143238,-13.009580747331977
22,22_25,Focus,25,3,2.0,-11.380792721838134,-12.291292629303106,-12.402327378186765,-12.458591456653888,-12.96652983758606
22,22_25,Focus,25,4,2.5,-11.426652613325137,-11.960901985513537,-11.866859330206546,-12.231050763566586,-12.959524190739563
22,22_25,Focus,25,5,3.0,-11.45420441997501,-12.184488729073136,-12.133061637385945,-12.293865804882751,-12.987843880095793
22,22_25,Focus,25,6,3.5,-11.373784046177583,-12.11844952508594,-12.297909028968053,-12.220161825084613,-13.049159369559696
22,22_25,Focus,25,7,4.0,-11.13374107217328,-12.015602379180171,-12.247465356966462,-12.31356135957708,-12.95028153064384
22,22_26,MW,26,0,0.5,-11.628414863293282,-12.029035234597776,-12.370564006851977,-12.863308786499125,-13.18861791296464
22,22_26,MW,26,1,1.0,-11.405238186438252,-11.871709083601488,-12.383201363516362,-12.864880860496186,-13.168850915673893
22,22_26,MW,26,2,1.5,-11.662358970215422,-11.934130639590142,-12.304735786754156,-12.742455075777414,-13.1172886968946
22,22_26,MW,26,3,2.0,-11.080875252747264,-11.784310272514361,-12.215212539058857,-12.673901766894964,-13.117296998185473
22,22_26,MW,26,4,2.5,-11.207639896493832,-11.566974886658802,-12.505555340045873,-12.771559544646523,-13.110349967287231
22,22_26,MW,26,5,3.0,-11.161129800780218,-12.04755888566864,-12.30597351691517,-12.488988689751654,-13.106220330178868
22,22_26,MW,26,6,3.5,-11.343980515615039,-11.895215250902037,-12.417343365181011,-12.48983597836675,-13.059743926689636
22,22_26,MW,26,7,4.0,-11.18474280775185,-11.916372049150434,-12.620400625621242,-12.62607102303409,-12.941593824187315
22,22_27,Focus,27,0,0.5,-11.274163065547208,-11.962635509558778,-11.998046534008434,-12.555390377776176,-12.927503096938626
22,22_27,Focus,27,1,1.0,-11.251399200130711,-11.869661600361287,-12.023357117817088,-12.320754755256802,-12.932470094741221
22,22_27,Focus,27,2,1.5,-11.091182022220938,-12.058045868209344,-11.918384450260557,-12.452534637305346,-13.079125408047538
22,22_27,Focus,27,3,2.0,-11.154831565808355,-11.698792791727925,-11.818305270487624,-12.364432883753155,-13.12234602344755
22,22_27,Focus,27,4,2.5,-11.148587743616329,-11.871531028669628,-12.219479660917637,-12.421081768379935,-13.148304801137424
22,22_27,Focus,27,5,3.0,-11.32360478549424,-11.716547073539513,-12.341894184778917,-12.388015914399281,-13.19562158454926
22,22_27,Focus,27,6,3.5,-10.88789644456739,-11.961639520272096,-12.41774896159702,-12.75012872443071,-13.007621158896951
22,22_27,Focus,27,7,4.0,-11.052952650772534,-12.067812621951322,-12.337219528257343,-12.772890234288807,-13.117239812522191
22,22_28,Focus,28,0,0.5,-10.98370892229686,-12.151819577626483,-11.986146017039692,-12.203682192158144,-12.99492536417175
22,22_28,Focus,28,1,1.0,-11.223017605667101,-11.927017947423908,-11.924365681934997,-12.450355700162516,-13.192539612516091
22,22_28,Focus,28,2,1.5,-11.301897647309541,-12.071623297540059,-12.073543126126395,-12.450158633067304,-13.110252695884247
22,22_28,Focus,28,3,2.0,-10.85636581391752,-11.99484334362124,-12.154585938207791,-12.580156906643223,-13.20456428495508
22,22_28,Focus,28,4,2.5,-11.24022325838482,-12.197626867150417,-12.284628160191334,-12.523097808262117,-13.224245859972532
22,22_28,Focus,28,5,3.0,-11.47912046969889,-12.125416258512004,-12.28364609143656,-12.431790161753428,-13.09481300621847
22,22_28,Focus,28,6,3.5,-11.421297459723437,-12.17832916186533,-12.330380481118516,-12.613915176761589,-13.19798605454488
22,22_28,Focus,28,7,4.0,-11.438618897750414,-12.11489584900089,-12.510570318264644,-12.513455767907299,-13.164531691567738
22,22_29,MW,29,0,0.5,-11.14276076699227,-12.214502955744555,-12.01436259950685,-12.432859781296491,-13.003223863356364
22,22_29,MW,29,1,1.0,-10.970117794938679,-12.1041387992147,-12.089750274252372,-12.414514420610162,-13.096025658753327
22,22_29,MW,29,2,1.5,-11.158979578125019,-11.945612944544822,-12.108210882604935,-12.366994383399385,-13.051268378830802
22,22_29,MW,29,3,2.0,-11.309466095385396,-11.815538756111133,-11.989294550087413,-12.171468535698473,-13.047243408111932
22,22_29,MW,29,4,2.5,-11.107305504526584,-11.781722206870406,-12.073987811182096,-12.585381391837359,-13.093683239791035
22,22_29,MW,29,5,3.0,-11.397642498558778,-12.011473342925719,-12.51859021055934,-12.596182615469422,-13.106848585375
22,22_29,MW,29,6,3.5,-11.252871090141703,-11.934829152531245,-12.407995254779049,-12.692008762021324,-13.026037242113372
22,22_29,MW,29,7,4.0,-11.381120329784851,-11.71511115761509,-12.124193927021707,-12.69292054218094,-13.065795200565978
22,22_30,MW,30,0,0.5,-11.263661116455927,-11.801176886096044,-12.300390266396027,-12.818423172153391,-12.92749898750319
22,22_30,MW,30,1,1.0,-10.888826478742914,-11.654361503912712,-12.358505479655415,-12.772727396204171,-12.744209652875327
22,22_30,MW,30,2,1.5,-10.981380608386598,-11.536696227728298,-12.069433518753835,-12.559896894531287,-12.81586987731455
22,22_30,MW,30,3,2.0,-11.363428403086619,-11.772621240383584,-12.185519300755749,-12.314022882049589,-12.621372083440257
22,22_30,MW,30,4,2.5,-10.99082435618053,-11.799701612344784,-12.280027738642483,-12.348205282575435,-12.854392535602061
22,22_30,MW,30,5,3.0,-11.40953246436921,-11.764048461652996,-12.19486603924212,-12.479856735093557,-12.730351020257405
22,22_30,MW,30,6,3.5,-11.421601052984487,-11.938168631424597,-12.101015283346253,-12.395665749489178,-12.77825007852516
22,22_30,MW,30,7,4.0,-11.02789316587525,-11.760687487994948,-12.184606920950994,-12.664474259481217,-12.966501579062085
22,22_31,MW,31,0,0.5,-11.19258540259295,-12.032658662806188,-12.308256768077666,-12.456019579754622,-13.093505003401836
22,22_31,MW,31,1,1.0,-10.870859540449976,-11.863835091782976,-12.166763717929555,-12.367094832135908,-13.110931419427635
22,22_31,MW,31,2,1.5,-11.057290608380816,-12.008809041274839,-12.45113884350904,-12.517123260670797,-13.114539132559383
22,22_31,MW,31,3,2.0,-10.960988000449486,-11.877711829411767,-12.453330577065175,-12.521670488914502,-13.124478067824354
22,22_31,MW,31,4,2.5,-11.090071544163731,-11.876490952573096,-11.764537050004613,-12.18664501453946,-13.10892703334152
22,22_31,MW,31,5,3.0,-10.906598438822629,-11.647172815845478,-12.04652408577178,-12.085658048977557,-13.117359660742803
22,22_31,MW,31,6,3.5,-10.953161517171615,-12.016788703313765,-12.1190406291705,-12.324392531815231,-12.63260638091198
22,22_31,MW,31,7,4.0,-11.120489433487775,-11.651332936516058,-11.804670361668002,-12.259183588860116,-12.465128257384269
22,22_32,MW,32,0,0.5,-11.483720540241071,-11.986011562824915,-12.197484479319192,-12.626434283657545,-12.799383798247844
22,22_32,MW,32,1,1.0,-11.504467892395105,-11.972885052398668,-12.507853513936555,-12.745371578944075,-12.903454721079946
22,22_32,MW,32,2,1.5,-11.202529682607343,-11.91335110841739,-12.296040555087997,-12.585029191747672,-12.942966442820639
22,22_32,MW,32,3,2.0,-11.257152597536818,-11.852386140987297,-12.433842341235378,-12.518643568038145,-12.959546958211313
22,22_32,MW,32,4,2.5,-11.291437828238552,-11.765885231014257,-12.120960606749701,-12.522093091673309,-12.842047873368166
22,22_32,MW,32,5,3.0,-11.060295333292341,-11.910440467042601,-12.432766992055997,-12.606651771051089,-12.647853704164692
22,22_32,MW,32,6,3.5,-11.03779310470054,-12.033812511033815,-12.231272962310392,-12.514358885647065,-12.773821219710879
22,22_32,MW,32,7,4.0,-11.080737232182777,-11.892037334337651,-12.325730363576726,-12.506548253896868,-12.902013730408173
22,22_33,MW,33,0,0.5,-10.938542469811116,-11.629833150167212,-12.060700032231475,-12.731369962278738,-13.23675458044474
22,22_33,MW,33,1,1.0,-11.291062360568544,-11.847633734796442,-12.285285930248609,-12.773557540626264,-13.273142646999856
22,22_33,MW,33,2,1.5,-11.264467965946093,-11.762668398144683,-12.237015128490054,-12.412560712940667,-13.16821410056529
22,22_33,MW,33,3,2.0,-11.221053064397399,-11.924432375852918,-11.870663472962498,-12.035992433672806,-13.194143306669572
22,22_33,MW,33,4,2.5,-11.49401975855815,-11.78521621489962,-12.209564528390692,-12.43306557141677,-13.218809371641598
22,22_33,MW,33,5,3.0,-11.232142071265363,-11.825889942976808,-12.042793332685342,-12.253743049343043,-13.206266443225106
22,22_33,MW,33,6,3.5,-11.44213622914106,-11.955046638482735,-12.112346681339021,-12.34296651096329,-13.311949043281261
22,22_33,MW,33,7,4.0,-11.241148136186185,-12.062691329567713,-12.265826032790669,-12.745714128184074,-13.342244025362266
22,22_34,MW,34,0,0.5,-11.189305966735548,-11.9751009808642,-12.281577933011965,-12.565130490013011,-13.23782076783502
22,22_34,MW,34,1,1.0,-11.07403849243885,-11.90136309766707,-12.141042576437762,-12.21032191116614,-13.068923818995097
22,22_34,MW,34,2,1.5,-11.15028327465283,-12.013069645583922,-12.149860810807853,-12.308808961908529,-13.078709197305693
22,22_34,MW,34,3,2.0,-11.482049254100714,-12.076891889196737,-12.279603875806274,-12.393410905928654,-13.151843955909872
22,22_34,MW,34,4,2.5,-11.584273518625153,-11.949403857157213,-12.36345688719575,-12.550174560841194,-13.235905175269775
22,22_34,MW,34,5,3.0,-11.568728330096063,-12.099391164309075,-12.12422381236442,-12.572927719209707,-13.097845027977382
22,22_34,MW,34,6,3.5,-11.323899935989235,-12.13213066279359,-12.105419377041686,-12.466161105120575,-12.970421072811082
22,22_34,MW,34,7,4.0,-10.972761795052087,-11.931121640581539,-11.847978104411503,-12.324601720707557,-12.995836361039029
22,22_35,MW,35,0,0.5,-10.887597375412728,-11.711830072374529,-12.15876469886287,-12.630716490128096,-12.983238842001294
22,22_35,MW,35,1,1.0,-11.19351157863122,-11.744106613352686,-11.970136306170442,-12.046591842329892,-12.928974528948707
22,22_35,MW,35,2,1.5,-11.35806120690633,-11.970068032322697,-12.141551214073507,-12.494669259689422,-12.938339323165275
22,22_35,MW,35,3,2.0,-11.33621385520241,-11.861975973434255,-12.0613195846766,-12.160995221814284,-12.953126392804029
22,22_35,MW,35,4,2.5,-11.351420247495158,-11.985946504583692,-12.423807359011432,-12.652143717491104,-12.76612191589818
22,22_35,MW,35,5,3.0,-11.308359136093005,-11.71396348597763,-12.137995513355495,-12.300063535797454,-12.41088531687495
22,22_35,MW,35,6,3.5,-11.05895548375347,-11.526912101358715,-11.949160196182332,-12.62939944374249,-12.651709444423508
22,22_35,MW,35,7,4.0,-10.66075164063495,-11.669268516123982,-11.736396334127509,-12.060221037014495,-12.153757840101052
22,22_36,MW,36,0,0.5,-11.344752790256262,-12.207122393863738,-11.842993500680105,-11.94255222109791,-12.638284230156547
22,22_36,MW,36,1,1.0,-10.80330647460667,-11.903813801484507,-11.823065669574705,-12.081493679660184,-12.862610506033214
22,22_36,MW,36,2,1.5,-10.723924579735726,-11.996486134201094,-12.18733263973076,-12.394652441241227,-12.947258752284595
22,22_36,MW,36,3,2.0,-10.96551995426184,-12.213085487842843,-11.952309812630697,-12.207342909904192,-12.869639772090403
22,22_36,MW,36,4,2.5,-11.467304773141008,-12.349998400374739,-12.350894987703544,-12.488003559783465,-13.07535913215489
22,22_36,MW,36,5,3.0,-11.04199814309873,-12.102769006894905,-11.934879577850692,-12.141417686905296,-13.006968290547904
22,22_36,MW,36,6,3.5,-11.183925794879698,-12.133943994135265,-12.494922585706991,-12.298371939854553,-12.945136685449025
22,22_36,MW,36,7,4.0,-11.315821472519627,-12.152617129058353,-11.90233955358442,-12.206782687499325,-12.935544057295404
22,22_37,MW,37,0,0.5,-11.457168810988616,-11.843193528510518,-12.462259235635555,-12.485963246631584,-12.889829267558309
22,22_37,MW,37,1,1.0,-11.538120604661199,-12.093955033025985,-12.34819183184115,-12.58401248577883,-13.03684693160708
22,22_37,MW,37,2,1.5,-11.49323482748632,-12.100162231307092,-12.351900148733906,-12.600242552552427,-13.019741117079766
22,22_37,MW,37,3,2.0,-10.976130562280588,-11.993722467147977,-12.484984786749514,-12.591032577567894,-12.924592340991893
22,22_37,MW,37,4,2.5,-11.545026227672993,-12.11326790064905,-12.273494744767758,-12.496137831373604,-13.005393876356964
22,22_37,MW,37,5,3.0,-11.309320859297141,-12.118995531875628,-12.311618692516037,-12.538891053242557,-12.935386570449632
22,22_37,MW,37,6,3.5,-11.735692932398738,-12.245128754473994,-12.460706365238373,-12.679659187821576,-13.036992564494875
22,22_37,MW,37,7,4.0,-11.574535151288416,-12.252241650893009,-12.481719449630544,-12.440827367360008,-13.014799336512684
22,22_38,Focus,38,0,0.5,-11.599588581755986,-11.949641869771863,-12.225832268767569,-12.525867088101368,-13.07020700989429
22,22_38,Focus,38,1,1.0,-11.325787974864303,-12.227597970426215,-12.239046264639668,-12.606662597150374,-13.165439066776887
22,22_38,Focus,38,2,1.5,-11.398049576364356,-12.070229035067426,-12.351319883732149,-12.592139152752244,-13.165037337288522
22,22_38,Focus,38,3,2.0,-11.542475476907072,-12.21954316238832,-12.488450454149756,-12.570256626235397,-13.06086906137515
22,22_38,Focus,38,4,2.5,-11.390739684744393,-12.089003227892656,-12.244732973904789,-12.424724891378615,-13.10097185992038
22,22_38,Focus,38,5,3.0,-11.377241086921787,-11.964912167871093,-12.453643649517344,-12.692229142563058,-13.0942207524204
22,22_38,Focus,38,6,3.5,-11.296516025602306,-11.768027384744675,-12.354130561610804,-12.507184661205772,-13.069800962985196
22,22_38,Focus,38,7,4.0,-10.879916642273118,-11.973822203572292,-11.763792755512904,-12.000758895996805,-12.97810032327231
22,22_39,MW,39,0,0.5,-11.361799918445868,-11.905792908423194,-12.095959167476902,-12.133167931772697,-12.993496522438262
22,22_39,MW,39,1,1.0,-11.470566477068758,-11.854495068381459,-12.209817312811138,-12.156840813968461,-13.066405472740202
22,22_39,MW,39,2,1.5,-11.05481869853808,-11.854200470196933,-11.965643728315934,-12.356074933339642,-13.176603761887915
22,22_39,MW,39,3,2.0,-10.767301967479023,-11.670569588800861,-11.766100690172255,-11.985778146949903,-13.008561184234297
22,22_39,MW,39,4,2.5,-11.154400788151072,-11.766129536339673,-11.806196985426327,-12.211676320431728,-13.082449192852344
22,22_39,MW,39,5,3.0,-11.210630038384277,-11.926686687449658,-11.631311140126565,-12.188425198787886,-13.087586441491839
22,22_39,MW,39,6,3.5,-11.29802372040186,-11.80582718192891,-11.794841134899771,-12.423250214744465,-13.145344703614445
22,22_39,MW,39,7,4.0,-11.469411377798128,-11.789672166051584,-12.092294191660113,-12.463633954257462,-13.135986798667279
23,23_0,Focus,0,0,0.5,-11.369424385319093,-11.827675411577527,-10.603898438730129,-12.183685126041729,-13.088256183670607
23,23_0,Focus,0,1,1.0,-11.190478213862718,-11.835866900966424,-11.079043738634322,-12.43585493718653,-13.146661334117633
23,23_0,Focus,0,2,1.5,-11.130501015155938,-12.091757875826044,-10.753118138469336,-12.197137903311004,-13.235500225756313
23,23_0,Focus,0,3,2.0,-11.40228449978155,-11.939403565142015,-10.706404862955566,-12.41945470498528,-13.1592335496833
23,23_0,Focus,0,4,2.5,-11.232395335839039,-11.89437103048587,-10.471179162201864,-12.187047283408958,-13.038517218889066
23,23_0,Focus,0,5,3.0,-11.273911038413985,-12.029112464027044,-10.587813085363605,-12.35834833610104,-13.334682314896074
23,23_0,Focus,0,6,3.5,-11.36313319182767,-12.028014679129074,-10.818509550689035,-12.294873494699768,-13.119929330125206
23,23_0,Focus,0,7,4.0,-11.419319854814333,-12.01005864390307,-11.131311146686341,-12.590425119486778,-13.200427519544192
23,23_1,MW,1,0,0.5,-11.056081374634967,-12.007428171040567,-11.595338619021375,-12.431141204119337,-13.133517173928917
23,23_1,MW,1,1,1.0,-10.171521729566571,-10.785259048437485,-10.726229907897762,-12.062537517409744,-12.727188176680867
23,23_1,MW,1,2,1.5,-10.37336302130424,-11.337583159645215,-10.735831769869176,-12.297360518721364,-12.897771011552887
23,23_1,MW,1,3,2.0,-11.176612805562192,-11.90864014220406,-10.5686918135319,-12.302254531714599,-13.066792336958805
23,23_1,MW,1,4,2.5,-11.095488242251346,-11.861358996182707,-11.278207239728484,-12.359604291414657,-13.064596441972949
23,23_1,MW,1,5,3.0,-11.340408054794455,-11.840183406638108,-10.91184267089375,-12.490944198703437,-13.149260785896685
23,23_1,MW,1,6,3.5,-11.118826664501162,-11.86622314301985,-10.943766241949143,-12.361911200126634,-13.111010685365521
23,23_1,MW,1,7,4.0,-11.162156015858548,-12.032695757626525,-11.216072277480048,-12.37834734101621,-13.123529676720166
23,23_2,Focus,2,0,0.5,-11.44848687773904,-11.815732260196818,-10.564303027936413,-12.281852788956721,-13.132021665939453
23,23_2,Focus,2,1,1.0,-11.179557205263556,-11.839781283497437,-10.821405918044285,-12.339694692279348,-13.084660523059473
23,23_2,Focus,2,2,1.5,-11.47062583531394,-12.000316685339234,-10.83195414797258,-12.20396962364174,-13.011711977338452
23,23_2,Focus,2,3,2.0,-11.233395407231983,-11.800197609082069,-10.991194550610606,-12.191455746245783,-13.148771960338461
23,23_2,Focus,2,4,2.5,-11.638639849569625,-11.865957926567226,-11.029248840961344,-12.36899164557706,-13.010989427399371
23,23_2,Focus,2,5,3.0,-11.255689055884336,-11.909867583441876,-11.30810441540774,-12.515626636959109,-13.172920130330281
23,23_2,Focus,2,6,3.5,-11.378605600855987,-11.941292055064155,-11.085308431298609,-12.390517682213662,-13.121558941848619
23,23_2,Focus,2,7,4.0,-11.423359312371213,-11.93860713224166,-10.283479082919472,-12.221838923675353,-12.971597198353589
23,23_3,Focus,3,0,0.5,-11.30376660873069,-11.835289420137762,-11.009176777701073,-12.355655209884372,-13.169151637454101
23,23_3,Focus,3,1,1.0,-11.643535662009892,-11.926700577700196,-10.777736959237009,-12.27869880512988,-13.190994009955435
23,23_3,Focus,3,2,1.5,-11.281252176866943,-11.705234167536052,-10.56197666982381,-12.264848113798193,-13.038698582888298
23,23_3,Focus,3,3,2.0,-11.276048571367795,-11.907589939501378,-10.622499559583938,-12.327337625463908,-13.117846336143112
23,23_3,Focus,3,4,2.5,-11.449822133377523,-11.952089059024988,-11.017589796331167,-12.3893545448738,-13.112791769040937
23,23_3,Focus,3,5,3.0,-11.6112954925693,-11.953278388575315,-11.385629918124716,-12.439935800957452,-13.14392057777491
23,23_3,Focus,3,6,3.5,-11.271927864287475,-11.668038021233448,-10.48181845122654,-12.361853680520255,-13.07068074120624
23,23_3,Focus,3,7,4.0,-11.38002625588545,-11.809474881924173,-11.253101108193766,-12.441978754216215,-13.09546179966332
23,23_4,Focus,4,0,0.5,-11.43004535208396,-12.188686985257284,-11.39828613962147,-12.612318971964774,-13.206474887561926
23,23_4,Focus,4,1,1.0,-11.354964696509589,-12.098148313284094,-11.580098258208144,-12.576057250007203,-13.225842640345226
23,23_4,Focus,4,2,1.5,-11.338177192543409,-11.926447429038857,-10.973356444599045,-12.507726826864765,-13.207609496873898
23,23_4,Focus,4,3,2.0,-11.222091943771614,-12.080332332002316,-11.253694270672618,-12.416952136964982,-13.274589536439795
23,23_4,Focus,4,4,2.5,-11.481542205504056,-11.919917305463597,-10.85955938150287,-12.40209856836514,-13.165038233121628
23,23_4,Focus,4,5,3.0,-11.238460799153982,-11.972699321940581,-11.156749147550657,-12.49207361309896,-13.212819278624972
23,23_4,Focus,4,6,3.5,-11.443624162878754,-11.932515422317787,-11.004997872360189,-12.439339643610873,-13.137492480343832
23,23_4,Focus,4,7,4.0,-11.43539128101935,-11.907460162025599,-11.331917133344273,-12.513133845265177,-13.172602091182092
23,23_5,MW,5,0,0.5,-11.2901559228618,-11.833334942734325,-11.034505388308142,-12.373452778930899,-13.245938382945347
23,23_5,MW,5,1,1.0,-11.306207610558701,-12.097399017478795,-10.713849923490539,-12.289621712801262,-13.2134644103775
23,23_5,MW,5,2,1.5,-11.436699151828925,-11.78106181452772,-11.554401707787177,-12.406038840870337,-13.303428235897268
23,23_5,MW,5,3,2.0,-11.275980232742093,-12.288364476910571,-11.371655430463946,-12.535362319183937,-13.254024150288252
23,23_5,MW,5,4,2.5,-11.149274426182437,-11.807886361181032,-11.045565487573434,-12.661241087784793,-13.242866126425096
23,23_5,MW,5,5,3.0,-11.204260112369246,-12.01730196185145,-11.069756048777244,-12.62848566621146,-13.27945821860473
23,23_5,MW,5,6,3.5,-11.421392848204773,-11.963032034442149,-11.138049176400125,-12.497348615461405,-13.358101445411368
23,23_5,MW,5,7,4.0,-11.420482040770612,-11.838957177631476,-11.595851687763359,-12.472046326505554,-13.245150643463166
23,23_6,Focus,6,0,0.5,-11.244686018349846,-12.117379795976968,-11.744324519311874,-12.45975754421278,-13.392252924050513
23,23_6,Focus,6,1,1.0,-11.34272774516494,-12.049021061988578,-12.084720353804478,-12.613146603272478,-13.344093318273416
23,23_6,Focus,6,2,1.5,-11.555678649551366,-11.958618097516306,-11.929199854137755,-12.476850925628165,-13.332202986814767
23,23_6,Focus,6,3,2.0,-11.297847844100124,-11.72346961375918,-11.888618916440427,-12.06673542090864,-13.27311895084323
23,23_6,Focus,6,4,2.5,-11.369468089652932,-11.859605346852122,-11.890146890506093,-12.356918821244722,-13.179408986778547
23,23_6,Focus,6,5,3.0,-11.408006013010192,-11.90601961361459,-11.824037011935586,-12.496494880830918,-13.277105772950264
23,23_6,Focus,6,6,3.5,-11.458767965542304,-11.833646628896735,-12.05355382877711,-12.881395424838505,-13.268807905354532
23,23_6,Focus,6,7,4.0,-11.243653711339348,-11.96355828953295,-11.713500667687272,-12.340205790986932,-13.190468089304101
23,23_7,Focus,7,0,0.5,-11.206841303358786,-11.745795003684506,-11.51061555622846,-12.374200138488709,-13.182938848104666
23,23_7,Focus,7,1,1.0,-11.27274122294001,-11.98050000959352,-11.624398697557588,-12.643930896668262,-13.197885828515806
23,23_7,Focus,7,2,1.5,-11.105322599063168,-11.84347771016314,-11.647443159072528,-12.68069524892322,-13.289822407937027
23,23_7,Focus,7,3,2.0,-11.485467171399044,-11.976429597711004,-11.909373679391653,-12.7055315049532,-13.29575905711192
23,23_7,Focus,7,4,2.5,-11.307564884757117,-12.12209139455046,-12.04222213173908,-12.758717048341776,-13.242428241185113
23,23_7,Focus,7,5,3.0,-11.181863715903937,-11.973036270348198,-11.64050717262925,-12.666038971165092,-13.314121464015463
23,23_7,Focus,7,6,3.5,-11.465233796644702,-11.986371905644653,-11.966474234631375,-12.654316646961034,-13.363710979895364
23,23_7,Focus,7,7,4.0,-11.600744737481692,-12.039703884359744,-11.91884080333077,-12.47167231157886,-13.248131668010455
23,23_8,MW,8,0,0.5,-11.51399091061277,-11.998185091695204,-11.974621164313964,-12.74475897028143,-13.362951753917736
23,23_8,MW,8,1,1.0,-11.305595979613663,-11.917582718269081,-12.148196020347337,-12.490909471519474,-13.247786763602004
23,23_8,MW,8,2,1.5,-11.402240428526762,-11.8621973579732,-11.924397526258248,-12.528719888113018,-13.32593141754355
23,23_8,MW,8,3,2.0,-11.324517168676095,-11.878885374710421,-12.203738339644788,-12.68175902047279,-13.35989351475927
23,23_8,MW,8,4,2.5,-11.209527197135108,-11.953142083121307,-11.782741170763678,-12.618309449644805,-13.115226917868833
23,23_8,MW,8,5,3.0,-11.31862823063144,-11.793465139867804,-12.173889016637252,-12.829058933620594,-13.213282921068414
23,23_8,MW,8,6,3.5,-11.344538578204096,-12.02863425691059,-12.433028362679197,-12.698974874469396,-13.130713392584427
23,23_8,MW,8,7,4.0,-11.613602838546619,-12.010977274132895,-12.258070042721654,-12.736054259990079,-13.26400585781514
23,23_9,Focus,9,0,0.5,-11.558988057713378,-12.05903348755123,-11.452179493359196,-12.623014930544688,-13.339090037592129
23,23_9,Focus,9,1,1.0,-11.324947303194916,-11.88806890844616,-11.93434814245169,-12.667445784721481,-13.309995377201083
23,23_9,Focus,9,2,1.5,-11.148894471476932,-11.727955926437348,-12.12949052088455,-12.415862004076851,-13.414822997646048
23,23_9,Focus,9,3,2.0,-11.472656825945803,-11.963674696496044,-11.982912315393083,-12.73524366078119,-13.195861749494735
23,23_9,Focus,9,4,2.5,-11.676326086165588,-11.960890434350306,-11.734923029310465,-12.667791050531106,-13.266374999419407
23,23_9,Focus,9,5,3.0,-11.527290190547546,-11.856729452987343,-11.990661469534329,-12.656549619788507,-13.257325247266623
23,23_9,Focus,9,6,3.5,-11.339548798019386,-11.93180562222878,-11.561360830656465,-12.393827184458846,-13.156348716595827
23,23_9,Focus,9,7,4.0,-11.251973368555227,-11.927337709364142,-11.553091474720858,-12.467263238422223,-13.268214899563691
23,23_10,MW,10,0,0.5,-11.352363689624985,-11.985412459040308,-11.037208900233267,-12.145366551372325,-13.083693102387656
23,23_10,MW,10,1,1.0,-11.353214286961055,-11.985768503386414,-10.665839994428156,-12.159413736766362,-13.189038543501027
23,23_10,MW,10,2,1.5,-11.327252912388033,-11.715553853737829,-10.375926901773092,-12.075784122773623,-13.205835009403064
23,23_10,MW,10,3,2.0,-11.482074424323624,-11.77990288898148,-10.639333268339854,-12.289768056798147,-13.095265079489206
23,23_10,MW,10,4,2.5,-11.35921747811633,-12.031827914276036,-11.070042108389657,-12.435783789512646,-13.293561677668585
23,23_10,MW,10,5,3.0,-11.236084067264597,-11.645399663408108,-11.5727290064616,-12.496727047549053,-13.247058137631267
23,23_10,MW,10,6,3.5,-11.332633989912985,-11.94918093995083,-11.92077523979188,-12.74263728262201,-13.363211991744906
23,23_10,MW,10,7,4.0,-11.436450422839002,-11.981281769421361,-12.18060368617683,-12.729417838916126,-13.293275275540054
23,23_11,Focus,11,0,0.5,-11.380886667391882,-11.886224178234738,-10.929013464381088,-12.074320206137019,-13.115493165236726
23,23_11,Focus,11,1,1.0,-11.323840907203913,-12.034356764535449,-11.043571286225161,-12.352907306501693,-13.035788414382486
23,23_11,Focus,11,2,1.5,-10.735279120614289,-11.548396555328747,-10.893416236102105,-12.227242897475538,-13.014428565906128
23,23_11,Focus,11,3,2.0,-11.288153405904833,-12.05726808564378,-11.220195869085314,-12.263286011633468,-13.102232165761691
23,23_11,Focus,11,4,2.5,-11.298988292056032,-11.81859896197124,-10.963432327125357,-12.374633009680032,-13.099511765072629
23,23_11,Focus,11,5,3.0,-11.163816505109596,-11.868009818176743,-10.826192013001393,-12.275158434835522,-13.179504633395414
23,23_11,Focus,11,6,3.5,-11.385223675491334,-11.90768562307561,-11.125350518778898,-12.386152971505913,-13.284714016978597
23,23_11,Focus,11,7,4.0,-10.901393799367268,-11.818157725676123,-11.667620902160797,-12.433912603251278,-13.292961224773643
23,23_12,MW,12,0,0.5,-11.308804077172358,-11.702362040474911,-11.636944538626755,-12.59166384870303,-13.248408351811934
23,23_12,MW,12,1,1.0,-11.392966867362105,-11.739486681464186,-12.061859319621018,-12.638403620415609,-13.099546193551355
23,23_12,MW,12,2,1.5,-11.431337356764985,-11.929131121988013,-11.76937244032528,-12.574056206995738,-13.297037938618583
23,23_12,MW,12,3,2.0,-11.355633183622292,-11.640533719625777,-12.030376077468695,-12.602696668957895,-13.238496001509587
23,23_12,MW,12,4,2.5,-11.398357982838833,-11.558618343455324,-11.989539213358135,-12.619946558531113,-13.240167202375318
23,23_12,MW,12,5,3.0,-11.406909257110504,-11.855352516179735,-12.125913068528998,-12.601057740644572,-13.149058315756028
23,23_12,MW,12,6,3.5,-11.3994149573098,-12.041301474593997,-12.241355311820726,-12.549599721084258,-13.201905343001348
23,23_12,MW,12,7,4.0,-11.647718339427028,-11.820497851016427,-12.032507829051697,-12.61996756348525,-13.214171639451814
23,23_13,Focus,13,0,0.5,-11.49402904294343,-12.20543205403772,-12.076929053970021,-12.408111112800777,-13.134427291967148
23,23_13,Focus,13,1,1.0,-11.581535430237679,-11.859440214783692,-11.219688050560574,-12.241494897584108,-13.217831340874588
23,23_13,Focus,13,2,1.5,-11.399272138945861,-11.759838470054289,-10.719497975673226,-12.143541888802133,-12.941923221706768
23,23_13,Focus,13,3,2.0,-11.41036854428911,-11.936013598131861,-11.183047560469927,-12.257370241233778,-13.091853807893035
23,23_13,Focus,13,4,2.5,-11.386774462556312,-11.755603628455502,-10.592506418420093,-12.063779226966073,-13.096371742413767
23,23_13,Focus,13,5,3.0,-11.259963187073133,-12.020472914404088,-11.447262689894663,-12.222793716971884,-13.11546501774006
23,23_13,Focus,13,6,3.5,-11.352357167481944,-12.046098139098099,-11.48431089282996,-12.482451359512766,-13.244985861504603
23,23_13,Focus,13,7,4.0,-11.170944747683798,-12.052912916399501,-11.785104049672753,-12.268132883646157,-13.310492833762636
23,23_14,MW,14,0,0.5,-11.160165997168882,-11.764036732385806,-11.744577986627919,-12.130795346041996,-13.048155741816165
23,23_14,MW,14,1,1.0,-11.265399042114508,-11.74602131610522,-11.591376349866577,-12.188685537563629,-13.045676233462814
23,23_14,MW,14,2,1.5,-11.369792422687492,-11.644589450318245,-11.22304521532559,-12.55228692613042,-13.360971754829642
23,23_14,MW,14,3,2.0,-11.535720859183403,-12.159657842257642,-12.132846432442054,-12.775684480004726,-13.073635591494797
23,23_14,MW,14,4,2.5,-11.360074081262564,-11.83635790235075,-12.378527880752209,-12.681208102000967,-12.889061785695812
23,23_14,MW,14,5,3.0,-11.154446163548041,-11.919214392093705,-12.39509090112564,-12.690512874601762,-13.335272096953663
23,23_14,MW,14,6,3.5,-10.95633620842543,-11.662745103023287,-12.265042154411955,-12.653339797560811,-13.34134061741064
23,23_14,MW,14,7,4.0,-11.069424182594956,-11.84929549109614,-12.282646143675123,-12.65089722058559,-13.221210734545677
23,23_15,MW,15,0,0.5,-11.396400578228302,-12.109299668615252,-11.685133620926157,-12.443666020116474,-13.313436783742937
23,23_15,MW,15,1,1.0,-11.497283733761426,-11.900793754319976,-11.95153427192775,-12.562076701222114,-13.28050898529537
23,23_15,MW,15,2,1.5,-11.44308520435417,-12.012975245562595,-11.963604701491958,-12.572344082290702,-13.153809475468256
23,23_15,MW,15,3,2.0,-11.596942704627068,-11.913210267664718,-12.08989917702379,-12.536411231883212,-13.282020679084102
23,23_15,MW,15,4,2.5,-11.358690334702912,-11.831753517723364,-12.203980406170327,-12.678548134007938,-13.193979599047717
23,23_15,MW,15,5,3.0,-11.340694989230418,-11.971174815823192,-12.289235973165432,-12.539761962791207,-13.201117739508902
23,23_15,MW,15,6,3.5,-11.475852308424418,-12.05251916910487,-12.107888252922756,-12.674649726064244,-13.14785716078254
23,23_15,MW,15,7,4.0,-11.574173296892507,-11.901344605129577,-12.289496116677167,-12.69021984946956,-13.126552514885203
23,23_16,MW,16,0,0.5,-11.484357745497212,-11.96121566082843,-12.285272206582244,-12.771293951194442,-13.18781402037041
23,23_16,MW,16,1,1.0,-11.174755236045161,-11.798359036889428,-12.312244469359591,-12.711158806391406,-13.159471953880473
23,23_16,MW,16,2,1.5,-11.624409412657224,-11.771732986046192,-12.158069512853421,-12.646302739370775,-13.247796065512174
23,23_16,MW,16,3,2.0,-11.1341560277449,-12.062536741544394,-12.213303997528662,-12.491571042998604,-13.17421869960483
23,23_16,MW,16,4,2.5,-11.162067696960486,-11.910398413849117,-11.009417114277753,-11.873217591523693,-13.062325389765764
23,23_16,MW,16,5,3.0,-11.220354809622915,-11.898162909832445,-11.000533179747316,-12.235601700743386,-13.041584189236126
23,23_16,MW,16,6,3.5,-11.267414003042147,-11.753315153404682,-11.593393540343623,-12.22026558786997,-13.290189390924894
23,23_16,MW,16,7,4.0,-11.1037133338464,-11.856907308558437,-11.58267018784344,-12.478087614836117,-13.276326360225397
23,23_17,Focus,17,0,0.5,-11.633009980084001,-11.649468152139335,-12.340643400678546,-12.726828296394281,-12.90981250618906
23,23_17,Focus,17,1,1.0,-11.30177398790261,-11.85298652805915,-12.398149827621468,-12.731588076132532,-13.04428327006089
23,23_17,Focus,17,2,1.5,-11.241510286654682,-11.71853457381954,-12.1509800052361,-12.626823379798797,-13.075182900949901
23,23_17,Focus,17,3,2.0,-11.405090661331645,-11.854744065042587,-12.11692750220787,-12.513677236480161,-13.076479921251837
23,23_17,Focus,17,4,2.5,-11.537238023283946,-11.991034893993715,-11.29928494127708,-12.194304430254869,-13.034054241996422
23,23_17,Focus,17,5,3.0,-11.379486778978878,-11.7169126424165,-10.71670906838194,-12.13857563709317,-12.900018853215757
23,23_17,Focus,17,6,3.5,-11.170192021801565,-11.82663639566959,-10.532650908076578,-11.986466217955869,-12.91455733083173
23,23_17,Focus,17,7,4.0,-11.298612470780288,-11.67420232971235,-10.534333171493738,-12.23357658847956,-13.030979316511685
23,23_18,MW,18,0,0.5,-11.55134799393547,-11.828152574938052,-11.679520844888382,-12.49083600473837,-13.241356737714328
23,23_18,MW,18,1,1.0,-11.434227052309105,-11.93506049290539,-11.953361679845395,-12.447748954393203,-13.213427437320098
23,23_18,MW,18,2,1.5,-11.573300373939613,-11.90996876863001,-11.567501405647155,-12.476401600918745,-13.185611670306644
23,23_18,MW,18,3,2.0,-11.394023556907111,-12.049661946433506,-11.968407642885786,-12.576485799323482,-13.244026934956528
23,23_18,MW,18,4,2.5,-11.341082524264571,-11.902790272243879,-12.333743714158079,-12.487855207099313,-13.235159956298483
23,23_18,MW,18,5,3.0,-11.574946156265405,-11.931885501666834,-12.20833928053027,-12.574139618758183,-13.007022335595165
23,23_18,MW,18,6,3.5,-11.432576697633904,-12.159947802954406,-12.35512394235664,-12.485262479480571,-13.076159417017564
23,23_18,MW,18,7,4.0,-11.3238400204441,-11.998712446187906,-12.306346741973544,-12.629114913838226,-13.088524815898314
23,23_19,MW,19,0,0.5,-11.40277738174289,-11.968017654860803,-11.601098964615137,-12.328935081258376,-13.242499555389777
23,23_19,MW,19,1,1.0,-11.06805549061643,-11.857074135170764,-11.806281754005159,-12.345654403306323,-13.248281252671513
23,23_19,MW,19,2,1.5,-11.337512111311518,-11.873874265634829,-12.045843324500805,-12.723162180394942,-13.158731886745725
23,23_19,MW,19,3,2.0,-11.654626107255059,-11.760237140408174,-12.129200430630009,-12.505303018241952,-13.098729634776547
23,23_19,MW,19,4,2.5,-11.533455623379837,-11.950135998898055,-12.39591412920999,-12.510732421736137,-13.129183030982894
23,23_19,MW,19,5,3.0,-11.542412441726118,-11.828427497541254,-11.848350674335826,-12.620653305257742,-13.130401845600732
23,23_19,MW,19,6,3.5,-11.682223098318314,-11.814658312679517,-12.109301454034062,-12.635833901989825,-12.998753600891689
23,23_19,MW,19,7,4.0,-11.242753680543263,-12.012307601536012,-12.27547148462829,-12.734817761456798,-13.24606102250695
23,23_20,MW,20,0,0.5,-11.544683127802491,-12.0279710826132,-10.798734971101622,-12.201246926151107,-12.941155676995724
23,23_20,MW,20,1,1.0,-11.480668560746777,-11.868678206106997,-11.478994349015172,-12.356853758828006,-13.098060271953484
23,23_20,MW,20,2,1.5,-11.24894957457575,-11.865203193977067,-11.244032891413653,-12.330446767917612,-12.883653977769773
23,23_20,MW,20,3,2.0,-11.248257361792861,-11.808582410567437,-11.222077939933888,-11.899917614753418,-13.081787173235842
23,23_20,MW,20,4,2.5,-11.236094603735282,-11.67947370149198,-10.540656100248462,-12.165855965633689,-13.132443915210477
23,23_20,MW,20,5,3.0,-11.381344116499049,-11.750461294000536,-11.403255100785346,-12.505224491275307,-13.127068425602735
23,23_20,MW,20,6,3.5,-10.876021806614556,-11.776617937765822,-12.21977603436278,-12.63752892313097,-13.09690970625931
23,23_20,MW,20,7,4.0,-11.361059059227747,-11.713736708765959,-11.984639152902727,-12.70768067679831,-13.091215867105532
23,23_21,Focus,21,0,0.5,-11.181509373778617,-11.897594507913086,-12.024591288556948,-12.609439667192708,-13.23581647756887
23,23_21,Focus,21,1,1.0,-10.677303017760835,-11.294746374819217,-11.9100545005652,-12.451393583127867,-13.10432945753929
23,23_21,Focus,21,2,1.5,-10.862778975666794,-11.438955975334219,-10.638569839602264,-11.741183939264717,-12.995484586188836
23,23_21,Focus,21,3,2.0,-11.014904449150142,-11.425407763047305,-11.036335079877956,-12.12736994613936,-13.16494172978596
23,23_21,Focus,21,4,2.5,-11.199741120256455,-11.977914118083254,-11.563210834028673,-12.125421806022791,-13.224181963319404
23,23_21,Focus,21,5,3.0,-11.301877748973538,-11.845214354233658,-11.277300239352906,-12.148745208008535,-13.031174347843825
23,23_21,Focus,21,6,3.5,-11.383005331595689,-11.946426682396018,-11.658314421122663,-12.172396926960007,-13.207933197550368
23,23_21,Focus,21,7,4.0,-11.363960547433201,-11.854339969968338,-11.710838982817773,-12.559568608447691,-13.253495622348215
23,23_22,Focus,22,0,0.5,-11.273823099857324,-11.717134106970107,-10.795972479877024,-12.158705883162746,-13.046691997006846
23,23_22,Focus,22,1,1.0,-11.165058297624306,-11.83568559698625,-11.43182277589468,-12.232685641952962,-13.026507359726107
23,23_22,Focus,22,2,1.5,-11.072421075597445,-11.95541137161214,-11.515736665856329,-12.560136162638225,-13.209266379780667
23,23_22,Focus,22,3,2.0,-11.555081706351828,-11.886864529603862,-11.75395055258307,-12.572149518066686,-13.284994631531982
23,23_22,Focus,22,4,2.5,-11.536194273147556,-11.616063036624316,-11.882971868385686,-12.612565113080619,-13.353818607660706
23,23_22,Focus,22,5,3.0,-11.431563432954054,-11.696932681913614,-12.023053515039946,-12.536944533674504,-13.257796481175653
23,23_22,Focus,22,6,3.5,-11.290767517707284,-11.944142402053268,-12.199874024533385,-12.38346876627988,-13.133334532706275
23,23_22,Focus,22,7,4.0,-11.552569177700402,-12.03557186710536,-11.888782769862502,-12.379193958247951,-13.214607548523475
23,23_23,MW,23,0,0.5,-11.390873162093134,-11.874681943037883,-12.025643464677273,-12.48494132125418,-13.168036814040398
23,23_23,MW,23,1,1.0,-11.332147524226185,-11.748259496048517,-11.94370355246545,-12.377566818607276,-12.981419450130106
23,23_23,MW,23,2,1.5,-11.455149974830645,-11.996059319261692,-11.949671187454934,-12.466415956498476,-12.887870332868113
23,23_23,MW,23,3,2.0,-11.393798005862573,-11.864490099263945,-11.944157866276884,-12.58440935081658,-12.981959617054807
23,23_23,MW,23,4,2.5,-11.44336964583766,-11.894168507227135,-12.171892095192073,-12.794912507553342,-13.131335079409947
23,23_23,MW,23,5,3.0,-11.471605599922617,-11.71964068931461,-12.113587246841886,-12.508572240440584,-13.064434771833282
23,23_23,MW,23,6,3.5,-11.412643556583141,-11.79218777090329,-12.440672479236637,-12.806925771407657,-13.135995423726222
23,23_23,MW,23,7,4.0,-11.062070889725712,-11.854049903330344,-12.318108681607264,-12.708558763062955,-13.021338881961123
23,23_24,MW,24,0,0.5,-11.682842278150801,-12.23326514321723,-11.548608225877134,-12.538772627135828,-13.126792438920083
23,23_24,MW,24,1,1.0,-11.511693572463544,-12.12908386382335,-11.799189978327204,-12.500576765411296,-13.204523476250607
23,23_24,MW,24,2,1.5,-11.39341699039235,-11.898543954774523,-11.780208393765214,-12.797511146824272,-13.111430700574918
23,23_24,MW,24,3,2.0,-11.39073539446582,-11.894558738280521,-12.297879044785168,-12.666649717423537,-13.181388136089431
23,23_24,MW,24,4,2.5,-11.33987451969904,-12.00090413645185,-12.412141055118198,-12.744730888405893,-13.223537580533579
23,23_24,MW,24,5,3.0,-11.364341222405482,-11.769785279697443,-12.074513203831062,-12.675330207160105,-13.206146985652719
23,23_24,MW,24,6,3.5,-11.592348836379799,-12.010135835748544,-12.30867392764976,-12.796798152596546,-13.051026134407266
23,23_24,MW,24,7,4.0,-11.15431626308053,-11.741411060748325,-11.961629199694098,-12.570532242597297,-13.012710181820653
23,23_25,Focus,25,0,0.5,-11.308223552360603,-11.738655580050624,-11.86955548019222,-12.702152482623482,-13.136066919175157
23,23_25,Focus,25,1,1.0,-11.261067335364734,-11.769378868335286,-11.80970538538422,-12.60099996004418,-12.871622876863789
23,23_25,Focus,25,2,1.5,-10.744395862953777,-11.69583715146716,-11.765667894330367,-12.46880687711819,-12.930734594586413
23,23_25,Focus,25,3,2.0,-10.582364515559812,-11.74637145325192,-11.447885668562671,-12.191767176447081,-12.672152740828134
23,23_25,Focus,25,4,2.5,-10.346873041868754,-10.9522263730612,-10.493970748659871,-11.758760899056698,-12.534995637239156
23,23_25,Focus,25,5,3.0,-11.148886605807808,-11.811492342220133,-11.178339390869692,-12.09165644652537,-12.4820317393145
23,23_25,Focus,25,6,3.5,-10.757042598687093,-11.514110081748782,-10.996360423496192,-11.903302555593005,-12.17165658237651
23,23_25,Focus,25,7,4.0,-11.233735266427502,-11.81744379789807,-11.316073932728987,-12.077095276212226,-12.659077816363537
23,23_26,Focus,26,0,0.5,-11.308176130163922,-12.100408672310513,-12.141533498731569,-12.694968931907983,-13.111782801327529
23,23_26,Focus,26,1,1.0,-11.299202140555385,-11.727846666311557,-12.22156123264597,-12.685761443055439,-13.11118155690775
23,23_26,Focus,26,2,1.5,-11.46354315556275,-11.913615168093893,-12.222738042643883,-12.671216416735822,-13.14201675655991
23,23_26,Focus,26,3,2.0,-11.03216867432976,-11.946598668191221,-12.034465912005446,-12.446448909713817,-13.02344861319493
23,23_26,Focus,26,4,2.5,-11.292500770693403,-11.870569249881255,-11.516956829713308,-12.26738113317001,-12.898855857439525
23,23_26,Focus,26,5,3.0,-11.364462821272065,-11.888073642035655,-11.896756227161674,-12.414212543458518,-13.025168742557542
23,23_26,Focus,26,6,3.5,-11.354507494260115,-12.25471592616601,-11.931225427405822,-12.250394701478816,-12.950825015274829
23,23_26,Focus,26,7,4.0,-11.624531450996214,-12.100096623662575,-11.406390502553878,-12.403510283292059,-12.990078049265371
23,23_27,MW,27,0,0.5,-11.432624243831842,-12.052854805438702,-12.21655904838344,-12.781758856343743,-13.292507378091152
23,23_27,MW,27,1,1.0,-11.209753100519206,-11.855780981321592,-12.36580188426617,-12.681991776696654,-13.176536060831097
23,23_27,MW,27,2,1.5,-11.447388657290132,-12.005643653831699,-12.516623319477004,-12.583423449657182,-13.048880593784157
23,23_27,MW,27,3,2.0,-11.285928929318617,-11.652030221836645,-12.271085779166164,-12.593292423880696,-13.292397437156414
23,23_27,MW,27,4,2.5,-11.255119307038434,-11.92236476225851,-12.370796512525915,-12.667468968961707,-13.136636822488128
23,23_27,MW,27,5,3.0,-11.46300328744348,-11.617725546677592,-12.137452237292788,-12.640125688655349,-13.081615944114324
23,23_27,MW,27,6,3.5,-11.233699739125496,-11.894315401712793,-11.96847352075918,-12.240007789678316,-13.244758370910862
23,23_27,MW,27,7,4.0,-11.064156690550067,-11.880955356961195,-11.778978829433827,-12.597240385590771,-13.145973662732477
23,23_28,Focus,28,0,0.5,-11.52486022142373,-11.817438053612097,-10.596868084659212,-12.081097158879563,-13.146505114771674
23,23_28,Focus,28,1,1.0,-11.406875903883632,-11.790413626074395,-11.065151702125995,-12.088282601730876,-13.136532544230313
23,23_28,Focus,28,2,1.5,-11.254569791088773,-11.921257144606892,-11.43289297933406,-12.352490006090466,-12.994943930972696
23,23_28,Focus,28,3,2.0,-11.472580088733856,-11.837524039722966,-11.575878692451372,-12.302838559934862,-13.12602056618228
23,23_28,Focus,28,4,2.5,-11.176574192138112,-11.63092185483165,-11.970107617243583,-12.804166498537551,-13.151992526151624
23,23_28,Focus,28,5,3.0,-11.165366947539962,-11.819490023163276,-12.155433836688525,-12.497299157493474,-12.625155878789657
23,23_28,Focus,28,6,3.5,-11.212410571847018,-11.95055544033998,-12.219833099806076,-12.247316888120485,-13.014221002133022
23,23_28,Focus,28,7,4.0,-11.4958575871757,-11.960838878055522,-12.155138841620102,-12.3272961134273,-12.573641865494693
23,23_29,MW,29,0,0.5,-11.215566285125492,-12.043030005125257,-12.085497383052504,-12.361226608445211,-13.215945545950595
23,23_29,MW,29,1,1.0,-11.521698750109744,-11.781080791571764,-12.165077083001895,-12.613858212058714,-13.130563999346602
23,23_29,MW,29,2,1.5,-11.47652163698214,-11.898074494087208,-12.295758233238123,-12.625399761012702,-13.162465032494078
23,23_29,MW,29,3,2.0,-11.252598128481797,-11.762719939597245,-12.123045810334421,-12.578933808141926,-13.243474468784097
23,23_29,MW,29,4,2.5,-11.332993282080537,-11.718589752971582,-12.226736405275192,-12.477445521266647,-13.018387096736989
23,23_29,MW,29,5,3.0,-11.34913420325904,-11.76874199765734,-12.087719251933171,-12.697085485064358,-13.103550310864058
23,23_29,MW,29,6,3.5,-11.515598241269537,-11.841619601757216,-11.997460999179342,-12.699686816148972,-13.158583538164706
23,23_29,MW,29,7,4.0,-11.276191836900303,-11.991898406833384,-11.992797296349009,-12.615671774378582,-13.166971519830948
23,23_30,Focus,30,0,0.5,-11.541709719095019,-11.734279431818564,-11.165882432453389,-12.11332382929268,-13.06239771044148
23,23_30,Focus,30,1,1.0,-10.967997460192128,-11.462907675235666,-10.468898614881141,-12.111039817743475,-13.051073822489435
23,23_30,Focus,30,2,1.5,-11.27314441660985,-11.733062971149637,-10.760229339443532,-12.249618370613822,-12.977118426074552
23,23_30,Focus,30,3,2.0,-11.343253686989765,-11.765544693868577,-10.59122367256224,-12.314126160324987,-13.02467560843426
23,23_30,Focus,30,4,2.5,-11.48503429787523,-11.919793445924173,-11.37436139274996,-12.263261376974482,-13.150552317203248
23,23_30,Focus,30,5,3.0,-11.468641211089976,-11.533927636864396,-11.018466431446454,-12.336027674924999,-13.112810707860827
23,23_30,Focus,30,6,3.5,-10.925310343045542,-11.477001543953635,-10.391732896310248,-12.117697193636715,-13.098868328002975
23,23_30,Focus,30,7,4.0,-10.962794263440555,-11.79582695846343,-10.793935115329072,-12.288914916845654,-13.16587479569144
23,23_31,MW,31,0,0.5,-11.560730305362682,-12.05628325072851,-11.782019824099704,-12.550126546503467,-13.134150141231341
23,23_31,MW,31,1,1.0,-11.558249034805321,-11.834527638500312,-12.075042123799756,-12.523142791160872,-13.116110502450983
23,23_31,MW,31,2,1.5,-11.24572678517637,-11.905041269342789,-12.192368470251346,-12.624697934361388,-13.21584220706596
23,23_31,MW,31,3,2.0,-11.339432608542852,-11.754985446171856,-12.23108381982589,-12.707834697818852,-13.280351622365057
23,23_31,MW,31,4,2.5,-11.15913112044166,-11.69953969860442,-12.208875393798928,-12.651159499104352,-13.266393029712955
23,23_31,MW,31,5,3.0,-11.357376190249411,-11.87018565777454,-12.307237829094994,-12.762493160370608,-13.185049912237524
23,23_31,MW,31,6,3.5,-11.322927236514634,-11.648834651398584,-12.114465091939858,-12.783906779513385,-13.28424056840939
23,23_31,MW,31,7,4.0,-11.14049919860908,-11.85179528443319,-12.106273120522534,-12.815723749769088,-13.277781945257818
23,23_32,MW,32,0,0.5,-11.418093497629448,-12.046446714597149,-12.2522220314567,-12.785072463728529,-13.269920778156663
23,23_32,MW,32,1,1.0,-11.31290513677349,-11.808254380408357,-12.15761537953238,-12.813851353851081,-13.211380470421334
23,23_32,MW,32,2,1.5,-11.010265407565667,-12.020581948814266,-12.141127145002033,-12.82722165811132,-13.166286919169098
23,23_32,MW,32,3,2.0,-11.162522854841551,-11.748294258811582,-12.263004206967999,-12.728973613179164,-13.085208800219945
23,23_32,MW,32,4,2.5,-11.442224723460821,-11.928813044976318,-12.13646875119788,-12.730618729968834,-13.132007589091726
23,23_32,MW,32,5,3.0,-11.350510286770609,-11.87669906253337,-12.30977442381357,-12.630402564295192,-13.198245176984011
23,23_32,MW,32,6,3.5,-11.44394807827049,-11.832185162443299,-12.30635205688306,-12.840495271131184,-13.124032118399425
23,23_32,MW,32,7,4.0,-11.523578220876171,-11.854458169731798,-12.046844760544383,-12.709298057953589,-13.26096357607234
23,23_33,Focus,33,0,0.5,-11.457739428974092,-11.642667989405487,-11.358844501810688,-12.657243134002702,-13.295715381477702
23,23_33,Focus,33,1,1.0,-11.237474416235237,-11.930428953411695,-11.272214566933176,-12.583442971126711,-13.276618582749979
23,23_33,Focus,33,2,1.5,-11.211362347096726,-12.033761239826815,-12.316844431768098,-12.586160447191602,-13.336046701038649
23,23_33,Focus,33,3,2.0,-11.31310961962739,-11.93672465880747,-11.67950675045064,-12.490139319589332,-13.333151219823538
23,23_33,Focus,33,4,2.5,-11.479378768817593,-11.887686021458206,-11.210541433846561,-12.452685610738056,-13.355451739954919
23,23_33,Focus,33,5,3.0,-11.21273208648314,-11.88312101285325,-10.709663364897914,-11.96793764181122,-13.06858024949897
23,23_33,Focus,33,6,3.5,-11.109565766005742,-12.056579241104933,-11.242501693787137,-12.565417184922659,-13.261830458121844
23,23_33,Focus,33,7,4.0,-11.19282427126819,-12.101904365598955,-11.82512381998687,-12.464752760834124,-13.436720970148576
23,23_34,MW,34,0,0.5,-11.221684370095534,-12.032344685352124,-11.94094321543536,-12.728182692679605,-13.343371729873427
23,23_34,MW,34,1,1.0,-11.441791835941705,-12.058550248462764,-11.818352550607718,-12.299339443177075,-13.405514487277564
23,23_34,MW,34,2,1.5,-11.322773923865025,-12.143772298358186,-11.849333410288992,-12.616561174615875,-13.411264037258757
23,23_34,MW,34,3,2.0,-11.605062180921578,-12.02767572483999,-12.172866078561237,-12.542013726066683,-13.318098393136205
23,23_34,MW,34,4,2.5,-11.645521590599351,-11.727258322220235,-12.080833466934513,-12.669599400455114,-13.278033269491484
23,23_34,MW,34,5,3.0,-11.538019855772875,-11.953141228922004,-11.638752910829567,-12.705147171476133,-13.22287395598611
23,23_34,MW,34,6,3.5,-11.581357517279843,-12.048884048286284,-11.648506166595777,-12.743037285092365,-13.443880507100433
23,23_34,MW,34,7,4.0,-11.412794156863214,-12.02377509004507,-12.223733497273978,-12.878414007442641,-13.400520235913644
23,23_35,MW,35,0,0.5,-11.3456894114605,-12.25065629448329,-12.223876116545974,-12.854432141556744,-13.368740667468229
23,23_35,MW,35,1,1.0,-11.386329915507863,-11.785101253673247,-12.069203598265515,-12.655183959028147,-13.232991543220896
23,23_35,MW,35,2,1.5,-11.357675493248905,-12.073133278457554,-12.08634477397597,-12.444384285356202,-13.200653095032504
23,23_35,MW,35,3,2.0,-11.492490737021543,-11.935416339988222,-11.988717691636667,-12.603536691465065,-13.191537488068596
23,23_35,MW,35,4,2.5,-11.077738189264322,-11.467385972491403,-12.179512966912759,-12.902800796786872,-13.280410404697989
23,23_35,MW,35,5,3.0,-11.314053993951388,-11.97515840409417,-12.196651693039197,-12.718771400775077,-13.178780023870823
23,23_35,MW,35,6,3.5,-10.874022414903555,-11.692634879723016,-11.996495455879169,-12.809668786637232,-13.215183763590145
23,23_35,MW,35,7,4.0,-11.3168940646942,-12.005100095572109,-12.209808778541532,-12.506235994180548,-13.244588435258857
23,23_36,MW,36,0,0.5,-11.313269217531865,-12.001488757097867,-10.9630631865998,-12.431082311776999,-13.321100572399766
23,23_36,MW,36,1,1.0,-11.345854262032214,-11.87637609388024,-11.226397680733252,-12.564463415985163,-13.150699606987502
23,23_36,MW,36,2,1.5,-11.587129240714752,-12.166431096470735,-11.20364622011968,-12.584745194751855,-13.236799623463886
23,23_36,MW,36,3,2.0,-11.442379942446365,-12.050912728035168,-11.461946400731538,-12.655473325276919,-13.349802568106721
23,23_36,MW,36,4,2.5,-11.27162372855264,-11.954002589062904,-11.819679936010946,-12.687349319826037,-13.282791936304834
23,23_36,MW,36,5,3.0,-11.356339493502157,-12.184580459478658,-11.882650292941872,-12.72277062606173,-13.281858006539244
23,23_36,MW,36,6,3.5,-11.466821482596705,-11.989163296484255,-12.217871161912765,-12.666393503859618,-13.277052752632429
23,23_36,MW,36,7,4.0,-11.459268875633114,-12.105812427254323,-12.11715140097324,-12.582639273609775,-13.311655929587406
23,23_37,Focus,37,0,0.5,-11.41317315039251,-11.831910124263382,-11.398842806948588,-12.65256630587017,-13.290418170018151
23,23_37,Focus,37,1,1.0,-11.199687031246524,-12.07486949973303,-10.966572914314034,-12.51443409978382,-13.20376749309662
23,23_37,Focus,37,2,1.5,-11.419770244130568,-11.971848003823599,-11.587895062193253,-12.628230272804476,-13.201624306252311
23,23_37,Focus,37,3,2.0,-11.446182735046124,-11.872290318262072,-12.421617416731147,-12.803418543877964,-13.285554445489115
23,23_37,Focus,37,4,2.5,-11.195493774979015,-11.785211246537235,-12.187621456868126,-12.681653362507973,-13.215345466980875
23,23_37,Focus,37,5,3.0,-11.384466985788471,-11.989476853868748,-12.045879958207609,-12.448652996361472,-13.201385402420758
23,23_37,Focus,37,6,3.5,-11.234632838455532,-12.096663023237806,-10.950368285309724,-12.312240114788587,-13.342767767023082
23,23_37,Focus,37,7,4.0,-11.132636421023626,-11.947787501978803,-10.970477465831019,-12.375463504021763,-13.187578262482708
23,23_38,Focus,38,0,0.5,-11.2647172314443,-12.121757829159247,-12.230683531234229,-12.39940106605649,-13.28949728082233
23,23_38,Focus,38,1,1.0,-11.327678480670762,-11.962543603676364,-12.25460808858864,-12.645763993046902,-13.246203672522078
23,23_38,Focus,38,2,1.5,-11.341451208703791,-11.868831906737377,-11.990791206429545,-12.649950434170416,-13.30831080723825
23,23_38,Focus,38,3,2.0,-11.289765287953717,-11.89578705723289,-12.201341089127139,-12.76397325414919,-13.298974237519664
23,23_38,Focus,38,4,2.5,-11.34514570970502,-12.030943142271598,-11.854934158184689,-12.289169671600934,-13.237720657763093
23,23_38,Focus,38,5,3.0,-11.451650407750716,-11.883357344180123,-12.130803827012759,-12.637204568334127,-13.182902652231245
23,23_38,Focus,38,6,3.5,-11.346762866891936,-11.707541338453575,-12.268590306317167,-12.84110315825062,-13.282259046239119
23,23_38,Focus,38,7,4.0,-11.443323760857625,-11.928076182548127,-12.22778296227122,-12.659721998100169,-13.2994942048835
23,23_39,MW,39,0,0.5,-11.329717467418918,-11.931961365084991,-10.937672164916602,-12.160582683057045,-13.29748802168621
23,23_39,MW,39,1,1.0,-11.18900240644179,-11.457031329474784,-10.892655351578604,-12.144498926001882,-13.280206861578465
23,23_39,MW,39,2,1.5,-11.377521484744259,-12.039030146940732,-11.92360649062038,-12.679475904471861,-13.289442493838676
23,23_39,MW,39,3,2.0,-11.481443911235576,-11.843168310438195,-12.129410414749582,-12.840093743196311,-13.34815451965642
23,23_39,MW,39,4,2.5,-11.505854365127533,-11.92771773332587,-12.29453922485228,-12.722225882822864,-13.139359477702609
23,23_39,MW,39,5,3.0,-11.494464795163283,-11.740973949066216,-12.20882195834049,-12.88059489121989,-13.307382238043942
23,23_39,MW,39,6,3.5,-11.459710975455291,-11.945983348345576,-12.331064434093793,-12.877276045165065,-13.262774772795114
23,23_39,MW,39,7,4.0,-11.46397523720754,-11.884104561621557,-12.155365351843802,-12.894332010550025,-13.342140281141049
24,24_0,Focus,0,0,0.5,-11.638775976982824,-11.999072726597099,-11.247898049483997,-12.31011920447408,-13.092073535371611
24,24_0,Focus,0,1,1.0,-11.368526221649168,-12.046273571260297,-11.118492789748176,-12.241287051854552,-12.945311920789726
24,24_0,Focus,0,2,1.5,-11.38741538780771,-11.906504183934558,-10.966356535155782,-12.297027671662741,-12.949203718476133
24,24_0,Focus,0,3,2.0,-11.623905796654464,-12.010787803757495,-10.910195056209329,-12.337993716349908,-13.108324412546278
24,24_0,Focus,0,4,2.5,-11.57445585814337,-12.06242530835937,-10.893080138484546,-12.235221729475699,-12.955407096863112
24,24_0,Focus,0,5,3.0,-11.764120419833867,-11.60373952498522,-10.892262467204494,-12.310151982411508,-12.931381372466344
24,24_0,Focus,0,6,3.5,-11.823281247738816,-11.886539350073798,-10.895690257072033,-12.230463831888343,-12.915404404942858
24,24_0,Focus,0,7,4.0,-11.640754842126073,-11.836492347600029,-11.264591592479528,-12.241423293243578,-12.965078595297932
24,24_1,Focus,1,0,0.5,-11.692064175281768,-11.746913538327137,-12.238952279620413,-12.607986044005417,-13.039177799658367
24,24_1,Focus,1,1,1.0,-11.773340147463374,-11.858683960308442,-11.859806402596385,-12.526405466201886,-13.204880023906021
24,24_1,Focus,1,2,1.5,-11.504358375950666,-11.588085117430206,-11.606878493912433,-12.25113729991208,-12.980407803803404
24,24_1,Focus,1,3,2.0,-11.654855938502399,-11.5530670434823,-11.319620074789428,-12.33186549732786,-12.987852510740133
24,24_1,Focus,1,4,2.5,-11.320615320355467,-11.865993626886004,-11.095382205577746,-12.441995750254387,-12.8916258894247
24,24_1,Focus,1,5,3.0,-11.618666075907225,-11.763986587019609,-11.537521531219603,-12.450886066306637,-13.139547532486642
24,24_1,Focus,1,6,3.5,-11.591360066261037,-12.17617809216385,-11.516603618347819,-12.310766326144156,-13.137969212440055
24,24_1,Focus,1,7,4.0,-11.310368785719263,-11.892868309410295,-11.019974615616286,-12.40890147836887,-13.06802242120376
24,24_2,Focus,2,0,0.5,-11.227063164685358,-12.058572478825518,-11.91080714314819,-12.57874545217695,-13.126193500511532
24,24_2,Focus,2,1,1.0,-11.255194492034418,-11.857192129483913,-11.865426738319737,-12.688905368277725,-13.333919471416827
24,24_2,Focus,2,2,1.5,-11.525320135412523,-11.957284605565114,-11.676245899929842,-12.511806706872033,-13.095211877180846
24,24_2,Focus,2,3,2.0,-11.608103728353555,-11.769943303575793,-11.335412682249546,-12.299324608887222,-13.11256285774334
24,24_2,Focus,2,4,2.5,-11.70144346658304,-11.563737728169608,-11.391451320736635,-12.593869354666715,-13.05212543771148
24,24_2,Focus,2,5,3.0,-11.404485933134762,-11.881492912124655,-12.059549705225779,-12.670460530593989,-13.112558141637246
24,24_2,Focus,2,6,3.5,-11.204794024928578,-11.613325005068166,-11.842592480789358,-12.521162778513512,-13.013947648484173
24,24_2,Focus,2,7,4.0,-11.664039657229608,-12.205648875289905,-12.361228291131717,-12.445262879863717,-13.251524021054
24,24_3,Focus,3,0,0.5,-11.57808318810908,-11.745983779615056,-12.037754470831054,-12.568234929445515,-13.211696354656988
24,24_3,Focus,3,1,1.0,-11.589681162637728,-11.866384607157254,-11.786524888932526,-12.513044589635243,-13.245735454298702
24,24_3,Focus,3,2,1.5,-11.424094534942286,-11.7499182421165,-12.038172034690701,-12.810600998988466,-13.29623391440137
24,24_3,Focus,3,3,2.0,-11.378805219546923,-11.670657038567878,-11.884170700176675,-12.642959719065049,-13.05389820287294
24,24_3,Focus,3,4,2.5,-11.207268008128887,-11.916111934894618,-12.119827099092813,-12.668306763523741,-13.257594713104146
24,24_3,Focus,3,5,3.0,-11.320492779838018,-11.631805121180243,-12.081054226924179,-12.685659745524262,-13.243535326025082
24,24_3,Focus,3,6,3.5,-11.244232947027848,-11.814927040389872,-11.485401698219864,-12.535833682534188,-13.043645270841953
24,24_3,Focus,3,7,4.0,-11.25586738161963,-11.347700099726527,-11.33001188148053,-12.277264742879376,-13.092966004044275
24,24_4,MW,4,0,0.5,-11.238603252225875,-11.669842675455984,-11.156101930275918,-12.392394748914244,-13.127860657129931
24,24_4,MW,4,1,1.0,-11.375269433795072,-11.984986475533459,-10.913758638766337,-12.357586089971726,-13.108662867933948
24,24_4,MW,4,2,1.5,-11.338481132553245,-11.961902549933876,-11.80641518503065,-12.265042579942175,-13.090617942998621
24,24_4,MW,4,3,2.0,-11.522573128000028,-12.151103255174046,-11.450731474816289,-12.16682456721859,-13.046162931012837
24,24_4,MW,4,4,2.5,-11.32592699849183,-11.968487395223072,-11.916059310837731,-12.5991886320046,-13.105841788243515
24,24_4,MW,4,5,3.0,-11.386441440308777,-11.99187890963286,-11.99383608862709,-12.574698497187065,-13.069629774631355
24,24_4,MW,4,6,3.5,-11.535783613937049,-11.763047036300621,-11.740729335301545,-12.28243999864157,-12.900144129026902
24,24_4,MW,4,7,4.0,-11.463043042182147,-11.76416296621288,-11.388861502667396,-12.219560683881173,-12.954182179935085
24,24_5,Focus,5,0,0.5,-11.345217051607108,-11.625185995328177,-10.993512844972171,-12.297086949915421,-12.953221868386864
24,24_5,Focus,5,1,1.0,-11.414680937865935,-11.785921273385272,-11.318437779369773,-12.208668450589983,-12.8649024817236
24,24_5,Focus,5,2,1.5,-11.502394436257552,-11.873931191994478,-11.556709639341705,-12.258092817425457,-12.858107443334083
24,24_5,Focus,5,3,2.0,-11.353720872283784,-11.483055354668464,-11.678727938550375,-12.312718964982913,-13.024234760563585
24,24_5,Focus,5,4,2.5,-11.527920803912975,-11.510295886108212,-11.638877337689621,-12.30362596827294,-13.111724567987398
24,24_5,Focus,5,5,3.0,-11.334420678887755,-11.807356914718856,-11.990671893586569,-12.52244999687114,-13.172992715983646
24,24_5,Focus,5,6,3.5,-11.513306364175783,-11.881747925825644,-11.94902742577376,-12.685811574309197,-13.037169088863987
24,24_5,Focus,5,7,4.0,-11.35206229484029,-11.804724473195751,-12.260728721625384,-12.834614813523839,-13.140538605388958
24,24_6,MW,6,0,0.5,-11.559544648049808,-11.755897852866546,-12.12289693708887,-12.883471703348897,-13.111352373782855
24,24_6,MW,6,1,1.0,-11.322344136874293,-12.131473077572362,-12.10894887348993,-12.514518352378321,-13.174199144433583
24,24_6,MW,6,2,1.5,-11.611017386388939,-12.368975715842668,-12.381406368051532,-12.55399163626435,-13.014195597287667
24,24_6,MW,6,3,2.0,-11.359596234560476,-11.971846686510776,-12.06155265417428,-12.36890826255389,-12.970785966284025
24,24_6,MW,6,4,2.5,-11.499437651966096,-12.073572814749483,-11.309070672510408,-12.58298601153207,-13.013504518315631
24,24_6,MW,6,5,3.0,-11.525302261763384,-11.97107821441637,-11.183462962862544,-12.337705849644642,-13.032677291249255
24,24_6,MW,6,6,3.5,-11.530978927695143,-12.017403327358194,-11.805559700185956,-12.449738618542925,-13.138366441146811
24,24_6,MW,6,7,4.0,-11.359248535935235,-11.48989410484298,-11.69605971773882,-12.50535656176001,-13.156519170074471
24,24_7,MW,7,0,0.5,-11.525763863843597,-12.051164670244512,-12.579594586871146,-12.872460288830561,-13.071661274909768
24,24_7,MW,7,1,1.0,-11.382577973803338,-11.994611510003772,-12.291282166314385,-12.709749595351795,-12.991164395199036
24,24_7,MW,7,2,1.5,-11.545510506079307,-11.829537922729783,-12.374577252537023,-12.7757301732676,-13.201480758967762
24,24_7,MW,7,3,2.0,-11.453724426273313,-11.788275856597624,-12.233957468726667,-12.869868083970143,-13.112883712620519
24,24_7,MW,7,4,2.5,-11.260188383912086,-11.54454707249023,-11.894500876040754,-12.867304414071612,-13.129149305175256
24,24_7,MW,7,5,3.0,-11.382993857623493,-11.753265735907258,-12.114616598758804,-12.798833175073009,-13.16043012069322
24,24_7,MW,7,6,3.5,-11.324821576971928,-11.814709499123992,-12.094929528642927,-12.707370317002622,-13.164345510045852
24,24_7,MW,7,7,4.0,-11.331896757865422,-12.057862540440775,-12.415790204496151,-12.522724209248974,-13.030810466684104
24,24_8,Focus,8,0,0.5,-11.424349074352792,-11.658070138949213,-12.107391733860114,-12.908834316485367,-13.22251941924576
24,24_8,Focus,8,1,1.0,-11.617636911701203,-11.798556714340958,-12.05121565058564,-12.827390354122963,-13.220478688177119
24,24_8,Focus,8,2,1.5,-11.577857297944226,-11.801492838147327,-12.01551579825501,-12.734810552853771,-13.204822581427141
24,24_8,Focus,8,3,2.0,-11.457707253274341,-11.867167717523522,-12.066900003878441,-12.809257887843165,-13.269723635929358
24,24_8,Focus,8,4,2.5,-11.476424583799904,-12.205960244655675,-12.095880765069252,-12.673570080881937,-13.319809715983912
24,24_8,Focus,8,5,3.0,-11.507992312793524,-12.100152401495706,-11.685376481569469,-12.552831431461819,-13.033197117249133
24,24_8,Focus,8,6,3.5,-11.272776008499026,-11.974745138281996,-11.78080121080739,-12.450361835467247,-13.173103351470623
24,24_8,Focus,8,7,4.0,-11.464911015514303,-11.850123319358186,-11.765496112928115,-12.433123482205987,-13.09638206111061
24,24_9,Focus,9,0,0.5,-11.55760482789374,-12.085243472100156,-12.437668769203054,-12.260223437774801,-13.042341628966035
24,24_9,Focus,9,1,1.0,-11.325710863885774,-12.134680448482671,-11.95523234636167,-11.627107387695574,-13.041418025422983
24,24_9,Focus,9,2,1.5,-11.369865516203745,-11.826842515477189,-12.049441588373409,-11.644953380119457,-12.89116714836401
24,24_9,Focus,9,3,2.0,-11.565887100631768,-11.923888079383513,-12.094311853109737,-11.782829838181792,-13.011695003072346
24,24_9,Focus,9,4,2.5,-11.61159234239973,-11.982842141768083,-12.173595300729783,-12.417910877866396,-13.029990449616463
24,24_9,Focus,9,5,3.0,-11.778317632101157,-11.904237776454181,-11.729950403911253,-12.499503937757707,-12.985509318839883
24,24_9,Focus,9,6,3.5,-11.782750902332786,-11.81423663174854,-12.242699887972133,-12.538703426196717,-13.09747666765919
24,24_9,Focus,9,7,4.0,-11.921065158816974,-11.701110592722586,-12.270773262082008,-12.60537083491059,-13.03668821203315
24,24_10,MW,10,0,0.5,-11.381156848174106,-11.764139503648376,-12.204171070746495,-12.83640277747611,-13.204918283003082
24,24_10,MW,10,1,1.0,-11.453637435705605,-11.773508761913899,-12.068821471907484,-12.800888474827874,-13.124590036874874
24,24_10,MW,10,2,1.5,-11.500284443619329,-11.387168302611952,-11.949459942831513,-12.875764124531269,-13.309150408766698
24,24_10,MW,10,3,2.0,-11.285160453616825,-11.739743556241049,-12.15875303194247,-12.757146257111744,-13.219011125043904
24,24_10,MW,10,4,2.5,-11.47996506668729,-11.659162653614572,-11.897389577924148,-12.876486626693602,-13.141107523611113
24,24_10,MW,10,5,3.0,-11.005585995498814,-11.468108761318845,-11.757763832519366,-12.751754335212519,-12.955356109396618
24,24_10,MW,10,6,3.5,-10.826618668102505,-11.901724258971505,-12.35430144506778,-12.498002577366336,-12.727551807313503
24,24_10,MW,10,7,4.0,-11.741492149667671,-12.204863740567655,-12.189962838235859,-11.75551368355779,-12.860641664081104
24,24_11,Focus,11,0,0.5,-11.395164139194941,-11.912598013779931,-12.055160880838672,-12.401866436495885,-12.833493617400977
24,24_11,Focus,11,1,1.0,-11.615499862724166,-11.872484729224164,-12.01078222941099,-12.561077191988849,-12.808286090338818
24,24_11,Focus,11,2,1.5,-11.549781778118943,-11.809548661470586,-11.83301853957618,-12.366135456935288,-13.083907834658048
24,24_11,Focus,11,3,2.0,-11.28240765950321,-11.681238797232426,-11.532571123312733,-12.3568494207902,-13.005653173716547
24,24_11,Focus,11,4,2.5,-11.496539223523188,-11.637525467800547,-11.8330465544014,-12.425360556249625,-13.068366515985609
24,24_11,Focus,11,5,3.0,-11.488068119810775,-11.87599455370918,-11.82016718184659,-12.43648163497088,-13.060471569285257
24,24_11,Focus,11,6,3.5,-11.275164885308635,-11.672612611022526,-11.893267157644988,-12.45579901930548,-13.219152468565628
24,24_11,Focus,11,7,4.0,-11.233130927086826,-11.442954985953328,-12.26435924970318,-12.510868502204092,-13.087732377471747
24,24_12,Focus,12,0,0.5,-11.60980083096022,-11.708788559055282,-11.788896867701329,-12.539675298954664,-12.965473093529804
24,24_12,Focus,12,1,1.0,-11.368213947439537,-11.775542430672399,-12.449954774551843,-12.494011911601405,-12.898751005122923
24,24_12,Focus,12,2,1.5,-11.332867934149156,-11.975543570354956,-12.010799639122288,-12.536190894730664,-12.920488437229174
24,24_12,Focus,12,3,2.0,-11.42581629514739,-11.853957098719494,-11.741064844189786,-12.616454048006949,-13.008452491187857
24,24_12,Focus,12,4,2.5,-11.110738207488888,-11.737157121630448,-11.932731984350184,-12.420011021686038,-12.809423175128943
24,24_12,Focus,12,5,3.0,-11.6827070357133,-11.965607683211125,-11.749409441130892,-12.378583267594358,-12.84327496857315
24,24_12,Focus,12,6,3.5,-11.442540772593713,-11.756740893796382,-11.90642335459734,-12.512023151507158,-12.917291066146971
24,24_12,Focus,12,7,4.0,-11.44739953991404,-11.960355441604776,-12.103860441470987,-12.516634665155689,-12.782287225899111
24,24_13,MW,13,0,0.5,-11.583427169465427,-12.00821967163963,-11.844822916616952,-12.519367847079042,-13.050836566038603
24,24_13,MW,13,1,1.0,-11.636635784705705,-11.54519904182956,-11.649138271437046,-12.360884320278908,-12.990235854599606
24,24_13,MW,13,2,1.5,-11.752667170857219,-11.675057544515413,-11.685760338988999,-12.457867121993015,-13.09361855027003
24,24_13,MW,13,3,2.0,-11.383374720388527,-11.598304289245966,-12.205826198701603,-12.565205189909337,-13.175320664316938
24,24_13,MW,13,4,2.5,-11.388608321857754,-11.75607776735242,-12.308496130465423,-12.734647584903549,-13.166440359229764
24,24_13,MW,13,5,3.0,-11.489751743795338,-11.845748653696036,-12.364706888970401,-12.985133876695285,-13.04864716946836
24,24_13,MW,13,6,3.5,-11.46654184060928,-12.05416359957555,-12.214522013909468,-13.044079104965741,-13.019515026133751
24,24_13,MW,13,7,4.0,-11.378820742811504,-11.686625206661935,-12.034882141549787,-12.995804553821632,-13.235518288282943
24,24_14,MW,14,0,0.5,-11.017060450762035,-12.112370372967353,-11.9259744765687,-12.426007761317463,-12.801934192017349
24,24_14,MW,14,1,1.0,-11.261811632904193,-11.293085614612147,-12.03166588529466,-12.424522908761709,-12.85560199181996
24,24_14,MW,14,2,1.5,-11.19241828806945,-11.281382320702157,-11.547757046898786,-12.475398613727211,-12.861298612399416
24,24_14,MW,14,3,2.0,-11.460785957532917,-11.541591304106722,-12.092263938756261,-12.799803829263922,-12.98701659654157
24,24_14,MW,14,4,2.5,-11.173386297661688,-11.755202983018005,-12.002693992950164,-12.718923369184568,-12.961994716349457
24,24_14,MW,14,5,3.0,-11.009315767517212,-11.778115152640812,-12.259022905611898,-12.382867252522882,-12.753679979114937
24,24_14,MW,14,6,3.5,-11.30857349023849,-11.763969417645079,-12.122091345472482,-12.738265468638751,-12.843240376163884
24,24_14,MW,14,7,4.0,-11.364316335311809,-11.724170083731089,-12.250953457357001,-12.767970153931488,-12.875994058018652
24,24_15,MW,15,0,0.5,-11.163803938974915,-11.684813279780046,-11.744932119757525,-12.397919055592443,-12.797862066537704
24,24_15,MW,15,1,1.0,-11.242407656293418,-11.608716624946231,-11.89886218350284,-12.52276675581985,-12.84178177770087
24,24_15,MW,15,2,1.5,-11.435256601343383,-11.713621789626668,-11.823264719168503,-12.512027704911882,-12.801159370131112
24,24_15,MW,15,3,2.0,-11.605608992465116,-11.771509383165554,-12.136573678084275,-12.547865578072537,-12.892672259678188
24,24_15,MW,15,4,2.5,-11.253130236711085,-11.812947226860258,-11.915607351199824,-12.49599864878755,-12.811506569365884
24,24_15,MW,15,5,3.0,-11.27461058152758,-11.671920354163978,-12.077742656095987,-12.669103124206494,-12.860619718572085
24,24_15,MW,15,6,3.5,-11.498641169584134,-11.436791997303121,-12.008451074468203,-12.667012175024544,-12.883971769452117
24,24_15,MW,15,7,4.0,-11.411047651966594,-11.530156945766167,-12.142708319242193,-12.518947543261273,-12.873051940218026
24,24_16,MW,16,0,0.5,-11.31284850931053,-11.911763769484855,-12.230920684953263,-12.638926334537963,-12.710581664276127
24,24_16,MW,16,1,1.0,-11.024439428376834,-11.815086590068018,-12.265789394485664,-12.635094220588867,-12.918486090884164
24,24_16,MW,16,2,1.5,-11.406774600381635,-11.820518166212475,-12.414173380572224,-12.666797571962077,-12.837127991721566
24,24_16,MW,16,3,2.0,-11.26485847070711,-11.58098902801872,-11.634041295691503,-12.360632651933274,-12.811354972049513
24,24_16,MW,16,4,2.5,-10.60013638331941,-11.401579212577223,-11.975808709790986,-12.33263435216493,-12.61684713856782
24,24_16,MW,16,5,3.0,-9.803710661838084,-11.119890633868541,-11.704185652612002,-11.24092215299694,-10.948346324185318
24,24_16,MW,16,6,3.5,-10.544217132052188,-11.75898605490728,-11.830194208307715,-11.4193557013075,-11.455070860110599
24,24_16,MW,16,7,4.0,-10.97734298133773,-11.729024479196301,-12.029623083588463,-11.536731701128453,-11.507746606964945
24,24_17,Focus,17,0,0.5,-11.634898482133163,-12.019999517328193,-11.560747383965687,-12.370358488894839,-12.97886475992767
24,24_17,Focus,17,1,1.0,-11.75342784455517,-12.054448984197075,-11.45804935351195,-12.459752092266102,-12.903898665729491
24,24_17,Focus,17,2,1.5,-11.818090565029182,-12.083479636164311,-11.621555459621463,-12.474291004286265,-13.010666805404632
24,24_17,Focus,17,3,2.0,-11.567840088950481,-12.123293270094626,-11.746048131332655,-12.500771769159675,-13.0465781741949
24,24_17,Focus,17,4,2.5,-11.332566157593552,-11.809534632996527,-11.776262100755249,-12.547027866262273,-13.011709776009729
24,24_17,Focus,17,5,3.0,-11.634463675114066,-11.664200405296397,-12.137195100300877,-12.45830364539624,-13.043208849224884
24,24_17,Focus,17,6,3.5,-11.577969913141239,-11.785918630177196,-12.169818511833448,-12.539920550360234,-12.956706545673866
24,24_17,Focus,17,7,4.0,-11.55595828901336,-12.054000222955516,-12.251198482959454,-12.607770879996577,-13.085163426784321
24,24_18,Focus,18,0,0.5,-11.585224580738391,-12.17863971490577,-12.059230159640576,-12.517417701449022,-12.893244241927626
24,24_18,Focus,18,1,1.0,-11.402587912827398,-12.104044080085925,-11.84271329701658,-12.457862987019483,-12.701762262629872
24,24_18,Focus,18,2,1.5,-11.622680084660058,-11.97407859130042,-11.662245752220636,-12.474689408300948,-12.927559705212635
24,24_18,Focus,18,3,2.0,-11.489229707129047,-12.068033798718842,-12.114994676661437,-12.594616894617133,-12.772011768229303
24,24_18,Focus,18,4,2.5,-11.764141995546778,-11.859327582849753,-12.199251763887629,-12.55562753529881,-12.957015351784666
24,24_18,Focus,18,5,3.0,-11.70142063196493,-11.793678316983929,-11.840696684171371,-12.762964079733711,-12.843905791670156
24,24_18,Focus,18,6,3.5,-11.686924435524038,-11.771668629342741,-12.304062083161657,-12.610612312263086,-12.94696394856497
24,24_18,Focus,18,7,4.0,-11.078457659771688,-11.859133425373487,-12.163102547945668,-12.726493846122041,-12.864716733195277
24,24_19,Focus,19,0,0.5,-11.679164033837916,-12.12740473653598,-11.625367694263762,-12.41104104378874,-12.89206427250926
24,24_19,Focus,19,1,1.0,-11.562270849274737,-11.992081600591295,-11.301864172017561,-12.2368958280866,-13.004419156904346
24,24_19,Focus,19,2,1.5,-11.429416660678577,-11.851661391766365,-11.570585426973977,-12.40245094759058,-13.12059734984905
24,24_19,Focus,19,3,2.0,-11.433938914365468,-11.68086963331547,-11.80112750340244,-12.354104513667517,-13.131933063690193
24,24_19,Focus,19,4,2.5,-11.283802763807556,-11.84838742173959,-12.183811249258296,-12.726789074598273,-13.181054371954227
24,24_19,Focus,19,5,3.0,-11.505741892805514,-11.898095973486585,-12.089428834075461,-12.944278578566047,-13.098310608553268
24,24_19,Focus,19,6,3.5,-11.331324783798722,-11.767999889668905,-12.054056134347421,-12.827966081703075,-13.071825122636984
24,24_19,Focus,19,7,4.0,-11.586588729583042,-11.878192800359956,-12.198447898656656,-12.815655744340958,-12.999240891961179
24,24_20,MW,20,0,0.5,-11.540494677979357,-11.786928760968092,-11.949211208717134,-12.724130642715505,-13.020389192799502
24,24_20,MW,20,1,1.0,-11.428174630720699,-11.989842341170252,-12.392576515759986,-12.646298547259184,-12.981374809307203
24,24_20,MW,20,2,1.5,-11.319737961905318,-11.906873048624632,-11.822882812680179,-12.497584915451183,-13.104709703610087
24,24_20,MW,20,3,2.0,-11.174142886581079,-11.679917503961306,-12.018481819711084,-12.899267346372984,-13.159827855618978
24,24_20,MW,20,4,2.5,-11.422637894347293,-11.891791004463354,-12.401685267036623,-12.934678650176226,-13.100041269654673
24,24_20,MW,20,5,3.0,-11.505703028724643,-12.028195220452663,-12.149851941670253,-12.857087114709213,-13.061327808988713
24,24_20,MW,20,6,3.5,-11.412637862364646,-11.520718209124839,-12.017591452711399,-12.866082397329961,-13.132618484899687
24,24_20,MW,20,7,4.0,-10.79615363962775,-11.541260376824903,-12.222010992928515,-12.692099429729115,-12.924935419673119
24,24_21,MW,21,0,0.5,-11.404050689804892,-11.568869327236177,-12.189037583239532,-12.83472027796188,-13.20072513107239
24,24_21,MW,21,1,1.0,-11.219904177498044,-11.997722054423006,-12.042463694208774,-12.868597774029535,-13.11679321472521
24,24_21,MW,21,2,1.5,-11.191653486713458,-12.026146559168666,-12.293317451406377,-12.894048777135454,-13.194736825650178
24,24_21,MW,21,3,2.0,-11.207721911892829,-11.822128190952277,-12.34480160374246,-12.827210063423829,-13.225668172040653
24,24_21,MW,21,4,2.5,-11.509925436416857,-11.807506329031344,-12.564047247043439,-12.924733166772176,-13.242937646199811
24,24_21,MW,21,5,3.0,-11.55820316335987,-12.15804921774909,-12.370691911508366,-12.721281921055903,-12.976308552981717
24,24_21,MW,21,6,3.5,-11.22000596443508,-11.764895500474422,-11.999082627298641,-12.40282796032678,-13.211450809831918
24,24_21,MW,21,7,4.0,-11.334788454743498,-11.63552533356547,-12.158440259932314,-12.460620097066206,-13.151426348052526
24,24_22,MW,22,0,0.5,-11.138599244938906,-11.786363450804348,-11.87294817485884,-12.65670438707052,-12.795226031550218
24,24_22,MW,22,1,1.0,-11.098588333359741,-11.905689134309103,-11.970789716246161,-12.630786796156606,-12.825518465046587
24,24_22,MW,22,2,1.5,-10.97050182461639,-11.50298693935204,-11.671516817182237,-12.259949061976338,-12.960512114500023
24,24_22,MW,22,3,2.0,-10.996793461830908,-11.662108516308383,-11.545225709627523,-12.519615627686676,-13.086071610871983
24,24_22,MW,22,4,2.5,-11.272063580173597,-11.649427005511683,-12.160236031138451,-12.503259746169423,-12.888854128550053
24,24_22,MW,22,5,3.0,-11.331835348263445,-12.002596433766891,-11.774594225079083,-12.071781773081204,-12.157427315834706
24,24_22,MW,22,6,3.5,-11.135591454521656,-11.712975509766876,-11.380956160771834,-11.752036421460923,-11.33736040711903
24,24_22,MW,22,7,4.0,-11.51025130084541,-12.03838469033149,-11.690555741092481,-12.003706756875472,-11.607902148378276
24,24_23,Focus,23,0,0.5,-11.64895585675335,-11.93067548999883,-11.338138724068818,-12.49834457993322,-13.026815946928282
24,24_23,Focus,23,1,1.0,-11.504124022776503,-11.821822899828215,-11.628509428199175,-12.376233017222654,-12.870029670116711
24,24_23,Focus,23,2,1.5,-11.5458557969637,-11.79110688610457,-11.895344672920507,-12.611727504915692,-13.095375682492179
24,24_23,Focus,23,3,2.0,-11.609354273382062,-11.643290697504526,-11.870078800235786,-12.335365644688583,-13.075081124331074
24,24_23,Focus,23,4,2.5,-11.499646147942048,-11.79449588139294,-11.932552440624244,-12.394225259693009,-13.079725454876655
24,24_23,Focus,23,5,3.0,-11.962823921888031,-11.753456568355645,-12.068347826988708,-12.345401580831474,-13.093467913110134
24,24_23,Focus,23,6,3.5,-11.76099139093315,-11.913925185386532,-12.160355584071302,-12.672084608443983,-13.164735752517634
24,24_23,Focus,23,7,4.0,-11.26903884545376,-11.983776614525476,-12.37525669437549,-12.584625425318107,-13.163395747841442
24,24_24,Focus,24,0,0.5,-11.56081738644313,-11.53172238559194,-11.019077421988856,-12.416078570475308,-13.11596347982547
24,24_24,Focus,24,1,1.0,-11.826827909265393,-11.711513125515136,-10.885469448248337,-12.41937934679127,-12.938044971152133
24,24_24,Focus,24,2,1.5,-11.758540849287145,-11.807520471232694,-11.597138990303396,-12.54086892019364,-12.913645642883994
24,24_24,Focus,24,3,2.0,-11.66403839306775,-11.883678079048693,-11.768139508165694,-12.508973134853052,-12.882534108835703
24,24_24,Focus,24,4,2.5,-11.753565319037824,-12.084330776488306,-11.761300820292481,-12.547137721355934,-12.81728434781592
24,24_24,Focus,24,5,3.0,-11.6811411725968,-11.984635700311575,-12.154531220163571,-12.700280993186487,-12.961499388497687
24,24_24,Focus,24,6,3.5,-11.448874955751819,-11.881178241926058,-11.507380120251945,-12.565583756973984,-13.071899031378967
24,24_24,Focus,24,7,4.0,-11.400421649005073,-11.7785586204867,-12.048315200019333,-12.783120255922206,-13.265398795343797
24,24_25,MW,25,0,0.5,-11.504092996054439,-11.715409414874442,-11.470123850718903,-12.269422495078883,-12.957014360049968
24,24_25,MW,25,1,1.0,-11.419325061082844,-12.072078804036174,-11.679682561770239,-12.318687088285804,-12.952476110822245
24,24_25,MW,25,2,1.5,-11.705254366467692,-11.775753375624063,-11.607197218690663,-12.298917310581599,-12.961186510522742
24,24_25,MW,25,3,2.0,-11.642703655173737,-11.994238337207147,-11.801994847263295,-12.344487917509062,-12.947594022618814
24,24_25,MW,25,4,2.5,-11.139138143661555,-11.170900999279215,-11.40219657855701,-12.482668188447326,-13.193732203449235
24,24_25,MW,25,5,3.0,-11.254157054332305,-11.292124666141914,-11.734447723876798,-12.776015050464341,-13.246206340508962
24,24_25,MW,25,6,3.5,-11.308815563761328,-11.491687374200746,-12.017939227476171,-12.762936789698971,-13.211412970721337
24,24_25,MW,25,7,4.0,-11.72414791760065,-11.633044622771072,-12.135531763984343,-12.850314139567416,-13.180451944645297
24,24_26,MW,26,0,0.5,-11.555858312327237,-11.24129036972032,-11.934680498506049,-12.538629805338905,-13.054847398562226
24,24_26,MW,26,1,1.0,-11.26601005354677,-11.836691436506083,-12.091822979227421,-12.479963559889274,-12.990416477556867
24,24_26,MW,26,2,1.5,-11.190827226665872,-11.374759773669567,-12.20127075514594,-12.771695659130284,-13.127669697161146
24,24_26,MW,26,3,2.0,-10.704624535684495,-11.70326048387061,-12.381331769749611,-12.572375253641034,-12.989463454547892
24,24_26,MW,26,4,2.5,-10.906480380856333,-11.990572564286621,-11.243888558534842,-11.680824797942412,-12.854585049639468
24,24_26,MW,26,5,3.0,-11.260407433445309,-11.932385722477434,-11.290021155045704,-12.396571789910723,-12.984535828143816
24,24_26,MW,26,6,3.5,-11.592002814158782,-11.643040460559199,-11.197981271528612,-12.207311628374764,-12.892135728334607
24,24_26,MW,26,7,4.0,-11.327884223307713,-11.607884863024358,-11.673321457819167,-12.386025699200994,-12.884966753432703
24,24_27,MW,27,0,0.5,-11.624552194586315,-11.708876511219952,-12.114148376551205,-12.755198781713343,-12.978937675161445
24,24_27,MW,27,1,1.0,-11.602286174515488,-12.099138758542043,-12.54893144470957,-12.718969335950774,-13.000838562501565
24,24_27,MW,27,2,1.5,-11.609329336215458,-11.804725831635164,-12.136784841826945,-12.70872746925669,-13.108105294076559
24,24_27,MW,27,3,2.0,-11.57141579784739,-11.643764417716792,-12.228361032945667,-12.660284853289996,-12.898023789927873
24,24_27,MW,27,4,2.5,-11.492406100937236,-11.79341069390291,-12.298965791254647,-12.730998794159351,-12.98105690318205
24,24_27,MW,27,5,3.0,-11.482269831783126,-11.92898373266217,-12.027085834838699,-12.791769009584405,-12.897132544167398
24,24_27,MW,27,6,3.5,-11.292358664689887,-12.113544534631405,-12.1836113135487,-12.79454488243524,-12.989493761298775
24,24_27,MW,27,7,4.0,-11.4031382167705,-11.527307012422446,-12.360995791772647,-12.87282217951609,-13.09526355633225
24,24_28,Focus,28,0,0.5,-11.283450219663363,-12.037386899979412,-11.217970909788264,-12.359613557221016,-12.807184175387395
24,24_28,Focus,28,1,1.0,-11.219980919919804,-11.78582019532627,-11.435617350465337,-12.422580969081734,-12.838370871539698
24,24_28,Focus,28,2,1.5,-11.387496979324064,-11.555138295691105,-11.49282428360681,-12.309033176282892,-12.761688894347595
24,24_28,Focus,28,3,2.0,-11.605114601268584,-11.588054009705369,-11.339346493359503,-12.261799902224038,-12.753335476903416
24,24_28,Focus,28,4,2.5,-11.439644901047085,-11.55097513931914,-11.165654979484977,-12.295817318455983,-12.968713936993055
24,24_28,Focus,28,5,3.0,-11.445255012896181,-11.239456628625229,-11.122098755347025,-12.38951225071935,-12.823551164627782
24,24_28,Focus,28,6,3.5,-11.278140043482978,-11.35939334277672,-11.078938737716776,-12.256362647617491,-12.908598825899054
24,24_28,Focus,28,7,4.0,-11.37619637075792,-11.36299433094456,-11.721065019981433,-12.396270188718312,-12.934999926673573
24,24_29,MW,29,0,0.5,-11.670920889403765,-11.387676429062314,-11.52389866536216,-12.3787300347387,-12.98782679540601
24,24_29,MW,29,1,1.0,-11.332941489536571,-11.735890115832069,-11.608050490337105,-12.436732737822068,-13.021793921558643
24,24_29,MW,29,2,1.5,-11.030103195464246,-11.561945300700438,-11.87097255467813,-12.444371870320555,-12.8296680618921
24,24_29,MW,29,3,2.0,-11.524798593311365,-11.665973109099802,-11.813526276710103,-12.450368646064476,-12.897719739308323
24,24_29,MW,29,4,2.5,-11.67513921939282,-11.791102213129443,-11.71642904260736,-12.54258354997937,-12.86453972293678
24,24_29,MW,29,5,3.0,-11.45509379899363,-11.95143902805222,-11.813532977219957,-12.62032005289477,-13.018006628261086
24,24_29,MW,29,6,3.5,-11.295148382526344,-11.873082074820635,-12.24695422886209,-12.610367642550294,-13.096907374211376
24,24_29,MW,29,7,4.0,-11.368879755893575,-11.816854358751467,-12.26708237396967,-12.875979533714238,-13.21155381846096
24,24_30,Focus,30,0,0.5,-11.66455548592994,-11.935579221919667,-11.532262551169111,-12.380744939271722,-13.136158028608671
24,24_30,Focus,30,1,1.0,-11.619248908506545,-11.682471238025835,-11.591559157705337,-12.410413786770222,-12.981400467871774
24,24_30,Focus,30,2,1.5,-11.476555246884448,-11.824199157737581,-11.779987941568434,-12.500245951845931,-12.826776633573417
24,24_30,Focus,30,3,2.0,-11.32762719533079,-12.010071605993781,-11.790780609981985,-12.339939409472734,-12.919713008473673
24,24_30,Focus,30,4,2.5,-11.429700277080023,-11.782973810394065,-11.292771043901775,-12.04552451198666,-13.010899462116864
24,24_30,Focus,30,5,3.0,-11.589841570871664,-11.705199133656901,-11.606779050878858,-12.231819189778845,-13.123556346596684
24,24_30,Focus,30,6,3.5,-11.118854116252642,-11.735033066433026,-11.930772438966784,-12.719119913601741,-13.117759640627286
24,24_30,Focus,30,7,4.0,-11.156021408765604,-11.93160596470168,-11.93347888563286,-12.621530204121639,-13.055493171161315
24,24_31,Focus,31,0,0.5,-11.328029921595427,-11.706212417150653,-12.01001688141843,-12.909870084699664,-13.250645847162124
24,24_31,Focus,31,1,1.0,-11.554523028054422,-11.822817828038284,-11.972214452711656,-12.929799520880902,-13.245510100861278
24,24_31,Focus,31,2,1.5,-11.170009271277772,-11.762704611739371,-12.279215087927216,-12.877006157231941,-13.164541247325616
24,24_31,Focus,31,3,2.0,-11.676709303038887,-11.912321604669799,-12.1044012928132,-12.892476138887156,-13.218456687457785
24,24_31,Focus,31,4,2.5,-11.210927809909332,-11.8673724086571,-12.268445544402022,-12.652020424820018,-13.223664583465075
24,24_31,Focus,31,5,3.0,-11.402872089424344,-11.954435882169198,-12.208354750902608,-12.527111259353235,-13.125995199184624
24,24_31,Focus,31,6,3.5,-11.367610391811448,-11.90907663994705,-12.144086494448477,-12.70967506400705,-13.022184648720811
24,24_31,Focus,31,7,4.0,-10.937774863446723,-11.620053971931062,-12.167373500922071,-12.879785575596031,-13.174050729411942
24,24_32,MW,32,0,0.5,-11.38693306686539,-11.847838098902514,-11.566524274914348,-11.661641575192133,-11.624023911091856
24,24_32,MW,32,1,1.0,-11.464977713013115,-11.843772912964868,-11.391947981615816,-11.80980181646113,-11.771845269535989
24,24_32,MW,32,2,1.5,-11.298048452346245,-11.82326247957546,-11.194803674086707,-12.234532351898743,-12.400432518481042
24,24_32,MW,32,3,2.0,-11.484293475738987,-11.922811223255977,-11.452974369582602,-12.308946374252232,-12.930761219319242
24,24_32,MW,32,4,2.5,-11.682584361684576,-11.917758355180574,-11.467850111329348,-12.232432688834372,-12.734900878033274
24,24_32,MW,32,5,3.0,-11.500990635835397,-11.222315019715403,-11.260821773690404,-12.405644264324414,-13.072301534420928
24,24_32,MW,32,6,3.5,-11.351363397338663,-11.626196632785085,-11.65685176338343,-12.463049176639679,-13.027952003243557
24,24_32,MW,32,7,4.0,-11.62962956339656,-11.647099215973977,-11.862012429223196,-12.591777818593103,-12.922306692998216
24,24_33,MW,33,0,0.5,-10.397632426078609,-11.283883480657105,-11.356667605462297,-10.995343892114565,-10.783146906434135
24,24_33,MW,33,1,1.0,-10.145750268341487,-11.565133992629814,-11.604268545530656,-11.459068749352928,-11.26724840148015
24,24_33,MW,33,2,1.5,-9.860367554286917,-10.940089120193443,-11.201196916462187,-11.25372666816186,-10.882264007367557
24,24_33,MW,33,3,2.0,-10.43747358039934,-11.670925973153842,-11.642851725300966,-11.254944986117279,-11.166107063034499
24,24_33,MW,33,4,2.5,-10.720333059402597,-11.732827897655035,-11.94122252145533,-11.728584835047199,-11.576817000171705
24,24_33,MW,33,5,3.0,-11.127761579978845,-11.848528130430006,-12.167439060250835,-12.457853588159745,-12.447273923445358
24,24_33,MW,33,6,3.5,-10.938476184237723,-11.65541265072706,-12.117411527215085,-11.922171246180495,-11.753719995428574
24,24_33,MW,33,7,4.0,-10.717467153052313,-11.645864771658715,-11.777625794139363,-11.406561402580039,-11.299980598105236
24,24_34,Focus,34,0,0.5,-11.354641381947244,-12.059746823642227,-11.057141522679856,-12.340166343414815,-12.907218266171428
24,24_34,Focus,34,1,1.0,-11.489245487121236,-11.951743132164417,-10.856358284602992,-12.423780306947172,-13.029514948792311
24,24_34,Focus,34,2,1.5,-11.576415048916136,-11.96572359519025,-11.04143404849637,-12.286997280314093,-12.95499058758504
24,24_34,Focus,34,3,2.0,-11.46727837373512,-12.056166815982406,-11.865342278401322,-12.300038234261637,-12.978717248421402
24,24_34,Focus,34,4,2.5,-11.676395100521567,-11.809249157089843,-11.553479438398455,-12.253144768150712,-12.996068765456496
24,24_34,Focus,34,5,3.0,-11.515224571936255,-11.941960313274807,-12.069355612810096,-12.383817963504216,-13.188046224018715
24,24_34,Focus,34,6,3.5,-11.664536267139404,-11.90422196768689,-12.14507212583183,-12.487498348554126,-13.225957715354452
24,24_34,Focus,34,7,4.0,-11.210081680980295,-11.916561854310883,-11.879207545091953,-12.460852907753036,-13.018314317724892
24,24_35,Focus,35,0,0.5,-11.64427329498618,-12.074406499877472,-11.46139773597489,-12.450070829075372,-13.012956662225175
24,24_35,Focus,35,1,1.0,-11.489391857971944,-11.813125678555691,-11.213842193959628,-12.314546640604203,-13.030267936508587
24,24_35,Focus,35,2,1.5,-11.590518910475188,-12.145949476362336,-11.057571830323857,-12.507451495451777,-12.960065419461246
24,24_35,Focus,35,3,2.0,-11.374726355015472,-12.209832776908295,-11.27584685478565,-12.313954437222222,-13.102243435491252
24,24_35,Focus,35,4,2.5,-11.465268591404435,-11.986301856250773,-11.602694431460645,-12.30776769665483,-13.057620083132692
24,24_35,Focus,35,5,3.0,-11.655668909263797,-11.48620211418249,-11.431101875537987,-12.465365476793265,-13.047953280714301
24,24_35,Focus,35,6,3.5,-11.1909034706945,-11.46721202388479,-11.37088023697857,-12.47048771680554,-13.04528673790451
24,24_35,Focus,35,7,4.0,-11.547166724785502,-11.489268186436897,-11.882606728315011,-12.58867068345779,-13.163006875174457
24,24_36,Focus,36,0,0.5,-11.27466871516868,-11.953355768844983,-11.448754701087987,-12.557423567582106,-12.988404160752836
24,24_36,Focus,36,1,1.0,-11.54614309874159,-11.94954309775271,-11.598220911825702,-12.52752061658278,-13.037190552226617
24,24_36,Focus,36,2,1.5,-11.293627136904108,-11.79903417160714,-11.811440253812073,-12.520512201827781,-13.080680795537088
24,24_36,Focus,36,3,2.0,-11.640330984945974,-12.132360889166922,-11.659914367341088,-12.724078856035266,-13.026147495105404
24,24_36,Focus,36,4,2.5,-11.44349642253692,-12.064852639289125,-11.610471074948352,-12.838976712969481,-13.063580679834027
24,24_36,Focus,36,5,3.0,-11.850658848479638,-11.81400190487207,-11.415432128333707,-12.504413611349788,-13.058013552937437
24,24_36,Focus,36,6,3.5,-11.479214458042984,-12.269110583122073,-11.927667379132657,-12.302541201498228,-12.982722898338473
24,24_36,Focus,36,7,4.0,-11.476132042351553,-11.873982512594468,-11.935280015109695,-12.50587942342263,-12.905235962959704
24,24_37,MW,37,0,0.5,-11.015325143238346,-11.68872153082985,-11.830716300710506,-12.688950718741227,-13.192598800801674
24,24_37,MW,37,1,1.0,-11.464007105786607,-11.878797931967522,-12.338700433121009,-12.462706913700178,-13.006545492985218
24,24_37,MW,37,2,1.5,-11.534839578215124,-12.035815915196794,-11.609158303139832,-12.341758095115418,-12.993903808173538
24,24_37,MW,37,3,2.0,-11.563155702086172,-12.130337374740666,-11.1663469313463,-12.240161040330316,-13.040931920109335
24,24_37,MW,37,4,2.5,-11.254992896248188,-11.937533515865479,-11.405748667937011,-12.279036323597905,-13.056507777643931
24,24_37,MW,37,5,3.0,-11.210778997951802,-11.810965391610756,-11.653266166247757,-12.447368205600219,-13.072188613511086
24,24_37,MW,37,6,3.5,-11.273685265062573,-12.082361408145866,-11.327934640342907,-12.33909016412478,-13.051373112967463
24,24_37,MW,37,7,4.0,-11.565132108855359,-12.000982769296458,-11.69405656049671,-12.473346151773729,-12.971050337004915
24,24_38,MW,38,0,0.5,-11.202211211101828,-11.405303378090606,-12.28610327170399,-12.479045938794128,-13.297101643710345
24,24_38,MW,38,1,1.0,-11.287699004875854,-11.828889183648194,-12.443392875907552,-12.718241020742347,-13.189677361673853
24,24_38,MW,38,2,1.5,-11.021067873547551,-11.848090658420691,-12.149591855797285,-12.560150883701734,-13.034379175543295
24,24_38,MW,38,3,2.0,-11.252033048817722,-11.886148944751017,-12.469930192301739,-12.646050333359693,-13.020473425702434
24,24_38,MW,38,4,2.5,-11.453595981276186,-11.88712828509171,-11.8308967799599,-12.574318051101228,-13.119265689992728
24,24_38,MW,38,5,3.0,-11.49152486564891,-12.111211928083378,-11.769013939341939,-12.559172783114688,-12.950252856272694
24,24_38,MW,38,6,3.5,-11.742744276525656,-12.066710250190374,-11.770189415553155,-12.348145753914872,-13.064076712713467
24,24_38,MW,38,7,4.0,-11.875129375725361,-11.785741662489011,-11.65677799028621,-12.493303975697145,-12.93154248415145
24,24_39,Focus,39,0,0.5,-11.306081847805983,-11.537613650117414,-11.761468050812537,-12.4572926163922,-12.929233145158326
24,24_39,Focus,39,1,1.0,-11.31155153540764,-11.543514636901431,-11.571625262022968,-12.37490560544864,-12.98249905709433
24,24_39,Focus,39,2,1.5,-11.314794585321437,-11.482015639120194,-10.738289934923316,-12.320893497549678,-12.91421993786225
24,24_39,Focus,39,3,2.0,-11.244199723576102,-11.601483840238926,-11.160625105226758,-12.49138295366776,-13.024934906755886
24,24_39,Focus,39,4,2.5,-11.44386126068723,-11.722048316700235,-11.091840407620667,-12.58790802556879,-12.972799059451063
24,24_39,Focus,39,5,3.0,-11.465761210685258,-11.870244510026879,-11.232206577721985,-12.63844381108,-12.938800317850255
24,24_39,Focus,39,6,3.5,-11.550943274650836,-11.537360790165406,-11.707318413347165,-12.528414693784883,-13.155108819284228
24,24_39,Focus,39,7,4.0,-11.512398174726249,-11.714373376057857,-11.721135027033585,-12.496139836044927,-13.068482336845797
25,25_0,Focus,0,0,0.5,-11.398900062536953,-11.471206179547352,-10.860429520340757,-12.37323314719266,-12.981418783072735
25,25_0,Focus,0,1,1.0,-11.513885892208968,-11.636758616334262,-10.944731441928448,-12.389661855020925,-13.11553925817353
25,25_0,Focus,0,2,1.5,-11.289329972336626,-11.618079117097631,-11.009894445372904,-12.519205605255115,-12.995569322830287
25,25_0,Focus,0,3,2.0,-11.380557839506807,-11.735533386809754,-11.056777442148187,-12.500578502923242,-12.98962948711192
25,25_0,Focus,0,4,2.5,-11.061909682533509,-11.510316132532411,-10.929779535637746,-12.409100853718787,-12.879564616455047
25,25_0,Focus,0,5,3.0,-11.116418702582177,-11.655421008929384,-11.040155638827372,-12.373004569374151,-13.11280872859021
25,25_0,Focus,0,6,3.5,-11.482471693461184,-11.037422378702352,-10.864409152186735,-12.244562866368982,-13.0616794729089
25,25_0,Focus,0,7,4.0,-11.103263920398398,-11.665284431749466,-10.789479793801073,-12.313125956468545,-12.940622796203156
25,25_1,Focus,1,0,0.5,-11.182840772153883,-11.709026205051293,-10.913682195132083,-12.316804663621829,-13.191369542097126
25,25_1,Focus,1,1,1.0,-11.538962909776261,-11.857500579463203,-10.681374938581435,-12.304029265015865,-13.239280550597357
25,25_1,Focus,1,2,1.5,-11.163358130209756,-11.806680818444649,-10.760357309970761,-12.239692142532926,-13.058057295535022
25,25_1,Focus,1,3,2.0,-11.351231289959385,-11.323596007058876,-10.803152260571318,-12.295250346927665,-13.07654957564545
25,25_1,Focus,1,4,2.5,-11.255537649266412,-11.601631170902543,-10.969544098953925,-12.449365821986124,-13.248020819010208
25,25_1,Focus,1,5,3.0,-11.217297002004987,-11.561069787113656,-11.201192748734629,-12.31740261391636,-13.12337958760548
25,25_1,Focus,1,6,3.5,-11.595598121920316,-11.352415863371938,-10.822289286301283,-12.303468310620318,-13.124881653065257
25,25_1,Focus,1,7,4.0,-11.090367272706455,-11.618512947162479,-11.186981514933864,-12.393329038513379,-13.275244797235267
25,25_2,Focus,2,0,0.5,-11.109486868668965,-11.085201072817622,-10.929211937769642,-12.241981644668204,-13.175797627824455
25,25_2,Focus,2,1,1.0,-10.908978079152785,-11.111097408844476,-10.993728959244935,-12.029745296234443,-13.115206047041832
25,25_2,Focus,2,2,1.5,-11.324213790445691,-11.272598455264133,-10.967959441576012,-12.293084913311679,-13.140903613646705
25,25_2,Focus,2,3,2.0,-11.408721057102778,-11.6132790582067,-10.897624817351966,-12.227572165867402,-13.161630599501967
25,25_2,Focus,2,4,2.5,-11.41553180068702,-11.759432536050534,-10.966468784067239,-12.453886092719136,-13.149044181580441
25,25_2,Focus,2,5,3.0,-11.58369016500359,-11.923978283424761,-10.925281345715673,-12.464833701325833,-13.151248817482942
25,25_2,Focus,2,6,3.5,-11.347430517927549,-11.510656907498298,-11.276132963028353,-12.446432185500157,-13.221688741981831
25,25_2,Focus,2,7,4.0,-11.509559384317452,-11.606691977511982,-10.910792711937638,-12.259294885594723,-13.146277669801176
25,25_3,MW,3,0,0.5,-11.088116976507436,-11.488968547600809,-10.80966121953768,-12.304585076710442,-13.207213288446097
25,25_3,MW,3,1,1.0,-10.731871464445842,-11.512402140442797,-10.971174595966888,-12.135908439507938,-13.200756033728487
25,25_3,MW,3,2,1.5,-11.229946893853352,-11.479046206650338,-11.387189144768525,-12.448368150040116,-13.215342987861375
25,25_3,MW,3,3,2.0,-11.492839367112746,-11.930723419976085,-11.218380695148152,-12.423451721686355,-13.233733371373205
25,25_3,MW,3,4,2.5,-11.685236428290874,-11.647084820110086,-11.014763917734408,-12.46709157300741,-13.253806016801715
25,25_3,MW,3,5,3.0,-11.57761654415668,-11.829214696533146,-10.90408372312678,-12.363848719043343,-13.157871501478928
25,25_3,MW,3,6,3.5,-11.203393851053391,-11.307185985582464,-10.717741122742632,-12.33901524438792,-13.193069545199208
25,25_3,MW,3,7,4.0,-11.263511126634803,-11.901262284543668,-10.842500267996476,-12.335036849323064,-13.129328466404681
25,25_4,Focus,4,0,0.5,-11.18261110966551,-11.902633819741917,-10.910188968581428,-12.488275195254358,-13.386214749054908
25,25_4,Focus,4,1,1.0,-11.241213100573251,-11.201607239412834,-11.290812212217558,-12.36287395482689,-13.439476629761868
25,25_4,Focus,4,2,1.5,-10.989167829087291,-11.379975915185948,-11.32639193924621,-12.58295282142533,-13.436897882461484
25,25_4,Focus,4,3,2.0,-11.205289835143525,-11.352940430773065,-11.09202645388653,-12.328480752695299,-13.339401761525682
25,25_4,Focus,4,4,2.5,-11.368137487055076,-11.603066483693203,-11.178517913364054,-12.634773274518768,-13.394787016897777
25,25_4,Focus,4,5,3.0,-11.579964323163553,-11.636787099990464,-11.688920889123864,-12.799610104606064,-13.366617434007194
25,25_4,Focus,4,6,3.5,-11.269925724432069,-11.780727228685038,-11.482711593568052,-12.596613271516068,-13.407236364982573
25,25_4,Focus,4,7,4.0,-11.383089684690983,-11.74514098867306,-10.831759338341929,-12.37559744303975,-13.37725884881482
25,25_5,Focus,5,0,0.5,-11.472992312849756,-11.583343705229357,-11.137627962563384,-12.491924460277534,-13.079612330000977
25,25_5,Focus,5,1,1.0,-11.267366495702282,-11.552069720890342,-11.45753352444563,-12.76374717451313,-13.222138000198795
25,25_5,Focus,5,2,1.5,-11.528239858521122,-11.69104192147531,-11.503910630135463,-12.8405534635144,-13.386693052374602
25,25_5,Focus,5,3,2.0,-11.346485442014481,-11.629326554138467,-11.460325598901795,-12.549072952637186,-13.168299239531828
25,25_5,Focus,5,4,2.5,-11.459876759410825,-11.866765652267123,-11.308874628494689,-12.747460313647379,-13.273582342592213
25,25_5,Focus,5,5,3.0,-11.536611917609893,-11.726642963807715,-10.893722623104292,-12.300823262621261,-13.130209692031741
25,25_5,Focus,5,6,3.5,-11.502328852349319,-11.817187108624761,-10.9981292049641,-12.4127039154983,-13.032698956406612
25,25_5,Focus,5,7,4.0,-11.49152725607404,-11.815199851987908,-10.903714986750733,-12.210165089530703,-12.931368464098103
25,25_6,MW,6,0,0.5,-11.771962213068306,-11.697086340841938,-12.090516642392574,-12.924119359010163,-13.374592083580549
25,25_6,MW,6,1,1.0,-11.43453711055671,-11.818194267774446,-11.81946470331118,-12.884630124295214,-13.44429344603755
25,25_6,MW,6,2,1.5,-11.404025640396872,-11.733718492532288,-11.709688395032092,-12.83028386697136,-13.406299692023286
25,25_6,MW,6,3,2.0,-11.547942741473845,-11.78160783514709,-11.367512163889248,-12.938268663040962,-13.380927268658994
25,25_6,MW,6,4,2.5,-11.290658937698359,-11.80922387220662,-12.117752081319344,-12.954675265143614,-13.451381211972059
25,25_6,MW,6,5,3.0,-11.493936397544426,-11.913913123389337,-12.122228806010844,-12.84853870634053,-13.292603721715171
25,25_6,MW,6,6,3.5,-11.57276075546618,-11.807006808728543,-11.764440678349727,-13.062379176716544,-13.479454575823109
25,25_6,MW,6,7,4.0,-11.542477870998463,-11.82327743482219,-12.102340950261079,-12.923387630547579,-13.388025620261676
25,25_7,Focus,7,0,0.5,-11.646585016421751,-11.906123176747462,-10.946732422202377,-12.551626921163487,-13.446594453833372
25,25_7,Focus,7,1,1.0,-11.725939722453683,-11.772547298722582,-11.159830573475777,-12.609336215069293,-13.455775042438875
25,25_7,Focus,7,2,1.5,-11.846417581749764,-11.738351785566964,-11.308431417168222,-12.49764621032992,-13.31606996687504
25,25_7,Focus,7,3,2.0,-11.545730230119483,-11.620985161704537,-11.877450873757573,-12.731445324557807,-13.328061496229088
25,25_7,Focus,7,4,2.5,-11.567787226321549,-11.663289969595176,-11.176205366413601,-12.62907675433802,-13.3707612356714
25,25_7,Focus,7,5,3.0,-11.509787084453116,-11.582030364626814,-11.098116368843012,-12.412754864710653,-13.320560930412073
25,25_7,Focus,7,6,3.5,-11.405423112879598,-12.019651630719244,-11.166366652611694,-12.573488848210797,-13.28438868558385
25,25_7,Focus,7,7,4.0,-11.535460703819856,-11.600342634422217,-11.191365808150717,-12.626527595433434,-13.303929209811171
25,25_8,MW,8,0,0.5,-11.284917347208546,-11.31864141277845,-11.755950991470671,-12.882569857619739,-13.502244590836147
25,25_8,MW,8,1,1.0,-11.444521814930338,-11.677201065582658,-11.603771526547902,-12.897741293886794,-13.313395074986152
25,25_8,MW,8,2,1.5,-11.394363863944264,-11.597957677908894,-11.638834780764672,-12.915680740209096,-13.368244868656646
25,25_8,MW,8,3,2.0,-11.245909168709256,-11.648358018000371,-12.206637484042451,-12.91272682533242,-13.340424099426295
25,25_8,MW,8,4,2.5,-11.583330520954334,-11.980232140373731,-12.136647754494643,-12.853526371950457,-13.490852118099722
25,25_8,MW,8,5,3.0,-11.598316242353476,-11.988835646622755,-12.050148016606764,-12.781991548485571,-13.372225643745535
25,25_8,MW,8,6,3.5,-11.768489304151748,-11.770275424240511,-11.762544148827526,-12.639030867227012,-13.350943458387254
25,25_8,MW,8,7,4.0,-11.658777436663435,-11.823774369024207,-11.779306774521745,-12.81780509279751,-13.399547174751923
25,25_9,MW,9,0,0.5,-11.526007862989372,-11.728808021242994,-10.958494501481475,-12.596419945723811,-13.226522660496311
25,25_9,MW,9,1,1.0,-11.024269276404874,-11.626053086492782,-10.926705864278125,-12.342993476513257,-13.241973459601587
25,25_9,MW,9,2,1.5,-11.339944558772913,-11.49712274497184,-10.898785134478555,-12.31124386102676,-13.290775575525513
25,25_9,MW,9,3,2.0,-11.349383084446444,-11.540903031290364,-11.215685706899349,-12.457092506445967,-13.284232417514827
25,25_9,MW,9,4,2.5,-11.471348927234809,-11.595240644446019,-11.510797712440437,-12.558567499142613,-13.198227209700278
25,25_9,MW,9,5,3.0,-11.525257966762553,-11.61575223563455,-11.915859978569745,-12.761430826989546,-13.396595997776124
25,25_9,MW,9,6,3.5,-11.26739644550807,-11.697799797239984,-11.138350877555988,-12.668456191508845,-13.43034177122741
25,25_9,MW,9,7,4.0,-11.998421868335958,-11.693386322040949,-11.264394224719545,-12.727375159499942,-13.324609856090511
25,25_10,MW,10,0,0.5,-10.871038055525677,-11.36130768726183,-11.379921161979153,-12.354032981110038,-13.191360741877407
25,25_10,MW,10,1,1.0,-11.548036646902638,-11.630005836640102,-11.167377458730972,-12.363985172296704,-13.19311099779595
25,25_10,MW,10,2,1.5,-11.57258277677764,-11.219797950177934,-11.362838378891896,-12.684956276298465,-13.379256538491864
25,25_10,MW,10,3,2.0,-11.090910552921443,-11.378503227106123,-11.271304124149518,-12.447273629423627,-13.194033996788061
25,25_10,MW,10,4,2.5,-11.199618605353828,-11.184382032306619,-11.609372408245191,-12.543562100548895,-13.286641792446728
25,25_10,MW,10,5,3.0,-11.291120025878039,-11.563339709272228,-11.975599263079365,-12.83678662862154,-13.240479754636036
25,25_10,MW,10,6,3.5,-11.224992242175292,-11.570641024929555,-11.994189587365472,-12.8115206940007,-13.323458186379687
25,25_10,MW,10,7,4.0,-11.3109052514733,-11.761124608675402,-11.807388098221754,-12.720774631059037,-13.298272101977751
25,25_11,MW,11,0,0.5,-11.549084702198314,-12.144239601678132,-11.20432854046017,-12.48553004550721,-13.09198346565975
25,25_11,MW,11,1,1.0,-11.222281203694697,-11.841440808469741,-10.988765102414842,-12.302231409095754,-13.334068233391413
25,25_11,MW,11,2,1.5,-11.03340875839208,-11.561915581491995,-10.936995501704912,-12.27945114497726,-13.045321565275492
25,25_11,MW,11,3,2.0,-11.389498437683297,-11.359831211836317,-11.045851218437733,-12.332776559777743,-13.223434345314981
25,25_11,MW,11,4,2.5,-11.249537616203419,-11.698421071127171,-10.851511969085207,-12.280738676020174,-13.047797330546704
25,25_11,MW,11,5,3.0,-11.365142123744711,-11.783767901305033,-10.867280678756298,-12.294752935010642,-13.217685613690941
25,25_11,MW,11,6,3.5,-11.64919921910428,-11.94013692542141,-10.946664703650402,-12.360109155991443,-13.172637954932862
25,25_11,MW,11,7,4.0,-11.60401835518023,-11.916266161005833,-10.927922597038126,-12.466270165447062,-13.317861346271897
25,25_12,Focus,12,0,0.5,-11.345581579840385,-11.820242995352249,-10.83032862232578,-12.509684988133733,-13.092312279477172
25,25_12,Focus,12,1,1.0,-11.167872742277268,-11.6178458360227,-10.871235379682457,-12.52285974615386,-13.291514554794821
25,25_12,Focus,12,2,1.5,-11.220158133185256,-11.760940161912714,-11.44937691366986,-12.59424471297599,-13.384773258827659
25,25_12,Focus,12,3,2.0,-11.240099049124403,-11.891300708629329,-11.599796292896862,-12.649548127002996,-13.374486256590172
25,25_12,Focus,12,4,2.5,-11.28812018228965,-11.650861419628212,-11.475520327917385,-12.601774872920755,-13.36229971405077
25,25_12,Focus,12,5,3.0,-11.488588253254493,-12.162198338925744,-11.477560486758765,-12.6905538768727,-13.307138084839096
25,25_12,Focus,12,6,3.5,-11.726417429059477,-11.95170074331333,-11.372588437049416,-12.621922959859674,-13.203408433214575
25,25_12,Focus,12,7,4.0,-11.926002181306977,-11.777197788996233,-11.092910473750333,-12.5345229760347,-13.213679277179542
25,25_13,MW,13,0,0.5,-11.135895760292325,-11.339781187790614,-10.721813631339444,-12.4988559404906,-13.350956143970834
25,25_13,MW,13,1,1.0,-11.68735848981737,-11.202172383243132,-11.340601818964599,-12.369047683801076,-13.334129136138252
25,25_13,MW,13,2,1.5,-11.297610254645251,-11.066394387528986,-11.374108216246334,-12.617624685013377,-13.494278753655347
25,25_13,MW,13,3,2.0,-11.287767883478123,-11.791162678388577,-11.387536085990568,-12.76432423594295,-13.360787469333344
25,25_13,MW,13,4,2.5,-11.307709318363155,-11.91290533554592,-12.122219578691135,-12.973988540069046,-13.385992042548237
25,25_13,MW,13,5,3.0,-11.578766833051741,-12.004724345518213,-11.916273529818113,-12.802204732758682,-13.211409271782948
25,25_13,MW,13,6,3.5,-11.357334418371664,-11.769051791055494,-11.574214139566827,-12.998047450691228,-13.349607488658402
25,25_13,MW,13,7,4.0,-11.47884724390153,-11.582456549939813,-12.193192420928424,-12.789861523705541,-13.250086794863762
25,25_14,MW,14,0,0.5,-11.496191754043274,-11.5115963188459,-10.80610185385942,-12.125171848359255,-13.061034767379224
25,25_14,MW,14,1,1.0,-11.011394373114795,-11.058000265513844,-11.021728606144078,-12.404412121201682,-13.178268681502388
25,25_14,MW,14,2,1.5,-11.245618490890871,-11.199506590042224,-11.034755985925512,-12.328212790238604,-13.273375410934948
25,25_14,MW,14,3,2.0,-11.477380176548277,-11.786943108223252,-11.451655595215744,-12.554879439100052,-13.254384262512751
25,25_14,MW,14,4,2.5,-11.230313446557894,-11.927388726470651,-11.124095016810568,-12.659304889084058,-13.387302989328782
25,25_14,MW,14,5,3.0,-11.09856509417367,-11.806414197747282,-11.122819314077613,-12.538777236055909,-13.353840917435171
25,25_14,MW,14,6,3.5,-11.48468563668645,-11.713211138684795,-11.206514116001854,-12.51540314690965,-13.357288372813738
25,25_14,MW,14,7,4.0,-11.476046296473413,-11.682784720804072,-11.586154149174604,-12.784391016425962,-13.43727931332014
25,25_15,MW,15,0,0.5,-10.760760559361096,-10.955834716062572,-10.82684821441527,-12.158602714414075,-12.585019181532248
25,25_15,MW,15,1,1.0,-11.486738318435874,-11.642803614756806,-11.168877396472288,-12.327724298774472,-12.760008425305774
25,25_15,MW,15,2,1.5,-10.929725593759498,-11.682983645277638,-10.764208058725963,-12.155574144641404,-12.841802266227798
25,25_15,MW,15,3,2.0,-10.986033677353733,-11.665358599347748,-11.16137235054638,-12.17042456030965,-12.787827474701432
25,25_15,MW,15,4,2.5,-11.519163361473582,-11.564536268654658,-10.893644902189896,-12.297614531233268,-12.678009765595567
25,25_15,MW,15,5,3.0,-11.464513977442671,-11.576056120304408,-10.678140410145604,-12.273824259421506,-12.592328709041954
25,25_15,MW,15,6,3.5,-11.83962774292811,-11.502050643452545,-10.992648150419793,-12.374922832194505,-12.784901714924533
25,25_15,MW,15,7,4.0,-11.242433649819903,-11.228437535650537,-10.92926315997779,-12.301428536132663,-12.642624630265313
25,25_16,Focus,16,0,0.5,-11.67061464216573,-11.572938568445839,-10.889611792209497,-12.280767224733387,-12.732428136163165
25,25_16,Focus,16,1,1.0,-11.228139075288201,-11.593036015570798,-11.07441159070034,-12.219251673103972,-12.83475228521956
25,25_16,Focus,16,2,1.5,-11.503033269787363,-11.713738109823794,-10.855577980406542,-12.548749436601481,-12.956326964037506
25,25_16,Focus,16,3,2.0,-11.780337692757145,-11.802506258566366,-10.826450326807178,-12.304212136455423,-12.87851076991483
25,25_16,Focus,16,4,2.5,-11.725152890039311,-11.458306717887455,-10.758399166832787,-12.347365480904507,-12.791705873090725
25,25_16,Focus,16,5,3.0,-11.455013069193011,-11.3480054503118,-11.033484982676766,-12.23798159665452,-12.959981146139844
25,25_16,Focus,16,6,3.5,-11.256334020695693,-11.563140692836027,-11.26057455136832,-12.583010035987384,-12.765821251933849
25,25_16,Focus,16,7,4.0,-11.705860594031131,-11.801617415861486,-11.214727440439807,-12.436711876049518,-12.855361815690493
25,25_17,Focus,17,0,0.5,-11.753751836700186,-11.88461682649918,-11.13449809050875,-12.509436985124681,-13.060667324713396
25,25_17,Focus,17,1,1.0,-11.774043097713482,-12.015500119569497,-11.056826101501796,-12.3916815361598,-13.062261776380279
25,25_17,Focus,17,2,1.5,-11.072956248476471,-12.072654438936265,-10.715438512436119,-12.19794844637949,-12.968893144326483
25,25_17,Focus,17,3,2.0,-11.788444699765597,-11.314687698148528,-10.746660646451815,-12.354632682188331,-13.067862673362862
25,25_17,Focus,17,4,2.5,-11.362915792392304,-11.591690713588898,-10.75338251359571,-12.553206245589578,-13.106509193152972
25,25_17,Focus,17,5,3.0,-11.582993484599314,-11.922013431259922,-11.05092231529356,-12.616921827695046,-13.092355662403612
25,25_17,Focus,17,6,3.5,-11.730929836014004,-11.998000720134884,-10.850087822242983,-12.54050138993733,-13.10266698736168
25,25_17,Focus,17,7,4.0,-11.468227106605848,-11.639304541125084,-11.217376546343923,-12.379328928181812,-13.011935536054411
25,25_18,MW,18,0,0.5,-11.361245527789267,-11.78825860620746,-12.285127333363072,-12.837429147477065,-13.125406954374656
25,25_18,MW,18,1,1.0,-11.233031795235721,-12.1010042233041,-12.41143687399674,-12.93654946317794,-13.029988490884964
25,25_18,MW,18,2,1.5,-11.39068033779778,-11.89730569335154,-12.184908717543719,-12.807845366753204,-13.14325374968808
25,25_18,MW,18,3,2.0,-11.469296305910012,-11.997487045645736,-12.222128990865475,-12.661844441809393,-13.097846230994794
25,25_18,MW,18,4,2.5,-11.418924948190348,-11.712479758774995,-11.513001075792419,-12.614578073945468,-12.890436481223093
25,25_18,MW,18,5,3.0,-11.366067324120399,-11.804831572075226,-11.661678581253325,-12.670973356857191,-12.947521172394577
25,25_18,MW,18,6,3.5,-11.323244848554008,-11.975224571657986,-11.880285080945537,-12.806539882932721,-13.092546159673436
25,25_18,MW,18,7,4.0,-11.65646012688132,-11.826054199274768,-11.84210092597182,-12.81815527603925,-13.085768071277336
25,25_19,MW,19,0,0.5,-11.338092099464129,-11.772055081532177,-11.774644435895333,-12.84762392626282,-13.18440416216419
25,25_19,MW,19,1,1.0,-11.381328410684018,-11.619276604958353,-11.84642205270523,-12.908748326183611,-13.058387921317738
25,25_19,MW,19,2,1.5,-11.207751632624534,-11.81715885060161,-12.10638230706353,-12.894899772735466,-13.16151407749407
25,25_19,MW,19,3,2.0,-11.61724355028061,-11.624424302199031,-12.077191333007919,-12.790470453813054,-12.979692484251656
25,25_19,MW,19,4,2.5,-11.346343869342416,-11.640187549805809,-11.809440210578506,-12.996473544263326,-13.089209124523492
25,25_19,MW,19,5,3.0,-11.456756508702028,-11.754783339072768,-11.945568872733894,-12.81797063266979,-13.140831552278836
25,25_19,MW,19,6,3.5,-11.362420723364849,-11.591421775594522,-12.264570023050126,-12.698176145585272,-13.205481693864014
25,25_19,MW,19,7,4.0,-11.414082049712658,-11.77680258189845,-12.342259041221554,-12.818964831327198,-13.131042617589888
25,25_20,MW,20,0,0.5,-11.566596543000772,-12.018343100532588,-12.128986905323085,-12.895728675030838,-13.28186365903266
25,25_20,MW,20,1,1.0,-11.543284891085118,-11.873190873565884,-11.786352373846675,-12.968749236972885,-13.195279532410854
25,25_20,MW,20,2,1.5,-11.715991431319098,-11.973260367696254,-12.279565678839848,-12.889318155123352,-13.358804897832098
25,25_20,MW,20,3,2.0,-11.52533772102357,-11.771622984396373,-11.801968904612172,-12.752130855458985,-13.089758119337045
25,25_20,MW,20,4,2.5,-11.42521419131822,-11.643197493131966,-12.142002055417786,-12.917414710763223,-13.265972051818109
25,25_20,MW,20,5,3.0,-11.239544323257778,-11.977882105023378,-12.087146722602439,-13.00209807484847,-13.273640871502959
25,25_20,MW,20,6,3.5,-11.438137290863537,-11.887487966242073,-12.110047840118735,-12.921445309109675,-13.352834276674647
25,25_20,MW,20,7,4.0,-11.482345764988098,-11.910712957622437,-12.216978491085019,-12.884278833122506,-13.190991285404476
25,25_21,MW,21,0,0.5,-11.428442351480484,-11.980081175098082,-12.204240624508646,-12.851453391318575,-13.179777315314478
25,25_21,MW,21,1,1.0,-11.332062677106434,-11.56048188288432,-12.065217019977572,-12.882464859390591,-13.150491957887146
25,25_21,MW,21,2,1.5,-11.064832678908335,-11.403068838298138,-12.254355201264683,-12.81205200278042,-13.095932065898893
25,25_21,MW,21,3,2.0,-11.579403288266212,-11.681020939585595,-12.075050808637458,-12.732271225808743,-13.231395933208567
25,25_21,MW,21,4,2.5,-11.076552085119065,-11.853840512142055,-11.806765321777252,-12.330080942737071,-13.13422076025244
25,25_21,MW,21,5,3.0,-11.245085502819107,-11.659727237148719,-11.761197872422567,-12.58215512820882,-13.113647830351164
25,25_21,MW,21,6,3.5,-11.440687816383322,-11.817649723280715,-12.10666564748187,-12.621064770985106,-13.18507026283707
25,25_21,MW,21,7,4.0,-11.349938400451148,-11.982459961697554,-11.869726581536483,-12.457688422374002,-13.276150902768181
25,25_22,MW,22,0,0.5,-11.03392537104625,-11.602958668527783,-10.922388154079698,-12.285429684768738,-12.9646132947778
25,25_22,MW,22,1,1.0,-11.430859785853308,-11.76948120725966,-10.79560310056841,-12.335095931027688,-12.99777187375187
25,25_22,MW,22,2,1.5,-11.314401835019254,-11.938649463160989,-10.772895900130855,-12.205068855942814,-13.046616184063746
25,25_22,MW,22,3,2.0,-10.59789904066698,-11.305792371660257,-10.624526063020294,-12.00099167167333,-13.04421474532451
25,25_22,MW,22,4,2.5,-11.10836487923713,-11.388210792955926,-10.694554277868226,-12.058924795295141,-13.040154863075765
25,25_22,MW,22,5,3.0,-11.71433198525873,-11.843302333187731,-11.486128098200467,-12.349485980101207,-13.24329652499192
25,25_22,MW,22,6,3.5,-11.406291135868983,-11.563196749478575,-10.925232554888085,-12.384940873218653,-13.228104180370723
25,25_22,MW,22,7,4.0,-11.626504414161412,-11.374205902967514,-11.715939584179678,-12.54424452529411,-13.304142202446434
25,25_23,MW,23,0,0.5,-11.436591600828502,-11.712437979281653,-12.230502525137812,-12.627617940497752,-13.411100250947912
25,25_23,MW,23,1,1.0,-11.629341524672983,-11.840706732139388,-12.342910942438895,-12.85622966463941,-13.244047919913829
25,25_23,MW,23,2,1.5,-11.445087797379756,-11.834257677955362,-12.275941475562949,-12.92386483593909,-13.221368967569424
25,25_23,MW,23,3,2.0,-11.219411560407593,-11.609587006643022,-12.140617259509348,-12.781632836093989,-13.142953505609878
25,25_23,MW,23,4,2.5,-11.087889930120364,-11.661703424041391,-12.351492355117031,-12.913630480882379,-13.244550682608358
25,25_23,MW,23,5,3.0,-11.154611630918986,-11.600777486620535,-12.07084544153086,-12.835783210383411,-13.245328738867675
25,25_23,MW,23,6,3.5,-11.010129668598005,-11.382982206207156,-11.12249216139909,-12.274018374466769,-13.170180044308392
25,25_23,MW,23,7,4.0,-11.091145220522645,-11.690550995985324,-11.687954912645411,-12.410513713425406,-13.136057549740476
25,25_24,MW,24,0,0.5,-11.306673146491322,-11.894526745719894,-11.78215686263493,-12.349080567776419,-13.06469242052272
25,25_24,MW,24,1,1.0,-11.528054732787199,-11.909960751990901,-11.479708133824953,-12.377049594854183,-13.091456530592488
25,25_24,MW,24,2,1.5,-11.203396008223176,-11.828671314951553,-11.762273105567157,-12.106219849825969,-13.125975545263655
25,25_24,MW,24,3,2.0,-11.460855851310763,-11.579312138106747,-11.456677406184648,-12.505210835363524,-13.176814310098932
25,25_24,MW,24,4,2.5,-11.689284243877003,-11.620686648978909,-11.416074141262822,-12.79658142041633,-13.169750837788731
25,25_24,MW,24,5,3.0,-11.342328832617095,-11.636311741564262,-11.760863599312707,-12.738981797242253,-13.234294662974172
25,25_24,MW,24,6,3.5,-11.30992794527329,-11.384459342218875,-12.00822622384658,-12.663870448086076,-13.251695307407394
25,25_24,MW,24,7,4.0,-11.479311407980404,-11.731178081362499,-12.017720235955263,-12.751756862866882,-13.28649390926429
25,25_25,MW,25,0,0.5,-11.30960229496881,-11.595540157618709,-11.732574963886528,-12.732218974006978,-13.263990702101122
25,25_25,MW,25,1,1.0,-11.475343482183348,-11.94923624244461,-12.34224372017854,-12.895199908045804,-13.153859235112055
25,25_25,MW,25,2,1.5,-11.38818966850852,-11.772195177844814,-12.330149652174372,-12.881440590928916,-13.189981293419358
25,25_25,MW,25,3,2.0,-11.474442572841948,-11.640864387742454,-12.237001649502362,-13.025836761409924,-13.256236112703325
25,25_25,MW,25,4,2.5,-11.246405028345979,-11.673047274344166,-12.0554286577978,-12.886116282644407,-13.203016764605117
25,25_25,MW,25,5,3.0,-11.373449114619142,-11.644470190015111,-12.446643272260214,-13.003027518670535,-13.246061164404214
25,25_25,MW,25,6,3.5,-11.158581046574106,-11.741460981807665,-12.371596230433324,-12.902097213715326,-13.245391287756394
25,25_25,MW,25,7,4.0,-11.368699999259999,-11.877724695386126,-11.64606911072773,-12.543206555751674,-13.151557837024422
25,25_26,MW,26,0,0.5,-11.319404897572914,-11.767629454457698,-12.120088512524369,-12.62452578750844,-13.35332056165477
25,25_26,MW,26,1,1.0,-11.253553022322636,-11.221432731140151,-12.130323473997223,-12.96195813273235,-13.352298367272793
25,25_26,MW,26,2,1.5,-11.585640528883765,-11.746209012023343,-12.380508778564078,-12.962304868705536,-13.406756436890205
25,25_26,MW,26,3,2.0,-11.149748618581294,-11.668789877870783,-12.452890469849086,-13.005781006290762,-13.300139423927408
25,25_26,MW,26,4,2.5,-11.0070099228952,-11.57964445637385,-11.805323404154631,-12.843039368663558,-13.419545107382376
25,25_26,MW,26,5,3.0,-10.951373410020341,-11.744923621047159,-12.10285884409599,-12.806730906391481,-13.207776888324679
25,25_26,MW,26,6,3.5,-11.30781385155791,-11.824745224177171,-11.586518586941928,-12.675359839643269,-13.075879192564779
25,25_26,MW,26,7,4.0,-11.380172569632826,-11.678310712584423,-11.700397328741685,-12.417706808459778,-13.177396529423422
25,25_27,MW,27,0,0.5,-11.427345704056581,-11.417460135073947,-11.940288874050546,-12.931421732666186,-13.32464409332704
25,25_27,MW,27,1,1.0,-11.324959290237532,-11.589840958643464,-11.867346231834853,-12.8710883810143,-13.314998631571115
25,25_27,MW,27,2,1.5,-11.571256495933016,-11.78594122025089,-11.704700527829974,-12.748875283607632,-13.302168486843875
25,25_27,MW,27,3,2.0,-10.917072941413815,-11.20608907483104,-11.41383142314387,-12.512109845030709,-13.284694319605407
25,25_27,MW,27,4,2.5,-10.97080251812245,-11.421635093492402,-12.078996898399312,-12.668205283867085,-13.141867092251491
25,25_27,MW,27,5,3.0,-11.28931323043681,-11.544623519880219,-12.427891601911973,-12.81481155931709,-13.250197742259662
25,25_27,MW,27,6,3.5,-11.270530892360819,-11.608391461893964,-11.871194017213954,-12.970389232192849,-13.180708398998783
25,25_27,MW,27,7,4.0,-11.44479534679475,-11.64589959456322,-12.49873324235939,-12.91556199695081,-13.202537165052194
25,25_28,MW,28,0,0.5,-11.192618463464777,-11.615462549953794,-11.101701681437408,-12.139114981391458,-13.07972130670417
25,25_28,MW,28,1,1.0,-11.289390915571216,-12.012677174202341,-11.547411887376972,-12.611784946865338,-13.064878650911744
25,25_28,MW,28,2,1.5,-11.158082432573856,-11.496378944257813,-11.441887793073528,-12.377237889306034,-13.063242504409711
25,25_28,MW,28,3,2.0,-11.088278932400284,-11.368725397939055,-11.660804481404567,-12.477009394936164,-13.054067099694874
25,25_28,MW,28,4,2.5,-11.247751618114153,-11.369868087623765,-11.838028583985855,-12.526932428044242,-13.058519492929566
25,25_28,MW,28,5,3.0,-11.172846478597771,-11.05451453454128,-12.03439813674847,-12.87443008219504,-13.246378228083183
25,25_28,MW,28,6,3.5,-11.725919849425694,-11.868795468137575,-12.02063251107242,-12.796110270389834,-13.138451415953673
25,25_28,MW,28,7,4.0,-11.158901137000573,-11.645727075832227,-12.129909198593397,-12.719415056259283,-13.22800034815306
25,25_29,MW,29,0,0.5,-11.388826237995557,-12.133924726280357,-12.037832887388532,-12.728094409876407,-13.300425677611104
25,25_29,MW,29,1,1.0,-11.423975024154418,-11.801995322455143,-11.883086050236823,-12.842118986801726,-13.292094272367342
25,25_29,MW,29,2,1.5,-11.356837429194712,-11.522429593120807,-11.993400553955176,-12.578637650306018,-13.288662015234902
25,25_29,MW,29,3,2.0,-11.550799934729115,-11.800863991096369,-12.325040296788766,-12.912351145362347,-13.11697287233596
25,25_29,MW,29,4,2.5,-11.449263209500815,-11.647350139695087,-12.105026524530482,-12.87404308011195,-13.226807540619166
25,25_29,MW,29,5,3.0,-11.552670970094306,-11.680054319561314,-11.918852044388496,-12.891233786131965,-13.287277590027836
25,25_29,MW,29,6,3.5,-11.57727638497688,-12.04584084644905,-12.143620851400334,-12.864510015387133,-13.149179512391102
25,25_29,MW,29,7,4.0,-11.219013684170433,-11.744124829460086,-12.08705349861911,-12.941181811958257,-13.247722900172171
25,25_30,MW,30,0,0.5,-11.327888321411184,-11.624989144147193,-12.24486206275449,-12.82241413955854,-13.120726613677247
25,25_30,MW,30,1,1.0,-11.257607354137681,-11.291581445804313,-12.357559017660586,-13.021739587481585,-13.525308048598584
25,25_30,MW,30,2,1.5,-11.115472078801641,-11.864293086412713,-11.884716212748947,-12.363157255509297,-12.784462223823915
25,25_30,MW,30,3,2.0,-11.238083285589939,-11.37196454479714,-11.221775613253376,-12.319081379169399,-12.917498785701078
25,25_30,MW,30,4,2.5,-11.407214437623757,-11.661503170493152,-11.616303983565835,-12.471493443677794,-13.053833641167904
25,25_30,MW,30,5,3.0,-11.427810089636697,-11.868589434871392,-11.785023577686493,-12.685193882032845,-13.308251053808634
25,25_30,MW,30,6,3.5,-11.52514620356561,-11.908969141254063,-12.208614257899603,-12.832130521928752,-13.217839717461954
25,25_30,MW,30,7,4.0,-11.426045913248812,-11.812201807368867,-11.839574913523277,-12.876634994282531,-13.353550128688314
25,25_31,MW,31,0,0.5,-10.799126354085953,-11.323019333725762,-11.795445878543605,-12.418014937048039,-12.798224498213303
25,25_31,MW,31,1,1.0,-11.09731883091316,-11.58398090753178,-11.54550810655563,-12.11074624295193,-13.085269397618175
25,25_31,MW,31,2,1.5,-11.375897696530123,-11.727594095498679,-11.780203540130627,-12.61600841675845,-13.056519171608674
25,25_31,MW,31,3,2.0,-11.249491972737511,-11.59821374256061,-11.868022003575577,-12.72813622410604,-13.160428320724701
25,25_31,MW,31,4,2.5,-11.15269889863018,-11.256739192162549,-12.171824272699624,-12.593833790924883,-13.052496221442482
25,25_31,MW,31,5,3.0,-11.179656740518954,-11.696952790105877,-12.124408663168529,-12.328528560605704,-13.041182746995453
25,25_31,MW,31,6,3.5,-10.978367651756605,-11.471239444167784,-11.145200923618889,-12.166514425915436,-12.817446612216193
25,25_31,MW,31,7,4.0,-10.623055602710428,-11.453855077034785,-11.00772799464987,-12.202954495336845,-12.984184233001661
25,25_32,MW,32,0,0.5,-11.306869422259076,-11.507425833442838,-12.220054341372716,-12.992052032231701,-13.342955943133404
25,25_32,MW,32,1,1.0,-10.880849542563237,-11.01391436426147,-11.721029867346935,-12.668435706314042,-13.19216683531005
25,25_32,MW,32,2,1.5,-11.14050366104424,-11.45170847662914,-11.924406810287223,-12.727948770327048,-13.060060837702213
25,25_32,MW,32,3,2.0,-11.404777272476872,-11.368236800421696,-12.057269087994623,-12.788417622649005,-13.25988686055923
25,25_32,MW,32,4,2.5,-11.474672705326936,-11.860480384368513,-12.099646362966736,-12.973265623489379,-13.217003860511493
25,25_32,MW,32,5,3.0,-10.991033391373104,-11.19206388622489,-11.657784078715288,-12.53104903022388,-13.17398949513181
25,25_32,MW,32,6,3.5,-10.880817010664083,-11.378232362116593,-11.701604883359993,-12.589778696829699,-13.014857620504834
25,25_32,MW,32,7,4.0,-11.39093298486289,-11.111434294904928,-11.932852056585704,-12.917320662063794,-13.302416283444888
25,25_33,Focus,33,0,0.5,-11.291140979410203,-11.782026633614123,-10.764030810467192,-12.26072421893962,-12.700132369644402
25,25_33,Focus,33,1,1.0,-11.156666125706453,-11.912507320859845,-11.290411199769844,-12.430420984318383,-12.961390679801664
25,25_33,Focus,33,2,1.5,-11.47863593255912,-11.969182687998044,-11.162057763078812,-12.51232250194661,-12.893642227267232
25,25_33,Focus,33,3,2.0,-11.32123986895573,-11.469227343559279,-10.822805090904087,-12.210893095121426,-12.81059854755201
25,25_33,Focus,33,4,2.5,-11.258762735124726,-11.868609808181755,-10.81535401964596,-12.398919674483109,-12.83955371973022
25,25_33,Focus,33,5,3.0,-11.674687419350606,-11.895204390849987,-11.188548260891741,-12.505407247948991,-12.954058545710245
25,25_33,Focus,33,6,3.5,-11.561949606488213,-11.663181258076314,-10.947912742642474,-12.336655588995265,-12.911328698194653
25,25_33,Focus,33,7,4.0,-11.537754394724464,-11.729995509906358,-10.605112966319236,-12.46400590074479,-12.905423913422682
25,25_34,Focus,34,0,0.5,-11.443406171587172,-11.753586767697488,-10.872991824902872,-12.358684958549135,-13.057145763799733
25,25_34,Focus,34,1,1.0,-11.654065489416096,-11.594657181731284,-10.956782828025563,-12.284619006673093,-13.114815374667323
25,25_34,Focus,34,2,1.5,-11.586776275620972,-11.782621755578273,-11.076869747434685,-12.496183261990153,-12.965455126163246
25,25_34,Focus,34,3,2.0,-11.633248832922686,-11.693571720730052,-10.640475297653136,-12.253852581992742,-12.979312433122912
25,25_34,Focus,34,4,2.5,-11.405323861143824,-11.830616391071437,-10.833611737872143,-12.248924485998465,-12.960935101963173
25,25_34,Focus,34,5,3.0,-11.440940569053485,-11.453069634103452,-10.786573449050438,-12.251196160583113,-13.02486532298954
25,25_34,Focus,34,6,3.5,-11.444281443702579,-11.544328637613546,-10.693674567230989,-12.332249023493512,-12.979739221523602
25,25_34,Focus,34,7,4.0,-11.140271550064513,-11.566036743581671,-10.860056855385862,-12.16150902708105,-13.01686358521118
25,25_35,MW,35,0,0.5,-11.48306560816512,-11.872915506176096,-10.99534753051828,-12.385959673266555,-13.061898285059746
25,25_35,MW,35,1,1.0,-10.264337356189452,-11.149127071804806,-10.852581946616969,-12.253861278670591,-13.062950961076698
25,25_35,MW,35,2,1.5,-11.016963239188874,-11.77665577324923,-10.884995808714939,-12.514117249050626,-13.188430182867117
25,25_35,MW,35,3,2.0,-11.358219644227903,-11.9565169803338,-11.131587529825643,-12.328294255968126,-13.171349602309652
25,25_35,MW,35,4,2.5,-11.170066228809606,-12.167689410329073,-11.272373468990972,-12.549050691087436,-13.32341579728624
25,25_35,MW,35,5,3.0,-11.316321997959271,-11.656530116677894,-10.979595857232693,-12.52189103940647,-13.038208660216029
25,25_35,MW,35,6,3.5,-11.21130874035207,-11.823387948872654,-11.44929765854192,-12.517383256581276,-13.244205514813766
25,25_35,MW,35,7,4.0,-11.290710788584692,-11.476049731072838,-11.182447903748802,-12.664115478443332,-13.06083407522769
25,25_36,MW,36,0,0.5,-11.388645563559743,-11.746905392285749,-11.997754876478039,-12.924134271911386,-13.138544725352324
25,25_36,MW,36,1,1.0,-11.173155785072234,-11.64097034576435,-12.22025689260972,-12.818191337713744,-13.231895790384526
25,25_36,MW,36,2,1.5,-11.32046720117774,-11.98896702871167,-12.212294853615873,-12.796840721122718,-13.082035983449781
25,25_36,MW,36,3,2.0,-11.670827241389402,-11.851685747823739,-12.268476573464405,-12.764521875318025,-13.092366318109773
25,25_36,MW,36,4,2.5,-11.479632110023203,-11.69835751084177,-12.200752670266558,-12.834187181343047,-13.17078710229793
25,25_36,MW,36,5,3.0,-11.30809991580649,-11.447566492058101,-12.100630136791821,-12.838925271510792,-13.271518434598132
25,25_36,MW,36,6,3.5,-11.666739475315687,-11.868823504357417,-12.161144196551453,-12.820874337478449,-13.265737472413791
25,25_36,MW,36,7,4.0,-11.42772709823594,-11.791958087755296,-12.069316377766436,-12.78944253779354,-13.096602725785246
25,25_37,Focus,37,0,0.5,-11.243367051834953,-11.278490694685996,-11.34095162950778,-12.532786989530218,-13.136850807181018
25,25_37,Focus,37,1,1.0,-11.145980864566074,-11.302080629900892,-10.836277157280756,-12.39361865797344,-13.107720094466723
25,25_37,Focus,37,2,1.5,-11.473899288279018,-11.503477433780473,-10.931430570137547,-12.493029397875297,-12.99702313789594
25,25_37,Focus,37,3,2.0,-11.772630468334008,-11.9083682948627,-11.250455661100151,-12.674226550063095,-13.098596080938625
25,25_37,Focus,37,4,2.5,-11.542797266167632,-11.801646050344132,-10.956528142720922,-12.524247802804458,-13.167147707954012
25,25_37,Focus,37,5,3.0,-11.700448674184234,-11.523391359793257,-11.132703508449794,-12.539917303395304,-13.138605846129808
25,25_37,Focus,37,6,3.5,-11.633337145430296,-11.276455555360553,-11.166911808125464,-12.344543440016366,-13.105925028474246
25,25_37,Focus,37,7,4.0,-11.537849262324624,-11.69221002242005,-11.054532513379764,-12.480569396317662,-13.086431580222575
25,25_38,Focus,38,0,0.5,-11.216442182485745,-11.437102229896722,-10.636905452720862,-12.17507481372314,-13.155800491790758
25,25_38,Focus,38,1,1.0,-11.399254928103222,-12.032774772379689,-10.749694082791558,-11.987989418942144,-13.171223082307845
25,25_38,Focus,38,2,1.5,-11.471580731879639,-12.121984472895823,-10.710494239411572,-12.24425149395541,-13.190014298193772
25,25_38,Focus,38,3,2.0,-11.412159346355775,-11.304562316951202,-10.516867797438062,-12.16432264274466,-12.994138279310015
25,25_38,Focus,38,4,2.5,-11.152263562358153,-11.417151516671288,-10.92730871818313,-12.257834976842078,-13.16978793161521
25,25_38,Focus,38,5,3.0,-11.654019384067855,-11.727423587881095,-10.813478590395956,-12.169275578275807,-13.109438084226392
25,25_38,Focus,38,6,3.5,-11.489445072620754,-11.857092070167843,-10.994139806038763,-12.308741897502253,-13.195203151687734
25,25_38,Focus,38,7,4.0,-12.172430493291754,-12.227137140240897,-11.23065459308388,-12.35624676752627,-13.221400068493342
25,25_39,Focus,39,0,0.5,-11.702428156331198,-11.353288301238114,-11.532072332685773,-12.734610710005958,-13.26622162883108
25,25_39,Focus,39,1,1.0,-11.719969145490209,-11.829536715694049,-11.285564871694392,-12.543649848467908,-13.363203379328159
25,25_39,Focus,39,2,1.5,-11.315097337032595,-11.54033370765505,-11.461566131387734,-12.694195658628443,-13.467495025356229
25,25_39,Focus,39,3,2.0,-11.562175534671448,-11.859587210624738,-11.597187816518415,-12.635243846783396,-13.242092473032745
25,25_39,Focus,39,4,2.5,-11.4869866451658,-11.585693278990046,-10.897758800054238,-12.502757337756226,-13.273515427270013
25,25_39,Focus,39,5,3.0,-11.636243631701376,-11.749488750547709,-11.29443972792392,-12.544713661738186,-13.310067407533955
25,25_39,Focus,39,6,3.5,-11.590119975806745,-11.802864852520322,-11.393057215011003,-12.7056468775223,-13.336454521280602
25,25_39,Focus,39,7,4.0,-11.444553684096148,-11.715803133966533,-11.381622014037621,-12.79440896717915,-13.294478394184534
26,26_0,Focus,0,0,0.5,-11.249069624396599,-11.792035706763272,-11.48587207708545,-12.362685002202337,-13.329664784488386
26,26_0,Focus,0,1,1.0,-11.174234394459429,-11.827361036279775,-11.293226528437701,-12.292932346410021,-13.259105867589563
26,26_0,Focus,0,2,1.5,-11.20145907764203,-11.909622777751007,-11.078666230184561,-12.225344805089994,-13.233450278918337
26,26_0,Focus,0,3,2.0,-11.313505718416822,-12.025478122153684,-11.647034402066476,-12.444168069555754,-13.368084065999922
26,26_0,Focus,0,4,2.5,-11.198213832872474,-11.82474608694377,-11.420655859753007,-12.513793228071382,-13.402174406135638
26,26_0,Focus,0,5,3.0,-11.411705859521941,-12.01190735540278,-11.71516805454076,-12.488584971760158,-13.2407830843599
26,26_0,Focus,0,6,3.5,-11.347723186496543,-12.05260123445675,-11.40634011541035,-12.47902419815908,-13.26231103060772
26,26_0,Focus,0,7,4.0,-11.558624428456717,-12.03148061643382,-11.328029436363186,-12.245138376291681,-13.238543274077156
26,26_1,Focus,1,0,0.5,-11.098665600072708,-11.796729301699385,-11.91635409275763,-12.381403233780059,-13.115722703784476
26,26_1,Focus,1,1,1.0,-11.180724726496088,-12.158834869112852,-12.035608836912761,-12.454901562656989,-13.465491748968029
26,26_1,Focus,1,2,1.5,-11.230638136139008,-12.081208053803689,-12.117050694223392,-12.465449098244342,-13.190136495362422
26,26_1,Focus,1,3,2.0,-11.188302769565027,-12.100761837054623,-11.815682671151182,-12.527724634489436,-13.323313112267998
26,26_1,Focus,1,4,2.5,-10.966194969115342,-11.901468123962333,-11.431727575065828,-12.235843036096902,-13.300625242612176
26,26_1,Focus,1,5,3.0,-11.229878438617547,-12.005154100051456,-11.484611209653627,-12.057617436933176,-13.253934850074405
26,26_1,Focus,1,6,3.5,-11.278198214600383,-12.076531005594095,-11.630183477391414,-12.455160267707324,-13.341895871754815
26,26_1,Focus,1,7,4.0,-11.217369795064196,-12.0557436515244,-11.72538712127076,-12.524459161811873,-13.411181653051656
26,26_2,Focus,2,0,0.5,-11.308686434030085,-11.8282340694836,-11.45257951566705,-12.344133026677017,-13.392104036713254
26,26_2,Focus,2,1,1.0,-11.059774909610693,-11.863707365032903,-10.918635978877399,-12.16536616486027,-13.311510342673879
26,26_2,Focus,2,2,1.5,-11.263667524401578,-11.793708587207563,-11.300611366160107,-12.287687614644346,-13.29144250699762
26,26_2,Focus,2,3,2.0,-11.433411081184076,-11.889548639419065,-11.435447969308978,-12.477899504195173,-13.486874744799609
26,26_2,Focus,2,4,2.5,-11.005114724966322,-12.136302218010002,-11.36250442009845,-12.460609883053278,-13.329093369124816
26,26_2,Focus,2,5,3.0,-11.3155939552842,-11.968795686457714,-11.420763107876432,-12.413343498053127,-13.394119940256614
26,26_2,Focus,2,6,3.5,-11.31918659357982,-11.881260495114072,-11.049536694059084,-12.434151813098048,-13.251583497132525
26,26_2,Focus,2,7,4.0,-11.423294384128148,-11.877581626303847,-11.41428658397348,-12.280809548346438,-13.277982969650603
26,26_3,Focus,3,0,0.5,-11.329407611847552,-12.186436025556043,-11.503267344861797,-12.371583649389482,-13.270385381965164
26,26_3,Focus,3,1,1.0,-11.285306044669278,-11.953964393018115,-11.570221728702215,-12.43190085700757,-13.489620132897329
26,26_3,Focus,3,2,1.5,-11.26251894138959,-12.020544327571974,-11.489694655796528,-12.396492838933439,-13.434069103695983
26,26_3,Focus,3,3,2.0,-11.003124029154037,-11.90929599042775,-11.310967696066365,-12.298885837127283,-13.320706705968393
26,26_3,Focus,3,4,2.5,-11.128469893627667,-12.028956232369048,-11.585308030322754,-12.339937422765404,-13.30701354483704
26,26_3,Focus,3,5,3.0,-11.24293633145921,-12.165392239342042,-11.637419834166419,-12.428015671702358,-13.525790766932607
26,26_3,Focus,3,6,3.5,-11.080115258341069,-11.839595859586439,-11.177887454455242,-12.620529159368457,-13.37144345304579
26,26_3,Focus,3,7,4.0,-11.356522427287485,-12.051008112754648,-11.44059334992358,-12.41286713041415,-13.37300158370718
26,26_4,Focus,4,0,0.5,-11.281003698767632,-11.983761087738163,-11.422829154701674,-12.36506686517283,-13.437958333208604
26,26_4,Focus,4,1,1.0,-11.046462537345336,-12.043229406245402,-11.558422623467104,-12.240054253884473,-13.2981261508975
26,26_4,Focus,4,2,1.5,-11.160713591810723,-11.760119334202738,-11.472227867280578,-12.372293181306848,-13.482926928452354
26,26_4,Focus,4,3,2.0,-11.175027595724869,-11.755259899304123,-11.325612015520012,-12.315328884229764,-13.353109479675632
26,26_4,Focus,4,4,2.5,-11.302672681998786,-11.943482673235374,-11.601494000811716,-12.40948151768805,-13.367412223021802
26,26_4,Focus,4,5,3.0,-11.378130055452312,-11.968640110138114,-11.63861126984503,-12.413621728929288,-13.314940694770593
26,26_4,Focus,4,6,3.5,-11.2995058147664,-11.878848601681854,-11.511465558552432,-12.539600726808683,-13.393163210321275
26,26_4,Focus,4,7,4.0,-11.279246788286262,-11.88414168476195,-11.545316105822044,-12.547192550168107,-13.407007738536416
26,26_5,Focus,5,0,0.5,-11.278481135108954,-11.912016230975727,-11.392754835294374,-12.405316139088413,-13.278171730616512
26,26_5,Focus,5,1,1.0,-11.475955294610284,-12.076838205546046,-11.331545900412763,-12.502070657542024,-13.122917587547782
26,26_5,Focus,5,2,1.5,-11.46168747609055,-12.20357389674405,-11.499059735067855,-12.390952422558668,-13.245770109526566
26,26_5,Focus,5,3,2.0,-11.431329505780031,-12.081248296651438,-11.76700852694968,-12.472974051588304,-13.203224713782763
26,26_5,Focus,5,4,2.5,-11.289925339084002,-11.895825083938563,-11.482730112587413,-12.16076991141242,-13.27990147982582
26,26_5,Focus,5,5,3.0,-11.411322991463232,-12.001876728557514,-11.457594025202905,-12.358524918811426,-13.32568736772536
26,26_5,Focus,5,6,3.5,-11.318862721858922,-12.09947685063518,-11.599913082189664,-12.608776534371144,-13.314057285845395
26,26_5,Focus,5,7,4.0,-11.32129315004197,-12.182766604171233,-11.633891031156198,-12.52582925781832,-13.40941325265201
26,26_6,Focus,6,0,0.5,-11.496885405973837,-12.112262869725255,-11.57171752841918,-12.364673176146386,-13.237786250222983
26,26_6,Focus,6,1,1.0,-11.463347812714174,-11.953223080804072,-11.762036193391214,-12.443477072784802,-13.199405928300282
26,26_6,Focus,6,2,1.5,-11.410627621528937,-12.182772265325015,-11.719374557036016,-12.368294453702058,-13.361133214762791
26,26_6,Focus,6,3,2.0,-11.508031139554685,-12.233985823074391,-11.343719195745928,-12.535437266988733,-13.297503854509433
26,26_6,Focus,6,4,2.5,-11.401517849097845,-11.957127365054,-11.46574097868191,-12.476199105909792,-13.363884124378293
26,26_6,Focus,6,5,3.0,-11.426789031285308,-11.959483674279578,-11.662029489727635,-12.285077883549747,-13.273138427991734
26,26_6,Focus,6,6,3.5,-11.460279873018333,-12.07252087115177,-11.822387702260768,-12.104713055534555,-13.174149190654079
26,26_6,Focus,6,7,4.0,-11.326902164978456,-11.95022166245479,-11.637996634808516,-12.432564931763427,-13.331549880899505
26,26_7,Focus,7,0,0.5,-11.050221453816377,-11.414380165363953,-11.162280813613974,-11.98897711084801,-13.28837727530786
26,26_7,Focus,7,1,1.0,-10.972956878342728,-11.509886206696319,-10.903567315077996,-12.048302707160627,-13.322752396507752
26,26_7,Focus,7,2,1.5,-11.346989903382038,-11.684959467418944,-11.04392575389136,-12.174213644573333,-13.345550964287142
26,26_7,Focus,7,3,2.0,-11.2816974732558,-11.615826808040618,-11.324079509058189,-12.340511778901547,-13.40962787686763
26,26_7,Focus,7,4,2.5,-11.17072962422397,-11.61325725476436,-11.196757096014082,-12.147262268702514,-13.287033758046963
26,26_7,Focus,7,5,3.0,-11.152004428674045,-11.978809524230694,-11.190463953983716,-12.365360898808952,-13.329009710437882
26,26_7,Focus,7,6,3.5,-11.252635935556214,-11.917272270778835,-11.389688614816768,-12.446416478157927,-13.38492089014565
26,26_7,Focus,7,7,4.0,-11.238934975331833,-12.091868154059306,-11.52690614277021,-12.329374175279298,-13.39097430998324
26,26_8,MW,8,0,0.5,-11.418976854745582,-12.07037820668114,-11.582025569784104,-12.537805407492863,-13.316050257230131
26,26_8,MW,8,1,1.0,-11.520648998235695,-12.066239528242349,-11.53892196124887,-12.436140842417805,-13.497764803266769
26,26_8,MW,8,2,1.5,-11.495470808610744,-11.94159003256675,-11.39486743197019,-12.318327061768317,-13.559820620210058
26,26_8,MW,8,3,2.0,-11.39943512467719,-12.059083074029969,-11.30565830533372,-12.512359555413259,-13.416636179668327
26,26_8,MW,8,4,2.5,-11.434713537791687,-12.180968135332003,-11.248236841432004,-12.389445606399407,-13.383759834518875
26,26_8,MW,8,5,3.0,-11.649625125249674,-12.221705680374573,-11.86456860417523,-12.466220307564926,-13.427718921058299
26,26_8,MW,8,6,3.5,-11.205397961531567,-11.906474417391504,-11.38457010810038,-12.38719174754745,-13.470480770871786
26,26_8,MW,8,7,4.0,-10.795987276406015,-11.987666300280463,-11.698058387848352,-12.522606265977833,-13.29360173951235
26,26_9,Focus,9,0,0.5,-11.312107666710235,-12.120053586920987,-11.536645824703324,-12.368617207813829,-13.355653411532254
26,26_9,Focus,9,1,1.0,-11.37978525780915,-11.968043291960003,-11.197793980412783,-12.319304438919849,-13.328545343788894
26,26_9,Focus,9,2,1.5,-11.347735966320458,-12.116788517123194,-11.70412262737906,-12.412524171526075,-13.438647551260695
26,26_9,Focus,9,3,2.0,-11.496861211594474,-11.887145275688964,-11.601177746428005,-12.414749753803745,-13.392822881877644
26,26_9,Focus,9,4,2.5,-11.357372920952244,-11.830523239753965,-11.288774842927396,-12.438512009170266,-13.453641796304794
26,26_9,Focus,9,5,3.0,-11.339732676708614,-11.99397341775088,-11.474958236282982,-12.549994255972294,-13.260229208743606
26,26_9,Focus,9,6,3.5,-11.311486999851448,-12.235941512666114,-11.5769663855722,-12.492911503039235,-13.344541354321183
26,26_9,Focus,9,7,4.0,-11.285792418632857,-12.044159688430558,-11.354542635592754,-12.649640035392343,-13.279351485275008
26,26_10,Focus,10,0,0.5,-11.510936938661498,-12.012134622363853,-11.408960659339012,-12.0782199051009,-13.305739305686947
26,26_10,Focus,10,1,1.0,-11.489849716336822,-12.089032753113669,-11.251517288294389,-12.20295057536839,-13.234246458686364
26,26_10,Focus,10,2,1.5,-11.70678893990375,-12.016838363121266,-11.534800281530979,-12.359208997972434,-13.131075605212796
26,26_10,Focus,10,3,2.0,-11.688364565362365,-11.90973971114094,-11.28541305326847,-12.28839581501233,-13.420178976040802
26,26_10,Focus,10,4,2.5,-11.509261472065685,-12.05709956812512,-11.205436288657019,-12.429582750869146,-13.485018734227195
26,26_10,Focus,10,5,3.0,-11.277145670314459,-11.928043270337962,-11.605330987250017,-12.576685766571947,-13.359311454307257
26,26_10,Focus,10,6,3.5,-11.524576077105477,-12.101892219922359,-11.540265689536074,-12.275434721438664,-13.436313802436398
26,26_10,Focus,10,7,4.0,-11.495229295011118,-11.924499929011272,-11.580419311035064,-12.448553608385295,-13.338356786314717
26,26_11,MW,11,0,0.5,-11.456476313598012,-11.979994996085818,-11.379004640766823,-12.278305152973513,-13.414641501173847
26,26_11,MW,11,1,1.0,-11.675048306020189,-11.81970578817538,-11.311177348604087,-12.270370341566455,-13.312881886521321
26,26_11,MW,11,2,1.5,-11.444581513715136,-12.142389954329795,-11.16523042983844,-12.411252902991604,-13.502585635159749
26,26_11,MW,11,3,2.0,-11.603936566356689,-11.981332323175106,-11.271676019974807,-12.53789205448027,-13.305097580721343
26,26_11,MW,11,4,2.5,-11.188000968426579,-12.293585125313456,-11.578189579986978,-12.473676559717248,-13.401326349091196
26,26_11,MW,11,5,3.0,-11.456527831686639,-11.827472921259995,-11.738681554183351,-12.330303790984376,-13.3366841197706
26,26_11,MW,11,6,3.5,-11.545709069279283,-12.025984737150859,-11.323318372260449,-12.454317181698004,-13.29941650039544
26,26_11,MW,11,7,4.0,-11.357821872295503,-11.92573224300437,-11.129650084683608,-12.462138233468746,-13.403791943020554
26,26_12,MW,12,0,0.5,-11.391146915379446,-12.104564098731158,-11.547640302811093,-12.461007210689164,-13.381684494178199
26,26_12,MW,12,1,1.0,-11.446531440835884,-12.330035424461284,-11.649894956641077,-12.518739657247162,-13.32262111780245
26,26_12,MW,12,2,1.5,-11.339952816046502,-12.050208275549213,-11.55919362758829,-12.272491069930767,-13.400536737973994
26,26_12,MW,12,3,2.0,-11.443122782543261,-12.06299487398986,-11.32688942625202,-12.320462861126106,-13.307194347328311
26,26_12,MW,12,4,2.5,-11.334294291044554,-11.753581953401659,-11.512721703474973,-12.272486968619303,-13.407335762039702
26,26_12,MW,12,5,3.0,-11.452310624317803,-12.054807455898967,-11.519828482810441,-12.34671744357068,-13.354461555415273
26,26_12,MW,12,6,3.5,-11.424531767369922,-12.040713053477514,-11.769237993780548,-12.457623762989124,-13.266326900777852
26,26_12,MW,12,7,4.0,-11.38427913358195,-11.870013109940732,-11.385011910184108,-12.464219228206229,-13.448666320734633
26,26_13,Focus,13,0,0.5,-11.602912261152676,-11.896518695555713,-11.50146143617403,-12.606528304177635,-13.479131807578394
26,26_13,Focus,13,1,1.0,-11.747723863464753,-12.162173721662533,-11.365900553841257,-12.428418593734834,-13.323398663591133
26,26_13,Focus,13,2,1.5,-11.433398178320274,-11.746786863874814,-11.482837941854068,-12.558214761889268,-13.414788262717664
26,26_13,Focus,13,3,2.0,-11.381884726852354,-12.098105942947365,-11.387147856633307,-12.479739837076098,-13.397263171492545
26,26_13,Focus,13,4,2.5,-11.55566046738196,-11.892736878599138,-11.421471449733808,-12.182166899442539,-13.359940985807867
26,26_13,Focus,13,5,3.0,-11.685007107380182,-11.863246532365466,-11.574255879914558,-12.299080088885571,-13.403330958777763
26,26_13,Focus,13,6,3.5,-11.37612388967362,-11.988548033542878,-11.695598759698141,-12.411950288887564,-13.407478124179834
26,26_13,Focus,13,7,4.0,-11.464566211972475,-11.916499911535649,-11.574599533357606,-12.403474602660408,-13.385396173294248
26,26_14,Focus,14,0,0.5,-11.613976072064288,-12.117324416884456,-11.58606068113653,-12.433862463745776,-13.333200304711783
26,26_14,Focus,14,1,1.0,-11.423341650804241,-12.172811255217,-11.560173955125252,-12.557405366769595,-13.395587865404659
26,26_14,Focus,14,2,1.5,-11.304247425604647,-11.944489947332261,-11.47930381745904,-12.532224178890468,-13.477239382100263
26,26_14,Focus,14,3,2.0,-11.41236678589654,-11.981058339562248,-11.775900543396546,-12.744879597438826,-13.49819217650549
26,26_14,Focus,14,4,2.5,-11.49700363339277,-12.002126700399561,-11.643938509243238,-12.272387591821566,-13.269284418855102
26,26_14,Focus,14,5,3.0,-11.201225226694504,-11.881259157071407,-11.79316892784961,-12.303792645792475,-13.288797108227305
26,26_14,Focus,14,6,3.5,-11.261719762349435,-11.864877340353916,-11.631428738537203,-12.35196823283442,-13.405898879259984
26,26_14,Focus,14,7,4.0,-11.340744540421351,-11.788267598700578,-11.457553764443595,-12.558589734271983,-13.440510082511832
26,26_15,Focus,15,0,0.5,-11.375733633865806,-12.053541232441367,-11.327849612892868,-12.387078503683325,-13.467496535286783
26,26_15,Focus,15,1,1.0,-11.110798811504722,-11.953093737415799,-11.584596421199333,-12.331355898690717,-13.28668695170276
26,26_15,Focus,15,2,1.5,-11.389485106857782,-12.034594003737665,-11.21378069154304,-12.320553122939577,-13.396292246439009
26,26_15,Focus,15,3,2.0,-11.260735801428243,-12.104993254176161,-11.403538926392502,-12.534822033225481,-13.394604633484636
26,26_15,Focus,15,4,2.5,-11.425140098393289,-11.944058237738851,-11.291969785913304,-12.092108956602848,-13.13615827387522
26,26_15,Focus,15,5,3.0,-11.228777818179031,-11.96836049030843,-11.97609734089303,-12.39529469330588,-13.442326559026247
26,26_15,Focus,15,6,3.5,-11.21509992236933,-11.957308905624867,-11.325277962546947,-12.354772938388106,-13.553443374557773
26,26_15,Focus,15,7,4.0,-11.372348282159777,-11.946855690323424,-11.374310419965465,-12.350019433332394,-13.35760728496158
26,26_16,MW,16,0,0.5,-11.564592767592583,-12.03956662923835,-11.427921180754039,-12.401416833646893,-13.44132495652575
26,26_16,MW,16,1,1.0,-11.373587986475293,-11.907301699975639,-11.265199041815922,-12.442435393962432,-13.460642194184706
26,26_16,MW,16,2,1.5,-11.66025755773356,-11.808437589806365,-11.613691942306904,-12.479966067235795,-13.468957053543587
26,26_16,MW,16,3,2.0,-11.568295776580737,-12.008557749709247,-11.588482501429457,-12.458235938056465,-13.510436072775626
26,26_16,MW,16,4,2.5,-11.656473048587207,-12.184330472822632,-11.489508675761101,-12.20666094816806,-13.388433334647264
26,26_16,MW,16,5,3.0,-11.695173206166077,-12.101360093705749,-11.548042696925858,-12.55877133258679,-13.339230837161795
26,26_16,MW,16,6,3.5,-11.513801758923186,-12.134760599908859,-11.679829138326712,-12.537919497628513,-13.390087808762004
26,26_16,MW,16,7,4.0,-11.434893484203752,-12.221926072470902,-11.801439333109405,-12.330150007591309,-13.36064242479977
26,26_17,Focus,17,0,0.5,-11.450977268259152,-11.81467159651246,-11.450183630034484,-12.51944031650012,-13.445961939056943
26,26_17,Focus,17,1,1.0,-11.54142924356884,-12.280744008259273,-11.431500394201782,-12.329205339980867,-13.385690243764577
26,26_17,Focus,17,2,1.5,-11.378429447307965,-12.097821507382923,-11.378893030106523,-12.418993687739007,-13.25842443381884
26,26_17,Focus,17,3,2.0,-11.608543809689614,-11.925900729919906,-11.540789877433742,-12.290333376593727,-13.40298959719268
26,26_17,Focus,17,4,2.5,-11.688663321195008,-12.03926123398111,-11.571795944322973,-12.584369966585092,-13.2962050634562
26,26_17,Focus,17,5,3.0,-11.520061745514047,-12.015799631686937,-11.39836476733286,-12.380303147535638,-13.36094495029152
26,26_17,Focus,17,6,3.5,-11.313918316582727,-12.105216807804743,-11.206002453600501,-12.353709250361334,-13.367391189375107
26,26_17,Focus,17,7,4.0,-11.325093523317085,-12.120748710854349,-11.453027334244787,-12.43091034312754,-13.416536662719917
26,26_18,Focus,18,0,0.5,-11.44919761567394,-12.064294606763537,-11.55848451759591,-12.474101484380002,-13.505390753447502
26,26_18,Focus,18,1,1.0,-11.362591366554067,-12.152968248489037,-11.662738622251334,-12.466234353269488,-13.524586269332863
26,26_18,Focus,18,2,1.5,-11.518313950091132,-12.218151001416249,-11.571251373922138,-12.494474844263333,-13.45097892310624
26,26_18,Focus,18,3,2.0,-11.514372122958818,-11.937714413052824,-11.488462121094917,-12.542911810531704,-13.50748850088829
26,26_18,Focus,18,4,2.5,-11.456380899256809,-11.999466874257012,-11.661252167846268,-12.611095851236351,-13.364766021331233
26,26_18,Focus,18,5,3.0,-11.438341690420001,-12.035656452195207,-11.27164898247436,-12.418329342253898,-13.432825089816431
26,26_18,Focus,18,6,3.5,-11.225763873282478,-11.873813112157107,-11.552330695255685,-12.43273116548361,-13.459274389100319
26,26_18,Focus,18,7,4.0,-11.315788774015349,-12.110227333619378,-11.26099873528526,-12.464963027461911,-13.311442735935806
26,26_19,Focus,19,0,0.5,-11.443304041956129,-12.057537721625144,-11.67106509237386,-12.416834120588167,-13.356316580709219
26,26_19,Focus,19,1,1.0,-11.426569043261644,-12.1519095418218,-11.239143836891843,-12.374775082370219,-13.377900615300936
26,26_19,Focus,19,2,1.5,-11.580535645225373,-12.097084532766978,-11.355588725383722,-12.50486770189818,-13.394091904275786
26,26_19,Focus,19,3,2.0,-11.260350213754354,-12.094258812371837,-11.26298832733177,-12.537257689351918,-13.353822420283185
26,26_19,Focus,19,4,2.5,-11.326820218976168,-11.971463449049391,-11.737354152602698,-12.436606360973139,-13.371009270050862
26,26_19,Focus,19,5,3.0,-11.335557804095368,-11.880217096218267,-11.747752877796296,-12.419599154120446,-13.370867104957506
26,26_19,Focus,19,6,3.5,-11.417140091977664,-12.059019500081153,-11.666338084132903,-12.221024170188173,-13.285140122551761
26,26_19,Focus,19,7,4.0,-11.57562878024187,-11.944565872901235,-11.437886790391483,-12.09545456796689,-13.207872784930105
26,26_20,Focus,20,0,0.5,-11.554313465137925,-12.035352604706407,-11.21876457033617,-12.305146042980878,-13.476137127626616
26,26_20,Focus,20,1,1.0,-11.583033983427562,-12.103825541191673,-11.152761421500822,-12.406293416302573,-13.345251976366496
26,26_20,Focus,20,2,1.5,-11.497738366334017,-11.951185326536722,-11.132974498515987,-12.251620067565701,-13.303759770848133
26,26_20,Focus,20,3,2.0,-11.380689706532387,-12.105588547742663,-11.545605051924962,-12.281664460306857,-13.545275782746028
26,26_20,Focus,20,4,2.5,-11.306928387720344,-11.858529874102423,-11.17753175175367,-12.161246898488885,-13.476184995247504
26,26_20,Focus,20,5,3.0,-11.51460050229609,-12.035814979056616,-11.258808217288781,-12.147576679409234,-13.419934033818652
26,26_20,Focus,20,6,3.5,-11.574286660922477,-11.873360338963938,-11.497647263595058,-12.2587235778908,-13.490375329967474
26,26_20,Focus,20,7,4.0,-11.435937191683205,-12.140431184972243,-11.499054803631715,-12.688406383982311,-13.408125033167202
26,26_21,MW,21,0,0.5,-11.606703741805767,-11.903763107214893,-11.502474503754483,-12.522767721879498,-13.304788107258759
26,26_21,MW,21,1,1.0,-11.359209541015243,-11.936757520764123,-11.494518129406273,-12.540165812086125,-13.42745052001864
26,26_21,MW,21,2,1.5,-11.50337158737822,-12.176202220409452,-11.300078980540176,-12.597777032021499,-13.410758607274166
26,26_21,MW,21,3,2.0,-11.484206894598122,-11.962701037700477,-11.222541791902673,-12.1500854589777,-13.397479682486741
26,26_21,MW,21,4,2.5,-11.316519234840747,-11.888778393031487,-11.350475449200461,-12.197724371990027,-13.371988303291205
26,26_21,MW,21,5,3.0,-11.387200161405293,-12.015797577036935,-11.591920790916175,-12.446517342795497,-13.365151688894041
26,26_21,MW,21,6,3.5,-11.484374439557454,-12.149368452784717,-11.542081716299503,-12.375476483706047,-13.322084540779485
26,26_21,MW,21,7,4.0,-11.623723115014199,-12.214254301353801,-11.596638830498502,-12.121053061123426,-13.491835898170544
26,26_22,Focus,22,0,0.5,-11.285761572168061,-12.21044087261415,-11.864218663820012,-12.311958005557758,-13.277828599524025
26,26_22,Focus,22,1,1.0,-11.43205867483273,-12.211426829225838,-11.801548793161432,-12.402288714505513,-13.316861690190386
26,26_22,Focus,22,2,1.5,-11.669269422800793,-12.323867285053531,-11.61114767668225,-12.475161133710117,-13.418335484074476
26,26_22,Focus,22,3,2.0,-11.595569239429992,-12.014496659738226,-11.555477867678176,-12.555975655995967,-13.522628476373523
26,26_22,Focus,22,4,2.5,-11.535271649553174,-11.972802217272028,-11.509223579237466,-12.432341496753272,-13.30509233193466
26,26_22,Focus,22,5,3.0,-11.49631437804424,-12.107431014423659,-11.32427167968099,-12.417329727169808,-13.418485589715818
26,26_22,Focus,22,6,3.5,-11.564145154732765,-11.855452092048715,-11.315018325723864,-12.322803816960516,-13.262004072213212
26,26_22,Focus,22,7,4.0,-11.385512212233325,-12.044167567763118,-11.069006876531008,-12.461294222066329,-13.207015473415353
26,26_23,Focus,23,0,0.5,-11.603698637765794,-12.085250599719068,-11.384705612690052,-12.507324208481252,-13.45114051830662
26,26_23,Focus,23,1,1.0,-11.51401404338365,-12.00258005608012,-11.298488687758146,-12.4054636288516,-13.49924098167523
26,26_23,Focus,23,2,1.5,-11.294163519590203,-11.904792409676949,-11.463851807673803,-12.446074092869114,-13.420173270984671
26,26_23,Focus,23,3,2.0,-11.532381055591685,-12.05801419428074,-11.652182048001631,-12.475030851192082,-13.40395016659757
26,26_23,Focus,23,4,2.5,-11.522236482713568,-11.836198273906117,-11.673706353324674,-12.645588793003881,-13.389593687760975
26,26_23,Focus,23,5,3.0,-11.456853757901536,-12.080281337191868,-11.586071720153573,-12.52352892868632,-13.446764004735957
26,26_23,Focus,23,6,3.5,-11.336960891970168,-11.987153084247268,-11.667981716046821,-12.450023599171013,-13.273360612448034
26,26_23,Focus,23,7,4.0,-11.279945839659733,-11.975718604369346,-11.675667134687835,-12.373649366212332,-13.404303468078517
26,26_24,MW,24,0,0.5,-11.655134010327151,-12.043951652302333,-11.57345059442276,-12.21577747200778,-13.296644680000709
26,26_24,MW,24,1,1.0,-11.6049591926946,-11.955277248156314,-11.383054318456002,-12.096984635717607,-13.401230947779947
26,26_24,MW,24,2,1.5,-11.610195323201525,-12.075676635404914,-11.189663650309146,-12.31734907459617,-13.266073442334363
26,26_24,MW,24,3,2.0,-11.419683473848059,-11.941817729342867,-11.627232966865476,-12.184650191711775,-13.277772685364402
26,26_24,MW,24,4,2.5,-11.610767550992739,-11.658944231989178,-11.312096881095776,-12.234465981452495,-13.240264076687444
26,26_24,MW,24,5,3.0,-11.31403726789975,-12.180149197777553,-11.43210293906717,-12.335290582743006,-13.283586838822922
26,26_24,MW,24,6,3.5,-11.585702398155636,-11.97281659610199,-11.562531881099902,-12.683531346726845,-13.372181828860466
26,26_24,MW,24,7,4.0,-11.539668260144087,-11.974200182561061,-11.39312658536049,-12.588326040041956,-13.535072723026948
26,26_25,MW,25,0,0.5,-11.479246219085455,-12.26168046468217,-11.5061837742346,-12.447006279817618,-13.257061961845425
26,26_25,MW,25,1,1.0,-11.53774305584617,-12.178143418088736,-11.432180573180853,-12.584404955980032,-13.354136130618786
26,26_25,MW,25,2,1.5,-11.486772654003405,-12.143315681714688,-11.818020118063696,-12.512797639533604,-13.439102300437922
26,26_25,MW,25,3,2.0,-11.424143854327161,-11.849734617101344,-11.327815583786872,-12.351147464569932,-13.516111767555154
26,26_25,MW,25,4,2.5,-11.574108229859998,-12.005695001452784,-11.760201338765706,-12.614554608425076,-13.38783090547664
26,26_25,MW,25,5,3.0,-11.310531862423648,-12.099262983005357,-11.220331237050406,-12.491001100642553,-13.533074806367678
26,26_25,MW,25,6,3.5,-11.382174382675846,-11.92849579630159,-11.315241725524897,-12.405823878125414,-13.402090347145434
26,26_25,MW,25,7,4.0,-11.587781027860055,-12.202197618176026,-11.41736302183887,-12.434419888890615,-13.352216327935283
26,26_26,Focus,26,0,0.5,-11.585876825667258,-12.314141919684815,-11.591633073078068,-12.66364826767187,-13.365388082273736
26,26_26,Focus,26,1,1.0,-11.702346348655885,-12.042072391475157,-11.270787820557246,-12.559103944107234,-13.453385110881209
26,26_26,Focus,26,2,1.5,-11.699403192985518,-12.152223695131214,-11.24102091333471,-12.374663518371825,-13.44475706256064
26,26_26,Focus,26,3,2.0,-11.673057690469705,-12.217461691477617,-11.409109970994715,-12.445675027665011,-13.47815292597966
26,26_26,Focus,26,4,2.5,-11.62275305348137,-12.108092039154982,-11.751444754698138,-12.56294458461659,-13.334549992297855
26,26_26,Focus,26,5,3.0,-11.706472270515382,-12.358207457891702,-11.480223534512099,-12.561770994338593,-13.36710737126939
26,26_26,Focus,26,6,3.5,-11.738658505716536,-12.140079458860171,-11.206660726210556,-12.559310746404297,-13.485994527000722
26,26_26,Focus,26,7,4.0,-11.397498059709704,-12.061002494432087,-11.738274495112847,-12.601197046758442,-13.56892577954872
26,26_27,Focus,27,0,0.5,-11.847472052761702,-12.232406753813985,-11.78682399758392,-12.704034070786378,-13.39816315215637
26,26_27,Focus,27,1,1.0,-11.60118524013232,-12.253430657454807,-11.505092490572077,-12.502497557889857,-13.37552442054188
26,26_27,Focus,27,2,1.5,-11.595001017805483,-12.286396514517177,-11.423247822700743,-12.417835407453707,-13.293487537023987
26,26_27,Focus,27,3,2.0,-11.416167221378782,-11.904856037373152,-11.487267461093083,-12.324996562512162,-13.461414215661526
26,26_27,Focus,27,4,2.5,-11.211905930542576,-12.112067533812558,-11.622477756837572,-12.542963059554202,-13.422371874802408
26,26_27,Focus,27,5,3.0,-11.519738584006374,-12.05676238372184,-11.385514492707761,-12.540375881474068,-13.530252511755531
26,26_27,Focus,27,6,3.5,-11.69612595270074,-12.114392474867634,-11.474362829649904,-12.351937330616,-13.30623027789913
26,26_27,Focus,27,7,4.0,-11.421213279765308,-12.081380247240675,-11.206867321408076,-12.428629182132024,-13.475530545325993
26,26_28,MW,28,0,0.5,-11.390569259352464,-12.175589822586922,-11.274862305247318,-12.42428203517942,-13.270820492052287
26,26_28,MW,28,1,1.0,-11.417383935168862,-12.029705498255655,-11.261455389027955,-12.593536893848201,-13.433842674794402
26,26_28,MW,28,2,1.5,-11.098327784163732,-11.750319185325385,-11.233535089954323,-12.31502654356834,-13.366157795402625
26,26_28,MW,28,3,2.0,-11.12456370480387,-11.727298821966205,-11.182657306731578,-12.465864637422587,-13.408852463850781
26,26_28,MW,28,4,2.5,-11.25735826755245,-12.1482528794861,-11.452457806017062,-12.298311558511667,-13.39704754403884
26,26_28,MW,28,5,3.0,-11.67816729750143,-11.94635272955652,-11.925754037244168,-12.606688483668188,-13.45121671726274
26,26_28,MW,28,6,3.5,-11.493446305154675,-11.943867464214087,-11.678638868247011,-12.374143746962948,-13.50013590291246
26,26_28,MW,28,7,4.0,-11.405738772691066,-11.77545838502309,-11.830261613635008,-12.334828516484064,-13.454729474028895
26,26_29,MW,29,0,0.5,-11.463318656634042,-11.927269329313733,-11.591765121343272,-12.45096067388192,-13.423705003269937
26,26_29,MW,29,1,1.0,-11.524991297188782,-12.107292259334304,-11.812212843529306,-12.51805518380566,-13.206370498316272
26,26_29,MW,29,2,1.5,-11.336779843156782,-11.826672915595156,-11.481016958629938,-12.541363036033133,-13.453854768774798
26,26_29,MW,29,3,2.0,-11.605648334655404,-12.202813355761354,-11.502314180172585,-12.675500748165536,-13.528432242834914
26,26_29,MW,29,4,2.5,-11.58616147373196,-12.242195690517457,-11.495290793723086,-12.628902386636627,-13.41712896500996
26,26_29,MW,29,5,3.0,-11.53707863173309,-12.147020415046457,-11.696106389481352,-12.583373711558966,-13.462332834139215
26,26_29,MW,29,6,3.5,-11.39892360146321,-12.13244061701426,-12.22100877159487,-12.25734714695142,-13.294818008901416
26,26_29,MW,29,7,4.0,-11.628450524377282,-12.153897456610947,-12.120877730973438,-12.216404669394853,-13.17822138691971
26,26_30,MW,30,0,0.5,-11.682793557582142,-12.172349084633769,-11.837186410886591,-12.642031716076746,-13.493234185687399
26,26_30,MW,30,1,1.0,-11.594987558749134,-12.09652989031128,-11.775263089768252,-12.374385772494836,-13.412662935301416
26,26_30,MW,30,2,1.5,-11.613140081397551,-12.067131271289462,-11.528813329850575,-12.325529374266031,-13.442286186220146
26,26_30,MW,30,3,2.0,-11.68907982821947,-12.30965381667942,-11.401045574078616,-12.597252116871712,-13.597150967990167
26,26_30,MW,30,4,2.5,-11.605274455479128,-12.272988684952104,-11.62593772344795,-12.51807780701321,-13.509238853888046
26,26_30,MW,30,5,3.0,-11.72160990979294,-12.05075651298089,-11.680645273301776,-12.557240788419284,-13.410239046432181
26,26_30,MW,30,6,3.5,-11.90459303856276,-11.880016912003624,-11.750382011032297,-12.809164182189523,-13.279703556500898
26,26_30,MW,30,7,4.0,-11.644741005140341,-12.162646034630857,-11.838768290558496,-12.746725601998051,-13.377452564047818
26,26_31,MW,31,0,0.5,-11.471534820486763,-12.273902209835082,-11.81242671208087,-12.335436274898301,-13.439479126326336
26,26_31,MW,31,1,1.0,-11.390757229149681,-12.320339354385489,-11.853545008576129,-12.450703727718096,-13.47796919512468
26,26_31,MW,31,2,1.5,-11.621484792936048,-12.009758829387494,-11.800698210020405,-12.460531558435537,-13.47633647090948
26,26_31,MW,31,3,2.0,-11.504182286708044,-12.29575984966607,-11.595008539548841,-12.448245993571414,-13.503111071439719
26,26_31,MW,31,4,2.5,-11.760798704736137,-12.293590209575997,-11.55351137920477,-12.459195825570385,-13.564287626908564
26,26_31,MW,31,5,3.0,-11.4602247236185,-12.104672970703447,-11.541796673371119,-12.462211042359318,-13.313530641878284
26,26_31,MW,31,6,3.5,-11.47391319456635,-12.03132064234803,-11.735307472417599,-12.606750508728153,-13.550021541545679
26,26_31,MW,31,7,4.0,-11.592432952239944,-12.16449425670784,-11.47510778420381,-12.524375927770194,-13.364066188471478
26,26_32,Focus,32,0,0.5,-11.824306896011871,-11.811956746219517,-11.86566638737497,-12.400579262684804,-13.523636878821364
26,26_32,Focus,32,1,1.0,-11.468573176983684,-11.757510975181658,-11.470389503595484,-12.532920307460774,-13.463586258105114
26,26_32,Focus,32,2,1.5,-11.562685338422048,-12.175830412851148,-11.832666978261953,-12.461486755630721,-13.340032690837859
26,26_32,Focus,32,3,2.0,-11.452825900022773,-12.145012550638342,-11.456824470795661,-12.277932121528961,-13.334939815108896
26,26_32,Focus,32,4,2.5,-11.7222957950646,-12.033357943406923,-11.463881773403632,-12.320383980930428,-13.43182691146444
26,26_32,Focus,32,5,3.0,-11.885510121006714,-12.215105914813325,-11.377012933807618,-12.559175659515187,-13.434997363838018
26,26_32,Focus,32,6,3.5,-11.628552536978086,-12.022093496952344,-11.456208841347326,-12.555375610626127,-13.532168160453972
26,26_32,Focus,32,7,4.0,-11.61572391254757,-12.248214143819904,-11.795348686435958,-12.56300279306914,-13.352301418576204
26,26_33,MW,33,0,0.5,-11.595204283551418,-12.20269250421636,-11.613068640037355,-12.423998513429966,-13.450179632566677
26,26_33,MW,33,1,1.0,-11.927978966711382,-12.096677041944316,-11.52427240922386,-12.288585885696136,-13.410432309566756
26,26_33,MW,33,2,1.5,-11.654925306929135,-11.986349077144514,-11.402027745925658,-12.235931762111859,-13.41281445718958
26,26_33,MW,33,3,2.0,-11.580725636201686,-12.304348699496423,-11.281023326138993,-12.310610871974884,-13.452384929111929
26,26_33,MW,33,4,2.5,-11.65123428498794,-12.059477520739872,-11.44594321129181,-12.396963912364459,-13.530665131303895
26,26_33,MW,33,5,3.0,-11.561932932334733,-12.094949217083533,-11.84704127299813,-12.416760388680078,-13.282886187938269
26,26_33,MW,33,6,3.5,-11.75830130502456,-12.189366203700676,-11.613927559305601,-12.30686915610834,-13.330495320013808
26,26_33,MW,33,7,4.0,-11.652510727013151,-12.075757261941371,-11.390857491287214,-12.376346602817398,-13.443660126577639
26,26_34,Focus,34,0,0.5,-11.333976026953705,-12.080906373940861,-11.599441991921884,-12.617320494429665,-13.568709552021161
26,26_34,Focus,34,1,1.0,-11.416917199614025,-12.222753010010411,-12.038413130399947,-12.668302058767125,-13.540287613176105
26,26_34,Focus,34,2,1.5,-11.784277247416266,-12.228768951735715,-12.204396587409006,-12.63860484164265,-13.567912472023183
26,26_34,Focus,34,3,2.0,-11.619875803243467,-12.232992181467933,-11.842800929428375,-12.805273573090584,-13.486356398040092
26,26_34,Focus,34,4,2.5,-11.595298694097306,-12.289568458437946,-11.565508098960338,-12.60883458991503,-13.295380985402545
26,26_34,Focus,34,5,3.0,-11.310115174354774,-12.003793117641177,-11.821599765742647,-12.459058026219076,-13.476337875931213
26,26_34,Focus,34,6,3.5,-11.334644070655699,-12.279271518166347,-11.73866810617257,-12.488451463414453,-13.382300601325722
26,26_34,Focus,34,7,4.0,-11.630922007357878,-12.169621888189543,-11.534273916094072,-12.591292042751803,-13.453430054479703
26,26_35,MW,35,0,0.5,-11.665078809859041,-12.276582069155774,-11.162015708939252,-12.486294938599361,-13.421466133662344
26,26_35,MW,35,1,1.0,-11.58441684653848,-12.170238058280171,-11.29120200754885,-12.556434092189628,-13.452006907864334
26,26_35,MW,35,2,1.5,-11.551825906713932,-12.045193128805236,-11.306651457275647,-12.563146223042478,-13.433932037738701
26,26_35,MW,35,3,2.0,-11.645539780537018,-12.1212592378898,-11.235695681784014,-12.49373669103702,-13.452361710155511
26,26_35,MW,35,4,2.5,-11.489796904059189,-12.080356420002696,-11.726962210454886,-12.48817532017103,-13.481510145593106
26,26_35,MW,35,5,3.0,-11.479880933622002,-12.017260520917924,-11.442045783655036,-12.383289814985265,-13.567160059526723
26,26_35,MW,35,6,3.5,-11.42149312707375,-11.995790746892867,-11.49101072110353,-12.525446558649962,-13.53147767499478
26,26_35,MW,35,7,4.0,-11.589250312828057,-12.101746554335953,-11.57753164112042,-12.279647066892514,-13.422436878143932
26,26_36,Focus,36,0,0.5,-11.708333555175836,-12.150957523858901,-11.747242921128924,-12.520643282070127,-13.454114328000228
26,26_36,Focus,36,1,1.0,-11.725841806109518,-12.023234251852077,-11.393202183489004,-12.627256368791267,-13.416416732357021
26,26_36,Focus,36,2,1.5,-11.706383372588418,-12.32352627779635,-11.237651430339147,-12.33131219248347,-13.457623621096346
26,26_36,Focus,36,3,2.0,-11.563376334814166,-12.090282816972737,-11.260361946988146,-12.390908275199234,-13.385163540367804
26,26_36,Focus,36,4,2.5,-11.557388242757709,-12.089311780694171,-11.42108173122524,-12.475379536580043,-13.417572370193534
26,26_36,Focus,36,5,3.0,-11.722357360231099,-12.247393726281889,-11.62690751034451,-12.526425137759595,-13.502741451490062
26,26_36,Focus,36,6,3.5,-11.284206671986398,-11.949775807500881,-11.271949666009467,-12.192748893143042,-13.52154505289127
26,26_36,Focus,36,7,4.0,-11.697915968543613,-12.034855965690452,-11.677794316366782,-12.2351835956903,-13.475526996447956
26,26_37,Focus,37,0,0.5,-11.72666817589114,-11.90628759198487,-11.481323375915522,-12.560065918767398,-13.4246089450358
26,26_37,Focus,37,1,1.0,-11.602808089485015,-12.21982790502591,-11.239408845043295,-12.450906590469526,-13.368783540448804
26,26_37,Focus,37,2,1.5,-11.8779491792772,-12.073527983388587,-11.70064332998247,-12.440285048652497,-13.437634666543147
26,26_37,Focus,37,3,2.0,-11.631393116151877,-12.177335815235944,-11.392382618924541,-12.391345271362164,-13.488215186557865
26,26_37,Focus,37,4,2.5,-11.685819606675238,-12.262258522710498,-11.29493908495339,-12.493452380105133,-13.450541765957164
26,26_37,Focus,37,5,3.0,-11.761253412440153,-12.256369441309754,-11.661124220932034,-12.579793788968237,-13.483162188128283
26,26_37,Focus,37,6,3.5,-11.717442696625096,-12.082338374873242,-11.724870304273779,-12.33246867484251,-13.475698033724315
26,26_37,Focus,37,7,4.0,-11.569811915466074,-12.355446177657637,-11.430933865705818,-12.493776687274105,-13.456327917797145
26,26_38,MW,38,0,0.5,-11.706940047227011,-12.176961139592306,-11.717285762700344,-12.434307462467117,-13.477313082446544
26,26_38,MW,38,1,1.0,-11.470040178814502,-12.464880704847891,-11.7828866916771,-12.59453438109864,-13.53518530705061
26,26_38,MW,38,2,1.5,-11.518671285496957,-12.221174491210936,-11.576560800012365,-12.49477067155963,-13.407921226469654
26,26_38,MW,38,3,2.0,-11.420266193421218,-12.08138894079374,-11.660227946673864,-12.380313656267179,-13.434804765744738
26,26_38,MW,38,4,2.5,-11.378765013418763,-12.205273187574255,-11.55505223169508,-12.403656183142525,-13.442672828070446
26,26_38,MW,38,5,3.0,-11.63775818921783,-12.233108101261461,-11.472084311261874,-12.47607790998789,-13.542605420150633
26,26_38,MW,38,6,3.5,-11.717720957592537,-12.133199834377232,-11.682960477853875,-12.516109044321357,-13.427284720465966
26,26_38,MW,38,7,4.0,-11.803391996212754,-12.187338493506234,-11.36199093759257,-12.428073313423532,-13.473542495134653
26,26_39,Focus,39,0,0.5,-11.763091029308695,-12.081241787254577,-11.59937583871953,-12.281829542248692,-13.257356792778172
26,26_39,Focus,39,1,1.0,-11.770990906810452,-12.197812607901326,-11.45260560694544,-12.289586381494441,-13.365482773492108
26,26_39,Focus,39,2,1.5,-11.736022364318828,-11.857222187818063,-11.603733714249211,-12.578757029834273,-13.535024312372085
26,26_39,Focus,39,3,2.0,-11.686147275523673,-11.912960541892954,-11.758709469596075,-12.568408308465871,-13.472147917228794
26,26_39,Focus,39,4,2.5,-11.575297924016255,-12.10780879086644,-11.803717753878203,-12.336847726350586,-13.34921645493921
26,26_39,Focus,39,5,3.0,-11.629958504786677,-11.91361769919939,-11.465564377552116,-12.497651581051178,-13.5399254501061
26,26_39,Focus,39,6,3.5,-11.656025753762956,-12.336672928843596,-11.475628427097298,-12.651536430762484,-13.468623589786251
26,26_39,Focus,39,7,4.0,-11.44339319020403,-12.246339799545291,-11.673592565223727,-12.504704093080338,-13.323474231442189
27,27_0,Focus,0,0,0.5,-11.517082139243408,-12.149534464392595,-11.512603621720494,-12.063375972035177,-12.640832847042722
27,27_0,Focus,0,1,1.0,-11.693330253254754,-11.999629551309948,-11.509696163672956,-12.173931185744317,-13.027551907447945
27,27_0,Focus,0,2,1.5,-11.703736940561532,-12.012765286867591,-11.07264699539976,-12.060498058054195,-12.885202530288899
27,27_0,Focus,0,3,2.0,-11.693235440517414,-11.931923867087088,-11.479687369047571,-12.103685689105877,-12.82102761343616
27,27_0,Focus,0,4,2.5,-11.86457580706587,-12.316148315650299,-11.602053814546824,-12.034080182788134,-12.655912320463914
27,27_0,Focus,0,5,3.0,-11.793497731099826,-12.282275202401088,-11.262883924811618,-11.943542027728864,-12.830121957982067
27,27_0,Focus,0,6,3.5,-12.137349767817158,-12.061859492245194,-11.627186270553565,-12.148617022250143,-12.730607386886845
27,27_0,Focus,0,7,4.0,-12.181726054700693,-12.011992535601877,-11.251229607775835,-12.009489575884517,-12.51648607512618
27,27_1,Focus,1,0,0.5,-11.778884201051131,-11.973220535919658,-11.593896825678042,-12.012738202686636,-12.307596364989354
27,27_1,Focus,1,1,1.0,-12.019770417541421,-12.08136362608529,-10.988765531176602,-11.935274486762587,-12.803138564103442
27,27_1,Focus,1,2,1.5,-11.738761767052122,-12.07935188719724,-11.732130201964605,-11.975036602482666,-12.829917325208598
27,27_1,Focus,1,3,2.0,-11.822375198981334,-12.151095523330486,-11.110237337796313,-12.161115209063226,-12.817800793831635
27,27_1,Focus,1,4,2.5,-12.01918511610158,-12.382606634319904,-11.295269073745857,-12.274074678374003,-12.704790764441883
27,27_1,Focus,1,5,3.0,-11.621336041464197,-12.248205524319348,-11.534936184824351,-12.196937129232904,-12.927941577371344
27,27_1,Focus,1,6,3.5,-11.651687325133228,-12.287169016641869,-11.424820702798728,-12.18683021449739,-12.891838165327044
27,27_1,Focus,1,7,4.0,-11.947664451748992,-12.366830732361962,-11.529881516445899,-12.246255195705809,-12.813034050178578
27,27_2,Focus,2,0,0.5,-11.701547658124236,-12.011489090019593,-11.202329966374027,-12.152054113873685,-12.979056814549967
27,27_2,Focus,2,1,1.0,-11.45721113218852,-12.005341115028019,-11.025734430982979,-12.225887683962489,-12.863921970899126
27,27_2,Focus,2,2,1.5,-11.52240332853554,-12.061012288258958,-11.17376137985088,-11.987586949660999,-12.926384607714166
27,27_2,Focus,2,3,2.0,-11.457445809141495,-12.215746538611517,-11.315241090476752,-12.035838425452908,-12.63984051777171
27,27_2,Focus,2,4,2.5,-11.716197257070764,-11.905347548335113,-11.309795836066769,-12.161289349638148,-12.498007609242954
27,27_2,Focus,2,5,3.0,-11.719377592369357,-11.989699361221591,-11.338635827063952,-12.195603669547479,-12.679506688584267
27,27_2,Focus,2,6,3.5,-11.400190952689083,-11.880150266737342,-11.224248484928701,-12.112323064199535,-12.889647482123024
27,27_2,Focus,2,7,4.0,-11.578356800128658,-12.16891939223183,-11.832174999826329,-12.12426978571821,-13.120863178651119
27,27_3,MW,3,0,0.5,-11.796405993304665,-12.035161190317428,-11.495781980705027,-11.983119468303261,-12.797171487564475
27,27_3,MW,3,1,1.0,-11.516193927453443,-12.090283479851415,-11.078863481409917,-12.109567283806031,-12.889204152944945
27,27_3,MW,3,2,1.5,-11.879838108836488,-12.191900407353666,-11.7815560113994,-11.96194424695121,-12.724763668829324
27,27_3,MW,3,3,2.0,-11.724464370952202,-12.171029044546101,-11.717770503783626,-12.245830385097815,-12.758533098488781
27,27_3,MW,3,4,2.5,-11.528139698870635,-12.265530180902514,-11.148336910826577,-11.933001483182087,-12.7726502128125
27,27_3,MW,3,5,3.0,-11.617823255671892,-12.000515323482068,-11.273700030852233,-11.98504711474133,-12.85239758516471
27,27_3,MW,3,6,3.5,-11.739929338877714,-12.262537551736914,-11.478461527648772,-11.891222847542032,-12.81517462516073
27,27_3,MW,3,7,4.0,-11.641352404376915,-11.948142049251654,-10.756178772581386,-11.878819451673643,-12.683694740749564
27,27_4,Focus,4,0,0.5,-11.685043709974268,-12.31150601701087,-11.347297754779877,-12.264631748374562,-12.93837741858553
27,27_4,Focus,4,1,1.0,-11.478029266626478,-12.207820885491058,-11.79046577168249,-11.985174527240721,-12.773083460080166
27,27_4,Focus,4,2,1.5,-11.806852850367708,-12.2035080040145,-11.578273283119344,-12.255014360256354,-12.798079803928914
27,27_4,Focus,4,3,2.0,-11.99789563480337,-12.115668551903836,-11.43960823758698,-12.366141646792785,-12.878264322011061
27,27_4,Focus,4,4,2.5,-11.863560046417602,-11.964563385183908,-10.811483339880452,-12.171212817297572,-12.905601131933338
27,27_4,Focus,4,5,3.0,-11.744933094071813,-12.235140580861193,-11.401250671742712,-11.995572947516258,-12.924394150781893
27,27_4,Focus,4,6,3.5,-11.882444140867106,-11.824739244565128,-11.803308782467447,-12.108254902326339,-12.811859957981781
27,27_4,Focus,4,7,4.0,-11.951169856677172,-12.252337111611375,-11.72572446020013,-12.11803297660498,-12.906565415337974
27,27_5,MW,5,0,0.5,-11.767314635497515,-12.163466322306395,-11.448638568821282,-12.1253102786921,-12.685079947469225
27,27_5,MW,5,1,1.0,-11.98988058495898,-12.096029970656993,-11.302076349432312,-11.999834724386675,-12.759799845093744
27,27_5,MW,5,2,1.5,-11.846888353897006,-12.360754893659815,-11.400467855811412,-11.893941032558592,-12.97216791881872
27,27_5,MW,5,3,2.0,-11.513884627149265,-11.877833012785226,-11.485769657156789,-12.14462486748906,-12.800396910556564
27,27_5,MW,5,4,2.5,-11.316346749430558,-12.134298961555714,-11.47269626679534,-11.955468797179337,-12.885117332333799
27,27_5,MW,5,5,3.0,-11.499513442597484,-12.02320965904349,-10.923575820683,-12.085402907056174,-12.921709169957493
27,27_5,MW,5,6,3.5,-11.25844416286413,-11.774555663160093,-11.116572842183642,-12.099888807661946,-12.920410025841749
27,27_5,MW,5,7,4.0,-11.351836232010701,-11.65663575391947,-11.247031081985561,-11.961670823063113,-12.911584161183383
27,27_6,Focus,6,0,0.5,-11.684745551210192,-12.05697715762175,-11.537903238532312,-12.288259366514923,-12.72997199711684
27,27_6,Focus,6,1,1.0,-11.868318462057122,-12.27878932474776,-11.299418778054813,-12.16815993186121,-12.80032240042694
27,27_6,Focus,6,2,1.5,-11.98840232008673,-11.826957503899283,-11.154404325095758,-12.126268181427976,-12.806566798203185
27,27_6,Focus,6,3,2.0,-11.758776645514924,-11.940834339890767,-11.027304973063885,-12.002152076801005,-12.661588164475482
27,27_6,Focus,6,4,2.5,-11.673474035168898,-12.18453428848084,-11.374714527294785,-11.902907149596667,-12.847759237478078
27,27_6,Focus,6,5,3.0,-11.599830162418483,-12.007453833846652,-11.389543346621005,-11.98583479262333,-12.918683119603639
27,27_6,Focus,6,6,3.5,-11.8544080872,-12.097709593060467,-11.484743023348683,-12.287570768802572,-12.990705298254161
27,27_6,Focus,6,7,4.0,-11.597402058052229,-11.77613408398646,-11.431159393223618,-12.00377540352689,-12.878863294734222
27,27_7,Focus,7,0,0.5,-11.873351380308678,-11.99337439720011,-11.54852884563627,-11.768703213273351,-12.731188591720734
27,27_7,Focus,7,1,1.0,-11.50997430514432,-11.933317109830641,-11.593149387729289,-11.59388870539841,-12.937582971696697
27,27_7,Focus,7,2,1.5,-11.829841454384685,-11.988369273583302,-11.647711745964894,-12.06025464870508,-12.91118751166042
27,27_7,Focus,7,3,2.0,-11.937149168743103,-11.977388089724226,-11.595069535563965,-12.130615737028958,-12.962432944641808
27,27_7,Focus,7,4,2.5,-11.508950568961072,-12.073997581772685,-11.369272387436556,-12.288456376184634,-12.973014595164987
27,27_7,Focus,7,5,3.0,-11.330024807508849,-11.908852363486316,-11.517700776011553,-11.886527279185358,-12.9869508985975
27,27_7,Focus,7,6,3.5,-11.746527737602275,-12.15894116764775,-11.445032661763534,-11.73948791704757,-12.815602155009456
27,27_7,Focus,7,7,4.0,-12.088348153972781,-12.067958217199255,-11.415340445331712,-11.852316333041497,-12.989003939654612
27,27_8,MW,8,0,0.5,-11.855047627714919,-12.088009372206013,-11.834942237387986,-12.213901126675566,-13.00545073437985
27,27_8,MW,8,1,1.0,-11.76354005275659,-12.293024858132153,-11.141248069592445,-12.346945590833664,-12.96926975335307
27,27_8,MW,8,2,1.5,-11.702068169268502,-12.195357725323623,-11.317306748254046,-12.326945313861513,-13.03441291075073
27,27_8,MW,8,3,2.0,-11.70164839676385,-12.095643425706347,-10.862128134832853,-11.99201924441402,-12.637921763621893
27,27_8,MW,8,4,2.5,-11.754464885512576,-11.99535859361325,-11.475686944451805,-11.934599611485824,-12.91251850077869
27,27_8,MW,8,5,3.0,-11.82220711094228,-12.20682354677637,-11.852689819734064,-11.89855710942604,-12.84667919491656
27,27_8,MW,8,6,3.5,-11.795390529936116,-11.964145493085105,-11.471981296916775,-11.954555600877276,-12.890077207461125
27,27_8,MW,8,7,4.0,-11.867490373201829,-12.040265830037143,-11.436303888671985,-11.98744214955528,-12.776485078814874
27,27_9,Focus,9,0,0.5,-11.828528338642082,-12.241512591005417,-11.673870639199537,-12.17741832692012,-12.93998930462479
27,27_9,Focus,9,1,1.0,-11.611696592195697,-12.104653243572976,-11.391474401125448,-12.197834882697482,-12.831092984501788
27,27_9,Focus,9,2,1.5,-11.571344160021136,-12.03959269476007,-11.724022073450403,-11.850139521690071,-12.804737722408495
27,27_9,Focus,9,3,2.0,-11.596007390173641,-12.279209737632922,-11.96825775580623,-12.119379536421064,-12.966828491934823
27,27_9,Focus,9,4,2.5,-11.640658200203271,-12.137299713343138,-11.390337871524865,-11.952200840798525,-12.823142687228128
27,27_9,Focus,9,5,3.0,-11.935650250296451,-12.249303652385736,-11.457687908223049,-11.995691357999867,-12.993740491050572
27,27_9,Focus,9,6,3.5,-11.99406650856997,-12.386119741746654,-11.368011898652771,-11.978661046288671,-12.665993160596571
27,27_9,Focus,9,7,4.0,-11.90951169039178,-12.099282191006598,-11.24252671737617,-11.821735568167608,-12.880328372161042
27,27_10,Focus,10,0,0.5,-11.330913325694228,-12.24031647626179,-11.563128855929186,-12.293433193261555,-12.911655533532743
27,27_10,Focus,10,1,1.0,-11.798582462627358,-12.075114375396241,-10.893799581985382,-12.131877217912297,-12.970974373641656
27,27_10,Focus,10,2,1.5,-11.734675771603335,-11.856224425671268,-11.281050117868777,-12.131130803080543,-12.832175393150187
27,27_10,Focus,10,3,2.0,-11.768681822211857,-12.295331252916581,-11.629340437649805,-12.111206904047059,-13.054650018355563
27,27_10,Focus,10,4,2.5,-11.96266717820947,-12.121469064308783,-11.223784592284444,-12.114585378760154,-12.885834605438477
27,27_10,Focus,10,5,3.0,-12.087073277583047,-12.222829472458011,-11.644336572814328,-11.924163626320729,-12.855162226316166
27,27_10,Focus,10,6,3.5,-11.71244453017238,-12.078681574987021,-11.562582412565366,-11.833407035165886,-12.95768020110226
27,27_10,Focus,10,7,4.0,-11.402630044154703,-12.035021402814763,-11.443859827441774,-11.920004588779092,-13.062354009212445
27,27_11,Focus,11,0,0.5,-11.854956842577293,-12.091479930516623,-11.574156719170173,-12.170790170044953,-13.134946499142044
27,27_11,Focus,11,1,1.0,-12.114934367421851,-12.14834217918101,-11.684184619118671,-12.248758096147688,-13.044530571363794
27,27_11,Focus,11,2,1.5,-11.916213588422822,-12.083541677295372,-11.334038879446478,-12.114687381659293,-12.828203064055334
27,27_11,Focus,11,3,2.0,-11.699299888888996,-11.721191658456394,-11.64165051375427,-12.077258700426103,-12.990320375078399
27,27_11,Focus,11,4,2.5,-11.79757342461596,-12.101070328216029,-11.388748008630378,-12.329741758025929,-12.907665938838525
27,27_11,Focus,11,5,3.0,-11.905492070712825,-12.273303775824145,-11.33285372878673,-12.15266230017956,-13.01008674555374
27,27_11,Focus,11,6,3.5,-12.010675125714686,-12.578876986697848,-11.789779692525267,-12.316023500450402,-13.116382136075524
27,27_11,Focus,11,7,4.0,-12.117451394980463,-12.194054414948042,-11.729379822151206,-12.567440357058556,-13.088319033207847
27,27_12,Focus,12,0,0.5,-11.42817967625997,-11.87501386017428,-11.623156925106338,-12.016492081122891,-12.364640772495322
27,27_12,Focus,12,1,1.0,-11.403462293578869,-11.787110269474569,-11.564947109946402,-11.84757037660679,-12.165690996781263
27,27_12,Focus,12,2,1.5,-11.573416343899089,-12.048039065672707,-11.378841368314419,-12.136028146642849,-12.804117709684618
27,27_12,Focus,12,3,2.0,-11.580925780167057,-11.983049881181902,-11.57384075333401,-12.2339324139065,-12.713940645100864
27,27_12,Focus,12,4,2.5,-11.727581368515057,-12.221655052087026,-11.664963806516008,-12.098959139577108,-12.261880012201383
27,27_12,Focus,12,5,3.0,-11.842944645802913,-12.105655972745089,-11.602031336691821,-12.299173195951974,-12.823043145231665
27,27_12,Focus,12,6,3.5,-11.625767095070165,-12.016037619286893,-12.01200956598905,-11.996492878309883,-12.936899952808876
27,27_12,Focus,12,7,4.0,-11.747037452409712,-11.85576205562934,-11.602023552181128,-12.051579303414332,-12.860238725752806
27,27_13,Focus,13,0,0.5,-11.654611211711268,-11.808139054311269,-11.355965169511528,-12.095704109676207,-12.800083693449482
27,27_13,Focus,13,1,1.0,-11.952526614368228,-12.12970967755848,-11.612104166840794,-11.83820417490134,-12.653433378618704
27,27_13,Focus,13,2,1.5,-11.995918191862206,-12.028574519465819,-11.418007871599798,-12.00374375932247,-12.618522971520214
27,27_13,Focus,13,3,2.0,-11.548206423947457,-12.15104957517066,-11.474368631817642,-12.167151123382476,-12.255593253308467
27,27_13,Focus,13,4,2.5,-11.579111569296705,-12.047731982939455,-11.448963106965445,-12.011618124200517,-12.757268798390864
27,27_13,Focus,13,5,3.0,-11.750504087577108,-12.187973788368383,-11.61036911681146,-12.096735879591543,-12.66874348061137
27,27_13,Focus,13,6,3.5,-11.842739711351868,-12.006932010059423,-11.178278709574458,-11.798617140364172,-12.996565590632926
27,27_13,Focus,13,7,4.0,-11.9639427503238,-12.53498311792427,-12.006501132784958,-11.832211111671073,-13.039062974467074
27,27_14,MW,14,0,0.5,-11.592110221583939,-11.833795170881881,-11.510900018830203,-11.992163408977982,-12.402813127376112
27,27_14,MW,14,1,1.0,-12.004942664726672,-12.354854403994198,-11.836504512706863,-12.074735301745598,-12.972228750898791
27,27_14,MW,14,2,1.5,-11.664511872265646,-11.912909537335937,-11.49450102840458,-12.020203637318849,-12.95386239391879
27,27_14,MW,14,3,2.0,-11.889180240419348,-12.238629363889206,-11.561740735874238,-12.103238417446875,-12.839770803253344
27,27_14,MW,14,4,2.5,-11.674399844577662,-12.141215468786399,-11.815450475404958,-12.19967737312184,-12.805406665385286
27,27_14,MW,14,5,3.0,-11.659300328882766,-12.05470199023164,-11.24154948881076,-12.1675064544331,-12.78908592283224
27,27_14,MW,14,6,3.5,-11.769821463033072,-12.09546656323366,-11.58205870867974,-12.383017180617465,-12.837414539916043
27,27_14,MW,14,7,4.0,-12.09973395782661,-12.133038849101494,-11.65178873877689,-12.095119082296742,-12.753342901172383
27,27_15,MW,15,0,0.5,-12.076095261997898,-11.971116942835565,-11.616293765158398,-12.03558764560936,-12.952742451245387
27,27_15,MW,15,1,1.0,-11.514022180281968,-11.872792320430642,-11.374825848880096,-12.059345671417393,-13.015476023613793
27,27_15,MW,15,2,1.5,-12.136604912961582,-12.177097938935727,-11.183540827661737,-12.029177938044105,-12.96852113105886
27,27_15,MW,15,3,2.0,-11.857290903105255,-12.27366665324648,-11.285448200755459,-11.561286299805236,-12.925423901699757
27,27_15,MW,15,4,2.5,-11.806684269575982,-12.099592133141648,-11.141564288447082,-11.977718171737543,-12.969307920982567
27,27_15,MW,15,5,3.0,-12.093428529069048,-12.303411748483896,-11.686417160930679,-11.718719961853493,-13.083413505510997
27,27_15,MW,15,6,3.5,-11.766665796926196,-12.243882011744116,-11.506878946026177,-12.118816169729612,-13.126374930362779
27,27_15,MW,15,7,4.0,-11.65918096384296,-12.096266840086564,-11.61701824797331,-11.964141206779281,-12.803628312981498
27,27_16,Focus,16,0,0.5,-11.98890711479281,-11.850473599765788,-11.735187016886535,-12.132767251788747,-13.028094674358169
27,27_16,Focus,16,1,1.0,-12.083494081287702,-12.064502946828185,-11.364382965808016,-12.0298891502616,-12.831464534621126
27,27_16,Focus,16,2,1.5,-11.846416423831826,-12.107655927300632,-11.572572121629216,-11.783235478439034,-13.032415309779148
27,27_16,Focus,16,3,2.0,-11.846265211811478,-12.102505280982829,-11.490214837647569,-11.968568660197578,-13.18654911878929
27,27_16,Focus,16,4,2.5,-11.688648763042435,-12.182425413254464,-11.950473845607778,-11.984971850258969,-12.903904604229078
27,27_16,Focus,16,5,3.0,-11.794645552011149,-12.080202137662813,-11.977186113412298,-12.080902189344261,-13.13649432174742
27,27_16,Focus,16,6,3.5,-11.841369424277318,-12.028070030430147,-11.463071520235621,-12.282050299893502,-13.057804139519485
27,27_16,Focus,16,7,4.0,-11.43092587604521,-11.822078443676324,-11.646388900235056,-12.419362006569365,-13.032992238335218
27,27_17,Focus,17,0,0.5,-12.147316688827813,-12.184412255072814,-11.483897381919329,-12.293463352386167,-13.041624248285475
27,27_17,Focus,17,1,1.0,-11.735731251635187,-11.916432077313546,-11.849672152542626,-12.114115141123937,-13.056905021231731
27,27_17,Focus,17,2,1.5,-11.910903041435162,-12.183293615292406,-11.809055659244585,-12.20034843062173,-13.074674246679638
27,27_17,Focus,17,3,2.0,-12.02201275292705,-11.803177153942382,-11.491962122330127,-12.119967769737766,-12.923184687900342
27,27_17,Focus,17,4,2.5,-11.833987631332592,-11.951524103399317,-11.686549687742733,-12.252137705179827,-12.98228428627464
27,27_17,Focus,17,5,3.0,-11.693018928855993,-11.886043432497418,-11.588075386928951,-12.142068069820626,-13.105672676881852
27,27_17,Focus,17,6,3.5,-12.040374721157892,-12.176397800293747,-11.909006113212126,-12.331814622009846,-12.803870397483703
27,27_17,Focus,17,7,4.0,-12.175850447586162,-12.000785985978242,-11.888102895272086,-12.177802701942017,-12.779167703555784
27,27_18,MW,18,0,0.5,-11.798625660759338,-12.127590485406985,-11.99328765688504,-12.151183695064612,-13.015568284864353
27,27_18,MW,18,1,1.0,-11.805598606551841,-12.007536147418039,-11.784736408019253,-12.017327524807502,-13.047000389097937
27,27_18,MW,18,2,1.5,-12.269723638791529,-12.271157064790126,-11.631783639786896,-12.160399606482269,-13.038824035462682
27,27_18,MW,18,3,2.0,-11.940945698105491,-12.11843309191215,-11.51182052344289,-12.225776719941694,-13.01834949751478
27,27_18,MW,18,4,2.5,-11.993288444144113,-12.53021766886046,-11.686774248291714,-12.273810788048406,-13.025528241817689
27,27_18,MW,18,5,3.0,-12.03074499810991,-12.0683541126186,-11.722132490750111,-12.122621533635641,-13.045219239442762
27,27_18,MW,18,6,3.5,-12.01332131171883,-12.15243601966484,-11.695319806700732,-12.008633745587849,-12.959402796993162
27,27_18,MW,18,7,4.0,-11.947506296045091,-11.98917184679566,-11.425353038182028,-12.014698164333163,-13.01905614736821
27,27_19,MW,19,0,0.5,-11.553959323511114,-12.179644747507428,-11.884340968651419,-11.917115410599237,-12.191737892334913
27,27_19,MW,19,1,1.0,-11.533045022425208,-12.082585722574594,-11.461189246148315,-11.727131774120616,-11.719558730621275
27,27_19,MW,19,2,1.5,-11.478045315609997,-12.124606742417242,-11.302589929272218,-11.511744821698084,-11.305544448453816
27,27_19,MW,19,3,2.0,-11.526540038423612,-11.851518023327031,-11.23776940315676,-11.161183111674477,-11.061807929511962
27,27_19,MW,19,4,2.5,-11.677117763167683,-11.934051028007461,-11.213438767299643,-11.301665600366773,-11.180901892904828
27,27_19,MW,19,5,3.0,-11.672276157018944,-12.143601013431784,-11.363654291893498,-11.918773971593096,-12.22206494165859
27,27_19,MW,19,6,3.5,-11.655801188211466,-11.932754684602507,-11.612062381232962,-12.089416295468874,-12.48780579779611
27,27_19,MW,19,7,4.0,-11.467383813319294,-11.762903891441757,-11.561588697023568,-11.706270187719703,-11.99769121054157
27,27_20,Focus,20,0,0.5,-11.573510584579775,-12.22004539814116,-11.523264608633617,-11.92461106680125,-12.65632701756372
27,27_20,Focus,20,1,1.0,-11.644937629798578,-12.060471261043663,-11.948710986435065,-12.210464500782967,-12.792174168678393
27,27_20,Focus,20,2,1.5,-11.710293354330204,-11.74802002089764,-11.371804373767695,-12.282056528394836,-12.829122913247211
27,27_20,Focus,20,3,2.0,-11.766027767929348,-11.696121933445225,-11.51692262647986,-12.068181820194273,-12.858169838209626
27,27_20,Focus,20,4,2.5,-11.689752561163955,-11.94828119747602,-11.664036820150551,-12.102613164822516,-12.595241935716672
27,27_20,Focus,20,5,3.0,-12.195233576779176,-12.235427408018364,-11.638979010578621,-12.14775971984387,-12.685865788753565
27,27_20,Focus,20,6,3.5,-11.847786336082976,-11.640224367506887,-11.768273190797737,-12.231211704984288,-12.707456099933188
27,27_20,Focus,20,7,4.0,-11.634652431190183,-11.95677354821623,-11.873874569764197,-12.164070318953312,-12.915983297748621
27,27_21,Focus,21,0,0.5,-12.135577556149832,-12.257997949149948,-11.315703547244233,-12.184993223814931,-13.171942433842046
27,27_21,Focus,21,1,1.0,-11.807388862845995,-12.213781270511527,-11.387245813401721,-12.087650502995533,-13.224249141938166
27,27_21,Focus,21,2,1.5,-11.798791817974328,-12.130388700147096,-11.402923477376103,-12.117470805532541,-13.141681253955195
27,27_21,Focus,21,3,2.0,-11.774320669909642,-12.148461146583474,-11.664238648740382,-12.070509372250852,-13.277861887024716
27,27_21,Focus,21,4,2.5,-11.349815461209886,-12.06507234636558,-11.519807353027785,-11.786867962468486,-13.200094677892558
27,27_21,Focus,21,5,3.0,-11.76252656928974,-11.999725917701715,-11.531849072987738,-12.052618264544808,-13.093862717804639
27,27_21,Focus,21,6,3.5,-11.29283108680413,-11.831327919486696,-11.736331512112649,-12.278175108507586,-13.213045229555197
27,27_21,Focus,21,7,4.0,-11.787923865787786,-12.140914598787354,-11.473081893992452,-12.193977357959948,-13.063883450604008
27,27_22,MW,22,0,0.5,-11.713010895917778,-12.108186706144618,-11.762250387836112,-12.132866274019943,-13.128334863564406
27,27_22,MW,22,1,1.0,-11.783451026643592,-12.348632220961797,-11.191583249086756,-11.973077357901593,-13.18826164213407
27,27_22,MW,22,2,1.5,-11.68087478369255,-12.047489008945298,-11.717937600454437,-11.949928131796382,-13.164939215268847
27,27_22,MW,22,3,2.0,-12.05365303759886,-12.039044441775928,-11.72815026489377,-12.301616689304034,-13.104409153365054
27,27_22,MW,22,4,2.5,-12.124624258635674,-12.256844529405997,-11.748676969967114,-12.090993001333066,-13.25775179765778
27,27_22,MW,22,5,3.0,-11.911757765518658,-11.866884768219283,-11.498891149954597,-12.00801338039587,-13.179796665830834
27,27_22,MW,22,6,3.5,-11.629395281072716,-12.168400337352558,-11.632343947472021,-12.179442342907715,-13.077755153938561
27,27_22,MW,22,7,4.0,-11.765067747066727,-12.087854313161154,-11.865062996420296,-12.158546005700517,-13.15858676620866
27,27_23,Focus,23,0,0.5,-11.577386574711433,-11.907615113715007,-11.657983975813666,-12.43686825060853,-13.186449985165885
27,27_23,Focus,23,1,1.0,-11.823735191913837,-11.922862902584514,-11.246836433511026,-12.411240874838645,-13.157692885406478
27,27_23,Focus,23,2,1.5,-11.913710744891791,-12.234505698079744,-10.929830510173694,-12.333368459476272,-13.193784163507171
27,27_23,Focus,23,3,2.0,-11.728192599347699,-11.87082969259349,-11.542338119844185,-12.215869273798758,-13.202258815164203
27,27_23,Focus,23,4,2.5,-11.96464892923698,-11.9521380081001,-11.405115920422823,-12.378512910044412,-13.108288439328081
27,27_23,Focus,23,5,3.0,-12.103646399601441,-12.036284596176802,-11.401205566463634,-12.328656141697596,-13.27207989876459
27,27_23,Focus,23,6,3.5,-11.808713081057276,-12.203647521438873,-11.62903414925342,-12.241179480789963,-13.078597924868431
27,27_23,Focus,23,7,4.0,-11.710455537521469,-12.233639314273416,-11.8859200082523,-12.361068919742129,-13.277100560354066
27,27_24,Focus,24,0,0.5,-11.664801659906281,-12.045078539171813,-11.806357493469967,-12.32180080723892,-12.926728186713401
27,27_24,Focus,24,1,1.0,-11.658528318673753,-11.977340299156213,-11.527162822162264,-12.305739383650877,-12.925583507787055
27,27_24,Focus,24,2,1.5,-11.409862212290278,-11.99416268759553,-11.470797841540286,-12.213648413956504,-12.99280696320299
27,27_24,Focus,24,3,2.0,-11.992828254616658,-12.265224861667516,-11.423468879010208,-12.302133093701771,-12.982867071038557
27,27_24,Focus,24,4,2.5,-11.944920065493928,-12.08944945056096,-11.699840210960893,-12.283535934936396,-12.961514541277223
27,27_24,Focus,24,5,3.0,-11.63708641409616,-12.095294856939812,-11.908731906602455,-12.425507805204738,-13.067089183956766
27,27_24,Focus,24,6,3.5,-11.47690994603566,-12.232375989468222,-11.783482383323763,-12.330304484725177,-13.041007221041095
27,27_24,Focus,24,7,4.0,-11.59706515015774,-11.787823876100765,-11.731320074099997,-12.130237255581353,-12.894108539095864
27,27_25,Focus,25,0,0.5,-11.804046536750022,-11.99673938909009,-11.518725552164742,-11.831544666821141,-12.626949386004986
27,27_25,Focus,25,1,1.0,-11.717343504436686,-12.003943803150344,-11.613715874489573,-12.058181718599588,-12.85662243253954
27,27_25,Focus,25,2,1.5,-11.449271624317587,-12.04902238838961,-11.526534315442964,-12.136141104258156,-12.89369849363834
27,27_25,Focus,25,3,2.0,-11.774368193524282,-12.106101686582262,-11.710533374495581,-12.350194700177479,-12.940758492224843
27,27_25,Focus,25,4,2.5,-11.48910058651425,-12.002151483186578,-11.925507961509169,-12.144617750772278,-12.998939180837127
27,27_25,Focus,25,5,3.0,-11.94838203709161,-12.228205892733914,-11.846673374454076,-12.264106158392378,-13.145772252646442
27,27_25,Focus,25,6,3.5,-11.802470215758833,-11.741624075604214,-11.39091462597971,-12.185153847934453,-12.925923044492727
27,27_25,Focus,25,7,4.0,-11.755325801081412,-11.695961404087857,-11.28728666429829,-12.32993097093098,-12.894603471844954
27,27_26,MW,26,0,0.5,-11.784370576723646,-12.191121110838449,-11.76873441934097,-12.423819986823167,-12.954785385740854
27,27_26,MW,26,1,1.0,-11.696795312192405,-12.239639303883152,-11.73467947441672,-12.210830356254636,-12.843494918378687
27,27_26,MW,26,2,1.5,-11.605862926555893,-12.023535287601362,-11.594645060499724,-12.260035226219898,-12.853606804493044
27,27_26,MW,26,3,2.0,-11.510281654653054,-12.336271936135937,-11.595017951768437,-11.969594806342075,-12.905193206512912
27,27_26,MW,26,4,2.5,-11.806255829318268,-11.851966491420711,-11.337144686866774,-11.741516068070602,-12.981029220250525
27,27_26,MW,26,5,3.0,-11.937456239143442,-12.013125515449834,-11.051620488699333,-11.865163424126631,-13.016889813804436
27,27_26,MW,26,6,3.5,-11.983896760188856,-12.058912236044883,-11.57446377976753,-12.173196901227877,-12.945050775479018
27,27_26,MW,26,7,4.0,-11.71823045047268,-11.887433382873715,-11.597320057938484,-12.023826259014555,-12.969527131422394
27,27_27,MW,27,0,0.5,-11.999399370839134,-11.732109813504486,-11.264484408154692,-11.993802794353671,-12.798695560885896
27,27_27,MW,27,1,1.0,-11.616345892818602,-12.165475834587792,-11.461701191310068,-11.796192243774405,-12.896878307894754
27,27_27,MW,27,2,1.5,-11.800427892195772,-12.159099963318026,-11.342973139589606,-12.11625025860872,-12.913128826958543
27,27_27,MW,27,3,2.0,-11.988193173647835,-12.105787009046297,-11.325901417369781,-12.04994331495382,-12.945855047845141
27,27_27,MW,27,4,2.5,-12.097081294514194,-12.438214257350213,-11.354209840637758,-12.18158137677592,-12.947959321905858
27,27_27,MW,27,5,3.0,-11.837532876197539,-12.23991093157615,-11.066150243125023,-12.25244385148355,-12.90976386950321
27,27_27,MW,27,6,3.5,-11.972809918170496,-12.108981105691077,-11.50133835813941,-11.997287616773535,-12.845799337304916
27,27_27,MW,27,7,4.0,-12.015782981737786,-12.091484413726091,-11.075444762562844,-12.012927099288522,-12.996375085920942
27,27_28,Focus,28,0,0.5,-11.647420739777829,-12.054260650239083,-11.643707986168836,-12.164107454697552,-12.998518259840802
27,27_28,Focus,28,1,1.0,-11.831368915665736,-12.090246267561316,-11.598670255373658,-12.039904598476312,-13.111935343972895
27,27_28,Focus,28,2,1.5,-11.843511602738964,-11.916037573413812,-11.634245727732605,-12.315819159878437,-12.90854784125967
27,27_28,Focus,28,3,2.0,-11.999267619225915,-11.937912494031906,-11.49661723691618,-12.217454206201328,-12.838514731622976
27,27_28,Focus,28,4,2.5,-11.843656372012061,-11.642792210100064,-11.331583481797422,-12.062185555891803,-13.076613867643188
27,27_28,Focus,28,5,3.0,-11.701743938645507,-12.02673893356731,-11.969503401566168,-11.798931578243248,-13.12434262553504
27,27_28,Focus,28,6,3.5,-12.023950955814648,-12.13570147640854,-11.908400084968669,-12.18802259116116,-12.85438673267422
27,27_28,Focus,28,7,4.0,-11.923998719277813,-11.970252953480074,-11.641205654300578,-12.218050655252451,-12.932928081935135
27,27_29,MW,29,0,0.5,-11.749890987014012,-12.162993030314373,-11.455563043004798,-12.0921121322262,-13.020105319490796
27,27_29,MW,29,1,1.0,-11.565835423739617,-12.067434131834192,-11.18042266389894,-12.127854891697735,-12.91620933984654
27,27_29,MW,29,2,1.5,-11.91973840518752,-12.105770434523187,-11.406387351338308,-12.15483636153224,-12.934278864034939
27,27_29,MW,29,3,2.0,-11.822246693360642,-12.109719598159579,-11.669482936067718,-12.037247501381401,-12.939538494418066
27,27_29,MW,29,4,2.5,-11.579095493529328,-11.777097869658615,-11.420706832459262,-12.020626903977714,-12.804779069518453
27,27_29,MW,29,5,3.0,-11.515273590874711,-11.964014444085663,-11.228091128599196,-11.888381605021166,-12.978131376529563
27,27_29,MW,29,6,3.5,-12.04563283901299,-12.216000079911753,-11.486357332580646,-12.135169361705188,-13.04827975499584
27,27_29,MW,29,7,4.0,-11.756425260297872,-12.087105855493023,-11.634608100524055,-12.281130252795698,-13.070101104799772
27,27_30,Focus,30,0,0.5,-11.775923998328398,-11.885607498501424,-12.089237592029493,-12.538351501298836,-13.168662787521873
27,27_30,Focus,30,1,1.0,-11.540804081904433,-11.861237948309881,-11.649806603035218,-12.535502487697233,-13.123178544895094
27,27_30,Focus,30,2,1.5,-11.825573640506903,-12.130825438493037,-11.783485006067448,-12.230999230990864,-13.10707266483205
27,27_30,Focus,30,3,2.0,-11.810664608975115,-11.642104671309989,-11.77593312928477,-12.298525573513777,-13.052359181841474
27,27_30,Focus,30,4,2.5,-11.782703893146367,-11.847108594216266,-11.809728235049546,-12.521111888905853,-13.21026076580268
27,27_30,Focus,30,5,3.0,-11.683935729552289,-11.855275339807847,-11.646728665631112,-12.252103898327666,-13.044323264851194
27,27_30,Focus,30,6,3.5,-11.997314527913408,-12.022090125614868,-11.776439782603148,-12.328313984660017,-13.197878816920891
27,27_30,Focus,30,7,4.0,-11.680212910055248,-11.999488166206028,-11.822757704975789,-11.92104142373348,-13.076174758581882
27,27_31,Focus,31,0,0.5,-11.90733414113831,-12.067311394308009,-11.578528352840255,-12.104586118208555,-13.077394431292893
27,27_31,Focus,31,1,1.0,-11.857751156127547,-12.135269560707277,-11.644717333245033,-12.09486262541351,-13.18718697469156
27,27_31,Focus,31,2,1.5,-11.73905907945795,-12.029492039352606,-11.696580493539576,-11.933729579793537,-13.062252370964933
27,27_31,Focus,31,3,2.0,-12.033753187036266,-12.185923363844548,-11.863043012912902,-12.109806136296987,-13.194267530760007
27,27_31,Focus,31,4,2.5,-11.879242767273881,-12.178169505164355,-11.719769268844237,-12.326210641372363,-12.956823018136385
27,27_31,Focus,31,5,3.0,-12.045009731656611,-12.41131168629143,-11.7847314991194,-12.225595364109477,-12.993741427924714
27,27_31,Focus,31,6,3.5,-11.886958712998931,-12.255756617462445,-11.741120996387409,-11.995981329179681,-13.055496447168982
27,27_31,Focus,31,7,4.0,-11.974357375059453,-12.020283850827132,-11.698111646373444,-12.32922288140232,-13.072797227691314
27,27_32,Focus,32,0,0.5,-11.852552622350835,-12.031184496747093,-11.825475336589482,-12.055426455999877,-13.113880077787488
27,27_32,Focus,32,1,1.0,-11.785042029300715,-12.02303008834721,-11.712187795555588,-12.135577687721534,-13.082691946742571
27,27_32,Focus,32,2,1.5,-11.840364300039669,-12.100356489066607,-11.84259802104243,-12.285231456508516,-13.04432193732134
27,27_32,Focus,32,3,2.0,-11.671665106750847,-11.76284717616496,-11.643952639373207,-12.658912111584378,-13.307798149902823
27,27_32,Focus,32,4,2.5,-11.638754199282063,-11.965902722520662,-11.971674046020555,-12.399136858465644,-13.035150983518289
27,27_32,Focus,32,5,3.0,-11.70484208839554,-11.787467987136017,-11.877716068194824,-12.315666918851743,-13.169606630546284
27,27_32,Focus,32,6,3.5,-11.50164038963142,-11.675209746360881,-11.542873178793306,-12.41167373916113,-13.128804914123616
27,27_32,Focus,32,7,4.0,-11.659382151653935,-12.01195091356765,-11.74455839691568,-12.517551179690075,-12.960553836936137
27,27_33,Focus,33,0,0.5,-11.760700377327742,-11.978653165403523,-11.498304031000975,-12.274244054663438,-13.215057504281786
27,27_33,Focus,33,1,1.0,-12.119058557619338,-12.248267213349978,-11.731457080180697,-12.225115860724834,-13.095381235788704
27,27_33,Focus,33,2,1.5,-11.84178789266309,-12.303482392806877,-11.729837721571826,-12.262199374512868,-13.221557888817362
27,27_33,Focus,33,3,2.0,-11.690883568804558,-12.368863870112815,-11.474878588887199,-11.98684319350851,-13.151068245325291
27,27_33,Focus,33,4,2.5,-11.587768805403861,-12.240969656893986,-11.719589680590119,-12.21129047789208,-13.204863125840035
27,27_33,Focus,33,5,3.0,-11.804915157539083,-12.155902146140079,-11.676223136155294,-12.097575040424827,-13.084863206128457
27,27_33,Focus,33,6,3.5,-11.44989456401055,-12.397014931462646,-11.63805243706871,-12.074142113534036,-12.982169700625224
27,27_33,Focus,33,7,4.0,-11.65421694940829,-11.820457323943128,-11.536750968650061,-12.096184424112913,-13.129833472312411
27,27_34,Focus,34,0,0.5,-11.916282239395162,-11.904211274693218,-11.62310137853093,-12.264116892538901,-13.214432093408533
27,27_34,Focus,34,1,1.0,-11.773561313929687,-11.795940625917408,-11.46148656439374,-12.436065453190453,-13.1376340675589
27,27_34,Focus,34,2,1.5,-11.812873128965327,-12.06383486610842,-11.571024140015165,-12.372235117486957,-13.310711010301665
27,27_34,Focus,34,3,2.0,-11.732167259849422,-11.886727650568776,-11.674543891794995,-12.353420743590807,-13.09886151082008
27,27_34,Focus,34,4,2.5,-11.727784632227205,-11.809726085162355,-11.645243385976991,-12.365758909199933,-13.273353634978653
27,27_34,Focus,34,5,3.0,-11.750578302517424,-11.951082597510034,-11.882776120716677,-12.235373921789742,-12.90335560951882
27,27_34,Focus,34,6,3.5,-11.786540625210721,-11.905773393515998,-11.959372749995994,-12.274218133041924,-13.18507542494579
27,27_34,Focus,34,7,4.0,-11.804813502166448,-12.129149432855593,-11.826298142800029,-12.24983625204778,-13.24789442073845
27,27_35,MW,35,0,0.5,-11.723570912233376,-11.85414184866123,-11.672680410278533,-12.33082588415759,-13.195200513357
27,27_35,MW,35,1,1.0,-11.648276902525359,-11.902368991729999,-11.923534235538758,-12.546932524183468,-13.203824343335608
27,27_35,MW,35,2,1.5,-11.690059586580979,-12.203361330603908,-11.635269204157671,-12.327578043951606,-13.26418675518723
27,27_35,MW,35,3,2.0,-11.739664794145517,-12.051800466670622,-12.119570854341124,-12.478260319242612,-13.198677972018105
27,27_35,MW,35,4,2.5,-11.86108321026683,-12.13938720127557,-12.054393108723033,-12.22433843342316,-13.241817676490689
27,27_35,MW,35,5,3.0,-11.856842758446561,-11.974253014489772,-12.086710811692452,-12.219053663329278,-13.094720655110137
27,27_35,MW,35,6,3.5,-11.621305836050508,-11.829872174335666,-11.617986246208307,-12.018547697688987,-13.177142305133364
27,27_35,MW,35,7,4.0,-12.119220441687478,-12.078708531243423,-11.288239030520344,-12.08282724477334,-13.00443883810337
27,27_36,Focus,36,0,0.5,-11.76547415848347,-11.958381423562892,-11.562472312351424,-12.092451587380312,-12.937328051628576
27,27_36,Focus,36,1,1.0,-11.907228990966225,-12.225688099256901,-11.669168374566995,-12.104846292809066,-13.022795883759482
27,27_36,Focus,36,2,1.5,-11.806291139331591,-12.056451646173958,-11.830917216231688,-12.020277791329384,-13.075275675139833
27,27_36,Focus,36,3,2.0,-11.787469714866663,-12.170619904037606,-11.92477385035729,-11.957922891277367,-13.021315375738297
27,27_36,Focus,36,4,2.5,-11.79407055363621,-11.902080123993452,-11.882862349121895,-12.16753631180246,-12.985803980494836
27,27_36,Focus,36,5,3.0,-11.84992180319944,-11.991956086366162,-11.85895456063243,-12.259778584990181,-13.108757980636748
27,27_36,Focus,36,6,3.5,-11.79411515108984,-11.962038364788937,-12.121118314430277,-12.282179143098894,-13.17996525328396
27,27_36,Focus,36,7,4.0,-11.710507699420566,-11.78588144009301,-11.628063378930094,-12.30879700938146,-12.94559469449532
27,27_37,MW,37,0,0.5,-11.875839216658584,-12.284357654318445,-11.840579334736423,-12.072102360125994,-13.070636965124265
27,27_37,MW,37,1,1.0,-11.695835551827438,-12.220446574031088,-11.560047100365463,-11.862184395964874,-13.102457526694566
27,27_37,MW,37,2,1.5,-12.042626384118018,-12.393283160278013,-12.1553137928133,-11.928627101659556,-13.065304333165846
27,27_37,MW,37,3,2.0,-12.147312883624092,-12.013419328847672,-11.58246733483442,-11.755294751307012,-12.989411893306636
27,27_37,MW,37,4,2.5,-11.727563518211348,-11.8474548299977,-11.43787609244615,-11.71274228026874,-13.066143530455099
27,27_37,MW,37,5,3.0,-11.954996671406745,-12.128682868429932,-11.815862169692155,-11.80906814129639,-13.13236682232994
27,27_37,MW,37,6,3.5,-12.026956783934018,-11.888099872863082,-11.700598828537698,-11.925900136770304,-13.038946302352073
27,27_37,MW,37,7,4.0,-11.840521185200199,-11.987541697285645,-11.739371953350439,-12.096883707976735,-13.033979047878105
27,27_38,Focus,38,0,0.5,-12.053105918785553,-12.280684936793225,-12.063114848613841,-12.256127168663182,-13.14891108539945
27,27_38,Focus,38,1,1.0,-12.106783278857705,-12.283908771680327,-11.400670904457465,-12.056601650257955,-13.292194122569343
27,27_38,Focus,38,2,1.5,-12.281449689860208,-12.469481340214632,-11.413059319551584,-12.428569525121286,-13.218336084642173
27,27_38,Focus,38,3,2.0,-11.86843826330813,-11.890948121409062,-11.485000647383485,-12.338452543156023,-13.165314319682235
27,27_38,Focus,38,4,2.5,-11.629213312810027,-12.070462719305107,-11.797732203077333,-12.280031415492289,-13.055804298876968
27,27_38,Focus,38,5,3.0,-11.448302707514518,-11.953995751682259,-11.472210187590319,-12.311210941225445,-13.096781845419853
27,27_38,Focus,38,6,3.5,-11.782051250460414,-12.072285632950022,-11.384092839973217,-12.268315387251242,-13.16601276000355
27,27_38,Focus,38,7,4.0,-11.943766723981737,-11.637020202753726,-11.657412820334493,-12.431244822353023,-13.262200827795967
27,27_39,Focus,39,0,0.5,-11.937314044684861,-12.032999282412533,-11.846345517829949,-12.623228894640887,-13.283168698090675
27,27_39,Focus,39,1,1.0,-11.570753960563769,-11.64449973369333,-11.761527891765466,-12.249913361766456,-13.474799782534708
27,27_39,Focus,39,2,1.5,-11.783181493760809,-12.284211356504303,-12.04437897402215,-12.071053455877578,-13.375131225791414
27,27_39,Focus,39,3,2.0,-12.142983498738248,-12.105935101559384,-11.594459795722953,-12.090537226090914,-13.061585391650366
27,27_39,Focus,39,4,2.5,-11.97749534651292,-12.166374906060366,-11.638779067734578,-12.185696988038284,-13.137867828602445
27,27_39,Focus,39,5,3.0,-11.76297570804505,-12.112155981584442,-11.418287359706847,-12.140190135896242,-13.269090758686696
27,27_39,Focus,39,6,3.5,-11.711845228274674,-12.11888118328167,-11.59826184548514,-12.049812183713398,-13.43081957619823
27,27_39,Focus,39,7,4.0,-11.808100812850702,-12.06505934703836,-11.25177159008809,-12.25911559916963,-13.273485425218908
28,28_0,Focus,0,0,0.5,-11.139434245104395,-11.676872229857656,-10.668751878324162,-12.321750336459997,-12.962560594688963
28,28_0,Focus,0,1,1.0,-11.150081519966314,-11.43830288013561,-10.913593574680466,-12.409444532481986,-13.131043218529744
28,28_0,Focus,0,2,1.5,-11.435384585928107,-11.627625743213056,-11.108723011008605,-12.332096973903353,-13.08610401244299
28,28_0,Focus,0,3,2.0,-11.365021811239906,-11.87887878619384,-10.866640241333442,-12.521029256761478,-13.098705596785674
28,28_0,Focus,0,4,2.5,-11.555838174287734,-11.898990973771808,-10.745785117545704,-12.464910279036499,-13.121984238130777
28,28_0,Focus,0,5,3.0,-11.274809357399795,-11.701608874458682,-10.836723438753506,-12.24601133175012,-13.04529094769512
28,28_0,Focus,0,6,3.5,-11.202112123598662,-11.9035279567277,-11.112946727673906,-12.4054527482995,-13.08586851395181
28,28_0,Focus,0,7,4.0,-11.100814557885796,-11.786944821832401,-10.940830893055537,-12.448785437859348,-13.062854405294829
28,28_1,Focus,1,0,0.5,-11.397349976526026,-11.566154869784773,-10.862292642945672,-12.341015696374678,-13.240077857701452
28,28_1,Focus,1,1,1.0,-10.95475780938971,-11.67347217277378,-10.510814436132458,-12.188187155382483,-13.116732131464207
28,28_1,Focus,1,2,1.5,-11.359373870819471,-11.649561866946554,-10.945162165911073,-12.443434060186354,-13.269450240457015
28,28_1,Focus,1,3,2.0,-11.349379668742284,-12.159669988422841,-10.864247695878179,-12.453027495206657,-13.196034005450255
28,28_1,Focus,1,4,2.5,-10.932330572534728,-11.57262013654269,-10.580726503177534,-12.260961717723447,-12.979436302421224
28,28_1,Focus,1,5,3.0,-10.699209145932246,-11.629156104236474,-10.993720826715824,-12.347797773075888,-13.115231491920683
28,28_1,Focus,1,6,3.5,-10.791524009642387,-11.251585594026125,-10.681395820602477,-12.073696979156479,-12.896725402327876
28,28_1,Focus,1,7,4.0,-10.996183751676567,-11.686912855639685,-10.516686531278944,-12.277694476556347,-12.960591678836574
28,28_2,Focus,2,0,0.5,-11.136088518169268,-11.847266890097144,-10.726465598220226,-12.165166235827092,-12.545192206523494
28,28_2,Focus,2,1,1.0,-11.274182256918847,-11.364735379347167,-10.684182296967473,-12.297553347914956,-12.671911348404679
28,28_2,Focus,2,2,1.5,-11.609380277089697,-11.689315126100434,-10.909636126284992,-12.363170286216533,-12.759558107864509
28,28_2,Focus,2,3,2.0,-11.594366051540959,-11.616609525724336,-10.827618890803253,-12.174620344302049,-12.624105866008144
28,28_2,Focus,2,4,2.5,-11.32304997977998,-11.679282029174274,-10.79674705145495,-12.228796463572332,-12.691837880478056
28,28_2,Focus,2,5,3.0,-11.172129845669549,-11.817005870968611,-10.592376472862867,-12.24844393982016,-12.567426360708808
28,28_2,Focus,2,6,3.5,-11.298561679448719,-11.424441170622378,-10.562616245113581,-12.098815278981181,-12.607418643243701
28,28_2,Focus,2,7,4.0,-11.107873559657229,-11.361041139614562,-10.721367751384884,-12.183069222197036,-12.530214604352444
28,28_3,Focus,3,0,0.5,-11.260446505517374,-11.635116299201615,-10.597007439968866,-12.19277674121297,-12.496442122561163
28,28_3,Focus,3,1,1.0,-11.309853162686034,-11.640164000000413,-10.672670123890965,-12.124528097260853,-12.558640529850544
28,28_3,Focus,3,2,1.5,-11.449183701074114,-11.579007251385894,-10.668669756187422,-12.242526529132903,-12.59498026229442
28,28_3,Focus,3,3,2.0,-11.199097236211946,-11.31216668932674,-10.447112408830286,-12.045271536720257,-12.618855521643251
28,28_3,Focus,3,4,2.5,-10.855113539797234,-11.4286930207654,-10.912284639441967,-12.256832632646564,-12.689548587999738
28,28_3,Focus,3,5,3.0,-11.399960712656123,-11.958822910878425,-10.640075249547733,-12.211559039170854,-12.618646492838371
28,28_3,Focus,3,6,3.5,-11.030525512552178,-11.377686538727453,-10.568060283654841,-12.199552897561533,-12.566634931254413
28,28_3,Focus,3,7,4.0,-10.976310460592359,-11.731255148047385,-10.759149344214887,-12.283151442049993,-12.592468181768897
28,28_4,Focus,4,0,0.5,-11.22210404428223,-11.57200029789155,-10.921222647815219,-12.212916032987998,-12.67878588235475
28,28_4,Focus,4,1,1.0,-11.300451630291757,-11.860498634919093,-10.6145167253095,-12.250637070936921,-12.802967037826171
28,28_4,Focus,4,2,1.5,-11.441649630077194,-11.856427146160307,-10.569047194921433,-12.161037661448315,-12.686487030516409
28,28_4,Focus,4,3,2.0,-11.674280366427729,-12.071740505752084,-10.918237688568382,-12.34825285037917,-12.649617996876687
28,28_4,Focus,4,4,2.5,-11.16444474278412,-11.438171289144691,-10.881017919464547,-12.30043844370287,-12.701917325543882
28,28_4,Focus,4,5,3.0,-11.37071128569999,-12.179086239726518,-10.580729442565078,-12.238436594912553,-12.90840392795064
28,28_4,Focus,4,6,3.5,-10.935421147353516,-11.185110309134362,-10.460610755049302,-12.151050244054563,-12.90554765762461
28,28_4,Focus,4,7,4.0,-11.024584610825165,-11.319922890524072,-10.490146535720354,-12.08570282252681,-12.695302910829167
28,28_5,MW,5,0,0.5,-11.728796571069761,-11.88609129045513,-11.10855810879075,-12.258154503462343,-12.316640807927687
28,28_5,MW,5,1,1.0,-11.358632000949338,-11.88899316373501,-11.0505205623135,-12.273997589415096,-12.304863903171123
28,28_5,MW,5,2,1.5,-11.545832559294846,-11.99646656974546,-11.159446389926076,-12.188938248373432,-12.424928128463288
28,28_5,MW,5,3,2.0,-11.68158311076512,-12.001465987150349,-11.271874645546804,-12.244625928929244,-12.345062362007338
28,28_5,MW,5,4,2.5,-11.710521239704427,-12.077887683558105,-11.113967519686742,-12.313129950167655,-12.423498807752825
28,28_5,MW,5,5,3.0,-11.48480742260721,-11.43000460232212,-10.587387863232772,-12.206640986461366,-12.363247764872572
28,28_5,MW,5,6,3.5,-11.576149562232983,-11.835576347792248,-10.581877982711006,-12.124244855852329,-12.189389721383712
28,28_5,MW,5,7,4.0,-11.217555092464622,-11.439832735264496,-10.487563220058096,-12.172037271839647,-12.337387605726901
28,28_6,MW,6,0,0.5,-11.627970421568365,-11.777487371132446,-10.86807817188666,-12.165716699824726,-12.407186287340162
28,28_6,MW,6,1,1.0,-11.567088989611182,-11.994712313622859,-10.616515627562226,-12.057020541807782,-12.551050185123511
28,28_6,MW,6,2,1.5,-11.57865252479765,-11.770051571370894,-11.140031821175082,-12.161153213754755,-12.488463242001693
28,28_6,MW,6,3,2.0,-11.57142851244405,-11.846279301103339,-10.729194823996313,-12.106330847088053,-12.291943234894216
28,28_6,MW,6,4,2.5,-11.609325972066365,-11.6240565575975,-10.80805050288075,-12.33743285255211,-12.430950791303145
28,28_6,MW,6,5,3.0,-11.17196637920349,-11.894087950505547,-10.77130792762251,-12.111209281047152,-12.308181016609556
28,28_6,MW,6,6,3.5,-11.394332485070313,-12.065632918579876,-10.920376257378521,-12.280565718701615,-12.480612030037541
28,28_6,MW,6,7,4.0,-11.354672980351939,-11.542120610577307,-10.596855394943983,-12.183079879637567,-12.339062475947769
28,28_7,MW,7,0,0.5,-10.613723758318722,-11.578485304154459,-10.799725047694135,-12.169196017748519,-12.45962682212933
28,28_7,MW,7,1,1.0,-11.203146934074358,-11.269824058291437,-10.522942624856304,-12.1156798137882,-12.557525454578185
28,28_7,MW,7,2,1.5,-11.175838633351368,-11.652922702773504,-10.680488884959022,-12.357403758511003,-12.473108152852811
28,28_7,MW,7,3,2.0,-11.084850547008058,-11.474413899075634,-10.492307807967459,-12.026851127095373,-12.51020788062195
28,28_7,MW,7,4,2.5,-10.994215017128095,-11.949213784298344,-11.326920458796865,-12.380602618309608,-12.515003815383967
28,28_7,MW,7,5,3.0,-10.84393109472762,-11.819213344273345,-11.095054313940924,-12.242005710548396,-12.44560754765506
28,28_7,MW,7,6,3.5,-10.806148339671926,-11.811312539755212,-10.753887531787427,-12.307208051440249,-12.46652604262247
28,28_7,MW,7,7,4.0,-11.336201008359517,-11.733912876207413,-10.575997239437628,-12.202361391105294,-12.446255413264678
28,28_8,Focus,8,0,0.5,-11.274087902268976,-11.654734385503223,-10.601389702127527,-12.118814660675115,-12.298791578076388
28,28_8,Focus,8,1,1.0,-11.150029374504419,-11.578645083652363,-10.969339612989971,-12.105843550728551,-12.662557986152004
28,28_8,Focus,8,2,1.5,-10.633135775695333,-10.817687732201605,-10.474255022315944,-11.856127043121859,-12.418030174045178
28,28_8,Focus,8,3,2.0,-11.09055483419108,-11.344038823483144,-10.463694664432088,-11.996870412549429,-12.543924856341924
28,28_8,Focus,8,4,2.5,-10.956834452674729,-11.772693384331525,-10.719722725397958,-12.391012401667043,-12.679862796634332
28,28_8,Focus,8,5,3.0,-11.037474971905546,-10.967196193227297,-10.901602547139946,-12.197083099134552,-12.60171947752129
28,28_8,Focus,8,6,3.5,-11.252177906700314,-11.77155607366645,-10.789153554753293,-12.189305386900395,-12.611490657757418
28,28_8,Focus,8,7,4.0,-11.46887108731537,-12.13617844235292,-11.140988420274313,-12.398698475487283,-12.690169413268098
28,28_9,Focus,9,0,0.5,-11.228805971378934,-11.247429410294133,-10.668250065396693,-12.095323740735145,-12.709686700407724
28,28_9,Focus,9,1,1.0,-11.176269598642008,-11.874949300379281,-10.674710469111842,-12.117519915376409,-12.683716207513987
28,28_9,Focus,9,2,1.5,-11.395959356180686,-11.48011735125309,-10.703835914160843,-12.047896073610723,-12.704683424263873
28,28_9,Focus,9,3,2.0,-10.690721690296074,-11.372259995013408,-10.923113566040884,-12.233775615197683,-12.678642180883806
28,28_9,Focus,9,4,2.5,-11.31785807698746,-11.797869459003481,-10.662516125013632,-12.317692158397534,-12.687691374271035
28,28_9,Focus,9,5,3.0,-11.239543848929536,-11.737649407854109,-10.768737902823991,-12.195077326009963,-12.405942362969055
28,28_9,Focus,9,6,3.5,-11.42023763614982,-11.97569454371224,-11.166829539028557,-12.309163562010351,-12.736788144250223
28,28_9,Focus,9,7,4.0,-11.52594337207192,-11.540691817208339,-10.991035674559491,-12.176415724247537,-12.591803710994258
28,28_10,MW,10,0,0.5,-11.258451469264795,-11.534898507484128,-10.582232543777547,-12.28260554913414,-13.061383939079768
28,28_10,MW,10,1,1.0,-11.340673118805606,-11.860413481200498,-10.687531353708943,-12.415654635191308,-12.986509536551985
28,28_10,MW,10,2,1.5,-11.399997080683134,-11.73754700213297,-10.497760877172498,-12.181310014792182,-13.17175703534662
28,28_10,MW,10,3,2.0,-11.547247142781686,-11.71321033904861,-10.569728061550082,-12.25598010222417,-12.913274201997103
28,28_10,MW,10,4,2.5,-11.453166650121876,-11.788385560095145,-10.629403311373121,-12.274674942459935,-12.929079196019256
28,28_10,MW,10,5,3.0,-11.758878317270128,-12.03503420152825,-10.798660511135544,-12.184060095424694,-12.948080369201973
28,28_10,MW,10,6,3.5,-11.602086843876027,-11.542472240374156,-10.637599956467634,-12.085778153157458,-12.91605358639571
28,28_10,MW,10,7,4.0,-11.415074979502988,-11.777989821740768,-11.102256792934002,-12.366167145314707,-13.027165294999104
28,28_11,Focus,11,0,0.5,-11.033787169810905,-11.459465628085965,-10.453546401649943,-11.992270977683408,-12.301210474557879
28,28_11,Focus,11,1,1.0,-10.991750967784064,-11.354260583180109,-10.705781726161417,-12.153305943897212,-12.383424529907675
28,28_11,Focus,11,2,1.5,-11.375741058086627,-11.280453011895204,-10.530971963227937,-12.116368931448958,-12.424749025472044
28,28_11,Focus,11,3,2.0,-11.155386627150367,-11.203865814804667,-10.558267307578035,-11.980917444192933,-12.486560123952813
28,28_11,Focus,11,4,2.5,-11.169374553673096,-11.649263030949035,-10.861744324647791,-12.147542215286647,-12.622919121015439
28,28_11,Focus,11,5,3.0,-11.246953109988155,-11.710559906629882,-10.52631642524453,-12.136891516370786,-12.484626922430323
28,28_11,Focus,11,6,3.5,-11.589478679663829,-11.819064984808124,-10.770220222590172,-12.031026469823738,-12.322767279862235
28,28_11,Focus,11,7,4.0,-11.133118562907736,-11.512258199641785,-10.593523206545232,-12.085230742271001,-12.242450685540541
28,28_12,MW,12,0,0.5,-11.256056884416502,-11.772632284201391,-10.720777340406874,-12.183819822048008,-12.483297753953792
28,28_12,MW,12,1,1.0,-11.080924304743785,-11.830420848808044,-10.472828660802344,-12.182327960714057,-12.45522570078204
28,28_12,MW,12,2,1.5,-10.98569328574427,-12.066880964358154,-11.346559083576452,-12.244155490492545,-12.453744214583576
28,28_12,MW,12,3,2.0,-10.928345509999659,-11.661225700469766,-10.92515965340895,-12.297587262177538,-12.55549944309157
28,28_12,MW,12,4,2.5,-11.631129644703291,-11.695848824501818,-10.720487594491136,-12.141662862485168,-12.597720684451227
28,28_12,MW,12,5,3.0,-11.571049863190511,-11.949807076068815,-10.739440261585282,-12.206921466927314,-12.781389165047623
28,28_12,MW,12,6,3.5,-11.459709900049695,-11.830962487135531,-11.13178162382289,-12.169788059423961,-12.516265040633721
28,28_12,MW,12,7,4.0,-11.456827353937367,-11.370590583357261,-10.605415131963223,-12.07628471294328,-12.530256140884125
28,28_13,Focus,13,0,0.5,-11.59115413293124,-11.928374373836471,-11.084698741284484,-12.435203303272322,-12.80911433753822
28,28_13,Focus,13,1,1.0,-11.308070383631701,-11.632732640335202,-10.951207654621902,-12.254702669517947,-12.700456673302233
28,28_13,Focus,13,2,1.5,-11.199528719760735,-11.855413869038218,-10.684231335671974,-12.304868660529245,-12.863706008943069
28,28_13,Focus,13,3,2.0,-11.734148871920484,-11.622767414746514,-11.128224298111242,-12.280288092433153,-12.722715651500305
28,28_13,Focus,13,4,2.5,-11.38891774450955,-11.845583779074685,-10.663208643435372,-12.041323545358027,-12.803052416581286
28,28_13,Focus,13,5,3.0,-11.208502277360326,-11.253806740270399,-10.91415315095233,-12.328007579614448,-12.855017363213747
28,28_13,Focus,13,6,3.5,-11.589703118859823,-11.884623705299562,-10.686612345117226,-12.263807291638443,-12.692156732431517
28,28_13,Focus,13,7,4.0,-10.531552678995704,-11.105650281276871,-10.682194046811079,-12.235462191943647,-12.758468530568251
28,28_14,Focus,14,0,0.5,-11.764871754906704,-11.911125090659723,-10.755897694078012,-12.406742770629036,-12.707687510169729
28,28_14,Focus,14,1,1.0,-11.484832664662314,-12.035133089652156,-10.934739458220658,-12.346381541346439,-12.702240268088483
28,28_14,Focus,14,2,1.5,-11.860196570228522,-11.934164642040523,-10.998640520076165,-12.370949032829577,-12.590607736003873
28,28_14,Focus,14,3,2.0,-11.76802224301541,-11.968068514345742,-10.9011175720348,-12.35104973416487,-12.638904361814065
28,28_14,Focus,14,4,2.5,-11.827251059148999,-11.738683028397986,-10.651093902603158,-12.268972009269062,-12.638272226831605
28,28_14,Focus,14,5,3.0,-11.379453377315084,-11.269797266484263,-10.585979147637845,-12.151447680712662,-12.705097068334306
28,28_14,Focus,14,6,3.5,-11.376510496171631,-11.53934801659751,-10.6604890423812,-12.102796681737468,-12.497918631947584
28,28_14,Focus,14,7,4.0,-11.385988351184002,-11.843792305645614,-10.678096697631677,-12.131567524065598,-12.593725524503052
28,28_15,Focus,15,0,0.5,-11.725630347852904,-11.974410915657355,-10.81133716608842,-12.331358830922962,-13.106583020480066
28,28_15,Focus,15,1,1.0,-11.65777530023845,-11.6448783370667,-10.69268939008142,-12.412583231875015,-12.912449490973435
28,28_15,Focus,15,2,1.5,-11.217054709871594,-11.564475732958764,-10.658214267560176,-12.161497538107245,-12.925510936851676
28,28_15,Focus,15,3,2.0,-11.10455114907535,-11.617220755330955,-10.833794398106335,-12.269941826014572,-13.0218317657614
28,28_15,Focus,15,4,2.5,-11.255803996038376,-11.900911514290065,-10.743338919202204,-12.150672573997316,-13.193910412850329
28,28_15,Focus,15,5,3.0,-11.51108007559663,-11.8361954372231,-11.05995015195969,-12.345977003018163,-12.983525861546
28,28_15,Focus,15,6,3.5,-11.441033988077034,-11.54422197223036,-10.535863123619796,-12.174268516342067,-13.136040808959715
28,28_15,Focus,15,7,4.0,-11.648782551003386,-11.709712409720488,-10.818406641451704,-12.282812456369397,-13.211491572115705
28,28_16,Focus,16,0,0.5,-11.238716229123296,-11.708974739760782,-10.772976154964935,-12.232176667234421,-12.974399502921795
28,28_16,Focus,16,1,1.0,-11.17389986073157,-11.411956156551007,-10.787251182138514,-12.362081568432826,-13.027559142665785
28,28_16,Focus,16,2,1.5,-11.01024896344816,-11.380181173364498,-10.757470465469597,-12.216850892072392,-12.967205913045898
28,28_16,Focus,16,3,2.0,-10.819869210602613,-11.384991194852594,-10.606327808152884,-12.3776342497673,-13.09699795116942
28,28_16,Focus,16,4,2.5,-11.340130988561476,-11.560271212962279,-10.942872793651059,-12.334648045994934,-13.014354375746766
28,28_16,Focus,16,5,3.0,-11.189914293733208,-11.708744141816888,-10.694015632034755,-12.432837617024461,-12.998513500628341
28,28_16,Focus,16,6,3.5,-11.198652086267634,-12.134072473958799,-10.74554817301206,-12.442550040128511,-12.858123177208894
28,28_16,Focus,16,7,4.0,-11.35769689329865,-11.415450109762864,-11.013482053609444,-12.139177725221852,-13.185688490127184
28,28_17,MW,17,0,0.5,-10.96284963829344,-11.389104777564336,-10.542349119333773,-12.118843888732565,-12.741220324545914
28,28_17,MW,17,1,1.0,-11.35869287125776,-12.062290373928706,-10.869600733585445,-12.346916635129087,-12.972417952015201
28,28_17,MW,17,2,1.5,-10.609156192051337,-11.343308336840316,-10.592979021993719,-12.24354554794646,-12.770239412608486
28,28_17,MW,17,3,2.0,-10.916863401416864,-11.142274582992759,-10.674189334239315,-12.221917459868964,-12.683224552729309
28,28_17,MW,17,4,2.5,-11.475661512197552,-11.476273838143403,-10.565104205731888,-12.110007490448453,-12.837806984614804
28,28_17,MW,17,5,3.0,-10.837867111584275,-11.615126989883779,-10.87038635924465,-12.188449199493498,-12.686860622393898
28,28_17,MW,17,6,3.5,-11.254215835935742,-11.314641016201264,-10.487382686550083,-12.062824870520446,-12.704427365348586
28,28_17,MW,17,7,4.0,-11.216154617931041,-11.498534365136646,-10.883204882597036,-12.156654737171865,-12.897498949914937
28,28_18,MW,18,0,0.5,-11.425132992123727,-11.522947916714067,-10.741522850437324,-12.282760729577316,-12.833910072438973
28,28_18,MW,18,1,1.0,-11.344741064801413,-11.321240902771184,-10.569091360815925,-12.212444202027264,-12.862925792427014
28,28_18,MW,18,2,1.5,-11.275361259754208,-11.523165801251523,-10.815572540946373,-12.1404925515558,-12.816259234008708
28,28_18,MW,18,3,2.0,-11.321602703883308,-11.271994433850471,-10.882782032843147,-12.177595813021895,-12.806140371870816
28,28_18,MW,18,4,2.5,-11.379217723279123,-11.773315691360812,-10.842793178395834,-12.309587871744355,-12.714075180684278
28,28_18,MW,18,5,3.0,-11.227204439037335,-11.695995581337634,-10.651516378021602,-12.25402487977812,-12.923558143280609
28,28_18,MW,18,6,3.5,-11.803215972377423,-11.797473931798029,-10.820325313109352,-12.355629400970033,-12.56705305197409
28,28_18,MW,18,7,4.0,-11.613764334850508,-11.685890357594134,-11.06279565842701,-12.332162129398776,-12.712288022755152
28,28_19,Focus,19,0,0.5,-11.36261313186293,-11.743653301618947,-10.62335038425024,-12.296179453267296,-12.759913680383441
28,28_19,Focus,19,1,1.0,-11.531569082216665,-11.658570166581008,-10.298894587368276,-12.27677249100848,-13.036291928961463
28,28_19,Focus,19,2,1.5,-11.505657526807486,-11.87146545791603,-10.444876964756466,-12.186123364493184,-12.897564168490144
28,28_19,Focus,19,3,2.0,-11.39300159944043,-11.496936825427218,-10.652172395454928,-12.266522459134565,-13.00794835807856
28,28_19,Focus,19,4,2.5,-11.076816997725167,-11.928428843322779,-11.559052478800643,-12.537531254419923,-12.894182638999855
28,28_19,Focus,19,5,3.0,-11.785022102781017,-11.710162879836167,-10.598713333465616,-12.306860409688284,-12.86643205470113
28,28_19,Focus,19,6,3.5,-11.412508103170993,-11.855934828909003,-10.81310083724212,-12.288349067642494,-12.854790336983742
28,28_19,Focus,19,7,4.0,-11.15211008578225,-11.438050468845502,-10.637325455683847,-12.166966034192864,-12.904930763897827
28,28_20,Focus,20,0,0.5,-11.281318795276825,-11.487581886511238,-11.120438906259077,-12.387037952421458,-12.568955910076777
28,28_20,Focus,20,1,1.0,-11.292583773035242,-11.638151289776896,-10.482939091674742,-12.29811028443713,-12.64886442421681
28,28_20,Focus,20,2,1.5,-11.360317452208289,-11.795920189733215,-11.077950441966431,-12.216460503467788,-12.767865911886238
28,28_20,Focus,20,3,2.0,-11.736768708662614,-11.737729619588947,-10.720600773381404,-12.133852946920092,-12.857413453001767
28,28_20,Focus,20,4,2.5,-11.284559896175923,-11.834581730432117,-10.945525438420662,-12.280669444284923,-12.813189375682281
28,28_20,Focus,20,5,3.0,-11.552919954858538,-11.4860821044264,-10.600551466966273,-12.358124359137534,-12.93375369367198
28,28_20,Focus,20,6,3.5,-11.779559017339412,-12.27967215721811,-11.168921732390334,-12.456986371248822,-12.845884036470354
28,28_20,Focus,20,7,4.0,-11.424932212992832,-11.581870237178498,-10.801553528122314,-12.248615264503703,-12.900780402084559
28,28_21,MW,21,0,0.5,-11.35733283849823,-11.300877875522778,-10.546759810472304,-12.16626392082835,-12.726106708115204
28,28_21,MW,21,1,1.0,-10.847009879214545,-11.937421169016346,-10.742929082545249,-12.283054049784905,-12.711879059283898
28,28_21,MW,21,2,1.5,-11.248339135942695,-11.839318941431882,-10.729666455436023,-12.279771662252058,-12.610120978048245
28,28_21,MW,21,3,2.0,-10.96460333141867,-11.871796452875708,-10.884203757744666,-12.37173882616819,-12.66284733891621
28,28_21,MW,21,4,2.5,-10.98884971035222,-11.827551510191263,-10.731739993514829,-12.314435418307003,-12.699282970566724
28,28_21,MW,21,5,3.0,-10.94482379312122,-11.698858749186845,-10.884270805786045,-12.370279654173572,-12.720013004542773
28,28_21,MW,21,6,3.5,-11.559647140008483,-11.78088379168278,-10.76074889810713,-12.189550723516609,-12.674783194654886
28,28_21,MW,21,7,4.0,-11.583545550518503,-12.118967284723837,-10.947351577244527,-12.322416713815123,-12.76414900083243
28,28_22,MW,22,0,0.5,-11.365552864829457,-11.81155748741406,-10.803686059192477,-12.249863969197373,-12.95928390169624
28,28_22,MW,22,1,1.0,-11.622819152762078,-11.99419429995058,-11.12781958694866,-12.280180653037718,-12.894311200252876
28,28_22,MW,22,2,1.5,-11.19836386335844,-11.601628993506958,-10.867223468945873,-12.325929922395348,-12.989897978848832
28,28_22,MW,22,3,2.0,-11.052080212197225,-11.48685343063162,-10.812841428924306,-12.103033965378541,-12.826596953662277
28,28_22,MW,22,4,2.5,-11.45869171315729,-12.106687757002017,-10.997407038429428,-11.979997173414391,-12.996898895110052
28,28_22,MW,22,5,3.0,-11.435233511618607,-11.51108577498536,-11.061342148994289,-12.224305254515318,-12.90072438325005
28,28_22,MW,22,6,3.5,-11.58642676023953,-11.6551371373064,-10.96576109161063,-12.107413918846893,-12.99504876300112
28,28_22,MW,22,7,4.0,-11.343326854536802,-11.86253067815147,-10.77011398397245,-12.15993920023488,-12.803930362365259
28,28_23,Focus,23,0,0.5,-11.396796260425749,-11.857788565919229,-11.177423495994375,-12.468845882052682,-13.012528539652068
28,28_23,Focus,23,1,1.0,-11.00040574102318,-11.590060165969343,-10.838464560494861,-12.324808157410551,-12.81122616843629
28,28_23,Focus,23,2,1.5,-11.527198340786926,-12.209001385522447,-11.568855694615882,-12.502154132602465,-13.139308829039862
28,28_23,Focus,23,3,2.0,-11.415816805293606,-11.92056330101811,-10.85248606031765,-12.310984420472849,-12.861092900471693
28,28_23,Focus,23,4,2.5,-11.490341061535442,-11.712189952025355,-11.24478957905641,-12.246159144850838,-12.874284508002756
28,28_23,Focus,23,5,3.0,-11.228367313756804,-11.773715850768953,-10.814985352816423,-12.374691955584677,-12.831889472543798
28,28_23,Focus,23,6,3.5,-10.686360948786021,-11.080729683928373,-10.98649230608678,-12.224389455028314,-12.930674812382188
28,28_23,Focus,23,7,4.0,-11.256235465417799,-11.159624107501674,-11.481254763135759,-12.450450804802509,-12.908602311723566
28,28_24,MW,24,0,0.5,-11.032485972670985,-11.683697558822587,-11.954273657713205,-12.680098705168405,-12.979965940882877
28,28_24,MW,24,1,1.0,-11.275419579033278,-12.32125850036184,-11.605354097995669,-12.208380952768342,-13.104151011538402
28,28_24,MW,24,2,1.5,-11.67989917332941,-12.144261849237699,-10.97647553242506,-12.196548231528846,-13.10714683416405
28,28_24,MW,24,3,2.0,-11.249430003855888,-11.732758502341165,-11.07494956603779,-12.368751257687704,-13.149359245799547
28,28_24,MW,24,4,2.5,-11.163728351011475,-11.847197534997681,-11.373336191108633,-12.596643311371638,-13.20299124986619
28,28_24,MW,24,5,3.0,-11.583504662229753,-12.063281279772523,-11.618214813277007,-12.70007489035705,-13.139592837393687
28,28_24,MW,24,6,3.5,-11.265357461144347,-11.944562206279343,-11.483195379860904,-12.52743815420034,-13.023819711366578
28,28_24,MW,24,7,4.0,-11.281733573393648,-12.105932485791698,-10.991902907379286,-12.384736769241986,-12.951126965817739
28,28_25,MW,25,0,0.5,-11.83377808720746,-12.2412665110774,-11.172833654530407,-12.494654968175016,-12.99120920608049
28,28_25,MW,25,1,1.0,-11.845984575649526,-12.029761803963318,-11.396203782455137,-12.400053150969125,-12.939362781655419
28,28_25,MW,25,2,1.5,-11.455418490718898,-11.722390797903344,-11.562771640363314,-12.515919782828437,-13.200734018115623
28,28_25,MW,25,3,2.0,-11.349566616989,-11.52114540711824,-11.971020901090414,-12.611274741417311,-13.266329230111706
28,28_25,MW,25,4,2.5,-11.069066921308949,-11.857347667094158,-12.13405749315707,-12.61585667908253,-13.225400343808525
28,28_25,MW,25,5,3.0,-11.331758098778353,-11.892747968491758,-11.680437738102238,-12.522362773268785,-13.020284875028652
28,28_25,MW,25,6,3.5,-11.336873753717525,-11.699560334510434,-11.908009547731682,-12.59114948469916,-13.125826095531876
28,28_25,MW,25,7,4.0,-11.403575730451154,-12.033585961540094,-11.37745974142014,-12.401570694602057,-12.914121854959374
28,28_26,MW,26,0,0.5,-11.065663989749735,-12.116707647823743,-12.348524025224648,-12.769615177064194,-13.208574558028458
28,28_26,MW,26,1,1.0,-11.21318258129807,-11.910746741528246,-12.080878507897287,-12.69574796955389,-13.351409452684825
28,28_26,MW,26,2,1.5,-11.207250114147037,-11.955059147339162,-12.097721258509937,-12.501621862621757,-13.209262780929441
28,28_26,MW,26,3,2.0,-11.16768550728856,-11.911476105624349,-12.182072822429832,-12.552080979539392,-13.248363964405577
28,28_26,MW,26,4,2.5,-11.554425168743164,-12.279981742574149,-12.085375139878131,-12.546451446243434,-13.152411148184017
28,28_26,MW,26,5,3.0,-11.988929838893522,-12.339558488432196,-12.080104050914425,-12.488262810845358,-13.169839640331238
28,28_26,MW,26,6,3.5,-11.404245709020168,-12.05176975380461,-11.394343950850404,-12.621950231429734,-13.217890450589774
28,28_26,MW,26,7,4.0,-11.612613266435634,-12.139987228384937,-11.825427713388523,-12.780806471833413,-13.176496617765448
28,28_27,MW,27,0,0.5,-11.443239954597596,-11.98057844268192,-11.440925487651066,-12.400073960327246,-13.132192949496469
28,28_27,MW,27,1,1.0,-11.486038989588206,-11.612099529454277,-11.000402100926934,-12.393324947235998,-13.091398176795678
28,28_27,MW,27,2,1.5,-11.01748695280102,-11.366396916023032,-11.021458383377912,-12.500918073174155,-13.116438339905626
28,28_27,MW,27,3,2.0,-11.322106764502678,-11.892115849931816,-11.069047025042764,-12.548392092943933,-12.782173809178003
28,28_27,MW,27,4,2.5,-11.3877378651096,-11.848787545166028,-11.15241414767449,-12.474625628802361,-13.084525711937998
28,28_27,MW,27,5,3.0,-11.752776718189754,-11.780547665791856,-11.115029920414518,-12.378179724753682,-12.857351623120351
28,28_27,MW,27,6,3.5,-11.324263228704888,-11.732208186058255,-10.689531731678487,-12.18728823543298,-12.761174766302013
28,28_27,MW,27,7,4.0,-11.470898650957633,-11.553317950204548,-10.683246178912292,-12.039669483635622,-12.529401999190497
28,28_28,MW,28,0,0.5,-11.442307690880192,-11.868094974017723,-11.978783403405654,-12.445617071474981,-12.9225699111246
28,28_28,MW,28,1,1.0,-11.240237596720181,-12.006525212323217,-12.055972779430538,-12.818258676654024,-12.938757121058364
28,28_28,MW,28,2,1.5,-11.199350167879407,-11.977497940790721,-12.01268798554857,-12.570602362636794,-12.843710720240352
28,28_28,MW,28,3,2.0,-10.825927278946516,-11.749319369197861,-11.652173190557459,-11.97065926830793,-12.909315268585694
28,28_28,MW,28,4,2.5,-11.448060668971717,-11.611734176240358,-11.160129136690134,-12.284585050433405,-12.761918808664028
28,28_28,MW,28,5,3.0,-11.338550764390867,-11.673431572781212,-11.02538976190648,-12.083719374955162,-12.74564323697482
28,28_28,MW,28,6,3.5,-11.227218982179116,-11.806970741329678,-10.845064482516552,-12.291145065160782,-12.808042178169211
28,28_28,MW,28,7,4.0,-10.161707881979636,-11.369579285919803,-10.881135462029563,-12.251121439422247,-12.623860411716068
28,28_29,MW,29,0,0.5,-11.171899951231902,-11.906882883228516,-11.99340005965582,-12.45518552128437,-12.827209861580583
28,28_29,MW,29,1,1.0,-11.462411480401116,-11.762480059253496,-12.189422230140838,-12.475993085855839,-12.814409680003054
28,28_29,MW,29,2,1.5,-11.641681652911384,-11.776225434096851,-12.043113888139978,-12.538370743374262,-12.846605360988754
28,28_29,MW,29,3,2.0,-11.525679086410182,-11.628277776476526,-11.9048010721666,-12.619038171523464,-13.080516881739898
28,28_29,MW,29,4,2.5,-11.66948656067659,-11.957444992243351,-12.09382609171168,-12.613212218411029,-12.896996508469961
28,28_29,MW,29,5,3.0,-11.703611487845313,-11.873360708678224,-12.407457591802704,-12.600512436239848,-12.948755897041373
28,28_29,MW,29,6,3.5,-11.629783878783812,-12.047584283714498,-12.153646141247599,-12.596109357843034,-13.038700794680393
28,28_29,MW,29,7,4.0,-11.737791354565797,-11.711900786668116,-12.007361409254012,-12.522013851276736,-13.09093544266767
28,28_30,MW,30,0,0.5,-11.410620211182337,-11.973052931721986,-12.166939968789448,-12.509435149897572,-12.87500562752726
28,28_30,MW,30,1,1.0,-11.438645780755559,-11.98353267662892,-11.917592308589871,-12.322771030247821,-12.683764227996381
28,28_30,MW,30,2,1.5,-11.523084235859557,-12.11086949035492,-12.188639943581142,-12.699594362120543,-12.636505880402254
28,28_30,MW,30,3,2.0,-11.406073556249735,-11.687569719914382,-11.895347426786362,-12.647823942330534,-13.05090347666547
28,28_30,MW,30,4,2.5,-11.388886389954633,-11.927787990084196,-12.039174386088796,-12.719202049524977,-12.889045130933598
28,28_30,MW,30,5,3.0,-11.548745319822862,-11.839831241372696,-12.159594336690477,-12.785440390672099,-12.772109044001322
28,28_30,MW,30,6,3.5,-11.678912869337065,-12.1763612019157,-12.075387976956867,-12.726610367006941,-12.87115684356503
28,28_30,MW,30,7,4.0,-11.720119942942937,-12.158968659831787,-11.917019158132394,-12.39056336759615,-12.761742330451044
28,28_31,MW,31,0,0.5,-11.396479108443293,-12.193793995568093,-11.405433191418908,-12.300406271051843,-12.980235063663839
28,28_31,MW,31,1,1.0,-11.646523519875235,-11.716897638804447,-12.207420359714757,-12.34293512350694,-12.829364304936176
28,28_31,MW,31,2,1.5,-11.65690316192122,-12.11361611673139,-12.222479329668205,-12.669499228081198,-12.984691909498665
28,28_31,MW,31,3,2.0,-11.32374043716162,-11.891632582026842,-12.35105727445429,-12.62864301242644,-12.883059457755074
28,28_31,MW,31,4,2.5,-11.42178927483784,-12.04861230061469,-11.711314524971034,-12.594233124596327,-12.654200929441437
28,28_31,MW,31,5,3.0,-11.336260344426284,-11.878967589426386,-12.548981117539356,-12.577436065526326,-13.089804474835349
28,28_31,MW,31,6,3.5,-11.461991243647466,-11.623483982308525,-11.8943156704416,-12.43959863603353,-12.971394388814254
28,28_31,MW,31,7,4.0,-11.522839265739405,-11.73125685929718,-12.10917526045749,-12.756309513513925,-12.959721054890442
28,28_32,MW,32,0,0.5,-11.272954173998512,-12.058731894667647,-11.685837191992581,-12.272930671090757,-12.967610700107734
28,28_32,MW,32,1,1.0,-11.662064208541683,-11.939219812531237,-11.857382937153064,-12.277192987553214,-12.922437481436077
28,28_32,MW,32,2,1.5,-11.633647691857172,-12.015594180914935,-12.04166982363064,-12.62937357542447,-12.984368555485693
28,28_32,MW,32,3,2.0,-11.32034022999692,-11.92899627405276,-12.188466716365898,-12.247933699190206,-13.077320798080434
28,28_32,MW,32,4,2.5,-11.186965387810147,-11.712104884471923,-11.96251680927707,-12.623831660549847,-13.239985505555524
28,28_32,MW,32,5,3.0,-11.000312856689826,-11.589162898971969,-11.975222930381396,-12.486556201342394,-12.871620823393606
28,28_32,MW,32,6,3.5,-10.899757092976762,-11.58405716971954,-12.034808901293834,-12.571076322158683,-12.95306314741725
28,28_32,MW,32,7,4.0,-11.45472551401668,-12.092112759442234,-11.602021922827939,-12.174522424525142,-12.873248892478554
28,28_33,MW,33,0,0.5,-11.704005111374682,-12.038963079810838,-12.381951377111987,-12.388293630753896,-12.711750045386385
28,28_33,MW,33,1,1.0,-11.389748231013732,-11.569950559923374,-12.266226312217672,-12.675704406127393,-12.846482482378919
28,28_33,MW,33,2,1.5,-11.581446807147634,-11.854735637844058,-12.190640233684654,-12.4931313666592,-12.876820886632778
28,28_33,MW,33,3,2.0,-11.603607427243858,-11.781146621547961,-11.990501843328182,-12.59373087499458,-12.922838949147067
28,28_33,MW,33,4,2.5,-11.342965481824272,-11.822724146944454,-12.129228423454688,-12.600674128604885,-12.808853783532282
28,28_33,MW,33,5,3.0,-11.459613870868266,-12.161692712135128,-12.295661524548702,-12.324441100500607,-12.92549754671994
28,28_33,MW,33,6,3.5,-11.59470386779328,-12.033201916857367,-11.557604324427249,-12.477781340869619,-12.83678667329819
28,28_33,MW,33,7,4.0,-11.624914270562517,-11.912913740490303,-12.097471556424656,-12.58442459934411,-12.836547850664283
28,28_34,MW,34,0,0.5,-11.472286190396241,-11.83720222935702,-12.04463709306105,-12.406173340865564,-12.851169041678505
28,28_34,MW,34,1,1.0,-11.290402449204091,-11.320609870345452,-11.926264120996127,-12.515044376580386,-12.803396847987257
28,28_34,MW,34,2,1.5,-11.278622448968365,-11.767871253328789,-11.913279757271091,-12.375427674318304,-12.437130172850148
28,28_34,MW,34,3,2.0,-11.234942019797401,-11.639232366234067,-11.849439839314254,-12.528870736446377,-12.724548225254805
28,28_34,MW,34,4,2.5,-11.390147511502303,-11.506386327602756,-12.171407163414326,-12.209558176509537,-12.81981968875932
28,28_34,MW,34,5,3.0,-11.197038490776729,-11.604663581838178,-11.468862800766223,-12.15257839967864,-12.691156319557143
28,28_34,MW,34,6,3.5,-11.37253155929984,-11.914163420227617,-11.814793845263953,-12.512822568457484,-12.856206290530883
28,28_34,MW,34,7,4.0,-10.931816729622449,-11.835074383268584,-12.037755957416474,-12.268692744802346,-12.665064884105034
28,28_35,MW,35,0,0.5,-11.221204650490321,-11.404562335136287,-11.657883907079917,-12.164882537619217,-12.454545308283745
28,28_35,MW,35,1,1.0,-11.139229118307005,-11.37507452387862,-11.7609280630343,-12.275345844374279,-12.700700708045288
28,28_35,MW,35,2,1.5,-11.042526766664768,-11.505060813409202,-11.73334731129638,-12.519705381549082,-12.530045526764148
28,28_35,MW,35,3,2.0,-11.264155479590887,-11.817755857056609,-12.036222146587386,-12.452407875245093,-12.699887669417485
28,28_35,MW,35,4,2.5,-11.420413857143375,-11.854123935714236,-12.065367954112972,-12.46535866441054,-12.927655105678049
28,28_35,MW,35,5,3.0,-11.348524615843315,-11.715963594432711,-12.016864425307109,-12.574946984321624,-12.884277961210756
28,28_35,MW,35,6,3.5,-11.150254692081882,-11.627779698024273,-11.966795889896277,-12.049089209628315,-12.528676859662292
28,28_35,MW,35,7,4.0,-11.595185418955595,-11.935956567009535,-12.265688515605003,-12.334462797008257,-12.921384847712474
28,28_36,MW,36,0,0.5,-11.21666060056452,-11.916874314904524,-11.915985164525033,-12.38950979383931,-12.845713155801473
28,28_36,MW,36,1,1.0,-10.96953100451843,-11.864020075113066,-12.055765987553341,-12.72045585453263,-12.887279003301325
28,28_36,MW,36,2,1.5,-11.527521706502814,-11.91475957256892,-12.3033875507089,-12.551022873089027,-12.864749179284779
28,28_36,MW,36,3,2.0,-11.36040142435649,-11.931924457117395,-12.122218435876668,-12.433279762602318,-12.842334078475496
28,28_36,MW,36,4,2.5,-11.516993174107066,-11.641523694962713,-11.790391488380756,-12.317733292946725,-13.01299520901611
28,28_36,MW,36,5,3.0,-11.05686371946665,-11.62629855961185,-11.376785893455619,-12.245389771429906,-13.052908500961877
28,28_36,MW,36,6,3.5,-11.334148611914218,-11.804518630353204,-11.334452265447101,-12.391468218439668,-13.067409150341586
28,28_36,MW,36,7,4.0,-11.116485309799947,-11.765669597123939,-11.948173710930904,-12.704786648440908,-13.062256128639842
28,28_37,MW,37,0,0.5,-10.9247528513168,-11.471925643940152,-12.207747188318855,-12.14290132334286,-12.693328974812031
28,28_37,MW,37,1,1.0,-11.402549733158333,-11.60998370896451,-12.14547968358792,-12.392788856427773,-12.858191151621439
28,28_37,MW,37,2,1.5,-11.314479642840134,-11.455614659486814,-12.008069800644943,-12.566442715994835,-12.73619402167318
28,28_37,MW,37,3,2.0,-11.366680433252206,-11.717745769229502,-11.967354839110858,-12.57081445309634,-12.797108282198717
28,28_37,MW,37,4,2.5,-11.217489640879567,-11.61823070661338,-11.905522134154037,-12.565137900976165,-12.904542272247564
28,28_37,MW,37,5,3.0,-11.32185731318376,-11.889818147522538,-12.040305928071101,-12.647254885148387,-12.912703454728467
28,28_37,MW,37,6,3.5,-11.376820393577477,-11.86672892048715,-12.178728263497476,-12.607153165721478,-13.02994466442845
28,28_37,MW,37,7,4.0,-11.501710318277686,-11.976281037504814,-12.18428893253203,-12.621016047159918,-12.9599860114873
28,28_38,MW,38,0,0.5,-11.253888335738838,-11.528184255177601,-11.617809687079289,-12.17964484616731,-12.452829780709022
28,28_38,MW,38,1,1.0,-11.618364770288363,-11.737420876838087,-11.957687626722803,-12.258843629282415,-12.464245719465476
28,28_38,MW,38,2,1.5,-11.204567005022232,-11.747177870388185,-11.927570201115694,-11.842994119092936,-12.047374181067205
28,28_38,MW,38,3,2.0,-11.257799837423738,-11.853343926329664,-11.683791042776964,-11.584984185664858,-11.72181589218383
28,28_38,MW,38,4,2.5,-10.82547456017707,-11.667609441108286,-11.946952015071629,-11.66048392937705,-11.84960955189555
28,28_38,MW,38,5,3.0,-11.046672152114741,-11.712525782310728,-11.761363966771636,-11.940919914439556,-12.078893398074005
28,28_38,MW,38,6,3.5,-11.216208459922223,-12.071623497717939,-11.486834561451774,-12.282719639780597,-12.54895933955621
28,28_38,MW,38,7,4.0,-11.45192147454191,-11.775639873534582,-11.645225809930146,-12.297433432132275,-12.691610650304593
28,28_39,MW,39,0,0.5,-11.32766105774561,-11.983978604305152,-12.095423715834153,-12.457263185498357,-13.178172416347447
28,28_39,MW,39,1,1.0,-11.338022031177408,-11.805623305513487,-12.32011014811489,-12.674060667101806,-12.973572706483102
28,28_39,MW,39,2,1.5,-11.333623445206214,-11.761466021967758,-12.013250350514937,-12.592486371128059,-13.069080285051896
28,28_39,MW,39,3,2.0,-11.130500138204587,-11.914497193278525,-11.75639077245992,-12.56325338973351,-12.926307658600344
28,28_39,MW,39,4,2.5,-11.40294710439772,-11.73859156438904,-12.143460572767205,-12.74870336565983,-12.995256928475772
28,28_39,MW,39,5,3.0,-11.237198316832075,-11.788557289811532,-12.043479834561209,-12.613608473625554,-13.045387460021994
28,28_39,MW,39,6,3.5,-11.238296290914315,-11.804708032127726,-12.049085586949532,-12.73901266200881,-13.099190803195023
28,28_39,MW,39,7,4.0,-11.331258136860502,-11.89787723101281,-12.450027220053697,-12.881838653213654,-13.158813797072595
2,2_0,Focus,0,0,0.5,-11.33425082786058,-11.990255574130932,-10.98085091874792,-12.2451359448858,-12.441176269459062
2,2_0,Focus,0,1,1.0,-11.4098379146183,-11.836704726009543,-10.983310720239608,-12.363546887898051,-12.505120869763974
2,2_0,Focus,0,2,1.5,-11.354483743661039,-11.846783487781396,-11.093367705246287,-12.37014358433148,-12.572719005791706
2,2_0,Focus,0,3,2.0,-11.43367511370178,-11.833072410194156,-11.026302063607917,-12.343160073431573,-12.554727094290552
2,2_0,Focus,0,4,2.5,-11.238166460935537,-11.933354621275129,-11.270106034035937,-12.301695446782922,-12.441712726944536
2,2_0,Focus,0,5,3.0,-11.809416658944336,-12.00985528151399,-10.851769177077355,-12.204410583097728,-12.333965481360545
2,2_0,Focus,0,6,3.5,-11.341923778623674,-11.9046089432998,-10.760287205845774,-12.366150228035883,-12.452236083175256
2,2_0,Focus,0,7,4.0,-11.404547918766642,-11.85037424848546,-10.757368916928048,-12.253615548625012,-12.396226076570143
2,2_1,Focus,1,0,0.5,-11.477727977395281,-12.108680781428545,-11.100573552040064,-12.471059197973409,-12.50805586149248
2,2_1,Focus,1,1,1.0,-11.319158114664015,-11.749849475088043,-10.927464427301901,-12.339404165951565,-12.500716653622753
2,2_1,Focus,1,2,1.5,-11.205627635528318,-11.870908437690685,-11.205716877318993,-12.443623510399043,-12.534387804663659
2,2_1,Focus,1,3,2.0,-11.558363734709499,-11.932349792403762,-11.262287384735082,-12.351064844055337,-12.57162139025703
2,2_1,Focus,1,4,2.5,-11.482402530630354,-12.114279946173957,-10.9281245027818,-12.423132601745554,-12.424862469964353
2,2_1,Focus,1,5,3.0,-11.660939909812376,-11.899694385317089,-11.045566676318835,-12.470627211810546,-12.625260873541752
2,2_1,Focus,1,6,3.5,-11.21762454402628,-11.94584153035736,-10.827010966989656,-12.366686753624132,-12.48232567317671
2,2_1,Focus,1,7,4.0,-11.210242678469779,-11.828601247358781,-11.057195311236265,-12.400642054432824,-12.595953188444046
2,2_2,MW,2,0,0.5,-10.671586743271067,-12.098859535923012,-11.157718033061226,-12.297619987951858,-12.588987237436314
2,2_2,MW,2,1,1.0,-10.569038802040996,-11.988341418851457,-11.400939379920805,-12.511704938705464,-12.5670649871609
2,2_2,MW,2,2,1.5,-11.065022790691426,-12.016807105334465,-10.756160914972185,-12.427307841080008,-12.634329123495116
2,2_2,MW,2,3,2.0,-11.187979009284074,-12.08656578800456,-10.75663670436957,-12.437522781683354,-12.69844338717382
2,2_2,MW,2,4,2.5,-10.914072977467162,-11.905501025730208,-10.79044916875327,-12.594270841196238,-12.632639336437759
2,2_2,MW,2,5,3.0,-11.00865702600153,-11.80918079412245,-10.918754445552928,-12.573488272799965,-12.66925707997882
2,2_2,MW,2,6,3.5,-11.286486881347281,-11.943344932030586,-11.126412004740796,-12.588981327239807,-12.579002314659842
2,2_2,MW,2,7,4.0,-11.322184552278436,-12.221978546541425,-11.19396484801654,-12.528994720500846,-12.600807615579114
2,2_3,Focus,3,0,0.5,-10.785610819583733,-11.824347144185026,-10.8028289284763,-12.50869069849675,-12.662460914353948
2,2_3,Focus,3,1,1.0,-11.349133315831391,-11.895468693980684,-11.038079774621622,-12.423133556648686,-12.647923348804646
2,2_3,Focus,3,2,1.5,-11.056428089379747,-11.583586161632715,-11.242580252283544,-12.45438375097608,-12.726673171126514
2,2_3,Focus,3,3,2.0,-11.002296460718862,-12.009062499249424,-11.117933820712365,-12.594718005706197,-12.632068306884955
2,2_3,Focus,3,4,2.5,-11.311656936570492,-12.024610645155862,-11.301816249839728,-12.57561366705287,-12.661803224303934
2,2_3,Focus,3,5,3.0,-11.419900126376273,-12.219853518312158,-11.307846970081348,-12.539297821826965,-12.699717215120234
2,2_3,Focus,3,6,3.5,-11.217753616533159,-11.908840066735564,-11.436072162123914,-12.363502704867614,-12.594674006220647
2,2_3,Focus,3,7,4.0,-11.082160757741505,-12.062641839833624,-11.073734314635628,-12.45482983191213,-12.687797333739852
2,2_4,Focus,4,0,0.5,-11.314271774618229,-12.105227199204055,-11.041141612390547,-12.64658468112801,-13.036034098840059
2,2_4,Focus,4,1,1.0,-11.117856291642786,-11.873140678847735,-11.040475722033557,-12.489178033927454,-12.824714193499062
2,2_4,Focus,4,2,1.5,-11.326770820528518,-11.969718141672777,-11.153195384183201,-12.625552628083657,-12.745063053939738
2,2_4,Focus,4,3,2.0,-11.234928913727787,-11.949101171096808,-11.172591096054852,-12.600477753991786,-12.945056209939397
2,2_4,Focus,4,4,2.5,-11.320804144058556,-11.948894761418881,-11.067192723096603,-12.578706314888082,-12.645022455375438
2,2_4,Focus,4,5,3.0,-11.206563847134154,-11.908248404400632,-10.998544893697776,-12.618244862991393,-12.87709767333835
2,2_4,Focus,4,6,3.5,-11.282193006744576,-11.815820063205289,-10.980173100742482,-12.596814973718155,-12.817171143385927
2,2_4,Focus,4,7,4.0,-11.11895336397268,-11.880303478930303,-10.903145498534068,-12.549494077464608,-12.816956354599816
2,2_5,MW,5,0,0.5,-11.603813483302137,-11.824203590366654,-10.789955218196818,-12.685681103852438,-13.04211353391834
2,2_5,MW,5,1,1.0,-11.03094721065117,-11.8941676132452,-10.80079086891736,-12.401106008007066,-13.06776681419632
2,2_5,MW,5,2,1.5,-10.925526391041593,-11.975147603894467,-10.786760091560984,-12.454525093913011,-13.0396874190726
2,2_5,MW,5,3,2.0,-10.983378675332926,-11.779301268616045,-11.161746135198213,-12.720608225662948,-13.059135352003599
2,2_5,MW,5,4,2.5,-11.108103820285727,-11.820606913797896,-11.370518126700155,-12.660337659815852,-13.166251646126742
2,2_5,MW,5,5,3.0,-11.33279931601482,-12.065588141673246,-11.80128418757207,-12.728686859460524,-13.10657070566151
2,2_5,MW,5,6,3.5,-11.261842209032332,-11.873081830682912,-11.259227876640812,-12.554340159360931,-13.048429713858184
2,2_5,MW,5,7,4.0,-11.08650980730218,-11.913914357781465,-11.21178150579364,-12.6593118526582,-13.033907864141522
2,2_6,MW,6,0,0.5,-11.118008155446235,-11.866999823503841,-11.535401269603552,-12.639957173636303,-12.699055372708274
2,2_6,MW,6,1,1.0,-11.159038397082922,-11.790637147831063,-10.916337415076983,-12.670988549578414,-12.956382622146013
2,2_6,MW,6,2,1.5,-11.268794536028324,-12.11023253455615,-11.175822186789635,-12.566325227577039,-12.960401446977022
2,2_6,MW,6,3,2.0,-11.247857446486671,-11.945580379059662,-11.060246137942828,-12.66036609571629,-12.953873321072894
2,2_6,MW,6,4,2.5,-11.378758040047986,-11.801706354860974,-11.204333309993226,-12.644349001048486,-12.919470903973735
2,2_6,MW,6,5,3.0,-11.185621913783017,-11.819705716088315,-11.229867880630572,-12.655165454167598,-12.905934584826603
2,2_6,MW,6,6,3.5,-11.134927302697525,-11.898126230048831,-10.940427555155377,-12.692145631431089,-12.987835948951037
2,2_6,MW,6,7,4.0,-11.346417294996101,-11.699317751063557,-11.071040874050068,-12.454886019849141,-12.981080204717978
2,2_7,Focus,7,0,0.5,-11.302633833876794,-12.067082287945723,-10.98709980012628,-12.747747871025787,-13.058962172767314
2,2_7,Focus,7,1,1.0,-11.373350298094483,-11.787106948767436,-10.950716240104924,-12.685407188728222,-13.1574241788527
2,2_7,Focus,7,2,1.5,-11.462704891841607,-11.958676345849224,-10.795951245352631,-12.656622988778464,-13.026643186591112
2,2_7,Focus,7,3,2.0,-11.355455406340933,-11.856845453930212,-11.315833078784113,-12.721922601226238,-13.113869577046904
2,2_7,Focus,7,4,2.5,-11.47010746473426,-12.071792414224149,-11.03367604585872,-12.67049833501326,-13.07683065644189
2,2_7,Focus,7,5,3.0,-11.103098350626324,-11.949747358189903,-11.030637886059267,-12.635618215885527,-13.024331624737444
2,2_7,Focus,7,6,3.5,-11.077137520783506,-11.777474188989665,-11.044532790529397,-12.693031789831966,-12.984542277408698
2,2_7,Focus,7,7,4.0,-11.182507514551512,-11.658168480317077,-11.302446914062822,-12.636676066297545,-12.866391878961274
2,2_8,MW,8,0,0.5,-11.349890244085078,-11.82131447115811,-11.1241839405402,-12.455187745786626,-12.78303907512511
2,2_8,MW,8,1,1.0,-11.072754775819249,-11.86201203793847,-11.074546198773447,-12.54391405072346,-12.672442325139665
2,2_8,MW,8,2,1.5,-11.256682521323462,-11.808643870099708,-11.121906596134728,-12.520033177555069,-12.700467009355982
2,2_8,MW,8,3,2.0,-11.127393688845084,-12.170540534246634,-11.10747923826369,-12.56438555059472,-12.65108247997535
2,2_8,MW,8,4,2.5,-11.409895877914305,-12.007767693723352,-11.397066300769207,-12.52825246338457,-12.689615196213373
2,2_8,MW,8,5,3.0,-11.444672461512235,-12.402142779322638,-11.443815853690118,-12.55776751303249,-12.717331906084492
2,2_8,MW,8,6,3.5,-11.332121430674121,-11.804012568857267,-10.765743998052999,-12.53335285272459,-12.667154136941514
2,2_8,MW,8,7,4.0,-11.300453019174805,-12.048748315935164,-11.021664223909406,-12.595985440744146,-12.798823623184036
2,2_9,MW,9,0,0.5,-11.038921001549186,-12.029054162050008,-11.12548444740639,-12.707671630920514,-12.793044379924167
2,2_9,MW,9,1,1.0,-11.220145929590274,-11.886327184620175,-11.222813984766931,-12.650389225122098,-12.723282281964869
2,2_9,MW,9,2,1.5,-11.594481767900518,-11.626229538952744,-10.98069875574755,-12.463440399136163,-12.56206833101552
2,2_9,MW,9,3,2.0,-11.329859078907543,-11.813050617801714,-10.99029992176355,-12.599897728161434,-12.717189193251063
2,2_9,MW,9,4,2.5,-11.373733602164783,-11.375618736894717,-10.943064522090236,-12.537143421715983,-12.793235745504811
2,2_9,MW,9,5,3.0,-11.431730031522216,-11.830100438941255,-11.275611420652615,-12.579773352824146,-12.785843994967678
2,2_9,MW,9,6,3.5,-11.439028997528444,-11.79900397072183,-10.868915148569133,-12.501537470581528,-12.809169427478468
2,2_9,MW,9,7,4.0,-11.305442740982643,-11.71466747678467,-11.165135846502041,-12.393257786378081,-12.735424884265115
2,2_10,MW,10,0,0.5,-11.478674220830143,-11.985800336839565,-11.34269387801036,-12.714830985177073,-12.997336580614025
2,2_10,MW,10,1,1.0,-11.512802814238706,-12.091631193448451,-11.52737747323593,-12.744784673900615,-12.983744762430367
2,2_10,MW,10,2,1.5,-11.582113840563585,-12.091362081501186,-11.532706454103964,-12.830410404988429,-12.970839319733196
2,2_10,MW,10,3,2.0,-11.392404904803758,-11.96379708097077,-11.841369716996178,-12.650217073261606,-12.986465652861636
2,2_10,MW,10,4,2.5,-11.52315943395338,-12.212467205649004,-11.014795305816248,-12.767306781368243,-12.947246566948898
2,2_10,MW,10,5,3.0,-11.31266049598582,-12.081675827419932,-11.200837060925073,-12.620330542374282,-13.019230823321772
2,2_10,MW,10,6,3.5,-11.320756765281812,-11.718565954130495,-11.057696692230481,-12.784094317917852,-12.886484011271843
2,2_10,MW,10,7,4.0,-11.623983474376168,-11.841304876803148,-11.018344141795396,-12.701009987723829,-13.103035925133517
2,2_11,MW,11,0,0.5,-11.384181349628784,-12.005914647076128,-11.02955154168565,-12.539871280443021,-12.989411108990586
2,2_11,MW,11,1,1.0,-11.226273214484713,-11.914584960901845,-11.225568254667339,-12.748978426597418,-12.910846300164245
2,2_11,MW,11,2,1.5,-11.257068041998972,-12.158252755663298,-10.790399245814253,-12.73868984123622,-12.963679323191041
2,2_11,MW,11,3,2.0,-11.024435348546666,-11.870748948275702,-10.737610180167342,-12.616207992338044,-12.93569585815979
2,2_11,MW,11,4,2.5,-11.005513198215564,-11.791376819132223,-10.967314834212234,-12.582682614468713,-12.799592347435695
2,2_11,MW,11,5,3.0,-11.25814168353247,-12.067506203662054,-10.9281896779238,-12.417307555839727,-12.917694170058398
2,2_11,MW,11,6,3.5,-11.30262727487443,-11.735814410753829,-10.923920084267818,-12.661647619213547,-12.874658199250872
2,2_11,MW,11,7,4.0,-11.49424567949883,-11.945299883174771,-11.336631996902085,-12.649275371660265,-13.043258483901656
2,2_12,MW,12,0,0.5,-11.392136303052654,-11.83330686401667,-10.942831808690695,-12.641998941002669,-12.981797499389401
2,2_12,MW,12,1,1.0,-11.491019238523002,-11.496724698457033,-11.161517614347764,-12.740373628371007,-13.14621488418849
2,2_12,MW,12,2,1.5,-11.09940850658527,-12.079862852028224,-11.133769290888138,-12.68775490345999,-13.066541848324432
2,2_12,MW,12,3,2.0,-11.167401571388817,-11.910126320577275,-10.961228496509293,-12.622371436963075,-13.005889986334584
2,2_12,MW,12,4,2.5,-11.229378053867908,-11.87053141293373,-10.965574846501816,-12.78781913962464,-12.94470167291692
2,2_12,MW,12,5,3.0,-11.38409725540354,-11.821457501348416,-10.940954708625593,-12.782118282676535,-13.04466189925826
2,2_12,MW,12,6,3.5,-11.387988061887791,-12.01895919942608,-11.199614038927084,-12.64547448633744,-13.019894361339222
2,2_12,MW,12,7,4.0,-11.38031386383932,-11.830545102727704,-11.125737675212813,-12.760799094163769,-13.001851726202258
2,2_13,Focus,13,0,0.5,-11.342766926854402,-11.809864454108284,-11.279029299771814,-12.752993418946769,-13.01048864654765
2,2_13,Focus,13,1,1.0,-11.51452846532455,-11.698874531836275,-11.138036008047704,-12.728781867286408,-13.10400454689191
2,2_13,Focus,13,2,1.5,-11.321095124660404,-11.799695051374991,-11.553687935583989,-12.76485900421332,-13.16831961534723
2,2_13,Focus,13,3,2.0,-11.311619625136121,-11.797826981116506,-11.587785317346576,-12.873435390891473,-12.992949342845424
2,2_13,Focus,13,4,2.5,-11.264450775050555,-11.799789735566522,-11.361910276848212,-12.736608642692055,-13.121383522603214
2,2_13,Focus,13,5,3.0,-11.150593301701333,-12.095290203815932,-11.2547743197089,-12.738640250306096,-13.121076045206703
2,2_13,Focus,13,6,3.5,-11.328385281346767,-11.9716325608833,-11.092962745326798,-12.685654536989022,-13.016877111107114
2,2_13,Focus,13,7,4.0,-11.333660145752638,-12.104260601279147,-11.184964692050148,-12.822280150503426,-13.100577434388446
2,2_14,Focus,14,0,0.5,-11.495009787042395,-11.779495660844375,-11.248643762127422,-12.761006233889738,-13.14063605388269
2,2_14,Focus,14,1,1.0,-11.5185671651727,-12.07695618749369,-11.290984116734887,-12.75304687494313,-13.158131801352932
2,2_14,Focus,14,2,1.5,-11.46280258022155,-12.018281418668378,-11.098830546167312,-12.830596689937462,-13.086595679061855
2,2_14,Focus,14,3,2.0,-11.685018880269284,-11.94201038506332,-11.151572460047115,-12.824319092678515,-13.113792506421433
2,2_14,Focus,14,4,2.5,-11.214834585152769,-11.974494103037154,-11.089324886889674,-12.717299512498142,-13.245929537981631
2,2_14,Focus,14,5,3.0,-11.13647964063409,-11.968544911878833,-11.343538399978065,-12.887545593033067,-13.121671492682019
2,2_14,Focus,14,6,3.5,-11.108222373374845,-11.52647397511808,-11.412911658215803,-12.78759672819782,-13.229411716531928
2,2_14,Focus,14,7,4.0,-11.47477686288661,-11.992168200233433,-11.22493545635138,-12.781101153260355,-13.192898744559738
2,2_15,MW,15,0,0.5,-11.256367187047747,-11.655107723230376,-10.841962401718503,-12.614844287450385,-13.1302873476229
2,2_15,MW,15,1,1.0,-11.43800011730278,-11.894334709169375,-11.521847805857389,-12.733359545077287,-13.085074738109217
2,2_15,MW,15,2,1.5,-11.371051572835048,-11.989600998372792,-11.331659373849202,-12.735913050328696,-13.14727238859965
2,2_15,MW,15,3,2.0,-11.430839974788768,-11.916187146340807,-11.371862926617306,-12.747361321178799,-13.203295665376565
2,2_15,MW,15,4,2.5,-11.429164588142477,-12.096561311265493,-11.122168013666464,-12.728281105509529,-12.98928688873317
2,2_15,MW,15,5,3.0,-11.318665384218061,-12.025399886965928,-11.310327548559085,-12.666106525325354,-13.090009153235838
2,2_15,MW,15,6,3.5,-11.362162077702001,-11.697074638581615,-11.480602972841282,-12.60711024752018,-13.089920868644244
2,2_15,MW,15,7,4.0,-11.358754723540558,-11.73015875110991,-11.196977864031416,-12.737751238523035,-13.13119668979524
2,2_16,MW,16,0,0.5,-11.32914732115502,-11.833074289269184,-11.326439788386313,-12.793944064727402,-12.993295034466533
2,2_16,MW,16,1,1.0,-11.400704098348086,-12.016972660023834,-11.713966553532533,-12.85323965132434,-13.046156078396228
2,2_16,MW,16,2,1.5,-11.265650979675975,-11.96783503476618,-12.199460083813108,-12.871231387684302,-13.099336716518918
2,2_16,MW,16,3,2.0,-11.193305493603972,-11.984851376835298,-11.427106032421745,-12.748281111565989,-12.959024177050088
2,2_16,MW,16,4,2.5,-11.315304728989025,-11.848961937872948,-11.20206877228347,-12.616469752057213,-13.125329909433598
2,2_16,MW,16,5,3.0,-11.413826485180063,-11.936833330914904,-11.17840008462245,-12.802788129542044,-13.192600339252117
2,2_16,MW,16,6,3.5,-11.25031966210914,-11.865310700529802,-11.143204554004036,-12.677814209563623,-13.110292842140124
2,2_16,MW,16,7,4.0,-11.523619520921693,-12.007434557791443,-11.473340848271658,-12.655442126479013,-13.144647121503592
2,2_17,MW,17,0,0.5,-11.507035115490229,-12.036956434902887,-10.950096402369638,-12.545027809539253,-13.093602103779276
2,2_17,MW,17,1,1.0,-11.566048416346469,-12.15458707828092,-11.113814716776265,-12.70968068409001,-13.062875834923718
2,2_17,MW,17,2,1.5,-11.512336769257404,-11.55595524608179,-10.881978726511186,-12.683453203134345,-13.045082811884003
2,2_17,MW,17,3,2.0,-11.629923535201286,-12.07964985114495,-11.41528015621168,-12.79935624782288,-13.154535050973136
2,2_17,MW,17,4,2.5,-11.540305435739292,-12.06736691034019,-10.76248664997292,-12.577620056083278,-13.090417316870424
2,2_17,MW,17,5,3.0,-11.285895572810693,-11.965326967004744,-11.172491352769208,-12.62222919101466,-13.120522635877354
2,2_17,MW,17,6,3.5,-11.626032334189052,-12.094967972164936,-11.177802404377776,-12.700847810924623,-13.072199991482893
2,2_17,MW,17,7,4.0,-11.199250708184454,-11.82097533468174,-10.791037647069073,-12.566064982704717,-13.145036752848235
2,2_18,MW,18,0,0.5,-11.464301224395424,-12.080446355861222,-10.92252605232195,-12.70912400414995,-12.986640770497816
2,2_18,MW,18,1,1.0,-11.374195677952455,-11.667011702097904,-11.292870592048478,-12.498760338408703,-12.843166151622352
2,2_18,MW,18,2,1.5,-11.233457316209195,-11.597895273520624,-10.925737906934481,-12.589256669765259,-13.021855654430192
2,2_18,MW,18,3,2.0,-11.178279732095097,-11.844944680881923,-10.886118948208173,-12.390275619394002,-13.133229953240445
2,2_18,MW,18,4,2.5,-11.310024782335462,-11.963929402952337,-11.44390106009711,-12.81629300664766,-13.189305142295922
2,2_18,MW,18,5,3.0,-11.192490833254675,-11.795941206858153,-11.385790091124347,-12.735793607337168,-13.107658978292708
2,2_18,MW,18,6,3.5,-11.403599723956122,-11.790339321990404,-11.15571027883282,-12.742930530964017,-13.13322733088529
2,2_18,MW,18,7,4.0,-11.364115266350655,-11.701956540379486,-10.984837065857194,-12.830512402828356,-13.139228712616369
2,2_19,Focus,19,0,0.5,-11.645361299147245,-11.922638865971386,-11.083221873458353,-12.614297802460982,-13.037909747732373
2,2_19,Focus,19,1,1.0,-11.430768525247823,-12.02871447280596,-11.182112191286347,-12.589449229822645,-12.934995808158707
2,2_19,Focus,19,2,1.5,-11.284908765485907,-12.063617691431519,-11.326139833652476,-12.750927510059308,-12.986575160796363
2,2_19,Focus,19,3,2.0,-11.319503219265766,-12.086740101013874,-11.423578265075456,-12.6869304124867,-13.052094931695354
2,2_19,Focus,19,4,2.5,-11.308202783102901,-11.858809734966966,-11.530592556704015,-12.573949425866891,-13.05477718559597
2,2_19,Focus,19,5,3.0,-11.269894127872337,-11.885014149458401,-11.433585164190697,-12.657407713445409,-13.017455337061497
2,2_19,Focus,19,6,3.5,-11.487733466522071,-11.60270238360031,-11.055640007724225,-12.728767097498777,-13.010164768949128
2,2_19,Focus,19,7,4.0,-11.166397761939864,-12.107027732539601,-11.071461835827462,-12.827851181774257,-13.113849831241955
2,2_20,MW,20,0,0.5,-11.477128866700943,-11.985335833373586,-11.009421152820838,-12.717694345284771,-13.145556501048311
2,2_20,MW,20,1,1.0,-11.163350289980233,-11.829519485144942,-11.074277256704075,-12.606203442075373,-12.998625450217663
2,2_20,MW,20,2,1.5,-11.10637691723435,-11.601845030896644,-11.030779968787128,-12.609879189437585,-12.952941832336538
2,2_20,MW,20,3,2.0,-11.361583095963537,-11.822937933866905,-11.269473063415237,-12.900731267315432,-13.145949242204201
2,2_20,MW,20,4,2.5,-11.447364244460328,-11.875834084786575,-11.034317263962048,-12.641338658780882,-13.123888045957957
2,2_20,MW,20,5,3.0,-11.611971476381381,-11.998865977857626,-11.253205275212048,-12.905514584234092,-13.040863513277968
2,2_20,MW,20,6,3.5,-11.529218438021156,-12.039334877038831,-11.722233873306351,-12.732988217097198,-13.23801045155391
2,2_20,MW,20,7,4.0,-11.357791150165909,-11.896933581320582,-11.568383266164957,-12.809732019675625,-13.172306802156468
2,2_21,MW,21,0,0.5,-11.497126844966388,-11.957722304574006,-12.259472731613881,-12.93446637528258,-13.103235165707472
2,2_21,MW,21,1,1.0,-11.655898762132054,-12.192192444580096,-12.185225070552962,-13.001320115745559,-13.308601403440695
2,2_21,MW,21,2,1.5,-11.237168771293897,-11.712599234829689,-11.767505417333679,-12.84479174919725,-13.16349522839073
2,2_21,MW,21,3,2.0,-11.314410986663342,-12.09935151142211,-11.52859680991034,-12.82675128512484,-13.270252623088625
2,2_21,MW,21,4,2.5,-11.651583565785417,-11.938740378353474,-11.895943674086894,-12.974739956446836,-13.301968885165573
2,2_21,MW,21,5,3.0,-11.689810201087607,-11.976917912417255,-12.160573357489032,-12.971689643051642,-13.136261169375182
2,2_21,MW,21,6,3.5,-11.331517937262204,-11.768479289431342,-12.46602757987072,-12.892222803574333,-13.220147570844281
2,2_21,MW,21,7,4.0,-11.42937977559629,-11.628322826572767,-12.100223255034177,-12.914207668185108,-13.269029721631385
2,2_22,MW,22,0,0.5,-11.403287347207225,-11.886130973819592,-12.305681022751546,-12.736988056100165,-13.182240618953081
2,2_22,MW,22,1,1.0,-11.529720605698722,-11.826967815247754,-12.295655035081952,-12.785733558463887,-13.063294303621106
2,2_22,MW,22,2,1.5,-11.718230671397635,-12.140418036687086,-12.294283114957508,-12.769746256108565,-13.03747174219166
2,2_22,MW,22,3,2.0,-11.682984510087982,-12.083091405837564,-12.50558362348616,-12.710534160727569,-12.958471213096702
2,2_22,MW,22,4,2.5,-11.48291695563108,-11.64865400463636,-12.230924683535251,-12.90341090816032,-13.187062574180962
2,2_22,MW,22,5,3.0,-11.589383331309458,-12.0089346658909,-12.01225700224579,-12.915131922445124,-13.063824774174273
2,2_22,MW,22,6,3.5,-11.03154151282709,-11.769196374205181,-12.390368587873109,-12.863833745209188,-13.11714438443835
2,2_22,MW,22,7,4.0,-11.147581114752832,-11.936986801411818,-12.368388653803375,-12.885711836673375,-13.103979987831602
2,2_23,Focus,23,0,0.5,-11.428869450132986,-12.122370977810585,-12.309723376843122,-12.85443385527345,-13.145358172634928
2,2_23,Focus,23,1,1.0,-11.435265972061599,-11.994677428779749,-12.4368884393451,-12.839888970532147,-13.025686891276992
2,2_23,Focus,23,2,1.5,-11.320488050530882,-11.772995552398301,-11.71706403135055,-12.910437755214366,-13.036582851140174
2,2_23,Focus,23,3,2.0,-11.187629297634148,-11.51467908957525,-12.313484891829805,-12.75275286533341,-12.97957626127122
2,2_23,Focus,23,4,2.5,-11.044935268036225,-12.129183692591315,-12.306698651381017,-12.640121193462862,-12.998592224488426
2,2_23,Focus,23,5,3.0,-10.90663648795867,-11.682899335223171,-10.815919463565367,-12.492464677449632,-13.066571567749474
2,2_23,Focus,23,6,3.5,-11.169866470848255,-11.813961015500842,-11.868723033430769,-12.91731398576674,-13.11185182080175
2,2_23,Focus,23,7,4.0,-11.426510662041443,-12.229091940841188,-11.898708783017552,-12.830223770624535,-13.072133788154407
2,2_24,MW,24,0,0.5,-11.480809792460274,-12.080802609191135,-11.755100980923583,-12.809509159633096,-13.12257277936229
2,2_24,MW,24,1,1.0,-11.367956563801343,-11.839132054975758,-12.38516044275141,-12.922708381169716,-13.144176018415381
2,2_24,MW,24,2,1.5,-11.346684780512152,-11.930640889744554,-12.180106680576232,-12.899880425322596,-12.923082845176435
2,2_24,MW,24,3,2.0,-11.721083670057956,-12.04278547714291,-12.053022786985656,-12.698776600934092,-13.11751613373403
2,2_24,MW,24,4,2.5,-11.40515130219628,-11.726902692906888,-11.238435020745898,-12.58605235209366,-13.085998001589997
2,2_24,MW,24,5,3.0,-11.539084564028952,-11.926275776440264,-11.187242962071679,-12.614424485469106,-12.909194715343624
2,2_24,MW,24,6,3.5,-11.648706397677492,-12.12427355538592,-11.601747989211816,-12.562768675884927,-12.99292781386941
2,2_24,MW,24,7,4.0,-11.33739052951749,-11.830334423703272,-11.488451168809659,-12.615119369653241,-13.054400043267972
2,2_25,Focus,25,0,0.5,-11.279329322191193,-12.048437161517253,-11.105188784718473,-12.780146710771103,-13.217359124103185
2,2_25,Focus,25,1,1.0,-11.440313971921842,-11.626494715318987,-10.817447019718967,-12.59520877098645,-13.165719357340274
2,2_25,Focus,25,2,1.5,-11.404268810633305,-12.156737994576117,-11.21250963901452,-12.843618340528604,-13.274213372886406
2,2_25,Focus,25,3,2.0,-11.482983363455864,-11.873736285651692,-12.098650909775277,-12.90357373698732,-13.252585524135462
2,2_25,Focus,25,4,2.5,-11.707394464006356,-11.999166743695378,-11.936133826924989,-12.881044481107942,-13.281608755493934
2,2_25,Focus,25,5,3.0,-11.329483452300169,-11.705740291486435,-11.801780800674075,-12.918110130057988,-13.135041834594611
2,2_25,Focus,25,6,3.5,-11.451818686466414,-11.574693795262718,-12.095918796569917,-12.797932188196615,-13.00478066039155
2,2_25,Focus,25,7,4.0,-11.567548426158618,-11.979783963720918,-12.460767401385375,-12.813890886875125,-13.195177952026784
2,2_26,MW,26,0,0.5,-11.391740211512138,-11.819957269052889,-12.187433218711963,-12.767926678870046,-12.890812236972593
2,2_26,MW,26,1,1.0,-11.426202998369051,-11.878821402153024,-11.980770310016826,-12.824965635660664,-13.001312778823058
2,2_26,MW,26,2,1.5,-11.63161707091439,-11.952183619306073,-12.143638312497439,-12.720355950802334,-13.01869234869017
2,2_26,MW,26,3,2.0,-11.677682243953484,-12.009537019786514,-12.18270112184265,-12.7964528242452,-12.922684045778166
2,2_26,MW,26,4,2.5,-11.448377456662339,-12.190936179170484,-12.448053237993054,-12.905037079430663,-13.15514226136629
2,2_26,MW,26,5,3.0,-11.2109547936715,-12.083605962215065,-12.357004690041855,-12.816925328930207,-12.952494962005781
2,2_26,MW,26,6,3.5,-11.598630913286886,-12.036597648928213,-11.915794895017134,-12.692643798020294,-13.026954922766327
2,2_26,MW,26,7,4.0,-11.281642607500267,-11.83299285579276,-11.916742800629482,-12.659546389807462,-12.992654898208054
2,2_27,MW,27,0,0.5,-11.365041877860246,-11.998489413983682,-11.184692515254731,-12.795459416785613,-13.22808435874293
2,2_27,MW,27,1,1.0,-11.478680638789827,-11.894062986370574,-11.736235098531058,-12.779620613684708,-13.157124602135344
2,2_27,MW,27,2,1.5,-11.75643323664412,-12.098705106500578,-11.444018884965763,-12.826689399357512,-13.343441910617857
2,2_27,MW,27,3,2.0,-11.544004217262344,-12.07005497347566,-11.66165341297166,-12.945550291653436,-13.283618036793042
2,2_27,MW,27,4,2.5,-11.575597608112622,-11.875471122766836,-11.801390067761877,-12.793161031362057,-13.231650681386286
2,2_27,MW,27,5,3.0,-11.720814003757866,-12.199177341723413,-11.307938137740637,-12.86738846718163,-13.248978926997125
2,2_27,MW,27,6,3.5,-11.533308865493838,-11.99596455464262,-11.372633641327058,-12.8269085995812,-13.25666588711749
2,2_27,MW,27,7,4.0,-11.572339853911512,-11.988831973688752,-11.478008821548869,-12.93895296620001,-13.342448783115096
2,2_28,MW,28,0,0.5,-11.467705335796735,-12.193183531799896,-12.416714103676766,-12.892702665584714,-13.216505476220515
2,2_28,MW,28,1,1.0,-11.361279494505002,-12.018053434352904,-12.219125935909853,-12.797598119030233,-13.297625545238041
2,2_28,MW,28,2,1.5,-11.371693632592292,-12.1907057545681,-12.170796765714957,-12.834979927590414,-13.329496271151005
2,2_28,MW,28,3,2.0,-11.648802621415058,-11.913418054156866,-12.281083470965594,-12.966257310100342,-13.271839349651588
2,2_28,MW,28,4,2.5,-11.288913514374096,-11.712963705608013,-12.013680573325187,-13.005416188855657,-13.202392291917368
2,2_28,MW,28,5,3.0,-10.90519500491561,-11.606684367311376,-12.03907985887647,-12.587947921596825,-13.229824252923764
2,2_28,MW,28,6,3.5,-11.455070727276933,-11.94465001246042,-11.975219710287615,-12.724100390408044,-13.350838677886482
2,2_28,MW,28,7,4.0,-11.368508434039107,-11.90093867971345,-12.289985106881515,-12.879930226132764,-13.316113578067526
2,2_29,MW,29,0,0.5,-11.483454490404913,-12.36672033770011,-12.321281773517798,-13.028138760497667,-13.207053110830568
2,2_29,MW,29,1,1.0,-11.458530205666364,-12.276983429864858,-12.42807009747223,-12.806357523657862,-13.123556571654623
2,2_29,MW,29,2,1.5,-11.54876460890068,-11.831542846798888,-12.535182013338012,-12.948450688564789,-13.206340869049408
2,2_29,MW,29,3,2.0,-11.678984329762034,-11.961353972214287,-12.311903595419297,-12.872438900149918,-13.326687617370013
2,2_29,MW,29,4,2.5,-11.5396465305441,-12.14648041953486,-12.474958835667888,-12.865745053477958,-13.285591662132564
2,2_29,MW,29,5,3.0,-11.593978457556076,-11.929154181974225,-12.396526280901423,-12.982772138655557,-13.26365368003229
2,2_29,MW,29,6,3.5,-11.392262254194872,-11.998264112133196,-12.364617337022823,-12.910452367359248,-13.18366707779242
2,2_29,MW,29,7,4.0,-11.369472239253357,-11.913060655109028,-12.144694079977928,-12.962317852198307,-13.180757473031472
2,2_30,MW,30,0,0.5,-11.55761051500218,-11.85965011626811,-12.289828135012407,-12.78933911828753,-13.119470565395403
2,2_30,MW,30,1,1.0,-11.378832556363884,-12.116777810235323,-12.304703503413883,-12.819909048566423,-13.258278342702742
2,2_30,MW,30,2,1.5,-11.454401704991694,-11.837820606520673,-12.339887939011835,-12.860038000891016,-13.212576483685998
2,2_30,MW,30,3,2.0,-11.422557450812555,-12.062631770628771,-12.004666249091816,-12.860088794569986,-13.2247785788178
2,2_30,MW,30,4,2.5,-11.5683394692262,-11.918147116995037,-12.218293518024318,-12.967622402760373,-13.289355401254259
2,2_30,MW,30,5,3.0,-11.426611637838501,-11.909977707142223,-12.397235797644624,-12.908412444181883,-13.263846313277199
2,2_30,MW,30,6,3.5,-11.508169168803848,-11.903143811038868,-12.21497992866925,-12.83359054824134,-13.187255835007875
2,2_30,MW,30,7,4.0,-11.71815667973991,-12.058203112191604,-12.555807877202062,-13.067120703872481,-13.243560165598575
2,2_31,MW,31,0,0.5,-11.436385249572922,-11.840642266692956,-12.399394404835883,-12.888762379938274,-13.201753059761751
2,2_31,MW,31,1,1.0,-11.230189716584583,-11.915132295805185,-12.223718902537533,-12.898400592605661,-13.193360649506616
2,2_31,MW,31,2,1.5,-11.02682305524432,-11.969199340328087,-12.242884493750179,-12.956091517965207,-13.229289782977766
2,2_31,MW,31,3,2.0,-10.856408330815206,-11.888780615128653,-12.16391863225786,-12.90485846345151,-13.215027051098732
2,2_31,MW,31,4,2.5,-11.14575022166732,-12.17683386660202,-12.345010058992232,-12.80083615263183,-13.198256422636057
2,2_31,MW,31,5,3.0,-11.639647778378093,-12.154494606565095,-12.55379074148363,-12.897037766631243,-13.184279035676875
2,2_31,MW,31,6,3.5,-11.184536525387058,-11.883891002241695,-12.2158515249677,-12.915500765916939,-13.248690238120204
2,2_31,MW,31,7,4.0,-11.086816297311056,-12.002452192903986,-12.03303631323248,-12.792498765349134,-13.24947434053615
2,2_32,MW,32,0,0.5,-11.669954432151536,-12.06983055961785,-12.137922482426562,-12.775609121548001,-12.94062200534606
2,2_32,MW,32,1,1.0,-11.395171963668998,-12.099920806112118,-12.415876287231162,-12.772279408702758,-13.020484888811444
2,2_32,MW,32,2,1.5,-11.345755437877097,-12.31043514284508,-12.473049992734298,-12.91122393339034,-13.054108738039554
2,2_32,MW,32,3,2.0,-11.462658125311386,-12.227965838261788,-12.323025979601487,-12.853715103931997,-13.258748293730859
2,2_32,MW,32,4,2.5,-11.310400334719946,-11.824475375336945,-12.32809016563529,-12.810881190076698,-13.116668977130676
2,2_32,MW,32,5,3.0,-11.497635953534745,-12.08357966446364,-12.227384209929717,-12.817761855677844,-13.14292133580673
2,2_32,MW,32,6,3.5,-11.58996566648476,-11.938629651790675,-12.261968064313482,-12.982395665238148,-13.26470807789192
2,2_32,MW,32,7,4.0,-11.162882193226196,-11.792692821469036,-12.192491927534132,-13.020616958440854,-13.17114999882821
2,2_33,Focus,33,0,0.5,-11.50251400799106,-11.951862957335651,-12.260079512868396,-12.663831536070308,-12.705074006644024
2,2_33,Focus,33,1,1.0,-11.49065292852063,-12.093595209176202,-12.207412174665983,-12.689159124779044,-12.710026104755459
2,2_33,Focus,33,2,1.5,-11.325248327842766,-12.24870499010411,-12.025880177138433,-12.79323024994539,-12.685957019999536
2,2_33,Focus,33,3,2.0,-11.553895888568402,-12.145380848649841,-12.115317730958617,-12.820396115648894,-12.734044870283759
2,2_33,Focus,33,4,2.5,-11.312149645554525,-12.02400218870455,-12.370303984535395,-12.657824207237882,-12.747019544025477
2,2_33,Focus,33,5,3.0,-11.406705526555498,-11.534544617248978,-11.61036300942632,-12.660292271654688,-12.875534823954505
2,2_33,Focus,33,6,3.5,-11.52740459109126,-12.41546101735387,-11.721687425910353,-12.635800091647297,-12.837428119274048
2,2_33,Focus,33,7,4.0,-11.308584407267603,-12.000577899503346,-11.801126968043784,-12.714172014009746,-12.858276583333595
2,2_34,MW,34,0,0.5,-11.599377674849695,-12.327599270169038,-12.007668799955024,-12.936494104221211,-13.279446260030774
2,2_34,MW,34,1,1.0,-11.245871043871007,-11.907963154439482,-12.446714396254222,-12.836565039710747,-13.186963241715523
2,2_34,MW,34,2,1.5,-11.225486070366488,-11.86888007969851,-12.477695105404855,-12.893583747399191,-13.160242122863174
2,2_34,MW,34,3,2.0,-11.090601338922164,-11.979772681067473,-12.205182368056338,-12.976603728303699,-13.16782212744781
2,2_34,MW,34,4,2.5,-11.516829650068367,-12.12367479464346,-12.415451985527435,-12.86795376380128,-13.290115380276271
2,2_34,MW,34,5,3.0,-11.253087952766961,-11.96113984108549,-12.176720312083992,-12.888557763561929,-13.343315353230107
2,2_34,MW,34,6,3.5,-11.21276143154156,-11.954626739930507,-12.270877318663567,-12.955451329743163,-13.259236557308098
2,2_34,MW,34,7,4.0,-11.347327414461661,-12.057254425109788,-12.040315093249399,-12.94301067825125,-13.22845881083823
2,2_35,MW,35,0,0.5,-11.565199259524414,-11.943623546365508,-11.897074428339385,-12.672828080198707,-13.176613306048363
2,2_35,MW,35,1,1.0,-11.525842891351195,-11.506641461879845,-12.284263931528475,-12.827314223921428,-13.089909656284547
2,2_35,MW,35,2,1.5,-11.44025918313675,-11.771744052528662,-12.056600137601855,-12.865149113323799,-13.1738516049108
2,2_35,MW,35,3,2.0,-11.485516790487647,-11.930206799357094,-12.20829915083712,-12.930607938215616,-13.208220914911056
2,2_35,MW,35,4,2.5,-11.34402273012938,-12.066281266908442,-12.540209852802043,-12.914172829465034,-13.165047087309544
2,2_35,MW,35,5,3.0,-11.611627253751093,-11.735404686075425,-12.168516405222435,-12.742203938418447,-13.04484170349365
2,2_35,MW,35,6,3.5,-11.064337805320207,-11.737049413087618,-11.906642484125651,-12.761112234055703,-12.971738448968445
2,2_35,MW,35,7,4.0,-11.481616556874265,-11.92918332206597,-11.252734186176843,-12.589102780677601,-13.187181945567158
2,2_36,MW,36,0,0.5,-11.498115207964483,-11.970172206904678,-12.110298876934495,-12.904668145583054,-13.116915681374625
2,2_36,MW,36,1,1.0,-11.151334042741926,-12.292853775083598,-11.783761478555618,-12.581330289689566,-13.039514535311318
2,2_36,MW,36,2,1.5,-11.08679476275906,-11.957752525087088,-12.361439715918126,-12.693118795725113,-13.094889752676226
2,2_36,MW,36,3,2.0,-11.482466935457449,-12.176528565797344,-12.122862059153412,-12.874418483880923,-13.155017963539603
2,2_36,MW,36,4,2.5,-11.223841194045,-12.178016327764015,-12.332272332187191,-12.863914896753672,-13.081708938688017
2,2_36,MW,36,5,3.0,-11.390551727264041,-12.242376249094164,-12.34276222140563,-12.879622141502495,-13.20219460834551
2,2_36,MW,36,6,3.5,-11.356338764539071,-11.76269669778168,-12.335384633202892,-12.829806017329087,-13.235114031562869
2,2_36,MW,36,7,4.0,-11.602859640502041,-12.137820555913335,-12.474322010656856,-12.925682956491263,-13.212266608898753
2,2_37,MW,37,0,0.5,-9.23340852609238,-11.227560613101653,-10.90152405376909,-12.288504075321555,-12.360486876342849
2,2_37,MW,37,1,1.0,-7.419628247546059,-10.848263018934606,-11.790346094935119,-11.235342049614495,-11.262514735927775
2,2_37,MW,37,2,1.5,-5.724672641147936,-6.780049004340702,-7.434709266257526,-8.210715076467503,-8.970717638948361
2,2_37,MW,37,3,2.0,-5.155160977468057,-6.426074715374575,-7.060314772155631,-7.9457495606583555,-8.597229574112893
2,2_37,MW,37,4,2.5,-7.248340922759128,-10.051670937110066,-10.786029823381167,-10.682635095903466,-10.71984951106173
2,2_37,MW,37,5,3.0,-8.32599131495131,-11.084812395855044,-11.514412650310257,-10.989454396597372,-11.051218873043908
2,2_37,MW,37,6,3.5,-9.478817926655422,-11.512387719249785,-11.888690746146509,-11.639804876786735,-11.539674255370464
2,2_37,MW,37,7,4.0,-10.024404098270951,-10.900782840631374,-11.611440465891407,-11.637085205051617,-11.613955839356825
2,2_38,Focus,38,0,0.5,-11.016703683651249,-11.982976169613929,-11.012679196603477,-12.696098487855007,-13.160893468680472
2,2_38,Focus,38,1,1.0,-11.39000065246481,-11.824613511252657,-11.126493875104654,-12.603687688057533,-13.149502240013101
2,2_38,Focus,38,2,1.5,-11.479603078386148,-11.970179115722562,-11.089926411416457,-12.608827423275377,-13.030776217346286
2,2_38,Focus,38,3,2.0,-11.692143068111822,-12.27500436408194,-11.144675393993717,-12.590085513454593,-13.03553473335055
2,2_38,Focus,38,4,2.5,-11.556741525732223,-11.985436808027547,-11.193001207753342,-12.750831824835723,-13.078310160109206
2,2_38,Focus,38,5,3.0,-11.709636747492397,-11.939664138111503,-11.242018268441216,-12.719947379939294,-13.243932505220368
2,2_38,Focus,38,6,3.5,-11.484882535669884,-11.642597728734396,-10.959063136810009,-12.707875468171807,-12.951472094569034
2,2_38,Focus,38,7,4.0,-11.729982671054714,-12.13595609474526,-11.530941680798888,-12.652320122423282,-13.139919146354602
2,2_39,MW,39,0,0.5,-11.564385594056997,-12.205703968626837,-11.007530211260434,-12.721183721158749,-13.010623676755058
2,2_39,MW,39,1,1.0,-11.370811304698751,-11.63411760257941,-10.701774264250398,-12.732215153615112,-13.153604622148865
2,2_39,MW,39,2,1.5,-11.593051916543656,-11.923986834192704,-10.933652059031651,-12.728045633826092,-12.968546990548846
2,2_39,MW,39,3,2.0,-11.632426837355407,-11.811170111983818,-10.882223171452626,-12.671106539866157,-12.99206456269235
2,2_39,MW,39,4,2.5,-11.396008135315649,-12.03030459425354,-11.221740645833629,-12.519069209814731,-12.829519017168952
2,2_39,MW,39,5,3.0,-11.615345774379785,-11.895761249866181,-10.986459308958265,-12.519313124340986,-12.833135903315897
2,2_39,MW,39,6,3.5,-11.345547120436649,-12.148337296083252,-11.1106110536754,-12.545449511470148,-12.657774491113523
2,2_39,MW,39,7,4.0,-11.63869327399546,-11.938795663225301,-10.9252837039398,-12.593143755928072,-12.681917923622237
3,3_0,MW,0,0,0.5,-11.04922387210096,-11.263209694978753,-11.206189663517776,-12.35034258285906,-13.055196583771902
3,3_0,MW,0,1,1.0,-11.369300956312992,-11.48150203848713,-10.926657688334377,-12.215207426990128,-13.001162329046196
3,3_0,MW,0,2,1.5,-11.26672959584419,-11.497621087036142,-11.069495232413637,-12.064219352325225,-13.101594886710481
3,3_0,MW,0,3,2.0,-11.372968799650659,-11.855673382555763,-11.270290031666795,-12.236870723514844,-13.085925885315916
3,3_0,MW,0,4,2.5,-11.562643729534312,-11.601943558160155,-10.903974955439645,-12.241678359575495,-12.995784664417107
3,3_0,MW,0,5,3.0,-11.525654958347555,-11.634951911058394,-10.502173372134887,-12.129627337852877,-12.989929710644903
3,3_0,MW,0,6,3.5,-11.411577548545498,-11.741546420232421,-10.560236610089921,-12.323258392221215,-13.002417241538021
3,3_0,MW,0,7,4.0,-11.590204230528949,-11.612240646688477,-10.672892358640059,-12.172456407476245,-13.03125601396126
3,3_1,Focus,1,0,0.5,-11.521042013540061,-11.782754623046873,-11.279101231980121,-12.390812657851253,-13.019812976375626
3,3_1,Focus,1,1,1.0,-11.084263316121532,-11.482466780054121,-10.914608478504386,-12.360212057953436,-13.004607194165182
3,3_1,Focus,1,2,1.5,-11.37956919148917,-11.500000668593756,-10.74620746079865,-12.1384015817996,-12.956936674679609
3,3_1,Focus,1,3,2.0,-11.438834031772432,-11.481261140955084,-10.5901608131134,-12.340371706394482,-12.946999845993863
3,3_1,Focus,1,4,2.5,-11.447659094819096,-11.67605626229131,-10.657086051392922,-12.30041442530285,-12.901650275684155
3,3_1,Focus,1,5,3.0,-11.031183160689997,-11.625183902295218,-10.9200908254489,-12.316435720115114,-12.898053039526204
3,3_1,Focus,1,6,3.5,-11.347462487208249,-11.376898393595326,-11.017170035714498,-12.295542929212834,-12.820975534863924
3,3_1,Focus,1,7,4.0,-11.340269251690414,-11.527442057573978,-11.019899450485916,-12.212222178299076,-12.97845038748909
3,3_2,Focus,2,0,0.5,-11.45021837329048,-11.665304579663713,-10.752182916259583,-12.14867179472736,-12.532109152770042
3,3_2,Focus,2,1,1.0,-11.243459439186687,-11.450342708262403,-10.743970058543859,-12.130364962701899,-12.679910923162597
3,3_2,Focus,2,2,1.5,-11.158225263426498,-11.346320174115897,-10.900544369666406,-12.34314507039785,-12.520890418178501
3,3_2,Focus,2,3,2.0,-11.306638113949456,-11.625554294413323,-10.914055939608312,-12.237537521948402,-12.758181968077755
3,3_2,Focus,2,4,2.5,-11.286754531750848,-11.64595274742876,-10.79756165348889,-12.233595575914787,-12.577627575903879
3,3_2,Focus,2,5,3.0,-11.635252696723546,-11.741840800996613,-10.898642456695809,-12.248499745474314,-12.598912932823461
3,3_2,Focus,2,6,3.5,-10.931982387300367,-11.528962974641155,-11.099789079159844,-12.28837767343416,-12.745676347106546
3,3_2,Focus,2,7,4.0,-11.477278780788257,-11.461289765772955,-10.789352441498457,-12.195220435201943,-12.66232393816516
3,3_3,Focus,3,0,0.5,-11.418054467855727,-11.349893164435997,-10.815981795545605,-12.155004993654455,-12.793864958317076
3,3_3,Focus,3,1,1.0,-11.19139300215924,-11.780039185891571,-10.682600459869212,-12.059223727581577,-12.442827754937275
3,3_3,Focus,3,2,1.5,-11.522029189965316,-11.890133515555,-10.814942922325143,-12.067210768605856,-12.58598129804912
3,3_3,Focus,3,3,2.0,-11.461445133806047,-11.563858472136737,-10.709782695517966,-12.233675585221302,-12.553108278393047
3,3_3,Focus,3,4,2.5,-11.567320380427969,-11.385236816467412,-10.60182931454757,-12.064067481538629,-12.499202822253299
3,3_3,Focus,3,5,3.0,-11.228518792559353,-11.687709502969648,-11.115237650620076,-12.184464358528798,-12.464239584185206
3,3_3,Focus,3,6,3.5,-11.339173031185005,-11.534803376807716,-10.975928860051562,-12.086879971439913,-12.632042471597668
3,3_3,Focus,3,7,4.0,-11.041481010698474,-11.61623477532807,-10.832246993585501,-12.298336458680796,-12.634217058326232
3,3_4,Focus,4,0,0.5,-11.524735010854076,-11.288600774404657,-11.147693671545207,-12.301906706036133,-12.573023238185145
3,3_4,Focus,4,1,1.0,-11.43843089017863,-11.700345126479878,-11.0476329848481,-12.25738247380124,-12.673391797557633
3,3_4,Focus,4,2,1.5,-11.36716515888963,-11.195292414446467,-11.189874724010869,-12.271808849851045,-12.67726479524763
3,3_4,Focus,4,3,2.0,-11.087698744516151,-11.584106798227827,-11.155526102871146,-12.148446182225868,-12.842759021616997
3,3_4,Focus,4,4,2.5,-11.29680380754702,-11.293064503607807,-10.783207610571448,-12.103339850641884,-12.686357250206713
3,3_4,Focus,4,5,3.0,-11.207803924530843,-11.421556259869964,-10.878628326885732,-12.225839369496725,-12.788871134459953
3,3_4,Focus,4,6,3.5,-11.355695623055562,-11.668407265442418,-10.922287727458242,-12.275001441753524,-12.740137383914554
3,3_4,Focus,4,7,4.0,-11.402896667275428,-11.764603345306789,-11.03995269311447,-12.218666572886487,-12.735212456908823
3,3_5,MW,5,0,0.5,-11.288893680849922,-11.721516579756466,-10.83741505174475,-12.20673721682505,-13.055649569398227
3,3_5,MW,5,1,1.0,-11.470309316218167,-11.808982748709203,-11.014701441859925,-12.34398782423495,-13.151332927310294
3,3_5,MW,5,2,1.5,-11.052931020536207,-12.1668592398502,-11.363641601463053,-12.482686750942108,-13.141258474004392
3,3_5,MW,5,3,2.0,-11.756363145391736,-11.967976898420678,-11.302863354789615,-12.405857683294473,-13.12232534296264
3,3_5,MW,5,4,2.5,-11.667742219824314,-11.562097332849454,-11.157976238621732,-12.33488644980431,-13.00492980469985
3,3_5,MW,5,5,3.0,-11.42226817473587,-11.72089520271958,-11.491854101452505,-12.481103863541728,-12.989043895201496
3,3_5,MW,5,6,3.5,-11.512844645032086,-11.67364768005571,-11.0851718590971,-12.355046484836567,-13.00289744497365
3,3_5,MW,5,7,4.0,-11.364983178676372,-11.675028179188372,-10.825765426497824,-12.365901210657453,-13.12322219445858
3,3_6,Focus,6,0,0.5,-11.524067560092625,-11.169028706612158,-10.980002602625245,-12.293946325321809,-13.171372870457777
3,3_6,Focus,6,1,1.0,-11.173832022335754,-11.497768631254136,-11.179497121454347,-12.302268142742145,-13.084343652141788
3,3_6,Focus,6,2,1.5,-11.47765312834104,-11.562720138225124,-11.118725725570128,-12.246134627027727,-13.049670769414215
3,3_6,Focus,6,3,2.0,-11.236672836184209,-11.425330431986318,-10.90615738994835,-12.049414273648456,-12.914769093946036
3,3_6,Focus,6,4,2.5,-11.283377858547288,-11.558289624139185,-11.113985613458476,-12.21218607903991,-12.945412653556005
3,3_6,Focus,6,5,3.0,-11.472863060495252,-11.460358960485811,-10.87883352934874,-12.362614957052626,-13.122868849950146
3,3_6,Focus,6,6,3.5,-11.510883977380796,-11.462795476126615,-10.543780361022113,-12.312350115726248,-12.963677180399753
3,3_6,Focus,6,7,4.0,-11.457168043438942,-11.766326090573443,-10.607980530687785,-12.25506678303346,-12.930758031600703
3,3_7,Focus,7,0,0.5,-11.597573166152277,-12.048428229413169,-10.847297328838861,-12.354277431986441,-13.324882368811872
3,3_7,Focus,7,1,1.0,-11.443856679435909,-11.496218305331888,-10.93920650803281,-12.448801449571567,-13.263547846887265
3,3_7,Focus,7,2,1.5,-11.644763102349138,-12.162434533071396,-11.178487457539651,-12.42129747405416,-13.14239419682021
3,3_7,Focus,7,3,2.0,-11.256802639186903,-11.777140721471442,-10.683444599417417,-12.344736070429645,-13.005818049132419
3,3_7,Focus,7,4,2.5,-11.330387526829135,-11.709905824512813,-10.81890410788177,-12.401123306632176,-13.20468336022541
3,3_7,Focus,7,5,3.0,-11.269074041881186,-11.416152922112074,-10.62408921356,-12.53045916366169,-12.997086573244948
3,3_7,Focus,7,6,3.5,-11.760260225362279,-11.75173606386343,-10.779561836936448,-12.51680832838221,-13.218283243216218
3,3_7,Focus,7,7,4.0,-11.543664196191411,-11.670802012980037,-10.737203274467786,-12.380679009890558,-13.225041432229293
3,3_8,MW,8,0,0.5,-11.462513169586675,-11.533087590077022,-10.881035563725456,-12.100738318750686,-13.014601465975177
3,3_8,MW,8,1,1.0,-11.50537412789928,-11.673886450104007,-10.763430107017186,-12.289011400016573,-13.022567745386217
3,3_8,MW,8,2,1.5,-11.539845075370064,-11.414969093872076,-10.707692784830101,-12.284104631476874,-12.985099535093289
3,3_8,MW,8,3,2.0,-11.70753703344138,-11.253495128874553,-10.990558855074614,-12.305007423501367,-12.879381356667446
3,3_8,MW,8,4,2.5,-11.263070765234486,-11.58560783243935,-11.19714865978917,-12.384387819596848,-13.013219930223519
3,3_8,MW,8,5,3.0,-11.535202870917153,-11.676890975556246,-10.836796889941233,-12.214391987420255,-12.96232845212496
3,3_8,MW,8,6,3.5,-11.426280208684139,-11.951158799062688,-10.91217461297422,-12.339729971777102,-13.031931028634483
3,3_8,MW,8,7,4.0,-11.413436788592008,-11.672138998937587,-10.873872148463883,-12.19765329960953,-12.897292146174426
3,3_9,Focus,9,0,0.5,-11.627286219118337,-11.522361594186204,-10.83009927582042,-12.378770671408109,-13.04768786068557
3,3_9,Focus,9,1,1.0,-11.228784757603078,-11.389279822260752,-10.757316521252873,-12.206193376844446,-13.030705185185548
3,3_9,Focus,9,2,1.5,-11.111313074540153,-11.082559277982279,-10.681847127281495,-12.351955900277726,-13.006099183514872
3,3_9,Focus,9,3,2.0,-11.128832068172578,-11.408222304085482,-11.00484545072011,-12.141710840185874,-12.918948838609632
3,3_9,Focus,9,4,2.5,-11.25482139850823,-11.017022393153072,-10.609365925069024,-11.991293018514934,-12.926084993197396
3,3_9,Focus,9,5,3.0,-11.427537059770772,-11.50180050621199,-11.060263185486242,-12.373918511962506,-13.044574026400358
3,3_9,Focus,9,6,3.5,-11.555574510156204,-11.822264609985295,-10.548198385921625,-12.423531321145456,-12.972662188868458
3,3_9,Focus,9,7,4.0,-11.341708190595337,-11.279292966321806,-10.782072389474386,-12.352856603862207,-12.981591146241678
3,3_10,MW,10,0,0.5,-11.127047383896354,-11.673820928115184,-10.977282504973271,-12.311272661935934,-13.093161916661105
3,3_10,MW,10,1,1.0,-11.581128867080244,-11.42252810967661,-10.83814369409869,-12.334319007408784,-13.10995519877454
3,3_10,MW,10,2,1.5,-11.358037001745046,-11.490981386330834,-10.813331371276545,-12.211299378273958,-13.02790554816617
3,3_10,MW,10,3,2.0,-11.668609163613263,-11.639018776375543,-10.54596761157733,-12.335842686250398,-13.011179833283494
3,3_10,MW,10,4,2.5,-11.506379453986018,-11.749821978253129,-10.976327384688796,-12.376484020464714,-13.120602728842487
3,3_10,MW,10,5,3.0,-11.607094935630927,-11.595330724332195,-11.06998647384745,-12.263614780037953,-13.185044315397711
3,3_10,MW,10,6,3.5,-11.47205236793996,-11.363329901259887,-10.906689241893883,-12.35165748933507,-13.162011380687224
3,3_10,MW,10,7,4.0,-11.735770937482421,-11.362905925960131,-10.856283927593967,-12.359237962211486,-13.219000695860737
3,3_11,Focus,11,0,0.5,-11.425884616331093,-11.391080277435265,-10.506197145140915,-12.226225099662186,-13.110831055369028
3,3_11,Focus,11,1,1.0,-10.913228489303096,-11.283212700499275,-10.965472772237137,-12.377909393659666,-13.143131601320173
3,3_11,Focus,11,2,1.5,-11.33137311937223,-11.71230635946787,-10.753809764980616,-12.23692038667961,-13.18911876962244
3,3_11,Focus,11,3,2.0,-11.342117695884019,-11.789005311914106,-11.072556686360734,-12.251667417501213,-13.136541330990285
3,3_11,Focus,11,4,2.5,-11.782055559838213,-11.445148905751688,-11.10929266664768,-12.363765586370139,-13.090196994075255
3,3_11,Focus,11,5,3.0,-11.636136452336542,-11.47046704773279,-11.188433595251157,-12.247963632040083,-13.143072298957541
3,3_11,Focus,11,6,3.5,-11.332604471961632,-11.673397930846688,-10.859523422149058,-12.335091045780803,-13.110342800399296
3,3_11,Focus,11,7,4.0,-11.255333478477885,-11.996862484220635,-10.853579878066963,-12.28923521773804,-13.161397233952659
3,3_12,MW,12,0,0.5,-11.465395421758274,-11.771432706448518,-10.960782929950195,-12.179950865932916,-12.842715175773556
3,3_12,MW,12,1,1.0,-11.322206428938422,-11.57235116401494,-11.270593917435642,-12.338315837639874,-12.793761881787447
3,3_12,MW,12,2,1.5,-11.199807317347595,-11.707924305378642,-11.441488398042011,-12.483102589873575,-13.05563758073124
3,3_12,MW,12,3,2.0,-11.585100757780392,-11.933912555832231,-11.189723287524183,-12.27628979404023,-12.865816784778483
3,3_12,MW,12,4,2.5,-11.399203513130853,-11.25544967400562,-10.540903595475033,-12.124887224439213,-12.78626226977951
3,3_12,MW,12,5,3.0,-11.47047509566963,-11.210812016823718,-11.16436704733268,-12.103902640720985,-12.959647267005641
3,3_12,MW,12,6,3.5,-11.35423812198538,-11.058807721329254,-11.10026145539983,-12.029589804229747,-12.90487452600715
3,3_12,MW,12,7,4.0,-11.362100427600453,-11.41841046158359,-10.532830848313594,-12.240851546980753,-12.909457063729153
3,3_13,Focus,13,0,0.5,-11.310656677341314,-11.737447246680787,-11.095722153473975,-12.432374382456668,-13.18205044055239
3,3_13,Focus,13,1,1.0,-11.550849295086037,-11.5954774262884,-10.807413543561182,-12.228493960473351,-13.260661513667772
3,3_13,Focus,13,2,1.5,-11.46671365300236,-11.531982542088539,-10.708258586755942,-12.006518326487432,-13.118585930622489
3,3_13,Focus,13,3,2.0,-11.318387511164996,-11.943047173990658,-11.024211031945555,-12.586906857710368,-13.212311092713405
3,3_13,Focus,13,4,2.5,-11.431605708319754,-12.333097403368624,-11.359685681295378,-12.34086972869904,-13.251601781847642
3,3_13,Focus,13,5,3.0,-11.653097124004756,-12.091570215732855,-11.276663469629142,-12.38676133757004,-13.263055071426143
3,3_13,Focus,13,6,3.5,-11.575668664682768,-12.064468256657653,-11.016576602778368,-12.491139576963123,-13.32701697616861
3,3_13,Focus,13,7,4.0,-11.414422166738923,-11.769142690741871,-10.972128671172229,-12.429255147863124,-13.234088781164024
3,3_14,MW,14,0,0.5,-11.030087175623335,-11.489145842331002,-10.844415579020584,-12.174105090456905,-12.86893719701974
3,3_14,MW,14,1,1.0,-11.282090866845072,-11.228571903607286,-10.6917339646206,-12.213651263358532,-12.903049223366184
3,3_14,MW,14,2,1.5,-11.606355187159522,-11.705983909025143,-10.969284676828268,-12.325045119378139,-13.023968954347376
3,3_14,MW,14,3,2.0,-11.321370853125764,-11.402393359638289,-10.797889718139668,-12.329276105865102,-13.021052174365332
3,3_14,MW,14,4,2.5,-11.396081107686046,-11.382482181572621,-10.801921859275122,-12.191827854509494,-13.04233100590676
3,3_14,MW,14,5,3.0,-11.54361793178624,-11.424609407105361,-10.538876594531754,-12.103846642574059,-12.955298611760819
3,3_14,MW,14,6,3.5,-11.481549338463973,-11.802314126316634,-11.005378127559872,-12.379722697510305,-12.691805613248341
3,3_14,MW,14,7,4.0,-11.227978127535165,-12.02862074885587,-11.148608482157005,-11.862845088706564,-12.06880086284504
3,3_15,Focus,15,0,0.5,-11.76687934048533,-11.676862823275167,-11.216225249799407,-12.178056160307166,-12.657182720114411
3,3_15,Focus,15,1,1.0,-11.648974181129036,-11.653941742885735,-11.12483287776036,-12.167694396224794,-12.538148327776035
3,3_15,Focus,15,2,1.5,-11.462303558733849,-11.758373268504977,-11.121299119545641,-12.24647800976438,-12.497222543724524
3,3_15,Focus,15,3,2.0,-11.241854693654538,-11.332971932215306,-10.818487909645677,-12.05024918695273,-12.636347581211625
3,3_15,Focus,15,4,2.5,-11.311276186110836,-11.800669181039295,-11.168720323514664,-12.191237859511588,-12.522111568439438
3,3_15,Focus,15,5,3.0,-11.29198125682902,-11.449613783994819,-10.835855700083822,-12.244018358164897,-12.492670742684707
3,3_15,Focus,15,6,3.5,-11.272570995045106,-11.432450410745725,-10.63622662474671,-12.17872324406884,-12.562559773729772
3,3_15,Focus,15,7,4.0,-11.541752379360435,-11.374144793524554,-10.949531223975287,-12.32848390964242,-12.520962470019152
3,3_16,Focus,16,0,0.5,-11.57094973571583,-11.780499045829744,-10.715367515389884,-12.373788947934443,-13.001991180724547
3,3_16,Focus,16,1,1.0,-11.57785462216102,-11.878613837467636,-10.908349544034534,-12.362947375807325,-12.991060725155947
3,3_16,Focus,16,2,1.5,-11.551851931202728,-12.0700504618449,-11.030807259819372,-12.404402320755587,-13.088594480140829
3,3_16,Focus,16,3,2.0,-11.485724162247337,-12.02795830355487,-10.913490011346678,-12.351850854613085,-12.95179150324485
3,3_16,Focus,16,4,2.5,-11.353429734080686,-11.414342751191816,-10.753843685131502,-12.115712474240985,-13.065847784252613
3,3_16,Focus,16,5,3.0,-11.046151855646922,-11.734947495965356,-10.980190113170227,-12.144304757682278,-13.040997524337469
3,3_16,Focus,16,6,3.5,-11.476699132538933,-11.651264679391003,-10.860209146795281,-12.32612727881614,-13.090350319779493
3,3_16,Focus,16,7,4.0,-11.174543754361377,-11.705224765085966,-11.218954221674664,-12.365439042014145,-13.059162395290048
3,3_17,MW,17,0,0.5,-11.469398494558849,-12.202202165572277,-11.17623427545363,-12.37983019989961,-12.911896065064084
3,3_17,MW,17,1,1.0,-11.230925766346854,-11.748699719023062,-11.179621268375355,-12.339673155907976,-12.894819652469918
3,3_17,MW,17,2,1.5,-11.502325575647504,-11.803142881060003,-11.151371555925781,-12.507109256856793,-12.979836834017163
3,3_17,MW,17,3,2.0,-11.64490672288553,-11.663911639812236,-11.059350848969304,-12.252270511892908,-12.924279379879486
3,3_17,MW,17,4,2.5,-11.319658802895768,-11.589610426004553,-10.81489226641849,-12.268626081228234,-12.924981298345168
3,3_17,MW,17,5,3.0,-11.102301294588985,-11.681806670219238,-11.095509467411599,-12.222945152026917,-12.774852140712808
3,3_17,MW,17,6,3.5,-11.725143511183594,-11.496057007345762,-10.727826907903777,-12.270310522314801,-12.968997024037641
3,3_17,MW,17,7,4.0,-11.281380030709697,-11.451275166706724,-10.797013425414333,-12.210634288451653,-12.855375232312218
3,3_18,Focus,18,0,0.5,-11.076908604397309,-11.528194439400592,-10.719766378726607,-12.365505911249446,-13.034467999465782
3,3_18,Focus,18,1,1.0,-11.596826487716626,-11.98957146884772,-10.930256872994496,-12.239987913804402,-13.195328429213223
3,3_18,Focus,18,2,1.5,-11.607312947939697,-11.928720075128489,-11.054610797728545,-12.09859928307082,-13.242395686310692
3,3_18,Focus,18,3,2.0,-11.568430702429316,-11.595917184858472,-10.575038465865147,-12.064820610443869,-13.103089308241923
3,3_18,Focus,18,4,2.5,-11.407527210699023,-11.747181593950401,-10.599659603943147,-12.327754968748986,-13.067350540838591
3,3_18,Focus,18,5,3.0,-11.51959732891516,-11.596677053682939,-10.898043678901281,-12.199341794933968,-13.06804380254296
3,3_18,Focus,18,6,3.5,-11.503511668774467,-11.578615091364805,-10.882728609358043,-12.210759311332156,-13.105705915497605
3,3_18,Focus,18,7,4.0,-11.344989006120219,-11.555864489144872,-10.583264540367791,-12.01973028267208,-13.189969705379445
3,3_19,Focus,19,0,0.5,-11.149938651697925,-11.840821566967321,-10.698830324777125,-12.416191995726892,-13.13582092457803
3,3_19,Focus,19,1,1.0,-11.78525160841052,-11.958132284833772,-11.097040713163254,-12.42857381179124,-13.132447780643007
3,3_19,Focus,19,2,1.5,-11.869206914892839,-11.851654317188924,-10.987980094320193,-12.381716526443576,-13.084316917080278
3,3_19,Focus,19,3,2.0,-11.617100902229891,-11.802860694216605,-10.981567249812807,-12.499845662155966,-12.970773947619808
3,3_19,Focus,19,4,2.5,-11.177793321417191,-11.514334826283399,-10.843490948000591,-12.383927800877906,-13.168420384933569
3,3_19,Focus,19,5,3.0,-11.392772523171663,-11.41991215972219,-11.023940566568262,-12.278812414107495,-13.014713963699519
3,3_19,Focus,19,6,3.5,-11.584452880500532,-11.55753394089002,-11.268766547461206,-12.436940016354187,-12.981761459449016
3,3_19,Focus,19,7,4.0,-11.17941507770029,-11.702363124446329,-10.946424767182652,-12.144338556618024,-12.952654969455795
3,3_20,Focus,20,0,0.5,-11.545568330959766,-11.67827441125117,-10.933036240239126,-12.389986581476832,-13.007995054455332
3,3_20,Focus,20,1,1.0,-11.707095277618553,-11.652207811401189,-10.924665080504008,-12.097113253604917,-13.026137254886093
3,3_20,Focus,20,2,1.5,-11.376103884422715,-11.729874528541725,-10.625275060793712,-12.285450471539448,-12.96887651074793
3,3_20,Focus,20,3,2.0,-11.376739453152263,-11.723323446098535,-10.819978148548108,-12.277968381543925,-12.891512890066588
3,3_20,Focus,20,4,2.5,-11.650869383715927,-11.914289400551038,-11.197672389142165,-12.369628322797714,-12.85155302186981
3,3_20,Focus,20,5,3.0,-11.532294982285702,-11.829475235479878,-10.749426601907329,-12.350213482017088,-12.954164598369285
3,3_20,Focus,20,6,3.5,-11.279681145663202,-11.383204429450824,-10.557360946867686,-12.350540182865076,-13.089374035313833
3,3_20,Focus,20,7,4.0,-11.551424090288728,-11.63038473584884,-11.11535655560535,-12.357303729984014,-12.985296186376921
3,3_21,Focus,21,0,0.5,-11.666477398583305,-11.916782431449612,-10.920057708466233,-12.292820944307154,-12.930542801032283
3,3_21,Focus,21,1,1.0,-11.682826716351249,-11.894156632824993,-10.959253922948154,-12.506542777597193,-13.058705962221996
3,3_21,Focus,21,2,1.5,-11.46262972384297,-11.815174705228474,-10.907083596599326,-12.443579133104846,-12.993209249126211
3,3_21,Focus,21,3,2.0,-11.523609906062957,-11.398444791363143,-10.826578086924243,-12.22957826658888,-13.141322776361921
3,3_21,Focus,21,4,2.5,-11.655313381982934,-11.848998880206702,-10.68224531058087,-12.413196231426003,-13.12355936249373
3,3_21,Focus,21,5,3.0,-11.548782993498664,-11.693597656464663,-10.760218055364723,-12.30064842307539,-12.982780874015496
3,3_21,Focus,21,6,3.5,-11.255149898308511,-11.336091741302232,-10.495364182342286,-12.233990290553868,-13.13419502740923
3,3_21,Focus,21,7,4.0,-10.881903911719974,-11.398609152371261,-11.004165924778091,-12.337041192402568,-13.048827181827557
3,3_22,MW,22,0,0.5,-11.322221129150906,-11.22683067127301,-10.849356399383781,-12.003984418957353,-12.565127718736088
3,3_22,MW,22,1,1.0,-11.44579840177152,-11.464709860401426,-10.600711694267776,-11.72909944090848,-12.521776701394899
3,3_22,MW,22,2,1.5,-11.710641306305106,-11.582647712764294,-10.747930547559752,-12.18009952378831,-12.737936604985217
3,3_22,MW,22,3,2.0,-11.604678862891747,-11.726014937102429,-11.13209155881783,-11.97949952849164,-12.554888664490766
3,3_22,MW,22,4,2.5,-11.341090002710125,-11.350540064273957,-10.89889500008109,-12.125425066708237,-12.631392315961413
3,3_22,MW,22,5,3.0,-11.478168030844811,-11.746653534014449,-11.00657380496891,-12.194714408585524,-12.791990327751476
3,3_22,MW,22,6,3.5,-11.625604662242997,-11.44906626547521,-11.184923752307784,-12.1700929690908,-12.732876023701
3,3_22,MW,22,7,4.0,-11.324873845311686,-11.124740746344292,-10.965100307420123,-12.045555891096114,-12.787575160350864
3,3_23,Focus,23,0,0.5,-11.367532295986317,-11.787540694395634,-10.567967262564375,-12.161513021532176,-12.451591243270503
3,3_23,Focus,23,1,1.0,-10.922587141298584,-11.645792345830293,-10.606651682295526,-12.294574104794732,-12.50969791080736
3,3_23,Focus,23,2,1.5,-11.556315867066548,-11.491188547693623,-10.804979148261147,-12.333098863656035,-12.791642741003244
3,3_23,Focus,23,3,2.0,-11.390208725815476,-11.241399043533823,-10.623137468677006,-12.196446630817075,-12.65104756197416
3,3_23,Focus,23,4,2.5,-11.154504277374572,-11.425944588443082,-10.707832219706091,-12.145218415725441,-12.663751897639253
3,3_23,Focus,23,5,3.0,-11.296388198259809,-11.157505471650618,-11.087169399689545,-12.08482139803993,-12.64008057920869
3,3_23,Focus,23,6,3.5,-11.665121420235167,-11.297925770059416,-10.557987769032204,-12.111870361467588,-12.792532427819651
3,3_23,Focus,23,7,4.0,-11.340315721385915,-11.317487890156956,-10.962933866077485,-12.119917288271035,-12.516439449326173
3,3_24,Focus,24,0,0.5,-11.327227088847954,-11.566669307205474,-10.644999893337085,-12.244276431136035,-12.9137738321593
3,3_24,Focus,24,1,1.0,-11.40391380637708,-12.160603517198913,-11.501704578080949,-12.490913851158343,-13.02022973760112
3,3_24,Focus,24,2,1.5,-11.329757693403558,-11.719067113520806,-11.086985219504822,-12.38124590558709,-12.912440357199653
3,3_24,Focus,24,3,2.0,-11.676248850070534,-11.83715049217212,-11.044887228243278,-12.218323555087279,-13.103381812525688
3,3_24,Focus,24,4,2.5,-11.45117046338165,-11.613483805467428,-10.70312822853053,-12.09663818808819,-12.991072727117759
3,3_24,Focus,24,5,3.0,-11.027161900983565,-11.550916118730497,-10.624533846050198,-12.13533021979142,-12.972007093642627
3,3_24,Focus,24,6,3.5,-11.338340772959663,-11.23726418309066,-10.974082183724152,-12.266382852391512,-13.029243800901822
3,3_24,Focus,24,7,4.0,-11.736749774552356,-11.942394493591815,-10.877422031783574,-12.394068875972986,-13.060606958974104
3,3_25,Focus,25,0,0.5,-11.47124912795161,-11.373247797950254,-10.738243811375504,-12.238405222493931,-12.75521741123799
3,3_25,Focus,25,1,1.0,-11.557144718330044,-11.587102695444115,-10.773311128898092,-12.320015485488382,-12.865515787792859
3,3_25,Focus,25,2,1.5,-11.426686930728431,-11.135360885980324,-10.927307185139624,-12.146207307299658,-12.578994802866957
3,3_25,Focus,25,3,2.0,-10.897432832950868,-10.868760320150452,-10.870867691334018,-12.127693974387437,-12.639459526408798
3,3_25,Focus,25,4,2.5,-11.189687336406841,-11.272663822763766,-10.45109162876858,-11.934132177366282,-12.545470889344287
3,3_25,Focus,25,5,3.0,-11.659816683375482,-11.712953984675602,-10.882622308921775,-12.270037702671962,-12.785048195870049
3,3_25,Focus,25,6,3.5,-11.595212922303784,-11.288786049250591,-10.602854995435843,-12.196124544852582,-12.727171162378612
3,3_25,Focus,25,7,4.0,-11.37746816309664,-11.633205054162438,-11.083947777366628,-12.275710568627858,-12.775697815824596
3,3_26,MW,26,0,0.5,-11.66571685368626,-11.829800563673583,-11.433464018515673,-12.538273367026111,-13.11224986996929
3,3_26,MW,26,1,1.0,-11.50745154762441,-12.041047321477373,-11.119131545908322,-12.41742819074594,-13.255768223428268
3,3_26,MW,26,2,1.5,-11.299581782501855,-11.794247011751892,-10.82079053742075,-12.174204107298426,-13.079588509732952
3,3_26,MW,26,3,2.0,-11.615725576954908,-11.71524846082939,-10.9381182037361,-12.287541690963568,-13.050224458042353
3,3_26,MW,26,4,2.5,-11.301146912617533,-11.44797041669656,-10.942162420943184,-12.169628177704363,-12.920195212525728
3,3_26,MW,26,5,3.0,-11.132580284708208,-11.293837186543051,-10.588980361543452,-12.178464162708131,-12.95988002932963
3,3_26,MW,26,6,3.5,-11.596458062658824,-11.152768486543332,-10.813014178191628,-12.004294457871065,-12.995596722502114
3,3_26,MW,26,7,4.0,-11.635005247639521,-11.360124095315273,-10.517932608404447,-12.139531155259537,-12.997464186724876
3,3_27,MW,27,0,0.5,-11.496694831379761,-11.25579281164461,-10.99859071660275,-12.246912129446363,-12.747570673054978
3,3_27,MW,27,1,1.0,-11.707316242598818,-11.56702462690089,-10.968313879898178,-12.095299114031699,-12.691227220768376
3,3_27,MW,27,2,1.5,-11.042483877072488,-11.119966473218824,-10.508166423111504,-12.115760391353424,-12.72786371806972
3,3_27,MW,27,3,2.0,-11.15296489220026,-11.276766185888452,-10.578502633210615,-12.133845864856506,-12.646310861123549
3,3_27,MW,27,4,2.5,-11.17891935371173,-11.209192245799132,-10.539657774011902,-12.271657080246076,-12.592063441714842
3,3_27,MW,27,5,3.0,-11.113680358040558,-11.545508159530584,-11.065764090998087,-12.200277033126897,-12.621101579060479
3,3_27,MW,27,6,3.5,-11.364259171589763,-11.647249663754083,-11.18842469017894,-12.287101793904021,-12.708275202487753
3,3_27,MW,27,7,4.0,-11.395894227697587,-11.341912621960576,-10.432732928387903,-11.996443191323097,-12.580259834545226
3,3_28,Focus,28,0,0.5,-11.525436716924888,-11.499821753201303,-11.113260626566031,-12.139558167755851,-12.532456261665322
3,3_28,Focus,28,1,1.0,-11.472175425659133,-11.282575939918992,-10.72480241682279,-12.164254934329493,-12.552219566154305
3,3_28,Focus,28,2,1.5,-11.52806931245659,-11.161734403583798,-10.7673501832758,-12.125524637115078,-12.696869138067427
3,3_28,Focus,28,3,2.0,-11.453529728954296,-11.888213690888499,-10.799227577077541,-12.271212707072394,-12.640081461945298
3,3_28,Focus,28,4,2.5,-11.620940328630882,-11.212099607291526,-11.113531165033926,-12.20400624388567,-12.544219654648435
3,3_28,Focus,28,5,3.0,-11.470951158170832,-10.884950988141698,-10.745741298595107,-12.12129372087779,-12.613118773895769
3,3_28,Focus,28,6,3.5,-11.293601636865949,-11.29731842608643,-11.158572705388837,-12.229202367729334,-12.60742513668998
3,3_28,Focus,28,7,4.0,-11.022532118022704,-11.101775070532312,-10.878497628109603,-12.207874623082724,-12.613739944448808
3,3_29,Focus,29,0,0.5,-11.395791706899855,-11.252477799799859,-10.779352240799133,-12.371803658423541,-12.583687093490056
3,3_29,Focus,29,1,1.0,-11.424746585564623,-11.577606284101979,-10.783784811052586,-12.11975192941071,-12.602481568154486
3,3_29,Focus,29,2,1.5,-11.381735820791612,-11.173167170793102,-10.664012509166563,-12.124645550274364,-12.651102658914484
3,3_29,Focus,29,3,2.0,-11.531171365023942,-11.570228804416073,-11.448484517896185,-12.207611114698512,-12.74795555834059
3,3_29,Focus,29,4,2.5,-11.361386723062092,-11.616539609780878,-11.283918219197,-12.332799308865125,-12.657798177176034
3,3_29,Focus,29,5,3.0,-11.425841225409044,-11.54850890329279,-11.148066659912088,-12.011346366548251,-12.569149341202236
3,3_29,Focus,29,6,3.5,-11.412981833110647,-11.556711650047703,-10.70121765362358,-12.039486244573324,-12.51700853612329
3,3_29,Focus,29,7,4.0,-10.938772589193182,-11.124892331737701,-10.733497353202969,-11.855623818246976,-12.597841945448483
3,3_30,Focus,30,0,0.5,-11.719036962136919,-11.881251477170316,-12.078842008246744,-12.61674204782303,-13.357267770714998
3,3_30,Focus,30,1,1.0,-11.461676723286462,-12.101694144545503,-12.196593756270353,-12.875176418808685,-13.394708720260619
3,3_30,Focus,30,2,1.5,-11.649027471673007,-11.936299574414797,-11.968758716598796,-12.636570941793362,-13.23071387789119
3,3_30,Focus,30,3,2.0,-11.828015847470946,-11.914886191955153,-12.105086462619484,-12.799480938093087,-13.227388075049525
3,3_30,Focus,30,4,2.5,-11.732896465769144,-11.868786696552224,-12.359860221666757,-12.966590573481053,-13.275132191106676
3,3_30,Focus,30,5,3.0,-11.434411142189033,-12.133809985064222,-12.464410339895592,-12.900435189984401,-13.24493373868966
3,3_30,Focus,30,6,3.5,-11.41410230954856,-11.847079715352043,-12.03772868643523,-12.52665783506249,-13.339853683356067
3,3_30,Focus,30,7,4.0,-11.433421087103653,-12.29953364833857,-11.413444723174896,-12.088503580543478,-13.202807516749015
3,3_31,Focus,31,0,0.5,-11.338777285112142,-11.372331522402956,-10.57157876545654,-12.154647619643749,-12.92534089838912
3,3_31,Focus,31,1,1.0,-11.529694196166888,-11.310507399800853,-10.73145674531773,-12.286237142902566,-12.95902661944007
3,3_31,Focus,31,2,1.5,-11.302526570914734,-11.701334852116695,-10.914514947774155,-12.33085701716139,-12.896567085236445
3,3_31,Focus,31,3,2.0,-11.541448783961963,-11.44344974166658,-11.502643009122378,-12.362532712946253,-12.891119180557366
3,3_31,Focus,31,4,2.5,-11.480064882414586,-11.157072340809536,-10.394993260963048,-12.181333449646672,-12.909945765548033
3,3_31,Focus,31,5,3.0,-11.83023175550925,-11.243630512977376,-10.603144522545568,-12.134780789124024,-12.967822935636626
3,3_31,Focus,31,6,3.5,-11.54401997113263,-11.44655747250996,-10.887056566072998,-12.37365433976936,-13.06771878341725
3,3_31,Focus,31,7,4.0,-11.490986027965379,-11.814240839961302,-11.384858126747108,-12.639749555576204,-13.045735926693194
3,3_32,Focus,32,0,0.5,-11.428323393462636,-11.15345919368877,-10.922261812159567,-12.038079830980003,-13.23208857868589
3,3_32,Focus,32,1,1.0,-11.503596981117735,-11.445741303311747,-11.403386651203636,-12.273795608758954,-13.04675301542051
3,3_32,Focus,32,2,1.5,-11.548643539854238,-11.691430133405465,-11.3928135282047,-12.27815242314637,-13.052552125628871
3,3_32,Focus,32,3,2.0,-11.689447701052378,-11.744728168819456,-11.396660514135188,-12.161571750944603,-13.171696110283278
3,3_32,Focus,32,4,2.5,-11.589768271827557,-11.71714389614229,-11.283393202673464,-12.22159727208647,-13.126108163703952
3,3_32,Focus,32,5,3.0,-11.474402060575477,-11.225562742399463,-11.333246356922192,-12.254790298460817,-13.130699737190389
3,3_32,Focus,32,6,3.5,-11.573192944232595,-11.413922000625735,-11.303691072232672,-12.085096900125677,-13.233202184908178
3,3_32,Focus,32,7,4.0,-11.486778368113288,-11.792581633788053,-11.60929452045208,-12.64324255013244,-13.216055594524923
3,3_33,Focus,33,0,0.5,-11.340097986140336,-11.77037249880195,-10.994145329635947,-12.295230508996125,-12.549474275597667
3,3_33,Focus,33,1,1.0,-11.510926673490838,-11.470358086374072,-10.878072230524387,-12.128987202454212,-12.485072514450646
3,3_33,Focus,33,2,1.5,-11.903056063101436,-11.478531236181468,-11.336785944254126,-12.149354405623143,-12.5310262455002
3,3_33,Focus,33,3,2.0,-11.599729236969875,-11.467968522733806,-11.043184551453347,-12.298139581413277,-12.502529756040689
3,3_33,Focus,33,4,2.5,-11.734478984001685,-11.628167630293328,-11.33952510625665,-12.270685502691359,-12.579212337644531
3,3_33,Focus,33,5,3.0,-11.776775081648353,-12.154877614149399,-10.9162635059402,-12.268002351368253,-12.572961727398216
3,3_33,Focus,33,6,3.5,-11.495073167434915,-11.51627431938684,-10.884144245906736,-12.233331899784629,-12.70518218045179
3,3_33,Focus,33,7,4.0,-11.451161341046951,-11.398359636955533,-11.07165473332588,-12.269548432280777,-12.54367960254851
3,3_34,Focus,34,0,0.5,-11.087922613674273,-11.150155306783915,-10.958987948613672,-11.807059205646365,-12.462796284698456
3,3_34,Focus,34,1,1.0,-11.001203875484062,-11.323629518832371,-10.94446388292754,-11.989459846682577,-12.571799091389197
3,3_34,Focus,34,2,1.5,-11.681867206311884,-11.999378170358352,-11.547561590563634,-12.439256672714983,-12.55509269886944
3,3_34,Focus,34,3,2.0,-11.849029893627108,-11.93181034266361,-11.794295860061235,-12.441777148078486,-12.570299289283302
3,3_34,Focus,34,4,2.5,-11.651167700627719,-11.564361882054875,-11.191366862066868,-12.23956262162386,-12.705533533247731
3,3_34,Focus,34,5,3.0,-11.815437763284496,-11.410581875055973,-11.064626310181625,-12.079395356443047,-12.432482393608689
3,3_34,Focus,34,6,3.5,-11.889701757310158,-12.361787782057446,-11.23099829478006,-12.364286120327964,-12.592052477158202
3,3_34,Focus,34,7,4.0,-11.761141139431663,-11.612793399642243,-11.331333570093884,-12.251278721374886,-12.419772327017828
3,3_35,Focus,35,0,0.5,-11.570826742455187,-12.048177156508006,-11.560083283042157,-12.08886762763423,-12.39546979870554
3,3_35,Focus,35,1,1.0,-11.295690469430587,-11.928262497556593,-11.00260040130073,-11.998615706458832,-12.501349087099598
3,3_35,Focus,35,2,1.5,-11.544492989653445,-12.062422001224416,-11.46031999821218,-12.16008453999262,-12.62753992349116
3,3_35,Focus,35,3,2.0,-11.487276100597834,-11.841549982197975,-10.920683255590161,-12.08470080265189,-12.385988601451125
3,3_35,Focus,35,4,2.5,-11.396242387253777,-11.740370281077514,-10.614290026880516,-12.058263111300688,-12.480923791388044
3,3_35,Focus,35,5,3.0,-11.360742767380865,-11.845601235522363,-10.760229252751259,-11.977088226129226,-12.589775822156499
3,3_35,Focus,35,6,3.5,-11.125875408420189,-11.44394973631229,-10.56253932581246,-12.147628371529741,-12.333983371018576
3,3_35,Focus,35,7,4.0,-11.367391654170572,-11.729978061884502,-11.165555639330874,-11.956271631853877,-12.490391948193666
3,3_36,Focus,36,0,0.5,-11.845442850255589,-11.807753050768875,-12.051643342258735,-12.535510943067885,-12.55390401695025
3,3_36,Focus,36,1,1.0,-11.595932478739504,-11.681819446023201,-12.098991600243437,-12.617554962269834,-12.672199760760156
3,3_36,Focus,36,2,1.5,-11.479788833240498,-12.061184519008824,-12.292830897942688,-12.671519629051641,-12.785139034385562
3,3_36,Focus,36,3,2.0,-11.307039266985583,-11.927771994905845,-11.791081342694804,-12.333655803179235,-12.864946831542353
3,3_36,Focus,36,4,2.5,-11.444575165223581,-11.947783336639198,-12.055896483504139,-12.56191734062635,-12.747784027084837
3,3_36,Focus,36,5,3.0,-11.288558933546808,-12.024879121747047,-12.166237186445619,-12.659303905797856,-12.933084203987539
3,3_36,Focus,36,6,3.5,-11.200789446986132,-11.91910630739676,-12.087573139806398,-12.31477199627452,-12.60689521373744
3,3_36,Focus,36,7,4.0,-11.345893979035896,-11.632170512793143,-11.182008507204264,-12.196012132282371,-12.668517017895871
3,3_37,Focus,37,0,0.5,-11.570645909434264,-11.747279554577672,-11.71065137401134,-12.296892846680933,-12.670767136891675
3,3_37,Focus,37,1,1.0,-11.747477884404846,-11.901677272805658,-11.388098262596388,-12.321317214730911,-12.694731929525998
3,3_37,Focus,37,2,1.5,-11.616604222208847,-11.877024567516699,-11.442096001621858,-12.30952292488592,-12.494187103689422
3,3_37,Focus,37,3,2.0,-11.608172461467099,-11.571047767026375,-11.557091339788858,-12.409096061172052,-12.3981420905326
3,3_37,Focus,37,4,2.5,-11.095337520836683,-11.0308720636483,-11.237586360486727,-12.111558725169862,-12.405775821533398
3,3_37,Focus,37,5,3.0,-11.367183207426661,-11.838052566311578,-11.323864106046658,-12.35578036116689,-12.305180234850525
3,3_37,Focus,37,6,3.5,-11.523163480895137,-11.546970640120778,-11.324844758200117,-12.395686828747811,-12.324432985385325
3,3_37,Focus,37,7,4.0,-11.773892135002223,-11.942712970642287,-11.73271561719918,-12.319111394630985,-12.382214313277103
3,3_38,Focus,38,0,0.5,-11.740251139417639,-11.919693633119829,-11.691277190646119,-12.260683202794327,-12.863552784752196
3,3_38,Focus,38,1,1.0,-11.666503460505195,-12.277539365876263,-12.022728258937837,-12.375628481411287,-12.967670746496195
3,3_38,Focus,38,2,1.5,-11.482030888749986,-12.071383539456795,-12.438378838625765,-12.611561529845078,-12.861274733592838
3,3_38,Focus,38,3,2.0,-11.691491979179593,-11.898267923080358,-12.209964180024484,-12.7055087806919,-12.924623302899994
3,3_38,Focus,38,4,2.5,-11.565439916348796,-12.06857944359445,-12.371827680992189,-12.768824405491786,-13.224443574941711
3,3_38,Focus,38,5,3.0,-11.642621690278155,-11.816730527504212,-12.0690971388117,-12.961595515135798,-13.20806244843228
3,3_38,Focus,38,6,3.5,-11.23395846038528,-11.37732941372598,-11.655576644901181,-12.647524315808793,-13.040991334060026
3,3_38,Focus,38,7,4.0,-11.493773977916089,-11.491512758883427,-12.022360729663937,-12.85846206705762,-13.18045154655132
3,3_39,MW,39,0,0.5,-11.682953047620178,-11.658170532763377,-11.78183655231964,-12.386658978194484,-12.897510719024758
3,3_39,MW,39,1,1.0,-11.770244216731212,-11.80724213082851,-11.87458810586649,-12.517315045361988,-12.945552670767121
3,3_39,MW,39,2,1.5,-11.78591412719221,-11.92085831226577,-11.788773324865938,-12.658273945953455,-12.878327349784913
3,3_39,MW,39,3,2.0,-11.575132242649046,-11.841390930222687,-11.652690617823499,-12.589387287202264,-12.518057816286056
3,3_39,MW,39,4,2.5,-11.517622239972367,-11.85473026947626,-12.245414454249746,-12.805292396766298,-13.113876665776742
3,3_39,MW,39,5,3.0,-11.684887976073256,-11.833859952196395,-11.878280030114578,-12.59152355740195,-13.09698375013678
3,3_39,MW,39,6,3.5,-11.701099390617605,-12.11477399051413,-12.078636845215394,-12.576627263012545,-13.032739306479384
3,3_39,MW,39,7,4.0,-11.471271261535076,-11.59229875892627,-12.141909074250158,-12.596770582356926,-12.953392968315987
5,5_0,Focus,0,0,0.5,-11.632226722952788,-11.947101772460199,-11.013180870684922,-12.541280988269671,-12.982614276721304
5,5_0,Focus,0,1,1.0,-11.478268392854199,-12.078616871960774,-11.427599666938644,-12.526772445599688,-12.940386573667936
5,5_0,Focus,0,2,1.5,-11.107119590279098,-11.915472003082586,-11.063258350903855,-12.453971311083906,-12.965533949376121
5,5_0,Focus,0,3,2.0,-11.294488119720153,-11.961807608081461,-11.117656920637778,-12.674270920394061,-13.034408209075334
5,5_0,Focus,0,4,2.5,-11.535651166140617,-11.900708709742752,-11.352692946720392,-12.599305034210927,-12.954606641447485
5,5_0,Focus,0,5,3.0,-11.073078283177498,-12.056513793867511,-11.109806468774172,-12.718125834485551,-12.86177494392536
5,5_0,Focus,0,6,3.5,-11.362041533466064,-12.226753742538255,-11.342460709375718,-12.678694073756905,-12.93302444819089
5,5_0,Focus,0,7,4.0,-11.27349430679443,-11.531020271898976,-11.309600737017053,-12.518137589958604,-13.198526970853905
5,5_1,Focus,1,0,0.5,-11.421597439163904,-11.867864860045245,-11.451803594207314,-12.478521701756934,-13.007509770403589
5,5_1,Focus,1,1,1.0,-11.496468307538581,-12.008677296212928,-11.455197746563437,-12.596516445395466,-12.97752955881721
5,5_1,Focus,1,2,1.5,-11.602978757441713,-12.06535687261785,-11.426290661021541,-12.703000481108123,-12.958664829856193
5,5_1,Focus,1,3,2.0,-11.285470780434498,-11.758578954085529,-11.172377663957318,-12.579740823143622,-12.978917416468327
5,5_1,Focus,1,4,2.5,-11.516260951846823,-12.056922334275157,-11.236026466306543,-12.70135596864716,-12.996516808817464
5,5_1,Focus,1,5,3.0,-11.081497845075281,-11.80260147911167,-11.299511097382442,-12.612596181243758,-12.992285985468632
5,5_1,Focus,1,6,3.5,-11.34672533088513,-12.072957895017572,-11.528033051329466,-12.58355460450306,-12.998147602767055
5,5_1,Focus,1,7,4.0,-11.198965776441883,-12.026181876826076,-11.642844406885642,-12.628698426530157,-13.116386731949797
5,5_2,Focus,2,0,0.5,-11.344118518056696,-11.711249448904086,-11.093083779265896,-12.441206353633074,-12.971234811516085
5,5_2,Focus,2,1,1.0,-11.393564029870491,-12.049342432667864,-11.035923391603626,-12.611230482991383,-12.994443270775331
5,5_2,Focus,2,2,1.5,-11.468122204803361,-12.233402480065916,-11.428343301674078,-12.606500471872025,-12.922581841612992
5,5_2,Focus,2,3,2.0,-11.309073314455999,-11.863315451019385,-11.085050851031845,-12.544805535808807,-12.890244121476398
5,5_2,Focus,2,4,2.5,-11.318254293584788,-12.00213900978903,-11.290549731902807,-12.504905651009024,-12.824210403237393
5,5_2,Focus,2,5,3.0,-11.325006482321891,-12.116946890055077,-11.104403376331202,-12.741515546955497,-12.886232057441596
5,5_2,Focus,2,6,3.5,-11.38671361220733,-12.07150188594593,-11.245906215106036,-12.456751121564709,-12.94121091646982
5,5_2,Focus,2,7,4.0,-11.439057244179722,-12.239822116925698,-11.504191617816188,-12.684473472915403,-12.928904359906328
5,5_3,Focus,3,0,0.5,-11.350672120857055,-11.852135671202811,-11.322471502794102,-12.636215457642649,-12.937650900372898
5,5_3,Focus,3,1,1.0,-11.348347204983241,-12.04723346223562,-11.58692279828514,-12.540116095483993,-12.980847367190446
5,5_3,Focus,3,2,1.5,-11.332734765778595,-11.931629600574142,-11.254261357295766,-12.599330242372172,-12.879534004308876
5,5_3,Focus,3,3,2.0,-11.595672741299474,-11.894647691443712,-11.336002652704257,-12.534220565694088,-12.964871455903182
5,5_3,Focus,3,4,2.5,-11.520282827818516,-11.992790479056522,-11.48399132585588,-12.576919400161344,-13.14227906204953
5,5_3,Focus,3,5,3.0,-11.44589027777219,-12.244668426322159,-11.397171511077739,-12.535980493644978,-12.962206391359668
5,5_3,Focus,3,6,3.5,-11.457702059507762,-11.910915535402419,-11.45451600452484,-12.622341889956678,-12.918776114540186
5,5_3,Focus,3,7,4.0,-11.452535055019649,-12.055260282832513,-11.574480556927881,-12.524649180848522,-12.88293187155312
5,5_4,Focus,4,0,0.5,-11.432610130515819,-12.230265465875332,-11.069029495509623,-12.49886759659773,-12.996816692099113
5,5_4,Focus,4,1,1.0,-11.389854663792466,-11.794854658288928,-11.226256330994746,-12.610488307862989,-12.943583627853076
5,5_4,Focus,4,2,1.5,-11.383287872018347,-12.055582361439358,-11.48256042763853,-12.582861180267498,-12.980986941578857
5,5_4,Focus,4,3,2.0,-11.399546102516696,-11.783822991083273,-11.122849193341763,-12.585459021846862,-12.902390372697864
5,5_4,Focus,4,4,2.5,-11.185773758306567,-11.552219553779077,-11.15296084397873,-12.601232270912138,-12.923767210721614
5,5_4,Focus,4,5,3.0,-11.08353552956979,-12.123024976977097,-11.744582330276609,-12.582074153366204,-12.957494083759348
5,5_4,Focus,4,6,3.5,-11.13096898199458,-11.82604123670377,-11.640129029567397,-12.61551229154451,-12.80196225943796
5,5_4,Focus,4,7,4.0,-11.377000670573189,-12.049229270915697,-11.59587856399462,-12.586330977707414,-12.910701866914591
5,5_5,Focus,5,0,0.5,-11.256240070986582,-12.031506571929938,-11.309605603606238,-12.5576595912638,-12.924431349007323
5,5_5,Focus,5,1,1.0,-11.388930095162753,-12.25041432876684,-11.260036291960306,-12.525741670012367,-12.963392335331086
5,5_5,Focus,5,2,1.5,-11.460042636944006,-11.929721311502172,-11.067456092386438,-12.382842514895378,-12.934087237089338
5,5_5,Focus,5,3,2.0,-11.51062167848563,-11.875537035575208,-11.254246566147078,-12.350584469617457,-12.915110542770115
5,5_5,Focus,5,4,2.5,-11.088509425808484,-11.768346235994283,-11.106447426470455,-12.480301698051809,-12.908639278223971
5,5_5,Focus,5,5,3.0,-11.069470539592373,-11.686650873757877,-10.895079680411566,-12.322699566197363,-12.87313194920003
5,5_5,Focus,5,6,3.5,-11.429097301345816,-11.85252712266954,-11.366952300701614,-12.55688036583062,-12.92366748261407
5,5_5,Focus,5,7,4.0,-11.469791056992939,-12.1656492673433,-11.234604873941423,-12.48627702474762,-12.972248865683685
5,5_6,Focus,6,0,0.5,-11.417150815749611,-12.003021564334553,-11.452218384712394,-12.565866330295577,-13.042845216753083
5,5_6,Focus,6,1,1.0,-11.765914666560784,-11.81913993327099,-11.119657617168038,-12.627776907702641,-13.167543441702929
5,5_6,Focus,6,2,1.5,-11.503689242568221,-11.766674560298481,-10.912494216699514,-12.42720483788949,-13.024460371311887
5,5_6,Focus,6,3,2.0,-11.54383390831628,-11.939743447674275,-11.16053054559612,-12.67455496174674,-13.079945012654102
5,5_6,Focus,6,4,2.5,-11.409685372190056,-12.043569251876074,-10.919564241392571,-12.638993252592833,-13.002459473996797
5,5_6,Focus,6,5,3.0,-11.556211346051489,-12.084810971332644,-11.223334473040929,-12.57609039338181,-13.061847518912659
5,5_6,Focus,6,6,3.5,-11.652624256189918,-11.91358130877807,-11.535464650290551,-12.728934329612404,-13.095350893540335
5,5_6,Focus,6,7,4.0,-11.458070766211172,-12.05148533245628,-11.479796419024295,-12.633563042975528,-12.969364528496993
5,5_7,Focus,7,0,0.5,-11.453953999946226,-12.010074337467781,-11.29611090861658,-12.546434783845067,-12.924496389190681
5,5_7,Focus,7,1,1.0,-11.258998816700403,-11.954185361366287,-11.357800499478676,-12.592861283942282,-13.034287799170038
5,5_7,Focus,7,2,1.5,-11.30512922527183,-12.335888728279183,-11.224255416653506,-12.547632732953673,-13.058354700489689
5,5_7,Focus,7,3,2.0,-11.478875904302303,-12.17705786008256,-11.552833048044342,-12.581235369312767,-13.071953333390043
5,5_7,Focus,7,4,2.5,-11.345570845265568,-11.765639043231483,-11.460386192847414,-12.574650652292375,-13.116011800518123
5,5_7,Focus,7,5,3.0,-11.380227262504416,-12.078046067784847,-11.371014182722131,-12.525813966294951,-13.021654098921559
5,5_7,Focus,7,6,3.5,-11.174907685251656,-12.034091985789894,-11.403668139856459,-12.651148565166535,-13.0453892336109
5,5_7,Focus,7,7,4.0,-11.369723254855163,-12.108099979746722,-11.27223459051812,-12.706747481574853,-13.195999224909409
5,5_8,Focus,8,0,0.5,-11.401401979654757,-11.903840304090815,-11.212749665799194,-12.559429261683958,-12.884687598163854
5,5_8,Focus,8,1,1.0,-11.417004258370978,-11.71938509105901,-11.121408066181488,-12.440010965750309,-12.966626217062675
5,5_8,Focus,8,2,1.5,-11.320398407488794,-12.010117532108021,-11.178575410579224,-12.474963136528821,-12.852211323847486
5,5_8,Focus,8,3,2.0,-11.033740544419832,-11.657589408631715,-11.181161073614692,-12.526083376859638,-12.865499132267786
5,5_8,Focus,8,4,2.5,-11.31880993293232,-12.02290583741226,-11.31249390503379,-12.585200040711824,-12.871552472628732
5,5_8,Focus,8,5,3.0,-11.044856118406695,-11.932807927908856,-11.034563887377445,-12.446909831314068,-12.95293911621591
5,5_8,Focus,8,6,3.5,-11.510472526677736,-11.926833642801027,-11.28126511082438,-12.62226185022128,-12.971172749569588
5,5_8,Focus,8,7,4.0,-11.376912743850593,-11.614075505206877,-11.335574012252707,-12.64378167154244,-13.0270688158648
5,5_9,Focus,9,0,0.5,-11.637923792597054,-12.174266082934432,-11.44639912236507,-12.708795126474897,-13.035840318427528
5,5_9,Focus,9,1,1.0,-11.591560380193844,-12.144235936057513,-11.215760806117636,-12.451415817271862,-12.835779449988069
5,5_9,Focus,9,2,1.5,-11.420441436721749,-11.959889811657737,-11.222568225832712,-12.337392137929127,-12.85593047328742
5,5_9,Focus,9,3,2.0,-11.334213074474063,-11.933859472246018,-11.112031783932014,-12.472211906468317,-12.849874636203646
5,5_9,Focus,9,4,2.5,-11.55819054954524,-12.061963382628605,-11.146289353177261,-12.398703647782673,-12.87590295532998
5,5_9,Focus,9,5,3.0,-11.730299974455386,-11.85514443214053,-11.029452228105104,-12.372315258531742,-12.898097139582417
5,5_9,Focus,9,6,3.5,-11.20212671421614,-12.178146877575067,-11.393350663973493,-12.531921613353397,-13.010948044912004
5,5_9,Focus,9,7,4.0,-11.509076513888244,-12.122454735536653,-11.154461905719566,-12.575681623445854,-12.874515645040736
5,5_10,Focus,10,0,0.5,-11.314300470857411,-11.920085086007001,-11.344434622170814,-12.659343245091032,-13.024961269274339
5,5_10,Focus,10,1,1.0,-11.523449048899874,-11.793733843782821,-11.148947050236371,-12.40950168178519,-12.985124647102191
5,5_10,Focus,10,2,1.5,-11.481760520198698,-12.284608119250443,-11.330510472410431,-12.607957240026455,-12.994814090896151
5,5_10,Focus,10,3,2.0,-11.368938994599201,-12.153230172725412,-11.304206766982906,-12.65324756523251,-12.97092870441809
5,5_10,Focus,10,4,2.5,-11.441422246590598,-12.186551990162863,-11.206010551215053,-12.601924614908114,-13.026600594327592
5,5_10,Focus,10,5,3.0,-11.391019614405177,-12.011545570239228,-11.458581008407705,-12.603800118264767,-12.974524396086656
5,5_10,Focus,10,6,3.5,-11.286974356935206,-11.94252738445405,-11.599119670487825,-12.601944203213916,-12.983346876265944
5,5_10,Focus,10,7,4.0,-11.341840208894372,-11.913770813376853,-11.129797400715374,-12.468474496577967,-13.016980803954834
5,5_11,Focus,11,0,0.5,-11.77169893978355,-11.989982205314158,-11.302131838153278,-12.476131778720166,-12.774298837752156
5,5_11,Focus,11,1,1.0,-11.39108591342093,-12.130498211772277,-11.271323525960623,-12.483127966332898,-13.015866100184242
5,5_11,Focus,11,2,1.5,-11.49495787923066,-12.015169565195018,-11.059132647821544,-12.43212514098166,-12.969544127758523
5,5_11,Focus,11,3,2.0,-11.430035832460723,-12.142178289096805,-11.388788812998495,-12.651210965595741,-12.973798077964817
5,5_11,Focus,11,4,2.5,-11.387823794512592,-11.807012876716781,-11.183380181313433,-12.687399560015193,-13.0462856051758
5,5_11,Focus,11,5,3.0,-11.638409993929832,-12.028535051904408,-11.002493302758156,-12.340327324661542,-12.900647293163084
5,5_11,Focus,11,6,3.5,-11.622915531080908,-11.974788673188213,-11.445358573149669,-12.63274945016599,-12.95913839000467
5,5_11,Focus,11,7,4.0,-11.739689275602855,-11.944573160575999,-11.872742866254931,-12.524305142698152,-13.011990437163961
5,5_12,Focus,12,0,0.5,-11.197711508733565,-11.830744707723849,-11.384358148005301,-12.429062324041746,-12.916841862971319
5,5_12,Focus,12,1,1.0,-11.271655965212029,-11.681071638296489,-10.780012769723948,-12.345315003687467,-13.000339837395149
5,5_12,Focus,12,2,1.5,-11.736380132668451,-11.852830152753512,-11.165436845514582,-12.545411935387218,-12.980858649633664
5,5_12,Focus,12,3,2.0,-11.416576337474256,-12.065828148544613,-11.35391252615373,-12.581659414316348,-13.029237315887066
5,5_12,Focus,12,4,2.5,-10.977395871253863,-11.68440313658521,-11.29706151265883,-12.41882842361931,-13.03397724641231
5,5_12,Focus,12,5,3.0,-11.290616039296127,-11.777432678695002,-11.73801964521953,-12.673236331354376,-13.010612283840373
5,5_12,Focus,12,6,3.5,-11.295475172896627,-12.062680642372568,-11.666130152315127,-12.781858042858403,-13.001321789211294
5,5_12,Focus,12,7,4.0,-11.463399100462706,-11.981477246871568,-11.912589558929957,-12.691925295138214,-13.051850357475615
5,5_13,MW,13,0,0.5,-11.399027259851973,-11.965369623050485,-12.267423007933491,-12.744887944449214,-13.156661679019736
5,5_13,MW,13,1,1.0,-11.216859155319938,-12.08659142501268,-11.999303627970878,-12.661806502095315,-13.100000786324701
5,5_13,MW,13,2,1.5,-11.602181293624614,-11.841463061655956,-11.903094023173264,-12.534197614995112,-13.17916021783667
5,5_13,MW,13,3,2.0,-11.628551818696078,-11.990845980020875,-12.175398404411505,-12.765844385982547,-13.161453964799005
5,5_13,MW,13,4,2.5,-11.4222844095836,-11.967176241887563,-12.294459985515084,-12.718238860216392,-13.056197334523933
5,5_13,MW,13,5,3.0,-11.428952122794998,-12.064229293362821,-12.265223124479306,-12.698085396522183,-13.13999606392468
5,5_13,MW,13,6,3.5,-11.421209787941299,-11.79842539392907,-12.182600585081952,-12.649921757880644,-13.266452547142826
5,5_13,MW,13,7,4.0,-11.40979001074845,-11.851016056968701,-12.098031022602633,-12.773674918974312,-13.193580018884179
5,5_14,Focus,14,0,0.5,-11.646921503461588,-12.182379810432169,-11.45335995459106,-12.687220004743088,-12.86321345539601
5,5_14,Focus,14,1,1.0,-11.483058242702093,-12.112756125188332,-11.468940663646414,-12.693239080255035,-12.924388749614959
5,5_14,Focus,14,2,1.5,-11.539248113309027,-12.01836157848923,-11.799741684155176,-12.6508981220129,-12.9576159710983
5,5_14,Focus,14,3,2.0,-11.76327205416596,-12.386389912903997,-11.51043271222109,-12.48982210010883,-13.007727558326172
5,5_14,Focus,14,4,2.5,-11.603995241343275,-12.368016782763997,-11.238592506023288,-12.674546304389589,-13.010027677148368
5,5_14,Focus,14,5,3.0,-11.505973790307465,-12.089550387044316,-11.205191136135287,-12.487095210907224,-13.078756400799826
5,5_14,Focus,14,6,3.5,-11.532662855972196,-12.046804285502128,-11.379921866653852,-12.572045774784595,-12.979294424528822
5,5_14,Focus,14,7,4.0,-11.290091011485199,-11.805875825321353,-11.119358773354204,-12.427757717841581,-13.104188299737027
5,5_15,Focus,15,0,0.5,-11.404111174378198,-12.018277950813328,-11.907227102314845,-12.66362771081179,-12.695399178697729
5,5_15,Focus,15,1,1.0,-11.449504398269116,-12.174986511209378,-11.60961399853636,-12.7006601460828,-12.852234522498062
5,5_15,Focus,15,2,1.5,-11.457510227541592,-12.14570620820984,-11.806535393837194,-12.503885291017237,-12.886765158318443
5,5_15,Focus,15,3,2.0,-11.036998428243313,-11.956589879099333,-11.735700108698515,-12.420350381848655,-12.743759593629303
5,5_15,Focus,15,4,2.5,-11.140926536973739,-12.069781000895329,-11.538923697461932,-12.551050623532419,-12.726961406612714
5,5_15,Focus,15,5,3.0,-11.51587327728058,-11.895493039679982,-11.650938592121094,-12.688095260491803,-12.662161957663574
5,5_15,Focus,15,6,3.5,-11.577133223163578,-12.257927554861324,-11.828398236787521,-12.480224668822434,-12.835089947966384
5,5_15,Focus,15,7,4.0,-11.299148469398052,-12.12151339743354,-11.730237247965222,-12.589559941305446,-12.82795998863391
5,5_16,Focus,16,0,0.5,-11.426747004894741,-11.460836705554975,-10.957056198621911,-12.40648710232867,-12.881296429189083
5,5_16,Focus,16,1,1.0,-11.457655540243657,-11.725529194382423,-10.845265023282295,-12.262573378414759,-12.877441089515708
5,5_16,Focus,16,2,1.5,-11.550519020492146,-12.076165946035962,-10.96936047199142,-12.443337326292012,-12.9168583889753
5,5_16,Focus,16,3,2.0,-11.569031414671088,-11.85360324286859,-11.121901968794567,-12.50957301786024,-12.915192849519933
5,5_16,Focus,16,4,2.5,-11.356435700469016,-11.636477668882046,-11.02625059774082,-12.423487122515755,-12.8537677674034
5,5_16,Focus,16,5,3.0,-11.26875461073257,-11.346458597307162,-10.787941312169067,-12.426808118725113,-12.874322104906442
5,5_16,Focus,16,6,3.5,-11.61615965781018,-11.786024625487865,-11.356860669602781,-12.538118029922007,-12.94406724407804
5,5_16,Focus,16,7,4.0,-11.639405304013875,-12.103892095449822,-11.513949182907156,-12.60982467797905,-12.975003117772168
5,5_17,Focus,17,0,0.5,-11.474803605210543,-12.051327147423466,-12.163626840368096,-12.566231039063911,-13.039298181893221
5,5_17,Focus,17,1,1.0,-11.482314103343874,-12.085322238814285,-11.818639986266165,-12.886429526417253,-13.034134655910934
5,5_17,Focus,17,2,1.5,-11.453738474904178,-11.877061286861402,-11.659756025718949,-12.772759905191464,-13.024861289620718
5,5_17,Focus,17,3,2.0,-11.54656981329739,-11.831522794099321,-11.86223312990072,-12.593256290167366,-13.095915109765437
5,5_17,Focus,17,4,2.5,-11.127982850846298,-12.23329247800499,-12.329961719734245,-12.781238969599652,-13.043472497418568
5,5_17,Focus,17,5,3.0,-10.741754431531927,-11.874689557010978,-12.242631645505176,-12.531789306308612,-13.008296602611384
5,5_17,Focus,17,6,3.5,-11.552980345810967,-12.296541723682868,-12.221029405396704,-12.45923895990304,-12.967041766709292
5,5_17,Focus,17,7,4.0,-11.427749745339336,-12.09808552767826,-11.879692564885927,-12.492887268072225,-12.89373933903917
5,5_18,Focus,18,0,0.5,-11.287914729627333,-11.592978233984631,-11.386462079528545,-12.514605372823567,-13.018801174991285
5,5_18,Focus,18,1,1.0,-11.407481384705278,-11.96723005840443,-11.733962325967106,-12.63259310970062,-12.97045411970209
5,5_18,Focus,18,2,1.5,-11.451260335725777,-12.059973681301312,-11.66748814595139,-12.718693172317616,-13.064320227311809
5,5_18,Focus,18,3,2.0,-11.461592178754646,-12.272716536521088,-11.252668826795674,-12.49053909186856,-13.065516144414884
5,5_18,Focus,18,4,2.5,-11.634287286857742,-12.035711511609328,-11.063276811545546,-12.538392504949021,-12.99330084744184
5,5_18,Focus,18,5,3.0,-11.466558899080507,-12.330151285728233,-11.0110374780961,-12.544904968237645,-12.965421627112757
5,5_18,Focus,18,6,3.5,-11.619449833909064,-12.085018312200464,-11.299760137689274,-12.613306132302963,-12.930026123982655
5,5_18,Focus,18,7,4.0,-11.490164824791892,-12.251916036717168,-11.020861156538107,-12.558392868736243,-12.975775786425165
5,5_19,Focus,19,0,0.5,-11.189945729734886,-12.18193305692039,-11.832783667257583,-12.404848576894517,-12.774534568506223
5,5_19,Focus,19,1,1.0,-11.371263867851642,-12.113947785712588,-11.430539417198535,-12.464609019585303,-12.84035411681265
5,5_19,Focus,19,2,1.5,-11.134080345259001,-12.023078401918337,-11.659741652904252,-12.549293933703817,-12.897514971662687
5,5_19,Focus,19,3,2.0,-11.210190384616899,-11.905524292361234,-11.3291549713642,-12.53413595498625,-12.93177597078325
5,5_19,Focus,19,4,2.5,-11.359990113638418,-12.111826987638935,-11.385964408730253,-12.489157666184942,-12.896302964040926
5,5_19,Focus,19,5,3.0,-11.561285375462184,-11.899053411620493,-11.337493029761958,-12.606553081170093,-12.992062747905527
5,5_19,Focus,19,6,3.5,-11.93638138951981,-11.946854963061286,-10.922828524329471,-12.421179645533838,-12.810135884711851
5,5_19,Focus,19,7,4.0,-11.263154442170425,-11.912898533050898,-10.973865746047528,-12.412299568857293,-12.879285540323325
5,5_20,MW,20,0,0.5,-11.188319467206048,-11.890034072725413,-11.781277404607929,-12.640716339933094,-12.846095496101505
5,5_20,MW,20,1,1.0,-11.197610413522694,-12.047121397095541,-11.909209264755594,-12.57246614708969,-12.897017202178272
5,5_20,MW,20,2,1.5,-11.572851002221482,-12.278814533922969,-11.977655887057775,-12.776005628150669,-12.933076088594747
5,5_20,MW,20,3,2.0,-11.572572158208695,-11.95758904898209,-12.101002209503978,-12.73355461899105,-12.818320048255423
5,5_20,MW,20,4,2.5,-11.42102835950958,-11.743493176657841,-11.72085040656579,-12.596969019140106,-12.771817906759319
5,5_20,MW,20,5,3.0,-11.436049701423896,-11.995922766488345,-12.131516762791387,-12.685211601275679,-12.885216413569815
5,5_20,MW,20,6,3.5,-11.313742657301061,-11.948071866073654,-11.932430534053346,-12.546674633603791,-12.967385997290453
5,5_20,MW,20,7,4.0,-10.634662115122513,-12.003321388131896,-11.998727090687579,-12.5867204265741,-12.746423397435695
5,5_21,Focus,21,0,0.5,-11.405027988366104,-11.868904701389951,-11.564879183236677,-12.634711234490755,-12.952329667395452
5,5_21,Focus,21,1,1.0,-11.452121780156746,-12.163764363891225,-11.78621240650923,-12.600001249019689,-12.983000030695088
5,5_21,Focus,21,2,1.5,-11.299972778816231,-11.820321814134171,-11.72889068477671,-12.614585511912205,-12.932120638985682
5,5_21,Focus,21,3,2.0,-11.580096897792378,-11.696629461573165,-11.852986477878337,-12.694157247150748,-12.930081302075632
5,5_21,Focus,21,4,2.5,-11.38040785243741,-12.144621066076917,-11.783396920590224,-12.680062632512717,-12.915758124136625
5,5_21,Focus,21,5,3.0,-11.580980779752537,-12.047315864191413,-11.742581128972521,-12.620978982992833,-12.978189894634616
5,5_21,Focus,21,6,3.5,-11.647944531769163,-12.187222679636083,-11.73318599887777,-12.724034117975387,-12.90853983856886
5,5_21,Focus,21,7,4.0,-11.613941379235479,-12.043841539134691,-11.413130903465145,-12.641548206125815,-12.953875678636232
5,5_22,Focus,22,0,0.5,-11.758930503531262,-12.087006314802576,-11.971681559666994,-12.846700865602966,-12.908851938791702
5,5_22,Focus,22,1,1.0,-11.484093919420106,-11.885124388748451,-11.980138964740311,-12.721478941439495,-12.997434938247858
5,5_22,Focus,22,2,1.5,-11.073341120690609,-12.015178825849958,-12.017171924541271,-12.67420340193213,-12.978121701752874
5,5_22,Focus,22,3,2.0,-10.810879997720257,-12.069031900541047,-12.051542741847811,-12.54138135751962,-13.024685609598146
5,5_22,Focus,22,4,2.5,-10.963882598384654,-11.876393699871075,-11.596244692187598,-12.378814835652275,-12.913463898888278
5,5_22,Focus,22,5,3.0,-11.619854250939117,-11.768885106755198,-11.7455147195436,-12.421141128979956,-13.035995913342383
5,5_22,Focus,22,6,3.5,-11.373219148593158,-11.811988190011798,-10.984861517051804,-12.354879802860863,-12.939141719366933
5,5_22,Focus,22,7,4.0,-11.593967078855583,-12.046667912315108,-11.124175307944068,-12.379303442774404,-12.993697215509583
5,5_23,MW,23,0,0.5,-10.994046137897213,-12.049437035682324,-11.963231638707947,-12.219110507941458,-12.79763086093723
5,5_23,MW,23,1,1.0,-11.501928709172944,-11.996986180511659,-11.651880163812846,-12.347486590186588,-12.902713538360205
5,5_23,MW,23,2,1.5,-11.286532399430738,-12.133294697451472,-11.695105618561742,-12.433170362378265,-12.720382029420199
5,5_23,MW,23,3,2.0,-11.602088020014365,-12.358909291379629,-11.560703927278281,-12.381802947422827,-12.82814372161098
5,5_23,MW,23,4,2.5,-11.622972106176087,-12.248537829694184,-11.410004106025944,-12.476969824402326,-12.857657794436891
5,5_23,MW,23,5,3.0,-11.718630795262682,-12.06892427166534,-11.551585566308416,-12.479246839966061,-12.999705697636752
5,5_23,MW,23,6,3.5,-11.604902270685669,-12.134486224985448,-11.395304269974273,-12.71839915096106,-13.014956147817957
5,5_23,MW,23,7,4.0,-11.385443050506742,-11.779000834233461,-11.469026933122167,-12.607051711458322,-12.949276594037833
5,5_24,Focus,24,0,0.5,-11.488763356179305,-11.970727166290294,-12.255146662144755,-12.862671660422631,-13.269173855523693
5,5_24,Focus,24,1,1.0,-11.219089306881617,-12.156842483026903,-12.353196098107036,-12.886940386221854,-13.148052284493694
5,5_24,Focus,24,2,1.5,-10.950017373395486,-12.072283999737705,-12.137389285905808,-12.69811694058809,-13.204961343867197
5,5_24,Focus,24,3,2.0,-11.37154734518567,-12.118329140802444,-11.973164251745555,-12.509964465110372,-12.983983677239596
5,5_24,Focus,24,4,2.5,-11.535995636418614,-11.93370528816293,-11.440423078909415,-12.614770056647084,-13.083705533124874
5,5_24,Focus,24,5,3.0,-11.641084653446045,-12.262638113247313,-11.575168914974945,-12.520353659451741,-13.082638650398094
5,5_24,Focus,24,6,3.5,-11.545054698960476,-11.796423340114302,-11.4122572846005,-12.517525633908853,-13.051802960964741
5,5_24,Focus,24,7,4.0,-11.577349496099043,-12.332222005183837,-11.137119288271133,-12.65960200924228,-13.022817608974787
5,5_25,MW,25,0,0.5,-11.335858449205965,-11.710601730898272,-11.781160394474053,-12.639414975370363,-13.255512280050464
5,5_25,MW,25,1,1.0,-11.357976476573139,-11.919561589517345,-11.704660621095343,-12.58883510434275,-13.204171782019326
5,5_25,MW,25,2,1.5,-11.367615603987385,-11.859003174803885,-11.426814134228854,-12.750620035110675,-13.048708133369667
5,5_25,MW,25,3,2.0,-11.338938257426625,-11.752393902802442,-11.703161434060442,-12.788721906204925,-13.185923970061124
5,5_25,MW,25,4,2.5,-10.72607362224868,-12.04318190344682,-11.945379922002378,-12.74212615236154,-13.058827438447606
5,5_25,MW,25,5,3.0,-11.447269189296296,-12.019362193502683,-11.919411861353208,-12.596057400836028,-13.259040588623192
5,5_25,MW,25,6,3.5,-11.432745051345812,-11.829004482653547,-11.375234091953377,-12.393882978392822,-13.034297193220231
5,5_25,MW,25,7,4.0,-11.344838941406714,-11.987238910243002,-11.42037684824178,-12.434264864882117,-13.218335791185169
5,5_26,MW,26,0,0.5,-11.434906386242476,-12.020381479728725,-12.152527799909116,-12.774416881493378,-13.107585109622283
5,5_26,MW,26,1,1.0,-11.109062119500173,-11.588350848275024,-12.122278988823409,-12.75193296535132,-13.23952480675425
5,5_26,MW,26,2,1.5,-11.645139416095782,-11.873513876219652,-12.1179038586878,-12.666945781784415,-13.171764701415313
5,5_26,MW,26,3,2.0,-11.26434589074871,-12.174439514153798,-12.223958752676973,-12.862118775898391,-13.204366665750403
5,5_26,MW,26,4,2.5,-11.680953327474942,-11.977316512987898,-12.485515480626448,-12.812261842554381,-13.039708777363375
5,5_26,MW,26,5,3.0,-11.413027104493304,-11.68324374378176,-11.968379262281235,-12.732488473609845,-13.129128343288013
5,5_26,MW,26,6,3.5,-11.46095932695882,-12.221015477680362,-12.03923342765038,-12.881837514925737,-13.088613644711236
5,5_26,MW,26,7,4.0,-11.489794441731807,-12.068253040904622,-12.086609820777982,-12.880830763914815,-13.257370440715473
5,5_27,Focus,27,0,0.5,-11.219637356455603,-11.878017826632625,-11.19802342551921,-12.531014604466169,-13.061900931155625
5,5_27,Focus,27,1,1.0,-11.433022760342874,-11.816714646440209,-11.29076381826071,-12.444102558273695,-13.107943935214793
5,5_27,Focus,27,2,1.5,-11.65914885080848,-11.860460734590738,-11.498974775534855,-12.45754997132137,-13.209675663040942
5,5_27,Focus,27,3,2.0,-11.46687138740673,-11.310436596201814,-11.728070169604639,-12.654493754891044,-12.965010538542758
5,5_27,Focus,27,4,2.5,-11.333337517048966,-11.82408371670953,-11.300746563794883,-12.565677903365957,-13.116734578855171
5,5_27,Focus,27,5,3.0,-11.779035760133626,-12.040396597056715,-11.177956177550811,-12.474880077906313,-13.041766700051744
5,5_27,Focus,27,6,3.5,-11.632055455883322,-12.16737113453381,-11.210323304883296,-12.698840132092144,-13.016012756149527
5,5_27,Focus,27,7,4.0,-11.471822656767587,-12.359176745714786,-11.543544924085102,-12.867783985496045,-13.056504285142658
5,5_28,MW,28,0,0.5,-10.266813465664093,-11.652509571069562,-12.39841696473159,-12.557464809785516,-13.193868280898897
5,5_28,MW,28,1,1.0,-11.183693206429043,-11.971526366124575,-12.054495881993526,-12.44894462318416,-13.00049248901178
5,5_28,MW,28,2,1.5,-11.452485574150481,-11.725266529712565,-11.542737226828852,-12.39304434622365,-13.02641800109237
5,5_28,MW,28,3,2.0,-11.476476141379626,-11.887906786871056,-11.243892555198316,-12.495150014225791,-12.957292995428336
5,5_28,MW,28,4,2.5,-11.660939941626948,-12.156291618624774,-11.200508839043598,-12.464299283257573,-13.111553446290745
5,5_28,MW,28,5,3.0,-11.227995397170961,-11.985989179777427,-11.458218964581288,-12.663645450497475,-12.927201996297539
5,5_28,MW,28,6,3.5,-11.40247231124747,-11.930911395087888,-11.26553803433626,-12.484205763585736,-13.117492183695965
5,5_28,MW,28,7,4.0,-11.363014752135467,-11.692539496296575,-11.132495965465647,-12.541496395198601,-13.127938254661833
5,5_29,Focus,29,0,0.5,-11.37438911818239,-11.889994094990254,-12.103129456144234,-12.858720420551558,-13.262922602331507
5,5_29,Focus,29,1,1.0,-11.313536311476039,-11.867784151714375,-12.174627136697248,-12.80720593249287,-13.31287260667162
5,5_29,Focus,29,2,1.5,-11.473076998549056,-12.03424861803423,-12.047311311519355,-12.8364188527801,-13.243737972434351
5,5_29,Focus,29,3,2.0,-11.821226332361753,-11.994193818060738,-12.451634843227728,-12.881202097335098,-13.274385509114738
5,5_29,Focus,29,4,2.5,-11.605197099277902,-11.853620540548429,-12.312521674203756,-12.900504621766109,-13.262538217500685
5,5_29,Focus,29,5,3.0,-11.076849911690095,-11.65183149081964,-12.3716103701361,-12.722070490878965,-13.024520157678186
5,5_29,Focus,29,6,3.5,-10.93895215021376,-12.022767658652546,-12.271097778667524,-12.652470290874968,-13.228631334696752
5,5_29,Focus,29,7,4.0,-10.970385395366748,-12.086190532062421,-11.687910439430748,-12.581401686140621,-13.109767531545394
5,5_30,MW,30,0,0.5,-11.348747719711895,-11.371753920275149,-11.297102210283057,-12.440883181723187,-13.100070301559018
5,5_30,MW,30,1,1.0,-11.521398279711448,-11.82660177136244,-11.642402871712303,-12.68298471500148,-13.203786190783214
5,5_30,MW,30,2,1.5,-11.677249828322646,-12.05518350117326,-11.975077051385343,-12.79517104183385,-13.318805575679148
5,5_30,MW,30,3,2.0,-11.480107254487178,-11.799547445103267,-12.098310162576148,-12.863573501002836,-13.221035157493352
5,5_30,MW,30,4,2.5,-11.476445356193636,-11.742345164970141,-11.782305904754889,-12.766510573755015,-13.232125102429926
5,5_30,MW,30,5,3.0,-11.494101347987586,-11.941263306143515,-12.066224322240128,-12.903940256685495,-13.202744266460295
5,5_30,MW,30,6,3.5,-11.671499286831123,-11.652526779589515,-12.357189527067046,-12.812165643801467,-13.17400334716937
5,5_30,MW,30,7,4.0,-11.07664597771174,-11.797654429183533,-12.329793263279699,-12.901095142793574,-13.3314820185567
5,5_31,Focus,31,0,0.5,-11.09220777926702,-11.281124441074557,-12.207362376245408,-12.798963369060138,-13.303994177099733
5,5_31,Focus,31,1,1.0,-10.649649951811956,-11.671552369349957,-12.194928694144444,-12.752537349299962,-13.247140300482233
5,5_31,Focus,31,2,1.5,-10.743283779267317,-12.10744597560739,-12.201815892452926,-12.404931661635683,-13.129749033900467
5,5_31,Focus,31,3,2.0,-11.592625769540932,-12.288979189353807,-11.649375965826682,-12.212511575902159,-13.090227842299504
5,5_31,Focus,31,4,2.5,-11.448648535892994,-11.633253224396547,-11.863557724480042,-12.506185943211705,-12.955693874819294
5,5_31,Focus,31,5,3.0,-11.3319973994956,-11.84228231640735,-11.419704947758314,-12.341350942931454,-13.107500916282165
5,5_31,Focus,31,6,3.5,-11.412021642959308,-11.91710367942934,-11.404145723574329,-12.438437367891908,-13.035821693129918
5,5_31,Focus,31,7,4.0,-11.389392964792464,-12.087916157068557,-11.581941529096149,-12.862445778540454,-13.140883383388596
5,5_32,MW,32,0,0.5,-11.673979641660702,-11.686643218743356,-11.808962902767886,-12.780464123558133,-13.12343848616416
5,5_32,MW,32,1,1.0,-11.598727044298764,-12.06465634667802,-12.013873908141521,-12.752688828246205,-13.233971262040185
5,5_32,MW,32,2,1.5,-11.709265493429655,-11.94802623534675,-12.09536325965379,-12.775556117214645,-13.200968361968783
5,5_32,MW,32,3,2.0,-11.575078951877188,-12.195731172466436,-12.056447555887289,-12.880315332358116,-13.184831066624994
5,5_32,MW,32,4,2.5,-11.476968397200185,-11.99364437665271,-12.075895673017685,-12.766562636626194,-13.062304747190886
5,5_32,MW,32,5,3.0,-11.514852300925934,-11.821860940363065,-12.307162861281233,-12.7218396548327,-13.300715912986075
5,5_32,MW,32,6,3.5,-11.364733457803974,-11.935378917053004,-12.216138808101942,-12.824616735092633,-13.21566459788615
5,5_32,MW,32,7,4.0,-11.024594992100472,-11.932596536596156,-12.225101261343116,-12.8410428642859,-13.198049841925192
5,5_33,Focus,33,0,0.5,-11.425884910726003,-12.056100129083196,-11.229732934466305,-12.625028798829558,-13.089842366571174
5,5_33,Focus,33,1,1.0,-11.597205325976047,-12.010754840933357,-11.468476823033523,-12.802968114929438,-13.022972001432692
5,5_33,Focus,33,2,1.5,-11.519219517370638,-12.165750976589264,-11.713356300868428,-12.761543534231002,-13.093471240804087
5,5_33,Focus,33,3,2.0,-11.402476297163696,-11.802276988914008,-12.169888412361095,-12.621760740456123,-13.107161946075669
5,5_33,Focus,33,4,2.5,-11.319198158000681,-12.247832785151342,-12.299005947682444,-12.680458160881358,-13.209849213884967
5,5_33,Focus,33,5,3.0,-10.671141814536977,-11.898281356048257,-12.197074014134417,-12.575312334359566,-13.138118608085234
5,5_33,Focus,33,6,3.5,-10.457686590255094,-11.91581372068438,-11.997615201443798,-12.619194942799448,-13.033108558133693
5,5_33,Focus,33,7,4.0,-11.270652664860467,-11.982067443830696,-11.800310931800205,-12.759732761219876,-12.99582277817882
5,5_34,MW,34,0,0.5,-11.35137746776427,-11.837470552701575,-12.28951618839386,-12.779435160819146,-13.107155756983738
5,5_34,MW,34,1,1.0,-11.438210576744845,-11.932341529734646,-12.192839852351547,-12.879238671220815,-13.097687701927255
5,5_34,MW,34,2,1.5,-11.457009794329364,-11.802084065885413,-12.274157610463424,-12.671432205230147,-13.201275788309703
5,5_34,MW,34,3,2.0,-11.35618028617915,-11.866586479582827,-12.231344527672928,-12.792790019203025,-13.221025226031887
5,5_34,MW,34,4,2.5,-11.313469287320743,-11.950195759676822,-11.994738374227188,-12.90732477207389,-13.160314741089076
5,5_34,MW,34,5,3.0,-11.181963290465275,-11.828506909296376,-12.098490371621963,-12.786733744878067,-13.180487492690133
5,5_34,MW,34,6,3.5,-11.340665456777513,-11.816709613555942,-12.232697409194946,-12.847595906468484,-13.097454392444542
5,5_34,MW,34,7,4.0,-11.450198174729818,-11.729104544535428,-12.023323415277297,-12.90484801495427,-13.108887129253757
5,5_35,MW,35,0,0.5,-11.352046898608897,-12.157050795990706,-12.305065404717281,-12.720173895370273,-13.184362225919694
5,5_35,MW,35,1,1.0,-11.318875975504614,-11.985594030710155,-12.11340890099288,-12.750385508089181,-13.080129730748723
5,5_35,MW,35,2,1.5,-11.463426308211323,-11.842107897661284,-12.025979337878244,-12.666306388800674,-13.054057243694906
5,5_35,MW,35,3,2.0,-11.491214830373394,-11.983361330918477,-12.213222769754449,-12.671879547013633,-13.083049049645583
5,5_35,MW,35,4,2.5,-11.25441745242843,-11.983356903975059,-11.96844665416428,-12.638082242710247,-13.13355902927466
5,5_35,MW,35,5,3.0,-11.220204866471034,-11.923518199889218,-12.163667522487879,-12.926947435349444,-13.21948936119823
5,5_35,MW,35,6,3.5,-11.493783136556956,-11.857881858444882,-11.969399708807998,-12.72680204297367,-13.024177311768106
5,5_35,MW,35,7,4.0,-11.379634797553866,-11.32750229736336,-12.143860235432394,-12.64313047767402,-13.235912452414826
5,5_36,MW,36,0,0.5,-11.070425225651205,-11.423490801928766,-11.870896025934128,-12.250343002067204,-13.114700274990867
5,5_36,MW,36,1,1.0,-10.363057273895434,-11.145603375318593,-11.974922701745216,-12.53159539208423,-12.919465066937349
5,5_36,MW,36,2,1.5,-10.891635648048325,-12.073480378462177,-12.268037015403332,-12.252528672812323,-12.87988770545983
5,5_36,MW,36,3,2.0,-11.472960713761308,-12.07271905907838,-11.982690430969052,-12.411909658651872,-12.87582593166511
5,5_36,MW,36,4,2.5,-11.412429781489113,-12.350268064692338,-11.991555607946827,-12.391149034253468,-12.851673882730683
5,5_36,MW,36,5,3.0,-10.999447799268465,-11.915776855908796,-10.995622871317067,-12.327358478188994,-12.889502624889465
5,5_36,MW,36,6,3.5,-11.36609081705243,-11.804202109170129,-11.063703816703411,-12.328219715717784,-12.968970954670901
5,5_36,MW,36,7,4.0,-11.424745866392664,-11.998458312807653,-11.235043969980271,-12.40813810754372,-12.932767412935982
5,5_37,Focus,37,0,0.5,-11.830361941171786,-12.12158394973813,-11.618691051630517,-12.431596305180422,-12.974986921678575
5,5_37,Focus,37,1,1.0,-11.370102236094835,-12.046205882034256,-11.222556589265603,-12.494290546588728,-12.796080169628091
5,5_37,Focus,37,2,1.5,-11.577615013407659,-12.250806787883219,-11.49506654237779,-12.527833711642279,-12.905028606899489
5,5_37,Focus,37,3,2.0,-11.386788662412089,-12.288351932456706,-11.56328660736717,-12.454809892727381,-12.951463306698761
5,5_37,Focus,37,4,2.5,-11.613067227870278,-12.267920885889309,-11.102752396572619,-12.5009776985056,-12.868280553636986
5,5_37,Focus,37,5,3.0,-11.698365844344819,-11.678310579234244,-10.70486202665894,-12.601835306154122,-12.813554194534008
5,5_37,Focus,37,6,3.5,-11.664906087242152,-11.839126834797405,-11.147741638357669,-12.52529909780245,-12.915349709389496
5,5_37,Focus,37,7,4.0,-11.699290737722619,-12.016983745747751,-11.407318636535432,-12.562739979179682,-12.853775018121308
5,5_38,MW,38,0,0.5,-11.247462197584946,-11.989783537953297,-12.295770639598885,-12.788167335548877,-13.071208024953366
5,5_38,MW,38,1,1.0,-11.338224878740743,-11.776145251354823,-12.143062288967624,-12.679792235163315,-12.867767645921221
5,5_38,MW,38,2,1.5,-11.344331273736929,-11.900377216138542,-12.232050339359843,-12.734056341439578,-12.89944169114547
5,5_38,MW,38,3,2.0,-11.460868790651586,-11.776022477191912,-11.838522760580222,-12.679072033846733,-13.105606833944067
5,5_38,MW,38,4,2.5,-10.631011077069815,-12.0465783875957,-11.946512912537015,-12.629521811688951,-12.959321724757878
5,5_38,MW,38,5,3.0,-10.967708495506379,-11.7012223865311,-11.930866063531981,-12.516935482050911,-12.803350847457615
5,5_38,MW,38,6,3.5,-11.467586173398507,-11.995945576285518,-11.914083484844994,-12.486280335335554,-12.715110457026952
5,5_38,MW,38,7,4.0,-11.57646203230129,-11.864559095471,-12.019581504370151,-12.423349437900116,-12.786789959666665
5,5_39,MW,39,0,0.5,-11.299311801741174,-11.75268505592344,-12.114892121664369,-12.54851232055198,-12.875821717262495
5,5_39,MW,39,1,1.0,-11.33052008990973,-12.028920897790174,-12.239720719691071,-12.608872131814524,-12.865967851062688
5,5_39,MW,39,2,1.5,-11.54304427628071,-12.07292464258169,-11.819802318070863,-12.504887164542112,-12.953337341280504
5,5_39,MW,39,3,2.0,-11.657071942424878,-12.491873201740638,-11.861865669435346,-12.533846916142023,-12.89480509163781
5,5_39,MW,39,4,2.5,-11.620666090395193,-12.135691903173742,-11.79708785668584,-12.600664615273102,-12.937293447212895
5,5_39,MW,39,5,3.0,-11.546194270277299,-12.084925750676064,-11.322556431659029,-12.628984891857778,-13.027461475883536
5,5_39,MW,39,6,3.5,-11.517681371541686,-11.950528388773597,-11.482289048796241,-12.448879747286261,-12.908517654812549
5,5_39,MW,39,7,4.0,-11.504898465758654,-12.009346573383684,-11.406005354899873,-12.542588473010918,-12.883181390083722
7,7_0,Focus,0,0,0.5,-11.155302930264606,-12.03297036440976,-12.056140863968363,-12.352251676405624,-12.356447139313056
7,7_0,Focus,0,1,1.0,-11.141226212352139,-11.890529609252633,-11.732527150466266,-12.345910966519646,-12.38350306821379
7,7_0,Focus,0,2,1.5,-11.223447399187881,-11.967978427362473,-12.212675530437348,-12.490027598703133,-12.399827159836706
7,7_0,Focus,0,3,2.0,-11.401219966190013,-11.889810680918742,-12.170997060954315,-12.376284046106415,-12.503473563800057
7,7_0,Focus,0,4,2.5,-10.89441625386567,-11.750138264082901,-12.338728941182268,-12.433342458496073,-12.449228938668998
7,7_0,Focus,0,5,3.0,-11.012591013196774,-11.817997779034123,-12.26908416388593,-12.291905683772976,-12.469329112384832
7,7_0,Focus,0,6,3.5,-11.157889889718625,-11.836199519368401,-12.08736248544885,-12.348295972819827,-12.305372300501045
7,7_0,Focus,0,7,4.0,-11.306932178811337,-11.954051858172365,-12.097970832237783,-12.355230795411913,-12.342182337214387
7,7_1,Focus,1,0,0.5,-11.196064189839689,-12.06826644177925,-12.161186944179882,-12.44545548016817,-12.91979790106032
7,7_1,Focus,1,1,1.0,-11.091326078661995,-12.061374947483111,-12.120625222295743,-12.397616343818596,-12.780573574653486
7,7_1,Focus,1,2,1.5,-11.4963396150688,-12.053600428069007,-12.140134827113393,-12.593379436000893,-12.804190703649034
7,7_1,Focus,1,3,2.0,-11.340007200438297,-11.86440605547786,-12.194328239477542,-12.557402068099437,-12.860167947242962
7,7_1,Focus,1,4,2.5,-11.325174204249574,-11.86296805409151,-12.051443068801548,-12.493932277944122,-12.917417691974846
7,7_1,Focus,1,5,3.0,-11.274305610725836,-12.146709613605202,-12.326154567413761,-12.500271956174354,-12.821800795003394
7,7_1,Focus,1,6,3.5,-11.125879399786678,-11.867828778928928,-12.23327210761265,-12.361685858617133,-12.892731533049453
7,7_1,Focus,1,7,4.0,-11.46204969557879,-11.959683334944797,-12.217553098296406,-12.46702240951222,-12.813405435214603
7,7_2,MW,2,0,0.5,-11.28565687374278,-12.05184257198673,-11.462803897207852,-12.577117976480459,-12.871826568741403
7,7_2,MW,2,1,1.0,-11.298438355892369,-12.05100298155592,-11.935554159642258,-12.436078737826062,-12.918505901496548
7,7_2,MW,2,2,1.5,-11.313259603891806,-11.892919677806544,-11.87734090429601,-12.505531439936044,-12.961669386587634
7,7_2,MW,2,3,2.0,-11.388804597376392,-11.847725925787865,-11.984046318250595,-12.555082173477755,-12.707271972358955
7,7_2,MW,2,4,2.5,-11.349427926603582,-12.069007130612682,-12.074752657563826,-12.553373278869469,-13.023042737379203
7,7_2,MW,2,5,3.0,-11.062756777565976,-11.955491786766869,-11.724115536480339,-12.484217419127395,-12.724467995997674
7,7_2,MW,2,6,3.5,-10.852780713949723,-11.975753181904809,-11.797882153235184,-12.537578965322053,-12.8068405126284
7,7_2,MW,2,7,4.0,-10.900366797132941,-11.880437244215361,-12.016564359175932,-12.51325708378656,-13.008713723740936
7,7_3,Focus,3,0,0.5,-11.435386393358183,-11.571868326195988,-12.18470727953577,-12.552511879923703,-12.955782854483802
7,7_3,Focus,3,1,1.0,-11.399094843450879,-11.642927809878548,-12.160454024452958,-12.639609901817925,-13.003492257763652
7,7_3,Focus,3,2,1.5,-11.27603616001632,-11.84778131233295,-12.136452090891495,-12.559223903374468,-12.961426354487534
7,7_3,Focus,3,3,2.0,-11.377462048672427,-11.800106232016939,-12.250025627022186,-12.635418388271553,-12.881099896351671
7,7_3,Focus,3,4,2.5,-11.36179267095698,-12.136792112516533,-12.250366832618974,-12.747859991402658,-13.00733657376267
7,7_3,Focus,3,5,3.0,-11.252936097625543,-11.895448618528198,-12.100475492393384,-12.589641468606464,-12.903202424791163
7,7_3,Focus,3,6,3.5,-11.013122094570075,-11.646393130822464,-12.08824992900992,-12.696063310205702,-12.878503021038483
7,7_3,Focus,3,7,4.0,-11.183279111199909,-12.035844337919677,-12.21635117285905,-12.567826867284024,-12.946841896959796
7,7_4,Focus,4,0,0.5,-11.393160860370683,-12.088760482555479,-12.113742293318005,-12.44798261828616,-12.76604253387361
7,7_4,Focus,4,1,1.0,-11.254655242454142,-12.148175089882377,-12.116687639511754,-12.525404579527116,-13.041441828663558
7,7_4,Focus,4,2,1.5,-11.345388774476808,-11.948338461026472,-12.130921811077014,-12.502404878993095,-12.88310871469184
7,7_4,Focus,4,3,2.0,-11.44419615126294,-12.087812625657577,-12.099160422266863,-12.457004739842128,-12.894946671576166
7,7_4,Focus,4,4,2.5,-11.005746604137478,-12.00718889913074,-12.067858483709363,-12.486040195577294,-12.88115859419625
7,7_4,Focus,4,5,3.0,-11.002820616971523,-12.046016440626524,-11.958505438181986,-12.61659149216148,-12.938751525180054
7,7_4,Focus,4,6,3.5,-11.414493370093403,-11.871446973958303,-12.027291028008948,-12.479118292155793,-12.821447335213492
7,7_4,Focus,4,7,4.0,-11.496381849446399,-12.039392698077071,-12.068667118268841,-12.675903303450124,-12.92892517172958
7,7_5,Focus,5,0,0.5,-11.432430265992133,-11.69089263504185,-12.128718772463756,-12.437281200762596,-12.429432633391977
7,7_5,Focus,5,1,1.0,-11.22056201375042,-11.601186739184262,-12.18574726102412,-12.505109672976827,-12.413153361474103
7,7_5,Focus,5,2,1.5,-11.194378495929204,-11.705914859507661,-12.14781577250122,-12.482794223393803,-12.691984464715325
7,7_5,Focus,5,3,2.0,-11.272469907268603,-11.858383548876967,-12.28344593068184,-12.376264495228616,-12.632173319583286
7,7_5,Focus,5,4,2.5,-11.280658936826772,-11.868835606755692,-12.26600780250646,-12.491955078080567,-12.560723025492871
7,7_5,Focus,5,5,3.0,-11.179468299048308,-11.960109997328539,-12.285374144732543,-12.433379905632023,-12.520601235487671
7,7_5,Focus,5,6,3.5,-11.197562163422328,-11.959406234972604,-12.164318878166073,-12.461565970643015,-12.548918390290952
7,7_5,Focus,5,7,4.0,-11.125438679146168,-11.783696478010508,-12.05428345097439,-12.410349130920286,-12.544541387230348
7,7_6,Focus,6,0,0.5,-11.443716446562338,-11.812416959206825,-11.937563759657987,-12.625245142192078,-12.96899960902596
7,7_6,Focus,6,1,1.0,-11.492875825501022,-11.958093609114101,-12.279955156884009,-12.655581083184797,-12.890789764418475
7,7_6,Focus,6,2,1.5,-11.546377137166617,-12.211379515568645,-12.018764433495015,-12.689378455886619,-12.895800309580268
7,7_6,Focus,6,3,2.0,-11.409201429251272,-11.959454225102851,-12.427122553199714,-12.610470162801988,-12.946046280054091
7,7_6,Focus,6,4,2.5,-11.39013065731814,-11.994005861547702,-12.256475680686211,-12.473958746559049,-12.852424516914601
7,7_6,Focus,6,5,3.0,-11.092660092419823,-11.841967408965203,-12.144159618171358,-12.497886696079368,-12.87872115779411
7,7_6,Focus,6,6,3.5,-11.021832732271466,-11.574211512598433,-11.97831171224587,-12.447251273445744,-12.892361184226191
7,7_6,Focus,6,7,4.0,-11.350112071243029,-11.717283362121146,-12.258740078366513,-12.553069084992517,-12.83060544423945
7,7_7,Focus,7,0,0.5,-11.356488741308208,-11.952743473732617,-11.813602650417964,-12.51758291472774,-13.006999278257783
7,7_7,Focus,7,1,1.0,-11.3935938852339,-11.975108480958014,-11.904079191389432,-12.528919396889226,-12.934764558760438
7,7_7,Focus,7,2,1.5,-11.409964619696742,-11.933920569120378,-12.022802049747474,-12.549967227656216,-13.014363733173985
7,7_7,Focus,7,3,2.0,-11.543365059854166,-12.0480411347332,-12.140486167491822,-12.53976150100902,-12.93114134672755
7,7_7,Focus,7,4,2.5,-11.45809706894086,-12.000541382682464,-12.081347168120724,-12.470030112448365,-12.926367719059495
7,7_7,Focus,7,5,3.0,-11.425914846067796,-12.100605281052871,-12.127615242453855,-12.45725304693451,-12.82102943893519
7,7_7,Focus,7,6,3.5,-11.353485596949152,-11.92138320607869,-12.130343577906347,-12.495062399114293,-12.956657401014601
7,7_7,Focus,7,7,4.0,-11.285340877231496,-12.087231203883894,-12.15489699323166,-12.512121821803687,-12.907112973745337
7,7_8,Focus,8,0,0.5,-11.158748498751995,-12.087228117726509,-12.080292843930524,-12.48724984510945,-12.74679122535111
7,7_8,Focus,8,1,1.0,-11.323657181779481,-11.970985480380355,-12.184107568146512,-12.576411962999655,-12.881509684654553
7,7_8,Focus,8,2,1.5,-11.408658205834621,-11.963716125043392,-12.30335489138389,-12.587718857054265,-12.895304034944834
7,7_8,Focus,8,3,2.0,-11.004120604603925,-11.818237555167594,-12.206698999757883,-12.556992159841522,-12.877815031045285
7,7_8,Focus,8,4,2.5,-11.189038684672601,-11.891377097534898,-12.253286160216824,-12.423110563569121,-12.849885541246119
7,7_8,Focus,8,5,3.0,-11.125791437295948,-11.842312080216203,-11.894250896005332,-12.5378613894367,-13.052570083824776
7,7_8,Focus,8,6,3.5,-11.491837996311977,-12.098251679318764,-12.06625704062799,-12.729928164939238,-12.952011619556519
7,7_8,Focus,8,7,4.0,-11.471472283168762,-12.002194729918294,-11.824491054313933,-12.411977717787142,-13.004942039647648
7,7_9,Focus,9,0,0.5,-11.323943948411328,-11.912735687225398,-12.256076801506746,-12.64288634482558,-13.002663279664109
7,7_9,Focus,9,1,1.0,-11.243506100941088,-11.850640571633146,-12.238278942124312,-12.723303253160251,-13.122257677705056
7,7_9,Focus,9,2,1.5,-11.134928733693135,-11.727798317642263,-12.352414299503984,-12.719733863365516,-13.038615685517486
7,7_9,Focus,9,3,2.0,-11.33670266721944,-11.955756633842851,-12.118883397610858,-12.70492087510685,-12.879041841736814
7,7_9,Focus,9,4,2.5,-11.110640379645671,-11.927178623133026,-12.050953064692646,-12.693394065561693,-12.891010117424557
7,7_9,Focus,9,5,3.0,-11.161540528428969,-11.929683445524988,-12.168084177038526,-12.740574566831492,-12.998053670038338
7,7_9,Focus,9,6,3.5,-11.405335190505182,-11.906805722620124,-12.375656895656741,-12.72922721427402,-13.018920086179623
7,7_9,Focus,9,7,4.0,-11.466428244089968,-11.809805623908586,-12.240493598010646,-12.61842158989541,-12.970235564674152
7,7_10,Focus,10,0,0.5,-11.311417079343002,-12.124294768391001,-12.556049682034324,-12.66550056592345,-13.121780367055157
7,7_10,Focus,10,1,1.0,-11.379971556201392,-11.935928722081087,-12.287956417714012,-12.617715311979117,-12.973959641017142
7,7_10,Focus,10,2,1.5,-11.534685405037735,-11.94354458288106,-12.274667284864918,-12.622602900952295,-13.063939463597654
7,7_10,Focus,10,3,2.0,-11.38341166363845,-12.05740334813151,-12.169114408646607,-12.54999528517047,-13.068455344218238
7,7_10,Focus,10,4,2.5,-11.429239071031526,-12.070447656826543,-12.234774522962487,-12.644577597965936,-13.079079747561726
7,7_10,Focus,10,5,3.0,-11.469601101250488,-12.185502090781771,-11.968011255362889,-12.54290715003344,-13.066724364350893
7,7_10,Focus,10,6,3.5,-11.390086954408467,-11.952633577351214,-11.796942082363103,-12.571043179617739,-12.997075481505068
7,7_10,Focus,10,7,4.0,-11.30078543768927,-11.981761618945153,-12.330728398243814,-12.734846254645909,-13.164201466821371
7,7_11,Focus,11,0,0.5,-11.2246048121036,-12.024240129404903,-12.171378014241872,-12.432537220974654,-12.425729987760393
7,7_11,Focus,11,1,1.0,-11.297139612010177,-11.677285451833121,-12.224134798710422,-12.484867772227942,-12.532364442923276
7,7_11,Focus,11,2,1.5,-11.427865098122348,-11.967328854963261,-12.397011547658833,-12.518224241980876,-12.56544190799051
7,7_11,Focus,11,3,2.0,-11.617884016080305,-12.03137696083202,-12.343108849643261,-12.413217160283374,-12.48524664672694
7,7_11,Focus,11,4,2.5,-11.388462275602556,-12.07089248082803,-12.006372305498665,-12.370096717593967,-12.506451615642197
7,7_11,Focus,11,5,3.0,-11.327117988053361,-11.89325650550605,-11.911074376922231,-12.313915982254514,-12.465272095908064
7,7_11,Focus,11,6,3.5,-11.222297336306253,-11.901324608541408,-12.274163540020588,-12.476228507991872,-12.407808613394245
7,7_11,Focus,11,7,4.0,-11.286319074894372,-12.000519913138511,-11.94174439823,-12.284190988123415,-12.46588263632727
7,7_12,Focus,12,0,0.5,-11.247460448105326,-11.96184913824197,-12.23199052623193,-12.45059776811701,-12.399459534396605
7,7_12,Focus,12,1,1.0,-11.303229927742818,-11.93620001322791,-12.248361741961222,-12.30768017985697,-12.460626098238091
7,7_12,Focus,12,2,1.5,-11.437023809454693,-11.784933232964914,-12.240709005028377,-12.503248458064848,-12.480497251157395
7,7_12,Focus,12,3,2.0,-11.31024412009401,-11.776950111459492,-12.12684198527034,-12.39835579818703,-12.468519372391961
7,7_12,Focus,12,4,2.5,-11.306939373425347,-11.778387317604773,-12.012835333269216,-12.322847173159012,-12.457901299921918
7,7_12,Focus,12,5,3.0,-11.343890343438291,-11.593149214198323,-12.097890040189512,-12.379275380596132,-12.298767701560765
7,7_12,Focus,12,6,3.5,-11.352822019297063,-11.46839464120392,-12.025406502581218,-12.31710882517125,-12.443123079088375
7,7_12,Focus,12,7,4.0,-11.278559781131044,-11.605652469495281,-12.035406907957553,-12.353711686999384,-12.412995098179794
7,7_13,Focus,13,0,0.5,-11.27042067241968,-11.823012554389772,-12.053630992685042,-12.415225153636271,-12.720234283838543
7,7_13,Focus,13,1,1.0,-11.642674068798128,-11.688339583783879,-11.978346529000781,-12.472745632780263,-12.662608986150206
7,7_13,Focus,13,2,1.5,-11.402573739799491,-11.921316744122736,-11.928209835912156,-12.463323992020921,-12.67424211440156
7,7_13,Focus,13,3,2.0,-11.17537033386729,-11.442499859828047,-11.751992702392085,-12.388504338128717,-12.720460774533313
7,7_13,Focus,13,4,2.5,-11.510814727441149,-11.605244602789426,-12.00746295401797,-12.353728469363228,-12.835491196711576
7,7_13,Focus,13,5,3.0,-11.284555767996194,-11.685211107804454,-12.065199531327872,-12.57975583769162,-12.725284779000283
7,7_13,Focus,13,6,3.5,-10.996662517084708,-11.711601751913772,-12.326764298544342,-12.585185968855553,-12.807727209954933
7,7_13,Focus,13,7,4.0,-11.144900900474482,-12.033340671396463,-12.357014706946002,-12.633128733131112,-12.738902978392204
7,7_14,Focus,14,0,0.5,-11.439860598106266,-11.883820331112265,-12.091226568124707,-12.61795787058707,-12.830469845572303
7,7_14,Focus,14,1,1.0,-11.297035751527337,-11.972666812443299,-12.387666231651274,-12.581863103975675,-12.838056156261056
7,7_14,Focus,14,2,1.5,-11.226033189767598,-11.761681677379242,-12.09557791707847,-12.549666723033777,-12.763441162798092
7,7_14,Focus,14,3,2.0,-11.479232174114287,-12.027659785294471,-12.220603539521125,-12.59607394573522,-12.804694750630853
7,7_14,Focus,14,4,2.5,-11.411170339352049,-11.88697576941622,-12.237398532979512,-12.62739345615075,-12.770572865092863
7,7_14,Focus,14,5,3.0,-11.31067254181095,-12.05249919945321,-12.480607087195832,-12.621032552466966,-12.898979547988471
7,7_14,Focus,14,6,3.5,-11.342483971926454,-11.915916398239192,-12.354262575476548,-12.61546722757078,-12.8468680357298
7,7_14,Focus,14,7,4.0,-11.401962422388767,-11.986940266357788,-12.218409647905549,-12.467021770423226,-12.857150109038486
7,7_15,Focus,15,0,0.5,-11.502150997786893,-11.896044812609261,-11.908551094311019,-12.56538843104785,-12.941021984057857
7,7_15,Focus,15,1,1.0,-11.461731762806853,-12.074893846162116,-12.047627823222674,-12.4266979193785,-13.018091239238895
7,7_15,Focus,15,2,1.5,-11.361283980011738,-12.075405797576469,-11.982159656226743,-12.477385093431975,-12.800635600222785
7,7_15,Focus,15,3,2.0,-11.197963982937353,-12.116297874752762,-11.825277381111503,-12.581584559900607,-12.86717053625816
7,7_15,Focus,15,4,2.5,-11.450637193582903,-11.983058637537466,-12.236484354275147,-12.542257312768497,-12.755205497970914
7,7_15,Focus,15,5,3.0,-11.401419138019929,-12.182155084449361,-12.00249532582813,-12.604377405202719,-12.924569368387942
7,7_15,Focus,15,6,3.5,-11.42339549046621,-12.061490251717558,-11.74150098556318,-12.590504659098888,-13.07928004847633
7,7_15,Focus,15,7,4.0,-11.221539652940496,-11.839403178518724,-11.632931654278085,-12.350571576955423,-12.923352441042626
7,7_16,Focus,16,0,0.5,-11.290371301835531,-11.919449606117002,-12.391118627837875,-12.60655226289061,-12.87653270794717
7,7_16,Focus,16,1,1.0,-11.099247020200972,-12.249018975895757,-12.295955487104973,-12.651866359819545,-13.00636078906687
7,7_16,Focus,16,2,1.5,-11.231172265537213,-11.999120339597347,-12.2853791733999,-12.45242529054601,-12.946980151287887
7,7_16,Focus,16,3,2.0,-11.16689260583199,-12.178657972031909,-12.160447820104821,-12.551707967010527,-12.96642752506932
7,7_16,Focus,16,4,2.5,-11.248293553414761,-12.12656285947872,-12.254214286920332,-12.618129879521968,-12.83284617035207
7,7_16,Focus,16,5,3.0,-11.60757623188778,-12.18610198996613,-12.164871506138816,-12.611108279650434,-12.750030656896282
7,7_16,Focus,16,6,3.5,-11.251594303796994,-11.998689234245182,-12.411597026723708,-12.453222826930862,-12.724532644591779
7,7_16,Focus,16,7,4.0,-11.083707286889172,-12.101248475895535,-12.201165392251413,-12.572407833936397,-12.880848427099243
7,7_17,Focus,17,0,0.5,-11.281602329625407,-11.498083608505242,-11.637019063538983,-12.445987390290911,-12.869210534263923
7,7_17,Focus,17,1,1.0,-11.381306870049775,-11.61191524121727,-12.011773184029165,-12.4414245339194,-12.79920510959903
7,7_17,Focus,17,2,1.5,-11.272458662435435,-12.001767366153087,-12.057136888973977,-12.54790434774723,-12.797745507413536
7,7_17,Focus,17,3,2.0,-11.232146021232893,-12.164801104137647,-12.194331067639332,-12.487413769395095,-12.8290153643858
7,7_17,Focus,17,4,2.5,-11.376323883951459,-11.959734747382143,-11.939208196432945,-12.565261636339526,-12.717857957008048
7,7_17,Focus,17,5,3.0,-11.474658938344406,-11.807186894996393,-11.611228695681506,-12.607332588264788,-12.85571905379202
7,7_17,Focus,17,6,3.5,-11.432613344186057,-11.672898456776426,-12.257473868313868,-12.610636628813761,-12.853397757824203
7,7_17,Focus,17,7,4.0,-11.25090271224607,-11.689435771813926,-12.116187453749252,-12.5522484349121,-12.915717974747556
7,7_18,Focus,18,0,0.5,-11.01551572182964,-11.55072716285043,-12.267249438709007,-12.520583213613385,-12.79114099841534
7,7_18,Focus,18,1,1.0,-11.272594513828285,-12.10252219258046,-12.373320584583766,-12.687351996150804,-12.771985494964905
7,7_18,Focus,18,2,1.5,-11.636285999724064,-12.008275882193445,-12.261057300161509,-12.55612459303088,-12.729463957012955
7,7_18,Focus,18,3,2.0,-11.293473173546042,-11.875796748076382,-12.031548697801034,-12.603835469239437,-12.716852672768695
7,7_18,Focus,18,4,2.5,-11.384412014132206,-11.92339685928759,-12.095101662479825,-12.62985987046128,-12.706394186514125
7,7_18,Focus,18,5,3.0,-11.424584565032871,-12.199552727182338,-12.269881203890932,-12.621373922152433,-12.664170027259752
7,7_18,Focus,18,6,3.5,-11.243769839452767,-12.133192956475154,-12.213843471578823,-12.639237521245773,-12.88990080625421
7,7_18,Focus,18,7,4.0,-11.225600041611854,-12.116806163984391,-12.326291532943149,-12.59278635516211,-12.838858025582475
7,7_19,MW,19,0,0.5,-11.56479268637474,-12.137869258497126,-11.899252884614285,-12.671673697576725,-13.021889638495344
7,7_19,MW,19,1,1.0,-11.516524489041718,-12.027227128829214,-11.800949766018714,-12.393297387934407,-13.016741389403599
7,7_19,MW,19,2,1.5,-11.389017137039328,-12.019336909333742,-11.765371518525585,-12.49066958608081,-13.002432489094177
7,7_19,MW,19,3,2.0,-11.510869258454184,-11.933841419232582,-11.540858392658954,-12.504161801058329,-13.087007960453924
7,7_19,MW,19,4,2.5,-11.425849465522184,-11.814193802326544,-11.880149056323587,-12.471278796201148,-13.071026933884408
7,7_19,MW,19,5,3.0,-11.310147879452742,-11.857704961807631,-11.88500583647907,-12.470884314555155,-13.021758500262848
7,7_19,MW,19,6,3.5,-11.164711002805925,-12.005930529177842,-12.17740245261052,-12.391041513354576,-13.003578536783321
7,7_19,MW,19,7,4.0,-11.207608088726639,-11.937132060167585,-12.009723529445484,-12.663306332381719,-13.045216990157487
7,7_20,Focus,20,0,0.5,-11.382923752834111,-12.084928876347385,-12.07770691394661,-12.366958299979936,-12.951463991711272
7,7_20,Focus,20,1,1.0,-11.322919789320716,-12.287130016550899,-12.188510544293639,-12.434241873679204,-13.04384212336523
7,7_20,Focus,20,2,1.5,-11.187535193265381,-12.041825182805761,-12.115127376469426,-12.43536956393882,-12.854841023768474
7,7_20,Focus,20,3,2.0,-11.282980330235597,-11.984090102552642,-11.98794755316515,-12.41851167742424,-13.030330904057886
7,7_20,Focus,20,4,2.5,-11.370341298930919,-12.058957034328163,-12.454487414100727,-12.43243340899674,-13.039034946019358
7,7_20,Focus,20,5,3.0,-11.463253928230884,-12.247676553215946,-12.03437118564862,-12.34066793765473,-12.983143406742784
7,7_20,Focus,20,6,3.5,-11.403736729445637,-12.192484316355934,-12.070720927669123,-12.292715876750954,-12.971383218198481
7,7_20,Focus,20,7,4.0,-11.315208670505942,-11.975127680452694,-11.875614118171871,-12.32251821831863,-12.939183264563182
7,7_21,Focus,21,0,0.5,-11.045777957600432,-12.004119124795803,-11.864029609428393,-12.515756600428071,-12.814074580683252
7,7_21,Focus,21,1,1.0,-11.178658441272152,-12.102807497321045,-12.035544451632797,-12.480845356001497,-12.767383021915338
7,7_21,Focus,21,2,1.5,-11.036819622410079,-11.715124807895984,-11.972850753064817,-12.469372283351404,-12.658357146859926
7,7_21,Focus,21,3,2.0,-10.83538636179965,-11.515365896026395,-12.038174566627802,-12.484970644259402,-12.646746680100637
7,7_21,Focus,21,4,2.5,-11.270986671126181,-12.1225828975223,-12.359705467209707,-12.322572535487405,-12.669118830860281
7,7_21,Focus,21,5,3.0,-11.250516362975782,-11.83151017023913,-12.179453086171375,-12.431965159543523,-12.666126429072913
7,7_21,Focus,21,6,3.5,-11.397634143843362,-12.14749835738012,-12.02346664689475,-12.547615048624696,-12.571366704601358
7,7_21,Focus,21,7,4.0,-11.23601760402812,-11.959095185229613,-12.00691312668847,-12.405443930938878,-12.742378473173627
7,7_22,Focus,22,0,0.5,-11.22361659846366,-12.058620203794227,-12.062464457319496,-12.496513984318918,-12.515221330034223
7,7_22,Focus,22,1,1.0,-11.175810676444343,-12.044607632036564,-11.784415475975976,-12.46799374458213,-12.657502502532644
7,7_22,Focus,22,2,1.5,-11.370095565938083,-12.003352946074404,-11.727395882837849,-12.526926983395525,-12.764684141521359
7,7_22,Focus,22,3,2.0,-11.315210382428178,-12.193147223275997,-12.179739817643137,-12.524224562295569,-12.701487290534903
7,7_22,Focus,22,4,2.5,-11.363076640012999,-12.031280385836268,-11.64166429377002,-12.442535178238396,-12.669009727938672
7,7_22,Focus,22,5,3.0,-11.343789509120244,-12.074183683783332,-11.934211129681442,-12.376003405560777,-12.55640900402737
7,7_22,Focus,22,6,3.5,-11.476482425448177,-11.913047328840873,-11.751114633825589,-12.422126739990686,-12.682290615594226
7,7_22,Focus,22,7,4.0,-11.403748549847073,-11.932396909423307,-12.033557044216455,-12.407697880327124,-12.632213471327535
7,7_23,Focus,23,0,0.5,-11.389122497524465,-11.915156190301955,-11.999454611556052,-12.321778356542618,-12.818284702527817
7,7_23,Focus,23,1,1.0,-11.358542020254927,-12.076377058238359,-11.976630516711404,-12.37329075274531,-12.692544541977812
7,7_23,Focus,23,2,1.5,-11.23784952068178,-12.054710316116497,-12.123028682324266,-12.407047500591355,-12.649154689703092
7,7_23,Focus,23,3,2.0,-11.596486143435875,-11.999082739752819,-11.913244535444433,-12.378627208187282,-12.798759526630992
7,7_23,Focus,23,4,2.5,-11.498838328644664,-12.041117220480878,-12.062441374365415,-12.47553092757544,-12.716617723464694
7,7_23,Focus,23,5,3.0,-11.398661326105996,-12.154992976251146,-12.115527010554558,-12.345512393146635,-12.813221900874398
7,7_23,Focus,23,6,3.5,-11.40299329872514,-11.800059526677716,-12.193282351881194,-12.366879208427441,-12.803276107414451
7,7_23,Focus,23,7,4.0,-11.420431813705004,-11.865108438965226,-12.012121443846082,-12.363908543405344,-12.808100990566787
7,7_24,Focus,24,0,0.5,-11.389582043278587,-11.85761524846992,-11.957152149923642,-12.375866840649895,-12.499578286879267
7,7_24,Focus,24,1,1.0,-11.496535006482823,-11.752824103441199,-11.94411931442566,-12.555420805148849,-12.604442735678626
7,7_24,Focus,24,2,1.5,-11.293914259193317,-12.034003015471589,-12.253456399695244,-12.417778353973533,-12.455438164919604
7,7_24,Focus,24,3,2.0,-11.292712499725518,-11.93509379947291,-11.869421209011673,-12.328134909322863,-12.398410010968883
7,7_24,Focus,24,4,2.5,-11.35526787426869,-12.013107785928481,-12.075816613102914,-12.373587902837402,-12.371619412751217
7,7_24,Focus,24,5,3.0,-11.441929188263709,-12.02307879880341,-12.182268538551453,-12.236550623270606,-12.481525791330968
7,7_24,Focus,24,6,3.5,-11.21588594246717,-12.089824643083041,-12.108133679258854,-12.350822032921934,-12.544714114207133
7,7_24,Focus,24,7,4.0,-11.100642994592432,-12.179213187778691,-11.702211503028925,-12.164672488705095,-12.45236177709564
7,7_25,Focus,25,0,0.5,-11.275407347747581,-11.85868293405336,-12.138792058977398,-12.301456359212462,-12.697013526260752
7,7_25,Focus,25,1,1.0,-10.949681664841188,-11.568666264517347,-12.036275528529416,-12.374701544985346,-12.587002083785345
7,7_25,Focus,25,2,1.5,-11.175734026434446,-11.539620616606785,-11.949420750191639,-12.341969289539787,-12.630296152205197
7,7_25,Focus,25,3,2.0,-10.982787305766038,-11.406027261583006,-11.934672347442534,-12.398858793166225,-12.614463445808678
7,7_25,Focus,25,4,2.5,-11.364314956017148,-11.940021266344534,-12.218212326981458,-12.49362051073041,-12.671418123469785
7,7_25,Focus,25,5,3.0,-11.42890405837045,-11.99026627413202,-12.232542102406068,-12.501596960008435,-12.724348146443072
7,7_25,Focus,25,6,3.5,-11.44965319166624,-11.966781884188048,-12.278747490359144,-12.44090437514671,-12.658827400129027
7,7_25,Focus,25,7,4.0,-11.558299754324564,-12.175751915071398,-12.193893755299685,-12.419615689275624,-12.57902139861171
7,7_26,Focus,26,0,0.5,-11.498637406420201,-11.857691235807943,-11.809956738194428,-12.498635320660945,-12.626964481427997
7,7_26,Focus,26,1,1.0,-11.264180594351018,-12.057802109521676,-12.107954646683261,-12.518344331204302,-12.73366735884317
7,7_26,Focus,26,2,1.5,-11.450111921879913,-11.811906491993481,-12.096627655423351,-12.537644395110728,-12.736174713707884
7,7_26,Focus,26,3,2.0,-11.43729383358786,-12.05683230733937,-12.038292234379448,-12.54011407461345,-12.73312764483429
7,7_26,Focus,26,4,2.5,-11.281601959340197,-12.191140614152738,-12.277417594134784,-12.468360519673059,-12.741571259631893
7,7_26,Focus,26,5,3.0,-11.273507884996983,-11.819097936618848,-12.294170668666279,-12.553462413778732,-12.695050289483511
7,7_26,Focus,26,6,3.5,-11.371227751999395,-12.111562829571122,-12.275813708486272,-12.635742859516244,-12.783211380025877
7,7_26,Focus,26,7,4.0,-11.479919893642561,-11.924911580087613,-12.152892434638908,-12.442701355588513,-12.700838022045032
7,7_27,MW,27,0,0.5,-11.27092399757659,-11.914368152288853,-12.066847590722611,-12.520375911448044,-12.716308132626637
7,7_27,MW,27,1,1.0,-11.39880846393195,-11.940852491082849,-11.803020169545325,-12.527012802824164,-12.781809895575877
7,7_27,MW,27,2,1.5,-11.274034095734361,-11.605581475632333,-12.129244811647231,-12.464638573599224,-12.74555200092856
7,7_27,MW,27,3,2.0,-11.462256866167726,-11.613249873727925,-12.182325648501381,-12.41665587853025,-12.69219482850261
7,7_27,MW,27,4,2.5,-11.290175437634971,-11.57349974658229,-12.002376326596258,-12.406000554771964,-12.693874755389528
7,7_27,MW,27,5,3.0,-11.25886891283153,-11.428304449357958,-12.027546951632058,-12.227289120339762,-12.73711473858597
7,7_27,MW,27,6,3.5,-11.223767075536815,-11.772808117682352,-12.12349897116283,-12.364006695042397,-12.65507462798587
7,7_27,MW,27,7,4.0,-11.18723766730717,-12.158747104940545,-12.153420930187536,-12.49872263966062,-12.700086337478671
7,7_28,Focus,28,0,0.5,-11.069733928041295,-11.621684616551454,-11.899768418245174,-12.316090005002026,-12.494622290750746
7,7_28,Focus,28,1,1.0,-11.399638385891377,-11.845711499851019,-12.225333705193153,-12.354292253019585,-12.526189447829736
7,7_28,Focus,28,2,1.5,-11.24677214392108,-12.193220968829307,-12.18625978869517,-12.419744195776111,-12.56255892015578
7,7_28,Focus,28,3,2.0,-11.218271358527137,-12.012857538377398,-11.908766628141317,-12.422873705111831,-12.600504580383225
7,7_28,Focus,28,4,2.5,-11.25143538857767,-11.63305711240542,-11.856917111281355,-12.364555895130241,-12.56490252251249
7,7_28,Focus,28,5,3.0,-11.290813987758932,-11.722735088208573,-11.899046212019188,-12.272295020624943,-12.579273922345543
7,7_28,Focus,28,6,3.5,-11.490937553480542,-11.784630910783328,-12.062331944310342,-12.330256862544822,-12.586978070090101
7,7_28,Focus,28,7,4.0,-11.451881647870083,-11.461455229937844,-11.79496298614042,-12.37867970203579,-12.52695156897608
7,7_29,Focus,29,0,0.5,-11.577605452931788,-11.762791417843921,-12.147359524556691,-12.454105637446487,-12.82460668447655
7,7_29,Focus,29,1,1.0,-10.942223343674502,-11.740242176868843,-12.244845524867271,-12.508384611530483,-12.873837027499338
7,7_29,Focus,29,2,1.5,-10.990191705385218,-11.688725505651208,-12.075826295245156,-12.545032813268667,-12.783414134714063
7,7_29,Focus,29,3,2.0,-11.104946226213462,-11.68774461054098,-12.109004516534702,-12.596758956795084,-12.795896309401408
7,7_29,Focus,29,4,2.5,-11.134421762342708,-11.928519091059595,-12.325731450621845,-12.562078340319484,-12.770265238014133
7,7_29,Focus,29,5,3.0,-11.002148843375348,-11.859573098404551,-12.22899554323176,-12.554898681019244,-12.72209226104172
7,7_29,Focus,29,6,3.5,-11.047960592177898,-11.840441603316492,-12.301241951111656,-12.457957717115812,-12.900900151761093
7,7_29,Focus,29,7,4.0,-10.454928043901049,-11.746270644159,-11.52174714723792,-12.346297989708669,-12.911142373830447
7,7_30,MW,30,0,0.5,-11.100041424410678,-11.79388051376402,-12.05264506571785,-12.16296498487122,-12.828597461687764
7,7_30,MW,30,1,1.0,-11.290122524299793,-11.889910745860112,-12.10004535981036,-12.298359563265278,-12.78204147366552
7,7_30,MW,30,2,1.5,-11.436661076765777,-11.778013679758873,-11.770824747123259,-12.406128527205748,-12.811415055460657
7,7_30,MW,30,3,2.0,-11.369743912973453,-11.882645008675848,-12.127698520219528,-12.46984994373245,-12.80342736696262
7,7_30,MW,30,4,2.5,-11.242896775769461,-11.809551310465471,-12.11992778741865,-12.4673500686338,-12.656253001381918
7,7_30,MW,30,5,3.0,-11.353374356949912,-11.83875294804359,-12.197734327923754,-12.55549038115106,-12.771281600531065
7,7_30,MW,30,6,3.5,-11.245320520470441,-11.913388096242839,-12.457638587148583,-12.53685613529277,-12.677561565844073
7,7_30,MW,30,7,4.0,-11.080094562658717,-11.802764409436497,-12.137336932144999,-12.521977788035962,-12.702451053606932
7,7_31,MW,31,0,0.5,-11.60289483226509,-11.811718617599542,-12.138396273487789,-12.552181786180249,-12.517954448218452
7,7_31,MW,31,1,1.0,-11.328161332602763,-12.032326717376817,-12.1298932033883,-12.353628400213124,-12.519253337211133
7,7_31,MW,31,2,1.5,-11.336693980867802,-11.974829850437853,-12.253228788734573,-12.582804188006646,-12.520426909547636
7,7_31,MW,31,3,2.0,-11.31575069699158,-12.125873336699971,-12.389411003594864,-12.403846356756768,-12.615778932726903
7,7_31,MW,31,4,2.5,-11.267475099542075,-11.919003229701351,-12.32810883449454,-12.489308053778617,-12.508229861333355
7,7_31,MW,31,5,3.0,-11.168813884006926,-11.894982479992033,-12.539885977466477,-12.316866085817534,-12.473374704541314
7,7_31,MW,31,6,3.5,-11.083699702841932,-12.08642854423272,-12.334911676812183,-12.309332944682932,-12.59313057022495
7,7_31,MW,31,7,4.0,-11.147116579095359,-11.816607963197113,-12.320384235380033,-12.500868482421549,-12.518604146963499
7,7_32,MW,32,0,0.5,-11.286615093078863,-11.880721443420859,-12.39329521960654,-12.33676841963616,-12.26287892369753
7,7_32,MW,32,1,1.0,-11.321990508080257,-12.133287230508172,-12.492943367751845,-12.288062675931139,-12.501301645590484
7,7_32,MW,32,2,1.5,-11.267225892526586,-11.951801672782102,-12.140598201452347,-12.230578515096658,-12.309839857482613
7,7_32,MW,32,3,2.0,-11.276768137494113,-11.789840973168277,-12.147295535347052,-12.435715998972938,-12.34955726622415
7,7_32,MW,32,4,2.5,-11.271574985323594,-11.402460478132163,-12.061704438180703,-12.161585643109289,-12.395666920718623
7,7_32,MW,32,5,3.0,-11.288390675585621,-11.493980578900276,-11.962789397744654,-12.326424552565165,-12.286839277605456
7,7_32,MW,32,6,3.5,-11.293997136480318,-11.70426555153502,-12.278844256329796,-12.407923867792755,-12.467791683781206
7,7_32,MW,32,7,4.0,-11.350641466945824,-11.855058637231505,-12.378789148898132,-12.37523920737819,-12.324531321364374
7,7_33,Focus,33,0,0.5,-11.401934678197083,-12.057245011360694,-12.223467465594107,-12.365861306664405,-12.198696243594517
7,7_33,Focus,33,1,1.0,-11.402088220822279,-11.997414852698629,-12.250895792867594,-12.314186754992697,-12.387913921729385
7,7_33,Focus,33,2,1.5,-11.042815245609123,-11.918222069191366,-12.326882843626624,-12.388571373691876,-12.377483863402565
7,7_33,Focus,33,3,2.0,-11.483614260427364,-11.866893135604613,-12.032040827186739,-12.38309499633858,-12.415806276862705
7,7_33,Focus,33,4,2.5,-11.364765614777195,-12.03405127089657,-12.120770978360458,-12.407551873825552,-12.457331122970729
7,7_33,Focus,33,5,3.0,-11.25924460316305,-11.790828635318139,-12.195311829652722,-12.280602767900241,-12.345415424726266
7,7_33,Focus,33,6,3.5,-11.273628144938797,-11.674798101167404,-12.263302190802948,-12.362546493215367,-12.425751765225518
7,7_33,Focus,33,7,4.0,-11.30219065184439,-11.629498893663426,-12.246324151104183,-12.348882757122693,-12.229036488225352
7,7_34,Focus,34,0,0.5,-11.376972670344507,-12.090173086397305,-12.407665145277585,-12.425070480650973,-12.480571005180444
7,7_34,Focus,34,1,1.0,-11.375517482061577,-11.777739734531302,-12.17873850095447,-12.398808328865227,-12.428667024413086
7,7_34,Focus,34,2,1.5,-11.300425070626748,-12.13624755966197,-12.350339196673398,-12.424146543377898,-12.378055400185026
7,7_34,Focus,34,3,2.0,-11.193941439101517,-12.041305658175112,-12.213558408750583,-12.158755159827756,-12.456955930644138
7,7_34,Focus,34,4,2.5,-11.008151811321655,-11.784230059607575,-12.433734858842802,-12.438207563100741,-12.55505927166458
7,7_34,Focus,34,5,3.0,-11.047764155272414,-11.857225731850987,-12.41697297946816,-12.366930402957696,-12.447732132517004
7,7_34,Focus,34,6,3.5,-11.16645454531385,-12.075844432124153,-11.643498098506608,-12.138721533914017,-12.392559495820608
7,7_34,Focus,34,7,4.0,-11.32760202327494,-12.050852915215534,-11.795517455884257,-12.065992955379011,-12.398785337214541
7,7_35,MW,35,0,0.5,-10.945439737792531,-11.94206386851602,-12.250923566063317,-12.255726598628495,-12.232182294946604
7,7_35,MW,35,1,1.0,-10.961606625820563,-11.926635123734018,-12.269155843251326,-12.321828951181953,-12.233109362481748
7,7_35,MW,35,2,1.5,-11.174059174704793,-12.104878179027732,-12.180069345897373,-12.162016598534958,-12.133505160094538
7,7_35,MW,35,3,2.0,-11.257208586834755,-11.912093702949335,-12.238968386321332,-12.059555241167487,-12.246266999189057
7,7_35,MW,35,4,2.5,-11.144511800676815,-12.017415829817132,-11.988321108103438,-12.122940291966971,-12.220269992322452
7,7_35,MW,35,5,3.0,-11.296765416862808,-11.710577177928235,-12.278480128372403,-12.408260028369867,-12.268993957695214
7,7_35,MW,35,6,3.5,-10.996267655710245,-11.873238427124218,-12.387464620668272,-12.216973864744478,-12.138916553706549
7,7_35,MW,35,7,4.0,-11.301160634097512,-11.92804911152726,-12.19633054064855,-12.05202410187075,-12.258555029984997
7,7_36,Focus,36,0,0.5,-11.484135550365341,-11.811572383777198,-12.248377169965137,-12.414376433081788,-12.484130086238226
7,7_36,Focus,36,1,1.0,-11.556251034773299,-11.755988703142865,-12.356365177911377,-12.268468355495148,-12.369952081844605
7,7_36,Focus,36,2,1.5,-11.468756741182798,-12.311855868174815,-12.361463389989044,-12.345433758237553,-12.3549197548628
7,7_36,Focus,36,3,2.0,-11.62779186212981,-12.162365257840626,-12.409893178605412,-12.292437789590311,-12.308679533456521
7,7_36,Focus,36,4,2.5,-11.605773969681279,-12.045848370855227,-12.260935935168739,-12.431221448876881,-12.398193483591895
7,7_36,Focus,36,5,3.0,-11.434804979524817,-12.140231062025276,-12.332749146541525,-12.364900218679294,-12.452728411226277
7,7_36,Focus,36,6,3.5,-11.640238364312992,-12.004608303090357,-12.384269231646158,-12.413245474660748,-12.323467784329967
7,7_36,Focus,36,7,4.0,-11.26769489449128,-11.946670851087543,-12.307989809008086,-12.394464334930536,-12.484401527695788
7,7_37,Focus,37,0,0.5,-11.30120510638893,-12.01009807145884,-12.487835438274228,-12.335225607361362,-12.567473663614354
7,7_37,Focus,37,1,1.0,-11.441172648889587,-12.118871961005619,-12.189380925339796,-12.387421276590752,-12.427212864831528
7,7_37,Focus,37,2,1.5,-11.21435021039027,-12.079692166002168,-12.499216992364001,-12.417774898925881,-12.535015503555638
7,7_37,Focus,37,3,2.0,-11.463184739434983,-12.042143143626086,-12.210146799095925,-12.368170382898061,-12.507747565799011
7,7_37,Focus,37,4,2.5,-11.253433459785466,-12.170411818980961,-12.390692476336756,-12.326666028633493,-12.386512096481585
7,7_37,Focus,37,5,3.0,-11.241511018774178,-12.181696749981313,-12.170609559263793,-12.252516416560477,-12.511610115691997
7,7_37,Focus,37,6,3.5,-11.308415324535053,-12.16690969544207,-12.179118268445404,-12.386968013117183,-12.452711754295494
7,7_37,Focus,37,7,4.0,-11.513862323619087,-11.901877431425483,-12.06897238349607,-12.301755575294555,-12.60069232965097
7,7_38,Focus,38,0,0.5,-11.163754620597581,-12.018045230661635,-12.237849995311176,-12.675563040161089,-13.003385880578701
7,7_38,Focus,38,1,1.0,-11.521981458593118,-11.9609132191989,-12.193741117646972,-12.569310705881778,-13.012852457656583
7,7_38,Focus,38,2,1.5,-11.237678081352644,-11.813490663338197,-12.062277188654937,-12.40579190922344,-13.155894303251504
7,7_38,Focus,38,3,2.0,-11.45904326144323,-12.051948894329932,-12.123082819367731,-12.602331544165153,-13.02968447206112
7,7_38,Focus,38,4,2.5,-11.327771770346795,-11.793815321513858,-12.362150775086077,-12.52446505812987,-12.912858587827422
7,7_38,Focus,38,5,3.0,-11.62985229021221,-11.6771565955274,-12.164605115425982,-12.581921841674072,-12.99876555253744
7,7_38,Focus,38,6,3.5,-11.426833340392092,-12.055333394103863,-12.368727960463493,-12.572481945886778,-12.991424926519606
7,7_38,Focus,38,7,4.0,-11.286143387247273,-11.776972779943002,-12.21347902992558,-12.441218337822498,-12.970327763055925
7,7_39,Focus,39,0,0.5,-11.566894053985106,-11.667684060340212,-12.147025086783433,-12.446711830151457,-13.145946812608763
7,7_39,Focus,39,1,1.0,-11.37537316415569,-12.073199748945635,-12.278732387988848,-12.658246709078643,-13.093118527496767
7,7_39,Focus,39,2,1.5,-11.205982973058,-12.126540486599007,-12.210862071329366,-12.599699518388064,-12.983902753274378
7,7_39,Focus,39,3,2.0,-11.115306248407048,-12.097379336493612,-12.004783414180231,-12.541800401995024,-13.069240956700767
7,7_39,Focus,39,4,2.5,-11.250040315621833,-11.833200120726676,-11.825160056719845,-12.392751519939337,-12.995371745064775
7,7_39,Focus,39,5,3.0,-11.232248730286972,-11.77990533971271,-12.078517797643794,-12.477605632275553,-13.046482179784315
7,7_39,Focus,39,6,3.5,-11.396852603196999,-11.818938945600028,-12.054670104479348,-12.444031110849423,-13.032803257728157
7,7_39,Focus,39,7,4.0,-11.345254155759845,-11.849564542401295,-12.169401613272884,-12.631281009296263,-13.025423903801029
8,8_0,MW,0,0,0.5,-11.405862138720927,-11.89626810189939,-12.641689192273205,-12.979649773722109,-13.17316475107533
8,8_0,MW,0,1,1.0,-11.49899843403116,-12.093758849550701,-12.146680633993158,-12.889823232261095,-13.36679532462454
8,8_0,MW,0,2,1.5,-11.322647076630473,-11.940388037752514,-12.636802074609868,-12.98797136441219,-13.215270304610046
8,8_0,MW,0,3,2.0,-11.174689023591325,-12.069788599760267,-12.570580400498221,-12.934975548833494,-13.085620793421521
8,8_0,MW,0,4,2.5,-10.755197522748094,-11.901381057965295,-12.243829753895016,-12.873329592466332,-13.158934247465282
8,8_0,MW,0,5,3.0,-11.352842628899946,-11.710691819702108,-12.506517789021954,-12.945427324080498,-13.209102349548743
8,8_0,MW,0,6,3.5,-11.28605554922434,-11.999446948222108,-12.300561185228535,-12.946268913826525,-13.206629299446787
8,8_0,MW,0,7,4.0,-11.326952295681368,-11.959040097316905,-12.277061596244854,-12.883015719118024,-13.04891822430599
8,8_1,MW,1,0,0.5,-11.361690959871568,-11.640506617179307,-12.376972157136482,-12.905651759813221,-13.058953797132613
8,8_1,MW,1,1,1.0,-11.160753941226432,-11.44595956435345,-12.15333163736478,-12.887013733496754,-13.05918231677711
8,8_1,MW,1,2,1.5,-11.233441872917181,-11.964669318287074,-12.275093423511583,-12.76926591942418,-12.78724605797468
8,8_1,MW,1,3,2.0,-11.395277978284163,-12.360197170086686,-12.26252915884724,-12.451744531447535,-12.812539061086007
8,8_1,MW,1,4,2.5,-11.493830079566258,-11.953804018798966,-12.151032385117437,-12.477054467955561,-12.916333918213857
8,8_1,MW,1,5,3.0,-11.562800305374202,-11.92245183868646,-12.069927955786873,-12.803905573556513,-12.945359999035313
8,8_1,MW,1,6,3.5,-11.403504538989619,-11.983517956390768,-12.510013505022448,-12.851151160177187,-12.89393324374026
8,8_1,MW,1,7,4.0,-11.38785769494564,-11.888179334170415,-12.281181699467567,-12.720570878497476,-13.027927940293447
8,8_2,MW,2,0,0.5,-11.11073941634471,-12.104865379845172,-11.766725531962834,-12.488538664687555,-12.623076958099185
8,8_2,MW,2,1,1.0,-11.376168339048753,-12.170144683809843,-12.367382728222706,-12.382176864759556,-12.815797346205937
8,8_2,MW,2,2,1.5,-11.399546139730534,-12.02219998495166,-11.958391312579858,-12.503639207909977,-12.951823730143193
8,8_2,MW,2,3,2.0,-11.457548032808024,-11.893379228497036,-12.094485664742129,-12.563937439059927,-12.851434813837605
8,8_2,MW,2,4,2.5,-11.192406757992924,-11.916285316417667,-12.203439284416028,-12.665324589115162,-13.000826319614248
8,8_2,MW,2,5,3.0,-11.374153933701797,-11.750049311274678,-12.375892698047785,-12.64185083711486,-12.92816626611566
8,8_2,MW,2,6,3.5,-10.834469247019396,-12.058530468478278,-12.30585970026549,-12.789935265161322,-12.831840978916054
8,8_2,MW,2,7,4.0,-10.948134449764792,-11.878211880714176,-12.060844742094753,-12.733006558033242,-12.97127937746676
8,8_3,MW,3,0,0.5,-11.63072282892759,-12.031062468959917,-12.207098464851999,-12.8203543539746,-12.865251732606392
8,8_3,MW,3,1,1.0,-11.531168380402907,-11.572679571274975,-12.054573465287552,-12.789854177680269,-12.96252259391829
8,8_3,MW,3,2,1.5,-11.143469702832105,-11.468893900972041,-12.143567027532525,-12.513133789895466,-12.783841959224599
8,8_3,MW,3,3,2.0,-11.021246443653649,-11.45777023428929,-11.679262941502566,-12.269242239540594,-12.235612344420309
8,8_3,MW,3,4,2.5,-11.367398721714604,-12.149181481586144,-11.899734139118626,-12.283434761806028,-12.440177979037381
8,8_3,MW,3,5,3.0,-11.386352315056772,-11.910271621276996,-12.154224567134932,-12.222561414486004,-12.721096522071997
8,8_3,MW,3,6,3.5,-11.302834728957912,-12.113600799064782,-11.981460155075036,-12.226644721866215,-12.823141402952066
8,8_3,MW,3,7,4.0,-11.269966812755415,-11.907730521591345,-12.153963041086012,-12.53756025740654,-12.713656171516156
8,8_4,MW,4,0,0.5,-11.342046134527003,-11.754033062724226,-12.165353619992606,-12.626018374879294,-12.86719678500824
8,8_4,MW,4,1,1.0,-11.361359605147435,-12.333589521680585,-11.831706355987164,-12.593800784387636,-12.950524995833813
8,8_4,MW,4,2,1.5,-11.721017245425006,-12.11713100076161,-12.126781290232111,-12.554536562903245,-12.715698574907119
8,8_4,MW,4,3,2.0,-11.071692808517767,-12.107317687843308,-12.510816026083752,-12.669889423833874,-12.671231214200537
8,8_4,MW,4,4,2.5,-11.119541277267121,-12.128915547568367,-12.347133581463694,-12.46348355036391,-12.670867018830531
8,8_4,MW,4,5,3.0,-11.101957007490924,-12.069309091134034,-12.248186066642129,-12.438968288890832,-12.775496252522672
8,8_4,MW,4,6,3.5,-11.236570726957723,-12.001969594211591,-11.848216656312276,-12.66945735824899,-12.65822546670533
8,8_4,MW,4,7,4.0,-11.069213841157929,-12.072900369223401,-12.19176891153343,-12.785289052596303,-12.987226370896826
8,8_5,MW,5,0,0.5,-11.190093400785301,-12.110579801254863,-12.122568431073748,-12.614229278719899,-12.915655743012765
8,8_5,MW,5,1,1.0,-11.555337229573132,-12.134102310255848,-11.94301332007135,-12.251635973639104,-13.028073625787021
8,8_5,MW,5,2,1.5,-11.567235373567991,-11.993849113357344,-12.51748731704185,-12.634993697895169,-13.135977883644031
8,8_5,MW,5,3,2.0,-11.365696568257588,-11.565433787588873,-12.234474635140101,-12.78352174165688,-12.870371803751482
8,8_5,MW,5,4,2.5,-11.568783584239354,-11.885452844916104,-12.258870164668043,-12.776209842895556,-12.970719641031891
8,8_5,MW,5,5,3.0,-11.84610682282565,-12.067468797830152,-12.209569887002237,-12.899983446056783,-12.959584321102746
8,8_5,MW,5,6,3.5,-11.459590987364816,-11.824603220280851,-12.308673460607277,-13.009526684771286,-13.195745418233482
8,8_5,MW,5,7,4.0,-11.519546177095645,-11.932194376927075,-12.17370553592066,-12.775508838233742,-13.213367282306534
8,8_6,MW,6,0,0.5,-11.502373265342417,-12.16573131237152,-11.97946851701774,-12.680372281504795,-13.065958048327682
8,8_6,MW,6,1,1.0,-11.2623526028418,-12.008275826814165,-12.330768606359324,-12.748725257519574,-13.08483938308833
8,8_6,MW,6,2,1.5,-11.29327861236074,-12.04674962160969,-12.190522090265674,-12.693219432578498,-13.148434355045163
8,8_6,MW,6,3,2.0,-11.448227876331217,-12.320446243227561,-12.114437924101738,-12.72483483033772,-12.959560406414695
8,8_6,MW,6,4,2.5,-11.627726629990589,-12.44089114985607,-11.941462851126376,-12.771515635458318,-12.98668993738811
8,8_6,MW,6,5,3.0,-11.564858935531065,-12.315997888161357,-12.112796599084596,-12.703670384707513,-13.056341669053422
8,8_6,MW,6,6,3.5,-11.705909593225671,-12.198651823214076,-12.157431612043629,-12.83427900281648,-13.117829576155096
8,8_6,MW,6,7,4.0,-11.362528972019398,-12.189822872199414,-11.986226784648183,-12.836399166562423,-13.13392098320881
8,8_7,MW,7,0,0.5,-11.040125915337873,-11.908965740066147,-12.542061894461295,-12.508345167860417,-12.8317538768694
8,8_7,MW,7,1,1.0,-11.542120347421468,-11.617948850057696,-11.474771906307653,-12.411544239907947,-12.552664222924077
8,8_7,MW,7,2,1.5,-11.23973326747555,-11.84330733211353,-12.103211484832006,-12.351653219738376,-12.937041542477912
8,8_7,MW,7,3,2.0,-11.676973713781443,-12.041710469247425,-12.083141446150641,-12.435151586890417,-12.94411935430558
8,8_7,MW,7,4,2.5,-11.295397814826154,-11.943135825832023,-11.883061049503684,-12.469626506935592,-12.896711267736281
8,8_7,MW,7,5,3.0,-11.376030117993302,-11.878598283920068,-11.676317480905768,-12.212056546614097,-12.730281071730314
8,8_7,MW,7,6,3.5,-11.20909814551906,-11.49697022622619,-12.097562289535455,-12.508611782975857,-12.713051296759675
8,8_7,MW,7,7,4.0,-11.052552305325998,-11.597389218359027,-12.141887919177137,-12.680780884627664,-12.799477296870435
8,8_8,MW,8,0,0.5,-11.498686197787485,-12.082121217632569,-12.134513902566038,-12.860674025819153,-13.176429997672125
8,8_8,MW,8,1,1.0,-11.580309590261116,-11.934615686422218,-12.523914394377034,-12.963610568636055,-13.11981739923052
8,8_8,MW,8,2,1.5,-11.491937090064992,-12.01218353066299,-12.426542232790117,-12.764571939688887,-12.929255552518345
8,8_8,MW,8,3,2.0,-11.436831475805016,-11.939891700594341,-12.650100047818162,-12.735413618840242,-12.934980197190521
8,8_8,MW,8,4,2.5,-11.49308023769867,-12.307940874342076,-12.448302397227605,-12.663823892178147,-12.899308292107573
8,8_8,MW,8,5,3.0,-11.309743323237308,-12.012470386515615,-11.979625257625893,-12.606910617453229,-12.840598462327929
8,8_8,MW,8,6,3.5,-11.370316645319184,-11.995964051419408,-12.374796932254858,-12.81702616692447,-13.02180537636302
8,8_8,MW,8,7,4.0,-11.518278601732453,-11.709061550475571,-12.235508627921442,-12.868568133188326,-13.102106231345045
8,8_9,MW,9,0,0.5,-11.623893401481071,-11.991411699536703,-12.206055546907741,-12.54768962422931,-12.824398652794436
8,8_9,MW,9,1,1.0,-11.321017748826167,-11.642382775979172,-12.144729337500726,-12.69113986947455,-12.901114895789696
8,8_9,MW,9,2,1.5,-11.351089818924821,-12.211339959704876,-12.289833273497074,-12.485400026645936,-12.911407279484969
8,8_9,MW,9,3,2.0,-11.284156074264095,-12.121337250433589,-12.129444485295839,-12.78689486408707,-12.828937571436992
8,8_9,MW,9,4,2.5,-11.221847791358844,-11.976885457841824,-12.410035038253323,-12.806119531571493,-13.024731183467393
8,8_9,MW,9,5,3.0,-10.751499951252095,-11.96656872668659,-12.37395993890663,-12.86739136830603,-12.845504468003973
8,8_9,MW,9,6,3.5,-11.077120996328665,-12.125390251189458,-12.43405538100266,-12.690276690847929,-12.726940574357474
8,8_9,MW,9,7,4.0,-11.297167139857821,-12.309906731080243,-12.353126900191976,-12.800774965174606,-13.01447272862793
8,8_10,MW,10,0,0.5,-11.510872502500598,-11.96892283569009,-12.24227887965774,-12.265803293913516,-12.844679817447554
8,8_10,MW,10,1,1.0,-11.620090890653001,-11.820781865561878,-12.186556856518576,-12.590346550113082,-12.864991708858897
8,8_10,MW,10,2,1.5,-11.43853311049418,-11.824592462033175,-12.630131761593281,-12.707348589487417,-12.739659174499032
8,8_10,MW,10,3,2.0,-11.050540376846707,-11.725328925778014,-12.371376583548356,-12.79095433761545,-12.79844635187356
8,8_10,MW,10,4,2.5,-11.524758405165759,-11.466229672075666,-12.10860225084607,-12.915775500183269,-13.067868419449997
8,8_10,MW,10,5,3.0,-11.388621109716551,-11.823958940996693,-12.357607833791224,-12.697476852573086,-13.042092752289374
8,8_10,MW,10,6,3.5,-11.508005947684644,-12.190759852840388,-12.459329431563788,-12.855778920162054,-13.044748727922467
8,8_10,MW,10,7,4.0,-11.641224290720208,-11.954325395646036,-12.379005398205694,-12.584174124278768,-12.829544334633095
8,8_11,MW,11,0,0.5,-11.042173922553248,-11.452928167835909,-11.767116291891698,-12.702620978759352,-12.63842726618882
8,8_11,MW,11,1,1.0,-11.257654523529236,-11.460661531732127,-11.797438572171302,-12.325148288732887,-12.793376051248774
8,8_11,MW,11,2,1.5,-11.671870284155709,-11.969556994327286,-12.171846820973032,-12.486922244182832,-12.780049438522237
8,8_11,MW,11,3,2.0,-11.413507843302265,-11.871199212810593,-12.173317804273955,-12.730359198549069,-12.927578103750687
8,8_11,MW,11,4,2.5,-11.278683845168032,-11.709905009656612,-12.364282620114952,-12.55530096089012,-12.776286429404706
8,8_11,MW,11,5,3.0,-11.267116541681775,-11.90811184388537,-12.368185937677362,-12.431576324336055,-12.797032587369479
8,8_11,MW,11,6,3.5,-11.374086706757359,-11.955744893588532,-11.886985381574979,-12.061036686003673,-12.748629698925626
8,8_11,MW,11,7,4.0,-11.444219911945671,-11.919714552939517,-12.323445146219346,-12.485577091831159,-12.704094343991057
8,8_12,MW,12,0,0.5,-11.327335777990656,-11.922179731597312,-11.472077819331854,-12.274789523379841,-12.75649383517391
8,8_12,MW,12,1,1.0,-11.348822027792526,-11.400583259860444,-11.324167317942821,-12.318180334598484,-12.887704111264075
8,8_12,MW,12,2,1.5,-11.247061153576322,-11.757648069813477,-12.100091324183397,-12.51630673111574,-12.896533680750133
8,8_12,MW,12,3,2.0,-11.064763333902725,-11.727590361802921,-12.325400786900909,-12.722016013387776,-12.775454686191187
8,8_12,MW,12,4,2.5,-11.169617667555022,-11.905842455741439,-12.186383656948124,-12.551990994912694,-12.599498749652401
8,8_12,MW,12,5,3.0,-11.139853569023295,-11.83745222479529,-11.900254610153851,-12.323775386937893,-12.758250604561882
8,8_12,MW,12,6,3.5,-11.10178015214199,-11.787904701001203,-12.135373976670639,-12.32553583017536,-12.529887138837886
8,8_12,MW,12,7,4.0,-10.955236274399917,-12.138887060983466,-12.339619652181398,-12.592418957051839,-12.988052007688019
8,8_13,MW,13,0,0.5,-11.572735161005085,-12.15401143772613,-12.595100935669665,-12.817288659802417,-12.942884991855603
8,8_13,MW,13,1,1.0,-11.190693905677886,-12.039783592307344,-12.234486987726903,-12.670886793182015,-12.702881688571498
8,8_13,MW,13,2,1.5,-11.402984276826384,-11.911156171797431,-12.461661116123686,-12.859449963621284,-12.78658187954387
8,8_13,MW,13,3,2.0,-11.541589697012816,-11.920119736231783,-12.451128016051536,-12.728520451893049,-12.782904760922403
8,8_13,MW,13,4,2.5,-11.238283314158396,-11.74861896997303,-12.237842883981175,-12.675936558747429,-12.608846726466385
8,8_13,MW,13,5,3.0,-11.313897531117577,-11.512628660313082,-12.190807655370698,-12.631746524744237,-12.5658804396502
8,8_13,MW,13,6,3.5,-11.370929257134684,-12.079217203655988,-12.416576021649428,-12.624228607132185,-12.598444026944179
8,8_13,MW,13,7,4.0,-11.107145529724518,-11.988047864281855,-12.336508445254402,-12.235815053061778,-12.775876859258636
8,8_14,MW,14,0,0.5,-11.439470947534051,-12.28743605254116,-12.574142402844762,-12.71303000267899,-12.856028449238709
8,8_14,MW,14,1,1.0,-11.158895479424928,-11.395858489401416,-12.193471550674621,-12.527360088603492,-12.811575161786564
8,8_14,MW,14,2,1.5,-11.290411618888426,-11.9540962713259,-12.65744800027968,-12.835821664762086,-12.76526892680242
8,8_14,MW,14,3,2.0,-11.200512232225044,-11.870548102752684,-12.352579444430022,-12.819681867670429,-12.963056870451908
8,8_14,MW,14,4,2.5,-11.221832655353973,-11.497470145623202,-12.262856573015394,-12.584096454020985,-12.85841193037049
8,8_14,MW,14,5,3.0,-10.93021792261853,-11.818383810814463,-12.044558936623826,-12.576056352157238,-12.906668730394857
8,8_14,MW,14,6,3.5,-10.791122934994647,-11.491710299675793,-12.218250393299497,-12.639085696028193,-12.898875045837704
8,8_14,MW,14,7,4.0,-11.18349637798705,-11.456833216937975,-12.266772036457514,-12.737009061269715,-12.895956861069518
8,8_15,MW,15,0,0.5,-11.277350461896296,-12.063620158440408,-12.121941998861734,-12.726694339295332,-12.588039137493213
8,8_15,MW,15,1,1.0,-11.294682251317436,-11.98242729861385,-12.298508432942539,-12.704884278330233,-12.73947538412905
8,8_15,MW,15,2,1.5,-11.374202806443236,-11.869517588060011,-12.32428643054774,-12.706606245462021,-12.776541694154023
8,8_15,MW,15,3,2.0,-11.37958798464489,-11.988409002176368,-12.296697836733356,-12.86976036833936,-12.717052927362154
8,8_15,MW,15,4,2.5,-11.229777498033297,-11.607303436791124,-12.437371794813407,-12.78318896898367,-12.553091506575166
8,8_15,MW,15,5,3.0,-11.562091230238511,-11.610838161873586,-12.236814226736959,-12.495308678489408,-12.567080537176441
8,8_15,MW,15,6,3.5,-11.360055498639229,-11.969977134982612,-12.54969506655238,-12.51418587638141,-12.574584752435262
8,8_15,MW,15,7,4.0,-11.472587401707967,-11.66576446419931,-12.046098867959032,-12.73608357351648,-12.8504549341927
8,8_16,MW,16,0,0.5,-11.650327897274407,-11.85041263082269,-12.200016577296411,-12.49769048182895,-12.655500363736069
8,8_16,MW,16,1,1.0,-11.194792983186801,-11.56578836093332,-12.047439917919908,-12.607314625679553,-12.551539160651878
8,8_16,MW,16,2,1.5,-11.215002788834783,-11.899851946303022,-12.368821371807128,-12.663691915767027,-12.964479596970179
8,8_16,MW,16,3,2.0,-11.463686372153617,-12.206590514170896,-12.28551519437109,-12.65127708140929,-12.680054152145424
8,8_16,MW,16,4,2.5,-11.150866200360303,-11.331097496420648,-12.113761364445708,-12.587063365559024,-12.808247559038541
8,8_16,MW,16,5,3.0,-10.902071876618496,-11.131461545650831,-11.610627006925213,-11.921534939890126,-12.521536159667532
8,8_16,MW,16,6,3.5,-11.184918652926518,-11.688438423803307,-11.922115044651207,-12.267787989033062,-12.386314899420242
8,8_16,MW,16,7,4.0,-11.365821471224454,-11.94880382403116,-12.20539047197867,-12.079838890684131,-12.47681226151655
8,8_17,MW,17,0,0.5,-11.114831875614467,-11.623021334392304,-12.124379533726504,-12.329813519740382,-12.555270157619569
8,8_17,MW,17,1,1.0,-11.293056130721904,-11.903602214270606,-12.029077934872143,-12.198250752027537,-12.363911442008872
8,8_17,MW,17,2,1.5,-11.38571648248531,-11.89773566206318,-12.118875802395296,-12.49066474575405,-12.605767199312101
8,8_17,MW,17,3,2.0,-11.322866417171952,-11.907670108570457,-12.431374463017244,-12.57712327051527,-12.63579731728702
8,8_17,MW,17,4,2.5,-11.118621268760227,-11.956692001635808,-12.154358155321953,-12.517402174425516,-12.49686808988609
8,8_17,MW,17,5,3.0,-11.369339725718126,-12.087582604247519,-12.056878483508209,-12.432439319664846,-12.448829207503621
8,8_17,MW,17,6,3.5,-11.33091241376751,-11.902561335741822,-12.05057332362513,-12.176172126021719,-12.482593775985992
8,8_17,MW,17,7,4.0,-11.07818888284987,-12.06619637940523,-12.264001366103885,-12.554389861915647,-12.461957171333806
8,8_18,MW,18,0,0.5,-11.568571882710565,-11.683941185301439,-12.427199632169529,-12.575270842686637,-12.66825869036225
8,8_18,MW,18,1,1.0,-11.394075026189833,-11.972306149516426,-12.236648796547453,-12.661017536314716,-12.828562644058946
8,8_18,MW,18,2,1.5,-11.174404925923465,-11.769420796605434,-12.09834635214848,-12.525852957462746,-12.723241239638067
8,8_18,MW,18,3,2.0,-10.89218399349289,-11.725869698086907,-11.874676007584428,-12.264918468203199,-12.776035457670966
8,8_18,MW,18,4,2.5,-11.19191931551565,-11.79903909281635,-12.414510256509445,-12.450592713816029,-12.488490839962912
8,8_18,MW,18,5,3.0,-11.319147488277915,-11.673244716475937,-12.215269833395329,-12.589096559456612,-12.87603100193538
8,8_18,MW,18,6,3.5,-11.173947392559688,-11.649238435606748,-12.289144452489879,-12.824144133691027,-12.777104475425695
8,8_18,MW,18,7,4.0,-10.977191164906994,-11.517338780668231,-11.877630819596678,-12.643689855684551,-12.81443944245489
8,8_19,Focus,19,0,0.5,-11.28520473126387,-11.80413029498119,-12.248179168239727,-12.728357482447604,-12.759135252706724
8,8_19,Focus,19,1,1.0,-11.199436998399007,-11.803567677976098,-11.967420946058914,-12.266103952981398,-12.10793786947894
8,8_19,Focus,19,2,1.5,-11.138306956405067,-12.057385887930863,-11.68199299061048,-12.101473865940504,-12.168125229905334
8,8_19,Focus,19,3,2.0,-11.52608090219656,-12.045846113099797,-11.477611136359762,-12.079843287044099,-12.268115814983219
8,8_19,Focus,19,4,2.5,-11.420320738742213,-11.913137224332903,-11.968620165011247,-12.378656104083044,-12.400406779855643
8,8_19,Focus,19,5,3.0,-11.445236729616331,-11.913558893786348,-12.053485891198372,-12.466077431393662,-12.651999291355827
8,8_19,Focus,19,6,3.5,-11.37185722183669,-11.741879823167773,-11.816589480622635,-12.41075348162378,-12.62600340650799
8,8_19,Focus,19,7,4.0,-11.496041990342603,-12.03630336649444,-12.194695510685007,-12.456775653890638,-12.765973283225998
8,8_20,MW,20,0,0.5,-11.327775672407162,-12.0447723493957,-11.902440975087158,-12.161675128813737,-12.279335901767995
8,8_20,MW,20,1,1.0,-11.16376726728885,-11.798060460666845,-11.854881038546727,-12.117910949199892,-12.110432764635604
8,8_20,MW,20,2,1.5,-11.48163714591443,-12.156673581339591,-11.80141524029847,-12.342529795195588,-12.507743960518217
8,8_20,MW,20,3,2.0,-11.189406821822665,-12.154847853327517,-11.839481111992217,-12.27887366065989,-12.562401798315921
8,8_20,MW,20,4,2.5,-11.666299653881788,-12.140511758463322,-12.171640724192574,-12.246698146623235,-12.692764935320662
8,8_20,MW,20,5,3.0,-11.244732097947166,-11.95282474752536,-12.08566277792226,-12.401337008639826,-12.693398947919174
8,8_20,MW,20,6,3.5,-10.81099026972834,-11.619523760487873,-12.402433831359094,-12.397330053840651,-12.706461541912113
8,8_20,MW,20,7,4.0,-10.10272507117747,-11.223902778680465,-11.920042843847714,-12.336323918018863,-12.556315431657227
8,8_21,Focus,21,0,0.5,-11.474004247102126,-12.261141166138515,-11.803162219868666,-12.772830915341375,-12.735212642681253
8,8_21,Focus,21,1,1.0,-11.447625404319469,-11.899695467281367,-11.900690960537228,-12.547820450589649,-12.870995149240551
8,8_21,Focus,21,2,1.5,-11.426499806289204,-12.199453776666047,-11.99499810749856,-12.639730780359109,-12.823405526434668
8,8_21,Focus,21,3,2.0,-11.611343054911595,-12.34629116618026,-11.891510223290435,-12.745294581465638,-12.94551380279527
8,8_21,Focus,21,4,2.5,-11.73055478391177,-12.208741074624117,-11.890435828189,-12.762772798905655,-12.902081886559417
8,8_21,Focus,21,5,3.0,-11.86290469129627,-12.180516119890374,-11.71938609352194,-12.609036201133474,-12.896146527894716
8,8_21,Focus,21,6,3.5,-11.318962653211713,-12.012436868372506,-12.19885725167226,-12.490281751230098,-12.857077075115201
8,8_21,Focus,21,7,4.0,-11.236468293367622,-12.131626955972513,-11.981527410976648,-12.698220010662071,-12.913245275418687
8,8_22,Focus,22,0,0.5,-11.49360265260196,-11.858106372855751,-12.165032126588182,-12.617926657649331,-12.735646015569616
8,8_22,Focus,22,1,1.0,-11.558777543843604,-11.746674554616652,-12.236931177466086,-12.713074888449253,-12.870887443538832
8,8_22,Focus,22,2,1.5,-11.215378084793898,-11.819209785899174,-12.281570531521643,-12.570307426853958,-12.822865560187806
8,8_22,Focus,22,3,2.0,-10.918808943077478,-11.964649276043692,-12.093044819655976,-12.302354434205993,-12.441256520274516
8,8_22,Focus,22,4,2.5,-11.643341281370423,-11.832008707133982,-11.606301570622287,-12.32674188586835,-12.460870429559252
8,8_22,Focus,22,5,3.0,-11.174759315176829,-12.004255598172747,-12.055870384009113,-12.287743480039724,-12.392842255436872
8,8_22,Focus,22,6,3.5,-11.274997996820678,-12.042226523837705,-12.068768769459135,-12.364393761589726,-12.518582402646334
8,8_22,Focus,22,7,4.0,-11.395237782758723,-12.267114008682455,-11.693648690025993,-12.17092220466172,-12.322884625684038
8,8_23,MW,23,0,0.5,-11.531681476354938,-11.941419987040842,-12.30251238540943,-12.878975254165363,-12.7726792646994
8,8_23,MW,23,1,1.0,-11.17919094434845,-11.696862625921737,-12.253124089361735,-12.584296035545947,-12.609966248974729
8,8_23,MW,23,2,1.5,-11.364390510687798,-11.856764146249224,-12.162024173821168,-12.601908329979567,-12.614740240036081
8,8_23,MW,23,3,2.0,-11.381042167425438,-11.669948507786279,-12.093588640651829,-12.335138196995413,-12.649359020218157
8,8_23,MW,23,4,2.5,-11.25316108032984,-11.889649038189104,-12.319496366409613,-12.701012056227489,-12.864495444035873
8,8_23,MW,23,5,3.0,-11.096103245791896,-11.891191484458487,-12.293596338232057,-12.668195641733385,-12.714964949195515
8,8_23,MW,23,6,3.5,-11.517470931029795,-12.093797414344165,-12.287002919431867,-12.698826880675401,-12.785117295994375
8,8_23,MW,23,7,4.0,-11.281098349531433,-12.000400788445813,-12.338876229810083,-12.877669964322093,-12.785414209153531
8,8_24,MW,24,0,0.5,-11.309113792929582,-11.514860646778619,-11.887548644768891,-12.730754227627353,-12.788707748902755
8,8_24,MW,24,1,1.0,-11.478771582912106,-11.823344014756138,-12.366796518909663,-12.62085842020676,-12.798180933039458
8,8_24,MW,24,2,1.5,-11.615098009995881,-12.298050212557694,-12.394707828613722,-12.580157021154287,-12.79727339225799
8,8_24,MW,24,3,2.0,-11.546810230574925,-11.990336730086304,-12.458096203961315,-12.81151431072912,-12.824956903300638
8,8_24,MW,24,4,2.5,-11.514322739910307,-11.849626260234524,-12.589427343399597,-12.669784823080223,-12.721169111030536
8,8_24,MW,24,5,3.0,-11.153082336222788,-11.696697341909106,-12.22370397564257,-12.665706846178454,-12.693638001329232
8,8_24,MW,24,6,3.5,-11.05181375258175,-12.114594172173243,-12.437256664803467,-12.734869887603857,-12.644817680768414
8,8_24,MW,24,7,4.0,-11.298261927594593,-11.86364752716103,-12.067070466209532,-12.6452088616096,-12.71237555700143
8,8_25,MW,25,0,0.5,-11.442401443800282,-12.038619228510482,-12.082098456289014,-12.36374589043726,-12.54126127031263
8,8_25,MW,25,1,1.0,-11.503741129411672,-11.985341123508265,-12.436970730917242,-12.417758325843224,-12.475594454949668
8,8_25,MW,25,2,1.5,-11.722000391275081,-11.875993029656401,-12.109118687878073,-12.500815305788825,-12.597999063701264
8,8_25,MW,25,3,2.0,-11.663088761295972,-12.032634170991265,-12.146851990791944,-12.410257052471577,-12.723243985219021
8,8_25,MW,25,4,2.5,-11.189288524324315,-12.136437592479453,-12.154269586250042,-12.33428768058712,-12.640492294320444
8,8_25,MW,25,5,3.0,-11.27046119278747,-11.783717104874341,-12.141677869787395,-12.568207930121634,-12.853207787970597
8,8_25,MW,25,6,3.5,-11.00234532564162,-11.418374161797217,-11.760716350251592,-12.207587972079125,-12.484173711237943
8,8_25,MW,25,7,4.0,-11.280486156956915,-11.812724065624293,-11.788724423490454,-12.338072085641372,-12.581271920877867
8,8_26,MW,26,0,0.5,-11.247158340739949,-11.993815575747032,-12.073146858564161,-12.301412517814551,-12.59198345014736
8,8_26,MW,26,1,1.0,-11.40812559029948,-11.625389567455994,-12.402861617750554,-12.735703470930503,-12.838258917287632
8,8_26,MW,26,2,1.5,-11.464661289921171,-11.853316932760482,-12.123709488042127,-12.686387681404973,-12.884939265957748
8,8_26,MW,26,3,2.0,-11.38443047634585,-11.579278952201385,-12.114968750265739,-12.556925080750437,-12.809086043072377
8,8_26,MW,26,4,2.5,-11.172998178065438,-11.71522006363671,-11.745172818833593,-12.5173965487792,-12.772311831741543
8,8_26,MW,26,5,3.0,-11.12343708779174,-11.683020172973883,-12.062448130710461,-12.532537972638623,-12.659795880188744
8,8_26,MW,26,6,3.5,-11.407086158911456,-11.88023892628929,-11.932208560910285,-12.412969956993201,-12.61530140062488
8,8_26,MW,26,7,4.0,-11.28106057847487,-11.878784551550387,-12.2620715437053,-12.542819696550918,-12.759333795712372
8,8_27,MW,27,0,0.5,-11.555731823791275,-11.914956205258386,-12.22367159533012,-12.737007794781746,-12.866290765601788
8,8_27,MW,27,1,1.0,-11.430451351385308,-11.8261206384825,-12.28224878779641,-12.934847568298622,-12.804994546450612
8,8_27,MW,27,2,1.5,-11.586102712583411,-12.132481581594297,-12.338351179269038,-12.824727723040924,-13.081430091956346
8,8_27,MW,27,3,2.0,-11.315518549727244,-11.985809766507225,-12.28407245950238,-12.79624537183901,-13.019979580895784
8,8_27,MW,27,4,2.5,-11.564077513857047,-11.85777823443586,-12.403156698552054,-12.881193639308005,-13.076892598281125
8,8_27,MW,27,5,3.0,-11.108935442018726,-11.918267319403988,-11.996575186109679,-12.876808950187716,-13.105127669727631
8,8_27,MW,27,6,3.5,-11.130130834445763,-11.671330888512625,-12.393075282686205,-12.739304644707602,-13.044697744157952
8,8_27,MW,27,7,4.0,-11.116255321213051,-11.861454724156879,-12.150919640511859,-12.683377349409927,-13.02840973584906
8,8_28,MW,28,0,0.5,-11.698591238669412,-12.095980287447972,-12.121761466159844,-12.628216701565798,-12.761619313639919
8,8_28,MW,28,1,1.0,-11.520451833982323,-12.315954834847801,-12.113436984402307,-12.549677305174441,-12.720361249108402
8,8_28,MW,28,2,1.5,-11.384414068110118,-11.69800227157381,-12.053069705528111,-12.460547019736588,-12.601581269965928
8,8_28,MW,28,3,2.0,-11.355884116488024,-11.687028724622708,-11.51218361239357,-12.171800436986233,-12.27549945673317
8,8_28,MW,28,4,2.5,-11.389314687980145,-12.184793491592405,-12.112626260390813,-12.216610275102173,-12.339613177317398
8,8_28,MW,28,5,3.0,-11.240519021747941,-12.151139878877652,-11.60711415928211,-12.186703818711232,-12.573600993368748
8,8_28,MW,28,6,3.5,-11.456286727688367,-11.739457291962323,-11.295321936957876,-12.182585281903657,-12.813174506606028
8,8_28,MW,28,7,4.0,-11.485534007304912,-12.073072533915571,-11.819620953578493,-12.405905376827333,-12.98364044170777
8,8_29,MW,29,0,0.5,-11.25447148795546,-11.901883691128527,-12.267363416911323,-12.522736593260428,-12.74091481941229
8,8_29,MW,29,1,1.0,-11.161652531840177,-11.904807542487939,-12.147586183762304,-12.593277074131167,-12.578804900508372
8,8_29,MW,29,2,1.5,-11.23846511743356,-11.815189603154469,-12.26647366726617,-12.44991159965617,-12.69120581234884
8,8_29,MW,29,3,2.0,-11.455179667081032,-11.865960123727351,-12.258191211868404,-12.722444184073307,-12.763156638632296
8,8_29,MW,29,4,2.5,-10.898138855651203,-11.995521702413185,-12.05472932130399,-12.495501251318602,-12.392563114893186
8,8_29,MW,29,5,3.0,-11.40703815970279,-11.964731131977,-12.19231196494889,-12.342964687871785,-12.412193091187467
8,8_29,MW,29,6,3.5,-11.193167343135581,-12.062477088102973,-12.308161790030892,-12.335272816507013,-12.57470429600604
8,8_29,MW,29,7,4.0,-11.400854368123595,-12.026322617987196,-12.279352504244581,-12.35620929370726,-12.3686087003522
8,8_30,MW,30,0,0.5,-11.257526544922564,-12.03616809559091,-12.359150355515675,-12.322192817142772,-12.524516158958777
8,8_30,MW,30,1,1.0,-11.356947439954409,-12.03060533655082,-12.491772963998702,-12.146665004246563,-12.48372960816474
8,8_30,MW,30,2,1.5,-11.70257266092256,-11.785869201638423,-11.363112259951212,-12.272882696959446,-12.853444368152006
8,8_30,MW,30,3,2.0,-11.015478585744663,-12.027160286649474,-11.244520763928511,-12.335287178171294,-12.789778300624361
8,8_30,MW,30,4,2.5,-11.244258136033947,-12.137152198022987,-11.336702256549659,-12.278377522281772,-12.811080258265571
8,8_30,MW,30,5,3.0,-11.532653044995754,-11.944742801873511,-11.482867930696585,-12.448434053343258,-13.008815966360663
8,8_30,MW,30,6,3.5,-11.45816247418678,-12.005963160585187,-11.486459145320802,-12.418468033773792,-13.115027874276615
8,8_30,MW,30,7,4.0,-11.235177756702216,-11.721904684501927,-11.809715078098892,-12.853836089416367,-13.085735530269046
8,8_31,MW,31,0,0.5,-11.74127169844618,-12.093187119983222,-12.031682382582723,-12.342293891306634,-12.780616553861554
8,8_31,MW,31,1,1.0,-11.440862647742737,-12.10290598558821,-12.523855538195553,-12.526998104011305,-12.76923238700933
8,8_31,MW,31,2,1.5,-11.417032850355966,-11.577442040927442,-12.530296141898674,-12.760610008498267,-13.020132674440253
8,8_31,MW,31,3,2.0,-11.47154619746477,-11.906053977842792,-12.129160827696774,-12.77861893565224,-12.899566620698327
8,8_31,MW,31,4,2.5,-11.563998018820476,-11.802983421454625,-12.29824334606823,-12.708106526107644,-12.885447577960944
8,8_31,MW,31,5,3.0,-11.507620771837601,-12.033213186755233,-12.425275357027937,-12.572830302522572,-12.748003784326453
8,8_31,MW,31,6,3.5,-11.303879315992349,-12.048731849563616,-12.217099695108088,-12.509304141031958,-12.590064409705628
8,8_31,MW,31,7,4.0,-11.60549082156921,-11.992264892152683,-12.074030297223848,-12.102720323321108,-12.156516046465182
8,8_32,MW,32,0,0.5,-11.233367023517237,-11.984548329231846,-12.372561475824233,-12.464939899541372,-12.892343635789969
8,8_32,MW,32,1,1.0,-11.58786326281673,-11.994358833778232,-12.483553623005308,-12.478194548867764,-12.55780072889909
8,8_32,MW,32,2,1.5,-11.145398063606402,-11.70965568636124,-12.106634725420058,-12.496279500513314,-12.368550966908218
8,8_32,MW,32,3,2.0,-11.5741897432117,-12.230044466670558,-12.163794879624618,-12.41194611225976,-12.73903548743229
8,8_32,MW,32,4,2.5,-11.182026520797983,-11.543287972456822,-11.719783849945799,-12.140327643370208,-12.6067245094205
8,8_32,MW,32,5,3.0,-11.241511000594981,-11.977452054286992,-12.041367198437653,-12.66064873929167,-12.827773096609587
8,8_32,MW,32,6,3.5,-11.609113040166717,-11.87761680348794,-12.13388418803774,-12.824474188111127,-12.756906475269274
8,8_32,MW,32,7,4.0,-11.241714118061264,-11.782462815921972,-12.144815104049815,-12.597883807479525,-12.907070993767807
8,8_33,MW,33,0,0.5,-11.396885941704156,-11.83771752363667,-12.112175206655673,-12.517895759275756,-12.417119581323249
8,8_33,MW,33,1,1.0,-11.404154847620461,-11.810465006877541,-12.272312008031316,-12.471474015699377,-12.469685543493185
8,8_33,MW,33,2,1.5,-11.460224179093224,-12.02625776017874,-12.570837651530821,-12.536368089392086,-12.731451972394272
8,8_33,MW,33,3,2.0,-11.538701015182301,-12.007486979400948,-12.322991607770707,-12.662396679537908,-12.965323839704501
8,8_33,MW,33,4,2.5,-11.223968664809385,-11.795785034434827,-12.247193202052449,-12.545241364500159,-12.758652577376147
8,8_33,MW,33,5,3.0,-11.120929216742736,-11.747607929293489,-11.999885367538688,-12.273114876402683,-12.56827093992459
8,8_33,MW,33,6,3.5,-11.500979747724054,-12.038133447257648,-12.458289557139585,-12.468516893669213,-12.544235880689012
8,8_33,MW,33,7,4.0,-11.517198671517926,-11.92663419016148,-12.275190844858669,-12.789603486590591,-12.778696627196577
8,8_34,MW,34,0,0.5,-11.726699318320698,-11.957537628455594,-12.407337814953378,-12.908585194962702,-12.976714335107836
8,8_34,MW,34,1,1.0,-11.507311239191413,-12.031632590615413,-12.28817683350603,-12.873361469017198,-12.957152776095745
8,8_34,MW,34,2,1.5,-11.593250778297003,-12.201894191927371,-12.418679843943044,-13.00249557950685,-13.044406500956118
8,8_34,MW,34,3,2.0,-11.388152884594534,-11.916534616497161,-12.31758414763682,-12.943947087040897,-13.153013007420054
8,8_34,MW,34,4,2.5,-11.51552077245209,-11.927657511626784,-12.377641594094845,-12.751750362723653,-13.182574230377881
8,8_34,MW,34,5,3.0,-11.49470250226071,-11.915504162875896,-12.122568544313351,-12.774360704601897,-12.97218451377635
8,8_34,MW,34,6,3.5,-11.182358297359073,-11.768940042477631,-12.35214093651242,-12.804988883677144,-12.814303821026618
8,8_34,MW,34,7,4.0,-11.637257006604587,-12.070586561660047,-12.469251310597734,-12.653926264848044,-12.78288241707559
8,8_35,MW,35,0,0.5,-11.447866409060008,-12.037762431411599,-12.41675409601031,-12.97414213928307,-13.009385700862737
8,8_35,MW,35,1,1.0,-11.318010345450585,-11.97992239930624,-12.191613371015126,-12.878995913719281,-13.066446731394684
8,8_35,MW,35,2,1.5,-11.41465792761121,-11.826164967234762,-12.547385739172148,-12.90614953013295,-13.115973504871228
8,8_35,MW,35,3,2.0,-11.537112228376351,-11.75668733889551,-12.223010294695378,-12.695516704091116,-12.784820934021596
8,8_35,MW,35,4,2.5,-11.39975817316659,-12.000151323814402,-12.434336606674131,-12.755869142197263,-12.926012682269846
8,8_35,MW,35,5,3.0,-11.481669646967418,-12.102487100835264,-12.395459515187714,-12.688963353681922,-12.991519523814572
8,8_35,MW,35,6,3.5,-11.121855040117893,-12.064963347039873,-12.323907242658432,-12.825982509865863,-12.95848066614625
8,8_35,MW,35,7,4.0,-11.517341876735488,-11.72901077599935,-12.417690081268079,-12.877602432440149,-12.883861301558618
8,8_36,MW,36,0,0.5,-11.20723912297919,-11.886275838087027,-12.213145210718434,-12.866221048023977,-12.982727727717569
8,8_36,MW,36,1,1.0,-11.276214746274258,-11.847730500863024,-12.481365106447921,-12.82795819383565,-12.960027675787895
8,8_36,MW,36,2,1.5,-11.439680286085784,-11.857527594106251,-12.091473098543343,-12.783169658800409,-13.018002039021718
8,8_36,MW,36,3,2.0,-11.28115659906204,-11.686017679402362,-12.074451091969136,-13.016998907079326,-12.90148778192271
8,8_36,MW,36,4,2.5,-11.463352734786062,-12.1373869098183,-12.413411286839805,-12.90871371119651,-13.08851744813669
8,8_36,MW,36,5,3.0,-11.401742652747515,-11.965811033392816,-12.36764054507062,-12.860991447890967,-13.109129772158493
8,8_36,MW,36,6,3.5,-11.370125591645326,-11.698782323990958,-12.483752256712664,-12.838313739789696,-13.086516372454218
8,8_36,MW,36,7,4.0,-11.642613270992532,-11.737430010861313,-12.516436384131747,-12.713585054239767,-12.923678077215806
8,8_37,MW,37,0,0.5,-11.35752235322833,-11.727193847250502,-11.989463237784149,-12.732545602276543,-12.621537061436467
8,8_37,MW,37,1,1.0,-11.475898427091328,-11.82157351581342,-12.338709430987233,-12.742006212602865,-12.709240290577483
8,8_37,MW,37,2,1.5,-11.64113422865882,-11.887410964350492,-12.242778582982465,-12.808778210183021,-12.940693294374158
8,8_37,MW,37,3,2.0,-11.398456478614003,-12.022537294088655,-12.27052359374015,-12.77509548060882,-12.894827281211292
8,8_37,MW,37,4,2.5,-11.324800973388854,-11.960636098958462,-12.29002436231058,-12.76422890215412,-12.827434331324667
8,8_37,MW,37,5,3.0,-11.163909650947692,-11.827013633664018,-12.317159084477007,-12.794859058390273,-12.80271055025855
8,8_37,MW,37,6,3.5,-11.543536783221123,-12.020457299465212,-12.259882549837208,-12.83888890520656,-12.83061515735822
8,8_37,MW,37,7,4.0,-11.646884767965439,-12.043195879335045,-12.467701782610582,-12.785806269926104,-12.818463385882202
8,8_38,MW,38,0,0.5,-11.334087850291661,-11.926823521502211,-12.243169255718884,-12.69486651863852,-12.770965706273719
8,8_38,MW,38,1,1.0,-11.59567042266715,-12.1058408321033,-12.370733182944711,-12.51372344404728,-12.742053750839107
8,8_38,MW,38,2,1.5,-11.468610243046252,-11.860581492521472,-12.266893317195827,-12.604741750063821,-12.483840333928988
8,8_38,MW,38,3,2.0,-11.45459728204858,-11.909384302341481,-12.10559821830833,-12.604072139302504,-12.805112101090701
8,8_38,MW,38,4,2.5,-11.434992518279774,-11.999450458135412,-12.131919097033968,-12.679391117451136,-12.853397063808247
8,8_38,MW,38,5,3.0,-11.01235142592973,-11.807482225564836,-12.377682301112182,-12.591211192004986,-12.573539365530781
8,8_38,MW,38,6,3.5,-11.204103891688014,-11.874607023118951,-12.092032965349599,-12.391686753359842,-12.47369543727839
8,8_38,MW,38,7,4.0,-11.481113665719564,-11.913867149539175,-12.032841211603865,-12.468099785492706,-12.595871794536272
8,8_39,MW,39,0,0.5,-11.782154892142975,-11.8449258678629,-12.35308077563647,-12.555061125547368,-12.516871193575057
8,8_39,MW,39,1,1.0,-11.68678151131617,-11.979446452056445,-12.147649596076295,-12.545792250902029,-12.649612378248163
8,8_39,MW,39,2,1.5,-11.367164771233803,-11.729614509691272,-12.293454625763406,-12.772921643545535,-12.923949430924923
8,8_39,MW,39,3,2.0,-11.243388699735208,-11.642951970257142,-12.271142809700319,-12.791397364490344,-12.796455733093326
8,8_39,MW,39,4,2.5,-11.302242756589061,-11.924116132717113,-12.278807440374297,-12.545804557108665,-12.710336404084028
8,8_39,MW,39,5,3.0,-11.465468931749756,-11.899273456816141,-12.236316706997718,-12.430590048045882,-12.620509999089457
8,8_39,MW,39,6,3.5,-11.312477155885878,-11.868611484446262,-12.167165145885953,-12.51736887325972,-12.809088689665161
8,8_39,MW,39,7,4.0,-11.380253729148652,-11.78491093427361,-12.278799287153134,-12.397422627820411,-12.625373819070086
9,9_0,Focus,0,0,0.5,-11.540794723625295,-11.737594170003641,-11.72819622481444,-12.51091800262907,-12.86587714423701
9,9_0,Focus,0,1,1.0,-11.704645548451555,-12.180084538386584,-11.485104407434847,-12.589669397353758,-12.911549990728183
9,9_0,Focus,0,2,1.5,-11.563773932301041,-12.103946081152618,-12.321951628944507,-12.683853635747843,-12.961872870220626
9,9_0,Focus,0,3,2.0,-11.589671969473452,-12.421876559160781,-11.967217516870498,-12.68599627487096,-12.933096435314702
9,9_0,Focus,0,4,2.5,-11.690124981825608,-12.302676433205805,-12.146811892163575,-12.579890921620688,-13.010456733355547
9,9_0,Focus,0,5,3.0,-11.784630140859331,-12.151992395734322,-12.09302874708526,-12.560151581311366,-13.047251789241768
9,9_0,Focus,0,6,3.5,-11.69601343519139,-12.452410721003437,-11.825114512303756,-12.527496294460498,-13.058220963479743
9,9_0,Focus,0,7,4.0,-11.809182684252818,-12.135601923295898,-11.99717563675502,-12.690519989782855,-12.978165658869191
9,9_1,Focus,1,0,0.5,-11.934579899534587,-12.302807790440758,-11.640833580088579,-12.531801094231595,-12.881964492393463
9,9_1,Focus,1,1,1.0,-11.506163054958352,-12.209733798817306,-12.062453641784364,-12.427817575839738,-12.903760234127633
9,9_1,Focus,1,2,1.5,-11.615865249198743,-11.997456548867623,-12.061075932987977,-12.437913444133116,-12.82780748009708
9,9_1,Focus,1,3,2.0,-11.477540925529858,-11.841694076689928,-11.990436060178078,-12.552309076913716,-12.919100117016775
9,9_1,Focus,1,4,2.5,-11.672698578302724,-12.207967957408227,-12.214991578035248,-12.552106143961296,-12.99622075147985
9,9_1,Focus,1,5,3.0,-11.634957579033026,-12.01786098624544,-12.086288729987444,-12.423502957460803,-13.04465961754321
9,9_1,Focus,1,6,3.5,-11.605563374352782,-12.129635672463394,-11.937071847023589,-12.37213722024293,-12.997128147833909
9,9_1,Focus,1,7,4.0,-11.857144044869365,-12.437970763612602,-11.936105316920646,-12.367522838778788,-12.900067348379073
9,9_2,Focus,2,0,0.5,-11.626738934795364,-12.239479304680511,-12.002619898655038,-12.664274238750899,-12.98009781936672
9,9_2,Focus,2,1,1.0,-11.578704745037953,-12.0005912765803,-11.677642631496589,-12.491474525203285,-12.873952775947876
9,9_2,Focus,2,2,1.5,-11.470154140052832,-12.509642497148448,-11.812792734332971,-12.29639938458635,-12.846653685014907
9,9_2,Focus,2,3,2.0,-11.614197162392683,-12.184984846703163,-11.545003312398746,-12.372108946841285,-12.904544345339527
9,9_2,Focus,2,4,2.5,-11.526732537172569,-12.09491645076661,-11.821013210075007,-12.568340626901243,-12.9447741509707
9,9_2,Focus,2,5,3.0,-11.61773349762964,-11.921754857278042,-11.922511114373807,-12.370239667410738,-12.971484111235217
9,9_2,Focus,2,6,3.5,-11.719399663337486,-11.98374833726192,-11.808208304400043,-12.611824456819386,-13.002006527026493
9,9_2,Focus,2,7,4.0,-11.715836474374594,-12.007834796449758,-11.8555604094178,-12.635674057150759,-12.89894691875529
9,9_3,Focus,3,0,0.5,-11.566060068942162,-12.280563475564731,-12.093402997800652,-12.402947369512278,-12.874114920800787
9,9_3,Focus,3,1,1.0,-11.77241348099047,-12.324981996829857,-11.81171090866171,-12.375137133118457,-12.850933634603805
9,9_3,Focus,3,2,1.5,-11.407091655512998,-12.359537551771114,-11.711345620988897,-12.581615088908869,-12.846608317147988
9,9_3,Focus,3,3,2.0,-11.639993617077902,-12.402814712952974,-11.953256217669786,-12.424757910788674,-12.744993209736474
9,9_3,Focus,3,4,2.5,-11.848964851061588,-12.474726642997027,-11.68102634767185,-12.525324327524967,-12.751781333330388
9,9_3,Focus,3,5,3.0,-11.660365732347582,-12.228376726421773,-11.601887313731503,-12.480791079831578,-12.791874191484766
9,9_3,Focus,3,6,3.5,-11.489539951499145,-12.303620499590663,-11.635323569110778,-12.486740160997407,-12.748771663038504
9,9_3,Focus,3,7,4.0,-11.485380149519012,-12.20833222704512,-11.498916073874227,-12.260263470126253,-12.721800190152706
9,9_4,Focus,4,0,0.5,-11.724126940964249,-12.19358360866472,-11.246129285711135,-12.402101909057642,-12.71236424056331
9,9_4,Focus,4,1,1.0,-11.530062085907279,-12.178533783828698,-11.200441649221217,-12.593347684734484,-12.994315987734804
9,9_4,Focus,4,2,1.5,-11.620414842068676,-12.068450525937077,-11.545511092809825,-12.577761977777762,-13.014157171464065
9,9_4,Focus,4,3,2.0,-11.452677106839358,-12.24090877165709,-11.656715626373243,-12.525993213235607,-12.910748468650418
9,9_4,Focus,4,4,2.5,-11.408974706693687,-11.89004062383873,-12.12144500365987,-12.338956297085469,-12.884030873302628
9,9_4,Focus,4,5,3.0,-11.177289312240502,-11.857370824753064,-11.91141228061804,-12.193300014897059,-12.892655126993002
9,9_4,Focus,4,6,3.5,-11.569553541752361,-12.04723624035505,-11.985320947486438,-12.650050190537014,-12.999106502325374
9,9_4,Focus,4,7,4.0,-11.713738771333825,-11.810314268496292,-11.82888618956822,-12.61643296584594,-12.795428689227295
9,9_5,Focus,5,0,0.5,-11.595211537484658,-12.084817045683414,-11.9536034835771,-12.16160405099013,-12.956530959674485
9,9_5,Focus,5,1,1.0,-11.723293354527375,-12.468576540124538,-12.135608646339508,-12.503236124016404,-12.815974898962985
9,9_5,Focus,5,2,1.5,-11.863147700396471,-12.370879327152585,-11.869835030750943,-12.434970106711654,-12.806234812212239
9,9_5,Focus,5,3,2.0,-11.787763155875295,-12.420812787964914,-12.204442601643322,-12.534465848720245,-12.949829452030043
9,9_5,Focus,5,4,2.5,-11.861426940088775,-12.186456050177199,-12.023714211460586,-12.450077898857112,-12.924819892259658
9,9_5,Focus,5,5,3.0,-11.183894470347793,-11.987567309799717,-11.617893922246408,-12.128893069691069,-12.85334298918287
9,9_5,Focus,5,6,3.5,-11.327308312391931,-12.142728795385947,-11.895987989562123,-12.589062474151877,-13.062533452525974
9,9_5,Focus,5,7,4.0,-11.832138031689945,-12.456459446658533,-11.93968471471621,-12.508817074706185,-12.775316745124751
9,9_6,Focus,6,0,0.5,-11.724503382379037,-12.324832241745128,-11.722420252061108,-12.39464626259047,-12.762809893443917
9,9_6,Focus,6,1,1.0,-11.483150586362884,-12.371191069974097,-11.310438633328012,-12.557366639402595,-12.785036800731769
9,9_6,Focus,6,2,1.5,-11.627013547769852,-12.172602133961846,-11.460362949058249,-12.103241193773954,-12.671753949463934
9,9_6,Focus,6,3,2.0,-11.84272339749593,-12.140474983738077,-11.331126712319485,-12.443497038890843,-12.777711075593936
9,9_6,Focus,6,4,2.5,-11.70838560517571,-11.66670589216658,-11.32265299024273,-12.272571332362508,-12.829142918265209
9,9_6,Focus,6,5,3.0,-11.748743337817745,-12.284108862264551,-11.737559397039421,-12.34527870738563,-12.727355499544617
9,9_6,Focus,6,6,3.5,-11.46207903377965,-11.955453442153996,-11.61281053636369,-12.449856955307911,-12.764139755548229
9,9_6,Focus,6,7,4.0,-11.470006777473724,-12.129675773538672,-11.527423185135877,-12.567581151163568,-12.775362237596765
9,9_7,Focus,7,0,0.5,-11.72470938992605,-12.444271509836838,-12.317106678166311,-12.503863468606832,-12.709194676939394
9,9_7,Focus,7,1,1.0,-11.818730039839188,-12.337619980056353,-12.558189415551091,-12.569544021171662,-12.791148266516869
9,9_7,Focus,7,2,1.5,-11.873673519395936,-12.222022297292233,-12.284042585753483,-12.456893898832087,-12.892992688749331
9,9_7,Focus,7,3,2.0,-11.375273401007926,-12.40142079027557,-12.656435919303645,-12.4229996387817,-12.775029353182594
9,9_7,Focus,7,4,2.5,-10.94725309783239,-11.640399992579695,-11.848477441443487,-12.139146967602224,-12.851658874474731
9,9_7,Focus,7,5,3.0,-11.452114201041033,-11.961218431156608,-12.457960630706538,-12.592458874651042,-12.752605184708068
9,9_7,Focus,7,6,3.5,-11.758954624346279,-12.574629234121131,-12.248128581842906,-12.727176020693724,-12.71910461729342
9,9_7,Focus,7,7,4.0,-11.63012777863778,-11.825583748052114,-11.803386727156456,-12.106690464117634,-12.759002336321089
9,9_8,Focus,8,0,0.5,-11.593892195239405,-12.189652372545579,-11.492783260636157,-12.398586697558526,-13.022482716365907
9,9_8,Focus,8,1,1.0,-11.732508954723114,-12.128274120677794,-11.32529044798821,-12.422633068864446,-12.748316972638017
9,9_8,Focus,8,2,1.5,-11.553557730832953,-12.277598098843594,-11.246290709927816,-12.45035180940931,-12.722467489480684
9,9_8,Focus,8,3,2.0,-11.448517653837008,-11.629340707139534,-11.172725487554763,-12.54199626104745,-12.838532471814114
9,9_8,Focus,8,4,2.5,-11.48383578718063,-11.769778587859985,-11.456380595368257,-12.37689697585257,-12.872950174474424
9,9_8,Focus,8,5,3.0,-11.662293637540795,-11.956484191123376,-11.606226393320053,-12.578624150533939,-12.636829956527128
9,9_8,Focus,8,6,3.5,-11.577914762439272,-12.070853006403368,-11.754736533215638,-12.64316085534586,-12.898291032470942
9,9_8,Focus,8,7,4.0,-11.469273324339357,-12.211684722616798,-11.787428403269466,-12.664673986427832,-12.807681137823012
9,9_9,Focus,9,0,0.5,-11.605423838228937,-11.940306556794253,-11.99640766774529,-12.536726113830444,-13.01641091106332
9,9_9,Focus,9,1,1.0,-11.509486608222366,-12.13321773723513,-12.317822083109403,-12.666768625046743,-13.093931782805715
9,9_9,Focus,9,2,1.5,-11.430410194254147,-11.966007615127776,-12.464389952852184,-12.688532270078834,-13.003570330072453
9,9_9,Focus,9,3,2.0,-11.434063182003545,-12.01324523160193,-12.310832259126304,-12.575705091505,-12.931130291659187
9,9_9,Focus,9,4,2.5,-11.52627084827555,-12.24143336865699,-11.938365345693539,-12.54542225431754,-12.97212985634986
9,9_9,Focus,9,5,3.0,-11.739458260198163,-12.11434898296841,-12.143907127497181,-12.654192695613466,-12.925951251373256
9,9_9,Focus,9,6,3.5,-11.621805544419718,-11.793287589234108,-12.106923435826713,-12.587934083123537,-12.778418966149093
9,9_9,Focus,9,7,4.0,-11.432325175330172,-12.263856396205824,-11.821804612334432,-12.583824033590679,-12.919469902939737
9,9_10,MW,10,0,0.5,-11.575459733992549,-12.348252382713813,-11.602811564924915,-12.409183039042093,-13.01795481620451
9,9_10,MW,10,1,1.0,-11.599217555698681,-12.11261584424066,-11.75037952864178,-12.464153413053724,-12.959192246697334
9,9_10,MW,10,2,1.5,-11.61657551684555,-12.288934928711337,-11.792472202614936,-12.551516719958348,-12.948218464845962
9,9_10,MW,10,3,2.0,-11.528348761245123,-12.220182670023895,-11.503161783551322,-12.457912470743414,-12.916071883151417
9,9_10,MW,10,4,2.5,-11.709554211063812,-12.368467478116788,-11.81434462282451,-12.41354303790985,-12.860468742359505
9,9_10,MW,10,5,3.0,-11.615294679164398,-12.36771074334129,-11.673181911660283,-12.429839958337578,-12.898574489875312
9,9_10,MW,10,6,3.5,-11.691543472463794,-12.018205762226993,-11.579997005505604,-12.364484992032894,-12.983511663289768
9,9_10,MW,10,7,4.0,-11.53710564182309,-12.325360440041413,-11.698774418147899,-12.492272563332984,-12.949683509721645
9,9_11,Focus,11,0,0.5,-11.747177715224062,-12.177484784121477,-12.363542717694374,-12.46600320003355,-12.913826805209386
9,9_11,Focus,11,1,1.0,-11.569355185984678,-11.76102846154541,-11.836783907001937,-12.337526412435475,-12.942717296319934
9,9_11,Focus,11,2,1.5,-11.322938172154497,-11.816032168154317,-11.811724775015868,-12.540049778914703,-13.021654194239654
9,9_11,Focus,11,3,2.0,-11.18944577474646,-11.343766194381743,-11.530907750640164,-12.456575498404773,-12.96782881087825
9,9_11,Focus,11,4,2.5,-11.38366405022785,-11.812881594029424,-11.721447091477048,-12.68500102164322,-12.974684417650067
9,9_11,Focus,11,5,3.0,-11.53788652291186,-12.191318227648669,-12.213865124457993,-12.628738566004465,-13.017629872269332
9,9_11,Focus,11,6,3.5,-11.60399427877834,-12.230634717303746,-11.827987652049279,-12.684159328261781,-12.854521605949213
9,9_11,Focus,11,7,4.0,-11.692574261067154,-12.096782507969026,-12.494273025565452,-12.782926974916432,-12.971125152712743
9,9_12,MW,12,0,0.5,-11.335113558130097,-11.969992628498701,-11.962125751105837,-12.76827731990605,-13.038401055412978
9,9_12,MW,12,1,1.0,-11.695713297442477,-11.938618719341346,-12.426388799442321,-12.717377655110234,-12.888544218400568
9,9_12,MW,12,2,1.5,-11.529722501011593,-12.034347666504953,-12.227276333714359,-12.696105078271039,-12.903304180380273
9,9_12,MW,12,3,2.0,-11.777543441807667,-11.933577401648408,-12.205069205906,-12.760858940975758,-12.93269927022184
9,9_12,MW,12,4,2.5,-11.60257890255502,-11.954712321325896,-12.231338080076224,-12.615802123225313,-12.973630585724509
9,9_12,MW,12,5,3.0,-11.503485511635395,-11.87161571316162,-12.242366764364792,-12.705779286334232,-12.833352798246391
9,9_12,MW,12,6,3.5,-11.460967860121649,-11.992596802548025,-12.418239922956358,-12.572608520924343,-12.895360673676702
9,9_12,MW,12,7,4.0,-11.636897883796046,-12.11621201353069,-12.337783606702635,-12.707991277650846,-12.894662601363923
9,9_13,Focus,13,0,0.5,-11.231901318053012,-12.01701100727356,-12.248033157090314,-12.327926463784115,-12.66649697423095
9,9_13,Focus,13,1,1.0,-11.48171446425706,-11.853293114263382,-11.519280986364203,-12.105943781905133,-12.800184835967121
9,9_13,Focus,13,2,1.5,-11.304569907977106,-11.6528846292513,-11.122774999608009,-12.168653224954278,-12.886749588328682
9,9_13,Focus,13,3,2.0,-11.802674799219506,-12.142205892454616,-11.890846225721193,-12.11180441659084,-12.82668321831784
9,9_13,Focus,13,4,2.5,-11.60773704703125,-12.196098680051954,-12.048304760297201,-12.476620716661335,-12.870427352947535
9,9_13,Focus,13,5,3.0,-11.656686577493568,-11.743715985584235,-12.324272015961098,-12.674954518081877,-12.936853335316934
9,9_13,Focus,13,6,3.5,-11.925156152203993,-12.133872610242376,-12.116906401944988,-12.439267815527497,-12.844305964950255
9,9_13,Focus,13,7,4.0,-11.34350972788035,-11.837655222702573,-11.901513220098378,-12.300708919596872,-12.829490385481654
9,9_14,Focus,14,0,0.5,-11.530017771265943,-12.066160097992643,-12.343649262495768,-12.638243923136283,-13.016306758869101
9,9_14,Focus,14,1,1.0,-11.480132257929336,-12.02876824330361,-12.132195110306853,-12.712052436940334,-12.945444941037826
9,9_14,Focus,14,2,1.5,-11.265334887702013,-11.689261360212438,-12.193697740860447,-12.612268778117928,-12.893457827704664
9,9_14,Focus,14,3,2.0,-11.62542893359013,-12.01335804428417,-12.296282970119671,-12.68669955700601,-12.94163962202909
9,9_14,Focus,14,4,2.5,-11.351372156568466,-11.98234964779156,-12.283588967466851,-12.578487897612371,-12.679558379745348
9,9_14,Focus,14,5,3.0,-11.514239040663949,-11.839450757510187,-12.195259663582526,-12.774844601397636,-12.848405371931603
9,9_14,Focus,14,6,3.5,-11.458546575825931,-11.751194797831053,-12.388737782661174,-12.555436391444577,-12.915490102854443
9,9_14,Focus,14,7,4.0,-11.692935825567652,-11.879710423939779,-12.34314881434141,-12.517338067770481,-12.924330995559268
9,9_15,Focus,15,0,0.5,-11.52792248856873,-11.69855051838068,-12.30703415776092,-12.88804450482454,-12.969968281483823
9,9_15,Focus,15,1,1.0,-11.441604250503161,-11.790839866445282,-12.164104527829457,-12.629047514264863,-13.009646852606233
9,9_15,Focus,15,2,1.5,-11.171444264540064,-11.818445804972857,-11.933763199740865,-12.546825890141216,-13.005702593673076
9,9_15,Focus,15,3,2.0,-11.39363897373738,-12.06170504653906,-12.196974773103273,-12.594576027378952,-12.930812729329958
9,9_15,Focus,15,4,2.5,-10.926707496264006,-11.918916220736126,-11.6177871120445,-12.068928790345431,-12.968935375763941
9,9_15,Focus,15,5,3.0,-10.725999812157653,-11.454790511793991,-11.020059060816296,-12.200084536673627,-13.031729876253863
9,9_15,Focus,15,6,3.5,-11.23908499448704,-12.059257100588544,-11.737528101024168,-12.434870807075463,-12.981669541984061
9,9_15,Focus,15,7,4.0,-11.149098085085997,-11.979887934181306,-11.87639214801923,-12.400247040438549,-12.8434242965577
9,9_16,Focus,16,0,0.5,-11.416807484500827,-12.210344337153629,-12.275482761996024,-12.542440057493716,-12.63330681837223
9,9_16,Focus,16,1,1.0,-11.251572949117358,-12.192574445033387,-12.28754332810804,-12.581628340614563,-12.659394555683308
9,9_16,Focus,16,2,1.5,-11.233915211444549,-11.92015091314908,-12.469712947817081,-12.548110953741745,-12.7095675825737
9,9_16,Focus,16,3,2.0,-11.32857763033201,-11.906450963657806,-12.198762437882142,-12.635853745180661,-12.683683666609744
9,9_16,Focus,16,4,2.5,-11.427146161320128,-12.027873334870293,-12.258547958251578,-12.414083220111193,-12.670361678012021
9,9_16,Focus,16,5,3.0,-11.456308404777912,-12.025885126249051,-12.258577762244979,-12.318664144920113,-12.621121068444078
9,9_16,Focus,16,6,3.5,-11.449772591218766,-12.451706645325542,-12.172748612343522,-12.28982351407098,-12.582669077660105
9,9_16,Focus,16,7,4.0,-11.547467958433728,-12.154383397066258,-12.358729865263118,-12.227275526800401,-12.665819659436085
9,9_17,Focus,17,0,0.5,-11.490678356434453,-12.116648280501797,-12.386491286118071,-12.584645534735726,-12.69036005160942
9,9_17,Focus,17,1,1.0,-11.65769940231127,-11.97523597975254,-12.315826262580229,-12.679617188664784,-12.792761445488441
9,9_17,Focus,17,2,1.5,-11.7049665805013,-12.307543249530438,-12.177718866983216,-12.707041764910795,-12.752100725822514
9,9_17,Focus,17,3,2.0,-11.530170865034378,-12.297188018481938,-12.309446793208233,-12.504912824184197,-12.755221766570719
9,9_17,Focus,17,4,2.5,-11.411071831845728,-11.919847792814041,-12.080048063528901,-12.541210577361253,-12.701043059337863
9,9_17,Focus,17,5,3.0,-11.115229536977813,-11.854799357603996,-12.133310358891045,-12.582526490248464,-12.709334980301563
9,9_17,Focus,17,6,3.5,-11.596414371390868,-12.200226094233765,-12.257126273077104,-12.576907559132124,-12.70233337766545
9,9_17,Focus,17,7,4.0,-11.62352445323779,-11.961697806623029,-12.19590270446006,-12.413171385380387,-12.666504094995357
9,9_18,Focus,18,0,0.5,-11.258575194774968,-12.131835407192305,-11.544664519667487,-12.151259912351508,-12.673122965244266
9,9_18,Focus,18,1,1.0,-11.63088916125342,-12.024375999070612,-12.079930541594395,-12.287650016166475,-12.506180169276542
9,9_18,Focus,18,2,1.5,-11.598771428593448,-11.851421575662586,-11.763943558680301,-12.09680321987805,-12.49735908063201
9,9_18,Focus,18,3,2.0,-11.845390037114889,-12.261230326081755,-12.353610085463584,-12.451592236761828,-12.592564347906993
9,9_18,Focus,18,4,2.5,-11.22257336474306,-11.671116896534361,-11.98910234910867,-12.408593455407985,-12.394035047871949
9,9_18,Focus,18,5,3.0,-11.63693708879306,-11.93233617275941,-12.232789875925114,-12.5491569622456,-12.582907725657106
9,9_18,Focus,18,6,3.5,-11.551690579860225,-11.754956048906227,-12.365941296074649,-12.464167778913794,-12.671116650064404
9,9_18,Focus,18,7,4.0,-11.202740234439123,-12.016741834469006,-12.052212420500345,-12.019647417766738,-12.638465707457987
9,9_19,MW,19,0,0.5,-11.72394456750629,-11.807995255244808,-12.303272894655915,-12.529140284839865,-12.663202209691399
9,9_19,MW,19,1,1.0,-11.632604753274821,-11.857693777657394,-12.25794481576576,-12.554868328720959,-12.762889171566776
9,9_19,MW,19,2,1.5,-11.011112954554912,-11.662826233670755,-11.794950325365855,-12.53219181950199,-12.756268232200135
9,9_19,MW,19,3,2.0,-10.430582950412255,-11.79383288813588,-11.741108357542606,-12.256002065244804,-12.689550765051242
9,9_19,MW,19,4,2.5,-10.790876799295102,-11.819953637461003,-11.736823610680682,-11.724930161643426,-12.667540505319113
9,9_19,MW,19,5,3.0,-11.309688796280968,-11.831096044544212,-11.893081804375239,-12.008508596074712,-12.626414917244244
9,9_19,MW,19,6,3.5,-11.48403149013172,-12.035087420966759,-12.243101189844124,-12.353154399793684,-12.743328459797675
9,9_19,MW,19,7,4.0,-11.626967553271928,-12.35969768088787,-12.127376554592825,-12.507869907286683,-12.689957438149506
9,9_20,MW,20,0,0.5,-11.291247508347515,-11.60622738571901,-11.918518190937785,-12.039340702614997,-12.500315404548498
9,9_20,MW,20,1,1.0,-11.625607153224612,-11.898995696297229,-11.93580199044703,-12.20418184257506,-12.497561635570316
9,9_20,MW,20,2,1.5,-11.474255642824454,-11.949820531853854,-12.18578012009312,-12.346213508014971,-12.605802143071848
9,9_20,MW,20,3,2.0,-11.398209704138765,-11.893697555138893,-12.51045739855867,-12.50489755855603,-12.634480669827303
9,9_20,MW,20,4,2.5,-11.558288934120972,-11.906805361818202,-12.243201929476133,-12.524089036684721,-12.706669822885692
9,9_20,MW,20,5,3.0,-11.417324630168173,-11.921581560310932,-12.341975664707153,-12.475203025929707,-12.684003392856727
9,9_20,MW,20,6,3.5,-11.607379532010867,-12.145762147142158,-12.448329408922111,-12.322569045979533,-12.53775953136969
9,9_20,MW,20,7,4.0,-11.645047691202137,-11.849016746438974,-12.319473107175543,-12.343932362820938,-12.582316858390532
9,9_21,MW,21,0,0.5,-11.362608556632432,-11.812150873549163,-12.197939461690494,-12.420016477997196,-12.663453338163624
9,9_21,MW,21,1,1.0,-11.450886288987325,-12.254097968599957,-12.298465779811771,-12.479406862761902,-12.546249993035351
9,9_21,MW,21,2,1.5,-11.731285060727329,-12.405929674279177,-12.492053932040232,-12.48685519345609,-12.537034176915629
9,9_21,MW,21,3,2.0,-12.050958372204517,-12.084756235134712,-12.643839429528855,-12.565642816850179,-12.767129271207711
9,9_21,MW,21,4,2.5,-11.499082290796961,-11.903504209656278,-12.164761282566745,-12.422607954909616,-12.722379881878897
9,9_21,MW,21,5,3.0,-11.608243583908662,-11.974890326560972,-12.285111710632828,-12.365684990982539,-12.65437049169277
9,9_21,MW,21,6,3.5,-11.503844637496101,-12.081329224268165,-12.552735264452501,-12.667036719588387,-12.865148675156313
9,9_21,MW,21,7,4.0,-11.807711099137299,-12.071935356751668,-12.47156063288444,-12.597616400520497,-12.720694138933187
9,9_22,Focus,22,0,0.5,-11.51000853156941,-12.11039059967096,-12.057331875548098,-12.2536516892923,-12.405382304343714
9,9_22,Focus,22,1,1.0,-11.31804113918674,-11.894593161669938,-12.427335809559537,-12.285249931224875,-12.64179446591377
9,9_22,Focus,22,2,1.5,-11.447935903426062,-12.419161834835975,-12.475991001668698,-12.375142793603572,-12.685136525900413
9,9_22,Focus,22,3,2.0,-11.591876483516327,-12.134086323847999,-12.424920849174447,-12.491759838224269,-12.581904885190502
9,9_22,Focus,22,4,2.5,-11.539279787761812,-11.934396113106505,-12.572051651313508,-12.416257398482731,-12.4875651029861
9,9_22,Focus,22,5,3.0,-11.684120505699756,-12.36289294469353,-12.44244216429644,-12.39412647062695,-12.497097527543671
9,9_22,Focus,22,6,3.5,-11.588740294539914,-12.171205123154706,-12.650632762743689,-12.416081038950392,-12.554844977943441
9,9_22,Focus,22,7,4.0,-11.649745194428295,-12.294325502496253,-12.497853467102452,-12.531781312093567,-12.66741661127712
9,9_23,MW,23,0,0.5,-11.404468513727174,-11.862254985013235,-12.181069047557951,-12.313711615444896,-12.551210156121435
9,9_23,MW,23,1,1.0,-11.392203285009588,-11.856304433047127,-12.058907223149163,-12.291680425004243,-12.618066987126097
9,9_23,MW,23,2,1.5,-11.336004525602469,-12.088255153344107,-12.176062946554326,-12.332722877085873,-12.75283706746758
9,9_23,MW,23,3,2.0,-11.229732782484929,-11.633077573003412,-12.265860360144606,-12.427472295981662,-12.725745215862506
9,9_23,MW,23,4,2.5,-11.19425137697248,-11.300254856641052,-12.036619344726816,-12.542191412358706,-12.649008042673906
9,9_23,MW,23,5,3.0,-11.384400954352591,-11.903076237938684,-12.154332727458357,-12.450599831028358,-12.826960164153348
9,9_23,MW,23,6,3.5,-10.845369340980307,-11.232899632410186,-12.060182094200547,-12.50870504602199,-12.567164012479532
9,9_23,MW,23,7,4.0,-10.370652504058075,-11.149028387640703,-11.699720972584881,-11.805000372130744,-11.89385370141703
9,9_24,MW,24,0,0.5,-11.487523093289775,-12.170272168307422,-12.484089340000782,-12.542535180321046,-12.757083134529136
9,9_24,MW,24,1,1.0,-11.302537694168358,-11.733614590669138,-12.589419008687104,-12.423163554286917,-12.717202794788417
9,9_24,MW,24,2,1.5,-11.303100555048468,-12.03470545591665,-12.280634110681303,-12.478114468196654,-12.720945921254867
9,9_24,MW,24,3,2.0,-11.43673697167513,-11.885525709708073,-12.4177352612609,-12.592966887364412,-12.742724999130338
9,9_24,MW,24,4,2.5,-11.485971287118645,-11.933795151830177,-12.098571443204841,-12.493604917523857,-12.832177341767531
9,9_24,MW,24,5,3.0,-11.39679769280486,-11.571178936024893,-11.97681907190617,-12.536386410344221,-12.75085877491874
9,9_24,MW,24,6,3.5,-11.752469471882433,-11.9418321048288,-12.11659570459663,-12.760580734515846,-12.751377939708275
9,9_24,MW,24,7,4.0,-11.256328236671532,-11.18150472009727,-12.025271355337031,-12.5288942777496,-12.605417006496733
9,9_25,Focus,25,0,0.5,-10.971578815307117,-12.079878440803954,-10.878502828737053,-12.087021928753902,-12.475926592355579
9,9_25,Focus,25,1,1.0,-11.304428462626278,-12.142769409809853,-11.163736519437165,-12.176733930949574,-12.490934395978401
9,9_25,Focus,25,2,1.5,-11.494794042575167,-11.993977276418995,-11.571772865457486,-12.108399666277512,-12.460468138601403
9,9_25,Focus,25,3,2.0,-11.038961279459699,-12.143316277895364,-11.119665609466562,-12.095910912047547,-12.534123890137515
9,9_25,Focus,25,4,2.5,-11.106679271578413,-11.75411750498703,-10.508590429044776,-11.937552475364111,-12.461718791241948
9,9_25,Focus,25,5,3.0,-11.134799379435915,-11.51822841839675,-10.536213200755997,-12.024077445607922,-12.587761294243748
9,9_25,Focus,25,6,3.5,-11.407781909994481,-11.62620857993408,-10.533239411423079,-12.237542877676672,-12.597552135606202
9,9_25,Focus,25,7,4.0,-11.559108201853231,-11.90511560434093,-11.598552013938798,-12.353917754205245,-12.743540220456632
9,9_26,MW,26,0,0.5,-11.16562247022501,-11.979629553666678,-12.472113673857828,-12.354778475628882,-12.733346762254872
9,9_26,MW,26,1,1.0,-11.36257076187929,-11.825046488258781,-12.210254222854466,-12.412986330706632,-12.706813206896665
9,9_26,MW,26,2,1.5,-11.52736534626949,-11.920636385444604,-12.539967307276864,-12.623140298965623,-12.814405410216922
9,9_26,MW,26,3,2.0,-11.189441564093197,-11.473836053896493,-12.350283903719248,-12.4243118246932,-12.596959405437481
9,9_26,MW,26,4,2.5,-11.341462225275757,-11.851491250751513,-12.153619152864621,-12.200107378730724,-12.766980030673858
9,9_26,MW,26,5,3.0,-11.304431358964761,-12.241191706361699,-11.985246597481757,-12.20580852258058,-12.717666804921588
9,9_26,MW,26,6,3.5,-11.612667194800842,-12.200789048977514,-12.347107258529412,-12.402174414352363,-12.750235635083353
9,9_26,MW,26,7,4.0,-11.450488751862467,-11.801222093116948,-12.473350238249836,-12.58960827896891,-12.814953090727451
9,9_27,MW,27,0,0.5,-11.708511164849892,-11.790683541809818,-12.206610890985873,-12.434737431778109,-12.58987697008236
9,9_27,MW,27,1,1.0,-11.584145063315427,-11.815848727591964,-12.619553236494138,-12.367856383410695,-12.727061900804225
9,9_27,MW,27,2,1.5,-11.544468125837493,-11.911873785859838,-12.251166941091894,-12.51922584845501,-12.71792198422979
9,9_27,MW,27,3,2.0,-11.527285250578304,-11.801181674617,-12.303505633627418,-12.57552696755813,-12.859558680180681
9,9_27,MW,27,4,2.5,-11.71545866413568,-11.636477985179953,-12.190430332735145,-12.598477983676462,-12.751875431515456
9,9_27,MW,27,5,3.0,-11.202614993451402,-11.695335617903753,-12.42413201429363,-12.46978697814559,-12.86527344507086
9,9_27,MW,27,6,3.5,-11.620417542955245,-11.98562463505612,-12.559465169677512,-12.586023481114195,-12.828586764606651
9,9_27,MW,27,7,4.0,-11.327265649233187,-12.036413751522366,-12.451346889088983,-12.799477358194615,-12.840207223984615
9,9_28,MW,28,0,0.5,-11.681119268712997,-11.989189578566876,-12.306106158156428,-12.389082044670953,-12.694908004853877
9,9_28,MW,28,1,1.0,-11.450296948760434,-12.060716758439783,-12.30923233306268,-12.293861123569098,-12.61809899915881
9,9_28,MW,28,2,1.5,-11.632874522387562,-12.159015688393103,-12.427210695617491,-12.31870345804654,-12.741243593566166
9,9_28,MW,28,3,2.0,-11.697363243612159,-11.877799735030404,-12.166584391019192,-12.451789733744636,-12.68834376751236
9,9_28,MW,28,4,2.5,-11.742511702111727,-11.838363786155801,-12.141353944896577,-12.5193832671278,-12.670630257102177
9,9_28,MW,28,5,3.0,-11.339435139354794,-11.694765729832096,-12.332130361506637,-12.606219210365536,-12.664990273690671
9,9_28,MW,28,6,3.5,-11.168553231307179,-11.887559322049112,-12.542263685230056,-12.589416405063346,-12.693335905449397
9,9_28,MW,28,7,4.0,-11.533190588421938,-11.731042434031755,-12.3235996427911,-12.555550102721948,-12.891057468147771
9,9_29,Focus,29,0,0.5,-11.27846226011744,-11.925980981953902,-12.02475925287084,-12.196925473888529,-12.489307884049223
9,9_29,Focus,29,1,1.0,-11.134213454700397,-11.67999282135114,-11.57606281135087,-11.753928455998073,-12.53555467991788
9,9_29,Focus,29,2,1.5,-11.01822719453365,-11.719668438188918,-12.02631706884731,-12.230403672427865,-12.729650711384412
9,9_29,Focus,29,3,2.0,-11.532928921395438,-11.930734567511529,-12.421674282320058,-12.319705845687919,-12.748734776588803
9,9_29,Focus,29,4,2.5,-11.64010253433461,-12.054597625697635,-12.205768575760027,-12.43259876525544,-12.732971259281278
9,9_29,Focus,29,5,3.0,-11.305886632882897,-11.935114116721824,-12.50169301895379,-12.487493487737035,-12.792373615507127
9,9_29,Focus,29,6,3.5,-11.507252036444735,-11.852875458495005,-12.318435981834433,-12.641057429986116,-12.726727096149794
9,9_29,Focus,29,7,4.0,-11.290160916289892,-11.863261119813329,-12.287839829274112,-12.4668705071096,-12.826342273783123
9,9_30,MW,30,0,0.5,-11.043125676855457,-11.903732848055128,-11.716079817073814,-11.960732553855891,-12.295339876389724
9,9_30,MW,30,1,1.0,-11.524296343347507,-11.859298189955283,-11.984908993576477,-12.122252705623861,-12.293724790809172
9,9_30,MW,30,2,1.5,-11.223858297678081,-11.670230098306199,-12.106537212416157,-12.093242365996721,-12.388570843999716
9,9_30,MW,30,3,2.0,-11.429495168343209,-11.906674530201856,-12.436274633435696,-12.27746106172564,-12.473032226799631
9,9_30,MW,30,4,2.5,-11.523529116519468,-11.780055516708822,-12.180522701657983,-12.483668477287763,-12.685540746369451
9,9_30,MW,30,5,3.0,-11.437967179676335,-12.189318458894302,-12.495675854972765,-12.569715087826363,-12.733287868209683
9,9_30,MW,30,6,3.5,-11.686803393590315,-12.46173784038481,-12.337830952862152,-12.464504970248187,-12.54600290700874
9,9_30,MW,30,7,4.0,-12.039054234090102,-12.108507679856649,-12.15730633936004,-12.557622595909839,-12.667548044652232
9,9_31,Focus,31,0,0.5,-11.744850515326325,-12.172013157819578,-12.556456612800865,-12.490361695193966,-12.875983124012269
9,9_31,Focus,31,1,1.0,-11.696738285082825,-12.001695238016733,-12.288902277518758,-12.604252864663371,-12.731749783567425
9,9_31,Focus,31,2,1.5,-10.996053406471901,-11.883772080148825,-12.307125331790788,-12.643258185805692,-12.821004948740859
9,9_31,Focus,31,3,2.0,-11.319286837387352,-11.740492844538466,-12.189044383327875,-12.619203058986097,-12.852087501243318
9,9_31,Focus,31,4,2.5,-11.244544315045276,-12.181325577452196,-12.572891842117079,-12.515965840801808,-12.922718699288481
9,9_31,Focus,31,5,3.0,-11.15331003753165,-11.840774082173468,-12.34962449976139,-12.648065097351893,-12.868906897531641
9,9_31,Focus,31,6,3.5,-10.979306378611914,-11.892299304170297,-12.059785384737173,-12.405721404262435,-12.783580566896434
9,9_31,Focus,31,7,4.0,-11.128700460167456,-11.834788204931344,-11.951126599097458,-12.310247792476952,-12.64073706284084
9,9_32,MW,32,0,0.5,-11.415332363105374,-11.68032039428287,-12.290092675084162,-12.439122504344676,-12.642435904468133
9,9_32,MW,32,1,1.0,-11.2634169006666,-11.652406087675878,-12.07256171731177,-12.27011463143275,-12.574788214941943
9,9_32,MW,32,2,1.5,-11.225537476700067,-11.660991479471006,-12.375870148732059,-12.31351114581266,-12.719096600922896
9,9_32,MW,32,3,2.0,-11.10595771428768,-11.569103536047804,-12.11312260642219,-12.389442395597923,-12.536235932564635
9,9_32,MW,32,4,2.5,-11.670316319151242,-11.664004089331778,-12.203605216191017,-12.427804269179612,-12.615748715664441
9,9_32,MW,32,5,3.0,-11.130086572470434,-11.629973271549474,-12.059041723985358,-12.372121773679893,-12.629420223561276
9,9_32,MW,32,6,3.5,-11.455315251291038,-12.160989496670734,-11.984024040803822,-12.256256998873482,-12.326700625560196
9,9_32,MW,32,7,4.0,-11.243490510965701,-11.54735910138122,-11.854175140214704,-12.309501192937358,-12.529458001913271
9,9_33,MW,33,0,0.5,-11.370498899997113,-11.947287242072289,-12.301212128402675,-12.606305553182342,-12.569904681791616
9,9_33,MW,33,1,1.0,-11.627699215669042,-11.959592169344777,-12.549087411471199,-12.563773055854666,-12.64309344334837
9,9_33,MW,33,2,1.5,-11.35276179534833,-11.780133425270012,-12.238624316068185,-12.564913068704456,-12.778468188066824
9,9_33,MW,33,3,2.0,-11.149111414147615,-11.586888365711502,-12.055693809578829,-12.371540181614243,-12.672647228358391
9,9_33,MW,33,4,2.5,-11.257609691935029,-11.70794913626068,-12.044517040808675,-12.433136432506371,-12.581787856896025
9,9_33,MW,33,5,3.0,-11.326207151582704,-11.814526297194288,-12.506765814457767,-12.502985324492382,-12.645953442824068
9,9_33,MW,33,6,3.5,-11.399366326667451,-11.803680282495202,-12.324240800857146,-12.53556222741343,-12.817298162126802
9,9_33,MW,33,7,4.0,-11.439379411447367,-12.077437851507455,-12.316778026291802,-12.63967191329108,-12.830719789005508
9,9_34,MW,34,0,0.5,-11.515667702499213,-11.658582130539664,-12.109457637877764,-12.611342645581175,-12.742700720578341
9,9_34,MW,34,1,1.0,-11.259351921631305,-11.866930061704798,-12.270779465965733,-12.542828109101917,-12.764453272149607
9,9_34,MW,34,2,1.5,-10.28987972230619,-11.39736439786374,-11.255065658888316,-12.108808795806674,-12.545676808123545
9,9_34,MW,34,3,2.0,-10.752774002527397,-11.750010848730716,-11.492213916925436,-12.05706355136845,-12.511307812898057
9,9_34,MW,34,4,2.5,-11.29825284441649,-11.92077492580301,-12.253977867603934,-12.112776084977202,-12.499837379319803
9,9_34,MW,34,5,3.0,-11.469459848920064,-11.923677954173446,-12.172096986706126,-11.978045831501236,-12.427836306935278
9,9_34,MW,34,6,3.5,-10.989527527916312,-11.325897638209968,-12.146986383175776,-12.246289814825147,-12.546460529247904
9,9_34,MW,34,7,4.0,-11.425291713972237,-11.960411693335807,-12.42725931803704,-12.490840410469135,-12.727412655522615
9,9_35,MW,35,0,0.5,-11.420126863102853,-12.191492082673456,-12.309879632271834,-12.160144340158158,-12.453866056290499
9,9_35,MW,35,1,1.0,-11.687915897764148,-12.109651553127888,-12.42326808125356,-12.21748205761649,-12.542213152496023
9,9_35,MW,35,2,1.5,-11.513344454878762,-11.862120671057626,-12.12798048569523,-12.493622605897786,-12.645426374998877
9,9_35,MW,35,3,2.0,-11.49505415349699,-11.886194760125182,-12.30623096861662,-12.609779429662785,-12.601515398816407
9,9_35,MW,35,4,2.5,-11.256233562816567,-11.706409100580563,-12.24583076147588,-12.550487717597175,-12.554795456848735
9,9_35,MW,35,5,3.0,-11.036122493806495,-11.312993572466869,-12.080262639737471,-12.463717058556583,-12.62193319026389
9,9_35,MW,35,6,3.5,-11.225855663283484,-11.409038111344346,-11.955396097773919,-12.342369957799662,-12.725203323671252
9,9_35,MW,35,7,4.0,-11.33723171475337,-11.838927334363255,-11.93631803012377,-12.534012384238004,-12.848803619019852
9,9_36,Focus,36,0,0.5,-11.153210185674892,-12.153582713506559,-12.094651743243345,-12.130846272297806,-12.300592881458627
9,9_36,Focus,36,1,1.0,-11.37364617374907,-12.232614744197377,-12.175442145111688,-12.092290235917444,-12.290194231502934
9,9_36,Focus,36,2,1.5,-11.642580846480575,-11.90748499290711,-11.489559805193458,-12.296303743480836,-12.27730254043602
9,9_36,Focus,36,3,2.0,-11.756343647183897,-12.105257882046702,-11.78247182992985,-11.912821035108525,-12.368813646856216
9,9_36,Focus,36,4,2.5,-11.567639476804098,-12.169177726400608,-10.858024688307259,-11.949864326006086,-12.31335606519276
9,9_36,Focus,36,5,3.0,-11.117137852031723,-12.035132799085153,-11.634288899025082,-12.08856801924967,-12.273619859823937
9,9_36,Focus,36,6,3.5,-11.36487906412185,-12.302483626838479,-11.613495232160806,-12.054037913638544,-12.359649793768542
9,9_36,Focus,36,7,4.0,-11.62994084326913,-12.366991876945253,-12.042302160769754,-12.179609834248117,-12.36656204521216
9,9_37,Focus,37,0,0.5,-11.73488612960238,-12.217040190928909,-11.762184938350675,-12.39893753286544,-12.470955706117497
9,9_37,Focus,37,1,1.0,-11.784225100220086,-12.355814429120796,-11.778734615696257,-12.293910005035716,-12.641815150307194
9,9_37,Focus,37,2,1.5,-11.736130175839655,-12.102828734727753,-11.483980687600882,-12.179403402285702,-12.71904241305941
9,9_37,Focus,37,3,2.0,-11.113282714285656,-12.144001705979797,-11.014702902667702,-11.820677401703653,-12.648783753224794
9,9_37,Focus,37,4,2.5,-11.453126657917194,-11.763789707074054,-11.075172605872291,-12.222612612155853,-12.585780118535705
9,9_37,Focus,37,5,3.0,-11.595122418944483,-11.984784364311492,-11.517497970844962,-12.285392330020233,-12.645011356011214
9,9_37,Focus,37,6,3.5,-11.575371953594503,-12.093131281954618,-11.899235133773814,-12.37186520473123,-12.59688962522332
9,9_37,Focus,37,7,4.0,-11.387911091114287,-12.367137347252264,-12.073033959533745,-12.503246712284408,-12.548421192443962
9,9_38,Focus,38,0,0.5,-11.927559115015809,-12.478062564342387,-11.753164833695669,-12.217396712858076,-12.6814644314056
9,9_38,Focus,38,1,1.0,-11.725887709298272,-12.458248584633301,-11.983186625630761,-12.33618649535886,-12.612774702253594
9,9_38,Focus,38,2,1.5,-11.586938370552538,-12.238103875933493,-12.260784767818564,-12.151550501869586,-12.686559124425372
9,9_38,Focus,38,3,2.0,-11.761362916563327,-12.424160240047488,-12.184275249268888,-12.154051150475125,-12.557103153377279
9,9_38,Focus,38,4,2.5,-11.554902595716928,-12.29649179923318,-12.05623267972075,-12.306315051327529,-12.599109849290821
9,9_38,Focus,38,5,3.0,-11.767755332604104,-12.3175192010026,-11.465749371937243,-12.2901012457306,-12.623564283578487
9,9_38,Focus,38,6,3.5,-11.883007251176524,-12.43510545016717,-11.278450831452762,-12.461944058336275,-12.70647178208409
9,9_38,Focus,38,7,4.0,-11.788850471416962,-12.138510930263077,-10.970112353328316,-12.396523520152845,-12.614941090910992
9,9_39,Focus,39,0,0.5,-11.688743015352308,-12.129168119925398,-11.595511798798368,-12.55099690313544,-12.746733669971743
9,9_39,Focus,39,1,1.0,-11.876779467187697,-12.216990033219075,-11.882130358861843,-12.518955602096401,-12.75944493869218
9,9_39,Focus,39,2,1.5,-11.652672443144256,-12.109997562034179,-11.734876200082184,-12.558848589266564,-12.760935478327575
9,9_39,Focus,39,3,2.0,-11.762196893729215,-12.320966880084313,-12.122070088356748,-12.567848342402048,-12.889639913495154
9,9_39,Focus,39,4,2.5,-11.37565186610526,-12.334886189663827,-11.47028235080986,-12.542750488971935,-12.733586685448913
9,9_39,Focus,39,5,3.0,-11.524148585218317,-12.111021215257232,-11.397647776878163,-12.38700442684708,-12.818050663445998
9,9_39,Focus,39,6,3.5,-11.497942350079557,-12.091113960667947,-11.307870967622891,-12.397915975918052,-12.717004887822897
9,9_39,Focus,39,7,4.0,-11.545398386412613,-12.130333540199496,-11.146537680048745,-12.436482967371427,-12.797229146280014
