Feature,Importance,Feature family
C3_Beta_Rel,0.010195363410333457,Band-power features
C6_Beta_Rel,0.009046145771772103,Band-power features
CPz_Alpha_Mean,0.007904532669820911,Oscillatory-envelope dynamics
O1_Alpha_Mean,0.0077777550603262205,Oscillatory-envelope dynamics
CPz_Alpha_Rel,0.0077624896508541085,Band-power features
Pz_Alpha_Mean,0.007537933677952523,Oscillatory-envelope dynamics
C4_Alpha_Rel,0.007446276150187531,Band-power features
P1_Alpha_Rel,0.007414757294976757,Band-power features
CP2_Alpha_Mean,0.007254132868928058,Oscillatory-envelope dynamics
Cz_Alpha_Rel,0.007161886638906265,Band-power features
Pz_Alpha_Rel,0.007136873931223255,Band-power features
PLV_Alpha_C3_FCz,0.007126657533068102,Functional connectivity / synchrony
CP1_Alpha_Rel,0.007123058279017631,Band-power features
PO4_Alpha_Rel,0.006837685585753959,Band-power features
C3_HjorthComplexity,0.00677123787942949,Hjorth features
PLV_Alpha_F7_C5,0.006501968846235216,Functional connectivity / synchrony
P2_Alpha_Rel,0.006429294243962954,Band-power features
PLV_Alpha_FC1_C3,0.006311337974555537,Functional connectivity / synchrony
PO3_Alpha_Rel,0.00629912890822492,Band-power features
C1_Beta_Rel,0.006290997931954598,Band-power features
POz_Alpha_Rel,0.006269507706257601,Band-power features
PO4_Beta_Rel,0.006247424160268003,Band-power features
CP4_Alpha_Rel,0.006211034899731256,Band-power features
AF7_Beta_Rel,0.00620841700999242,Band-power features
Fp2_RMS,0.00615387645995711,Time-domain statistics
Fp1_HjorthMobility,0.006139401918668614,Hjorth features
CP2_Alpha_Rel,0.006116416456041943,Band-power features
C2_Alpha_Rel,0.006107025287914416,Band-power features
Fp2_Beta_Rel,0.006045166190954558,Band-power features
PLV_Alpha_AF7_C5,0.00601802550071899,Functional connectivity / synchrony
AF7_RMS,0.006009171315805292,Time-domain statistics
AF8_RMS,0.006001826343945005,Time-domain statistics
O1_Alpha_Rel,0.005981767069286938,Band-power features
C6_Alpha_Rel,0.005981720316713736,Band-power features
Fp1_SpectralEntropy,0.005980879372308164,Entropy and complexity
F8_RMS,0.005974449424982859,Time-domain statistics
PLV_Alpha_F5_C5,0.005962249036128405,Functional connectivity / synchrony
Fp1_Beta_Rel,0.005820638277189204,Band-power features
Cz_Alpha_Mean,0.005806448132169061,Oscillatory-envelope dynamics
Fp2_HjorthMobility,0.005802512056062741,Hjorth features
AF7_SpectralEntropy,0.005800935386510952,Entropy and complexity
Fp1_Gamma_Rel,0.005759032182533553,Band-power features
AF8_Beta_Rel,0.0057474084936008155,Band-power features
Fp2_SpectralEntropy,0.005734565538982577,Entropy and complexity
CP1_Alpha_Mean,0.005671266392253944,Oscillatory-envelope dynamics
FT8_RMS,0.005662321974222847,Time-domain statistics
Fp1_RMS,0.005647063823100673,Time-domain statistics
C2_Alpha_Mean,0.0056264330789914515,Oscillatory-envelope dynamics
FC2_RMS,0.005551031138164448,Time-domain statistics
C3_RMS,0.005535410996556046,Time-domain statistics
CP6_Alpha_Rel,0.00552575942591176,Band-power features
FC4_Alpha_Rel,0.005450558744959279,Band-power features
C4_Gamma_Rel,0.005424589356792076,Band-power features
P2_Alpha_Mean,0.005402422550974072,Oscillatory-envelope dynamics
FC3_Beta_Rel,0.005397922424007788,Band-power features
Pz_Alpha_Var,0.005386506587375281,Oscillatory-envelope dynamics
Fp1_HjorthComplexity,0.0053216384897762205,Hjorth features
CP2_Beta_Rel,0.005275830056740137,Band-power features
Oz_Alpha_Mean,0.005274352273473908,Oscillatory-envelope dynamics
P4_Alpha_Rel,0.005253529153614387,Band-power features
PO3_Alpha_Mean,0.00524091263203235,Oscillatory-envelope dynamics
C4_Beta_Rel,0.0052144166804168,Band-power features
Fp2_Gamma_Rel,0.005203650148840616,Band-power features
FC1_Beta_Rel,0.005168270213087288,Band-power features
FC4_RMS,0.00510453396598572,Time-domain statistics
FC2_Alpha_Rel,0.005088998450250403,Band-power features
C3_Energy,0.0050676960156485415,Time-domain statistics
Oz_Alpha_Rel,0.0050656454154006025,Band-power features
AF4_RMS,0.005058233666182952,Time-domain statistics
CP6_Alpha_Mean,0.005045790226347457,Oscillatory-envelope dynamics
AF3_SpectralEntropy,0.005039778551258594,Entropy and complexity
F1_Alpha_Rel,0.005030672207638518,Band-power features
AF8_HjorthComplexity,0.005016450131174451,Hjorth features
FC2_Alpha_Mean,0.005013643002881421,Oscillatory-envelope dynamics
F2_RMS,0.0050068981321665105,Time-domain statistics
Fpz_RMS,0.004987982367379264,Time-domain statistics
AF7_HjorthComplexity,0.004986459545605691,Hjorth features
POz_Alpha_Mean,0.004950315577420385,Oscillatory-envelope dynamics
AF3_Gamma_Rel,0.00492354503749982,Band-power features
FC6_RMS,0.00491156822916539,Time-domain statistics
Fp2_HjorthComplexity,0.0049044218719115325,Hjorth features
Pz_Alpha_Abs,0.004901390468339488,Band-power features
CP4_Alpha_Mean,0.004885143109688007,Oscillatory-envelope dynamics
F6_RMS,0.004875182332887811,Time-domain statistics
FC1_Gamma_Rel,0.004866079456549123,Band-power features
P1_Alpha_Mean,0.004854342644667156,Oscillatory-envelope dynamics
FC2_Energy,0.0048529812497678975,Time-domain statistics
FC6_Alpha_Rel,0.00485198971124393,Band-power features
FCz_RMS,0.004801828886116893,Time-domain statistics
C1_HjorthComplexity,0.00480141867011331,Hjorth features
C1_RMS,0.004799092152037003,Time-domain statistics
FC4_Energy,0.004788308582348888,Time-domain statistics
AF8_SpectralEntropy,0.004787925839662975,Entropy and complexity
AFz_RMS,0.0047770241429552955,Time-domain statistics
CP1_Beta_Rel,0.004774667060288682,Band-power features
FT8_Beta_Rel,0.004765678827539972,Band-power features
AF3_RMS,0.004758633265985295,Time-domain statistics
FC1_Alpha_Mean,0.0047462336627415265,Oscillatory-envelope dynamics
T8_Alpha_Mean,0.004730943292740861,Oscillatory-envelope dynamics
FC3_Alpha_Rel,0.004729795943416152,Band-power features
C6_Alpha_Mean,0.004715289844119486,Oscillatory-envelope dynamics
P5_Alpha_Rel,0.0047026919527292065,Band-power features
P6_Alpha_Rel,0.004688926110808041,Band-power features
Iz_Alpha_Mean,0.0046806231227369205,Oscillatory-envelope dynamics
FC3_RMS,0.00467057482324739,Time-domain statistics
FC6_Alpha_Mean,0.00464715549396103,Oscillatory-envelope dynamics
FC2_HjorthComplexity,0.004644262173383565,Hjorth features
F3_RMS,0.004643387904240379,Time-domain statistics
C2_RMS,0.004640465511998681,Time-domain statistics
CP3_Alpha_Rel,0.004619010483314487,Band-power features
F4_Alpha_Rel,0.0046188226517407316,Band-power features
F8_HjorthComplexity,0.004597978199153187,Hjorth features
F6_Alpha_Rel,0.004587889598099789,Band-power features
Fz_RMS,0.004561306459217378,Time-domain statistics
F3_Energy,0.004530928314900565,Time-domain statistics
FC3_Energy,0.00452644119476114,Time-domain statistics
Fz_Alpha_Rel,0.004515113723338136,Band-power features
F1_RMS,0.004513145855913384,Time-domain statistics
AF3_HjorthComplexity,0.004504035930638042,Hjorth features
F1_Alpha_Mean,0.004503605020260737,Oscillatory-envelope dynamics
C3_SpectralEntropy,0.004496237228563516,Entropy and complexity
FCz_Alpha_Mean,0.004488018162334363,Oscillatory-envelope dynamics
Cz_Beta_Rel,0.004467402174473712,Band-power features
Fpz_HjorthComplexity,0.004465878687229172,Hjorth features
FCz_Alpha_Rel,0.004450871212710957,Band-power features
Fz_Alpha_Mean,0.0044480753940276665,Oscillatory-envelope dynamics
C1_Gamma_Rel,0.004441675974781346,Band-power features
FC1_Energy,0.00443475027596055,Time-domain statistics
Cz_RMS,0.00443047592465551,Time-domain statistics
FC3_Alpha_Mean,0.004424461496748151,Oscillatory-envelope dynamics
F1_Energy,0.0044195197279162,Time-domain statistics
F1_Gamma_Rel,0.004417944518338612,Band-power features
C4_Energy,0.00441269495428461,Time-domain statistics
TP8_Alpha_Mean,0.0044086378802039765,Oscillatory-envelope dynamics
Cz_Energy,0.004398003745149035,Time-domain statistics
TP8_Alpha_Rel,0.004393076827421471,Band-power features
C4_Alpha_Mean,0.004385605495126149,Oscillatory-envelope dynamics
F4_RMS,0.004384203139742437,Time-domain statistics
FC1_Alpha_Rel,0.004371209460002067,Band-power features
FT8_Alpha_Rel,0.004366987434430025,Band-power features
C5_Beta_Rel,0.004358100619270771,Band-power features
C1_SpectralEntropy,0.004349555241688845,Entropy and complexity
FC5_Alpha_Rel,0.004346172036351462,Band-power features
FCz_Gamma_Rel,0.004345682193347531,Band-power features
FT8_Alpha_Mean,0.00431882693274545,Oscillatory-envelope dynamics
F8_Alpha_Mean,0.004317185840874921,Oscillatory-envelope dynamics
F2_Energy,0.00431696565184762,Time-domain statistics
P4_Alpha_Mean,0.0043141104936287415,Oscillatory-envelope dynamics
FC5_RMS,0.004313521487343429,Time-domain statistics
AFz_Gamma_Rel,0.004304027340771423,Band-power features
C1_Alpha_Rel,0.004287384962413426,Band-power features
FC1_RMS,0.004264572301332025,Time-domain statistics
FCz_Energy,0.00425552265581723,Time-domain statistics
F4_Alpha_Mean,0.004247341036660402,Oscillatory-envelope dynamics
FC4_Alpha_Mean,0.004247022609548668,Oscillatory-envelope dynamics
C3_Alpha_Rel,0.004243697404167008,Band-power features
PO8_Alpha_Rel,0.004231076337612271,Band-power features
O2_Alpha_Rel,0.004215634508074517,Band-power features
T8_Alpha_Rel,0.004208844611253451,Band-power features
CP3_Beta_Rel,0.004190427865004385,Band-power features
FC3_HjorthComplexity,0.004179156879830686,Hjorth features
PO4_Alpha_Mean,0.004153860733210436,Oscillatory-envelope dynamics
C4_RMS,0.00414719316652412,Time-domain statistics
Fz_Energy,0.004142470219600101,Time-domain statistics
P2_Alpha_Var,0.0041400364381234,Oscillatory-envelope dynamics
C1_Alpha_Mean,0.004137690100121729,Oscillatory-envelope dynamics
AF4_HjorthComplexity,0.00413335150902404,Hjorth features
Iz_Alpha_Rel,0.004130713516249914,Band-power features
AF4_Alpha_Rel,0.004130610098105286,Band-power features
FC2_Peak2Peak,0.004111020290352404,Time-domain statistics
Cz_SpectralEntropy,0.004110198119247451,Entropy and complexity
C1_Energy,0.004109200844309173,Time-domain statistics
AF8_Alpha_Rel,0.004094178667143813,Band-power features
CP1_RMS,0.004072730680383458,Time-domain statistics
P6_Alpha_Mean,0.004067094413350655,Oscillatory-envelope dynamics
P8_Alpha_Mean,0.004067049076939192,Oscillatory-envelope dynamics
F2_Alpha_Rel,0.004043235184706033,Band-power features
P2_Alpha_Abs,0.004035587700338696,Band-power features
C2_Energy,0.004026114707436314,Time-domain statistics
POz_Alpha_Abs,0.004020738996492503,Band-power features
F2_Alpha_Mean,0.003970417622670336,Oscillatory-envelope dynamics
AF3_Alpha_Rel,0.003966711978908074,Band-power features
C1_Variance,0.003955211770275669,Time-domain statistics
AF4_Alpha_Mean,0.003920999745739101,Oscillatory-envelope dynamics
O2_Alpha_Mean,0.003908934951596266,Oscillatory-envelope dynamics
FC2_Variance,0.0038998634903835354,Time-domain statistics
P8_Alpha_Rel,0.0038925385013012146,Band-power features
F8_Alpha_Rel,0.003886397704977394,Band-power features
AF8_Alpha_Mean,0.0038559660010930056,Oscillatory-envelope dynamics
FC3_Variance,0.0038509761405825112,Time-domain statistics
F6_Alpha_Mean,0.0038299739757442033,Oscillatory-envelope dynamics
Fpz_Alpha_Rel,0.003829954872534395,Band-power features
AFz_Alpha_Rel,0.003807403281684579,Band-power features
Cz_Variance,0.003805313649751163,Time-domain statistics
PO4_Alpha_Abs,0.0038013778369121627,Band-power features
Fp1_Alpha_Rel,0.0037493650468125735,Band-power features
FCz_Variance,0.0037428590914734693,Time-domain statistics
Fp2_Alpha_Rel,0.003733398653726863,Band-power features
PO8_Alpha_Mean,0.0036879678863624187,Oscillatory-envelope dynamics
AFz_Alpha_Mean,0.0035644895650595804,Oscillatory-envelope dynamics
PLV_Theta_AF7_AFz,0.0,Functional connectivity / synchrony
PLV_Theta_AF3_P1,0.0,Functional connectivity / synchrony
PLV_Theta_Fp1_T8,0.0,Functional connectivity / synchrony
PLV_Theta_AF7_Cz,0.0,Functional connectivity / synchrony
PLV_Theta_Fp1_TP8,0.0,Functional connectivity / synchrony
PLV_Theta_AF3_CP1,0.0,Functional connectivity / synchrony
PLV_Theta_AF7_AF4,0.0,Functional connectivity / synchrony
PLV_Theta_AF3_CP3,0.0,Functional connectivity / synchrony
PLV_Theta_Fp1_P10,0.0,Functional connectivity / synchrony
PLV_Theta_AF7_AF8,0.0,Functional connectivity / synchrony
PLV_Theta_AF7_C2,0.0,Functional connectivity / synchrony
PLV_Theta_Fp1_CP6,0.0,Functional connectivity / synchrony
PLV_Theta_AF7_C4,0.0,Functional connectivity / synchrony
PLV_Theta_AF7_Fp2,0.0,Functional connectivity / synchrony
PLV_Theta_AF3_TP7,0.0,Functional connectivity / synchrony
PLV_Theta_AF3_T7,0.0,Functional connectivity / synchrony
PLV_Theta_Fp1_P8,0.0,Functional connectivity / synchrony
PLV_Theta_AF3_C5,0.0,Functional connectivity / synchrony
PLV_Theta_Fp1_CP4,0.0,Functional connectivity / synchrony
PLV_Theta_Fp1_CP2,0.0,Functional connectivity / synchrony
PLV_Theta_Fp1_P2,0.0,Functional connectivity / synchrony
PLV_Theta_Fp1_P4,0.0,Functional connectivity / synchrony
PLV_Theta_AF7_C6,0.0,Functional connectivity / synchrony
PLV_Theta_Fp1_P6,0.0,Functional connectivity / synchrony
PLV_Theta_AF3_CP5,0.0,Functional connectivity / synchrony
PLV_Theta_AF7_FC4,0.0,Functional connectivity / synchrony
PLV_Theta_Fp1_F8,0.0,Functional connectivity / synchrony
PLV_Theta_Fp1_FT8,0.0,Functional connectivity / synchrony
PLV_Theta_AF3_Iz,0.0,Functional connectivity / synchrony
PLV_Theta_Fp1_FC6,0.0,Functional connectivity / synchrony
PLV_Theta_AF7_FC6,0.0,Functional connectivity / synchrony
PLV_Theta_AF7_FT8,0.0,Functional connectivity / synchrony
PLV_Theta_Fp1_FC4,0.0,Functional connectivity / synchrony
PLV_Theta_AF3_PO3,0.0,Functional connectivity / synchrony
PLV_Theta_Fp1_FC2,0.0,Functional connectivity / synchrony
PLV_Theta_AF3_PO7,0.0,Functional connectivity / synchrony
PLV_Theta_AF7_F8,0.0,Functional connectivity / synchrony
PLV_Theta_Fp1_FCz,0.0,Functional connectivity / synchrony
PLV_Theta_AF3_P3,0.0,Functional connectivity / synchrony
PLV_Theta_AF7_F6,0.0,Functional connectivity / synchrony
PLV_Theta_AF7_FC2,0.0,Functional connectivity / synchrony
PLV_Theta_Fp1_Cz,0.0,Functional connectivity / synchrony
PLV_Theta_Fp1_C2,0.0,Functional connectivity / synchrony
PLV_Theta_AF7_F4,0.0,Functional connectivity / synchrony
PLV_Theta_Fp1_C4,0.0,Functional connectivity / synchrony
PLV_Theta_Fp1_C6,0.0,Functional connectivity / synchrony
PLV_Theta_AF7_FCz,0.0,Functional connectivity / synchrony
PLV_Theta_AF7_F2,0.0,Functional connectivity / synchrony
PLV_Theta_AF3_P7,0.0,Functional connectivity / synchrony
PLV_Theta_AF7_Fz,0.0,Functional connectivity / synchrony
PLV_Theta_AF3_P5,0.0,Functional connectivity / synchrony
PLV_Theta_Fp1_PO8,0.0,Functional connectivity / synchrony
PLV_Theta_AF3_P9,0.0,Functional connectivity / synchrony
PLV_Theta_AF7_C1,0.0,Functional connectivity / synchrony
PLV_Theta_AF7_CP2,0.0,Functional connectivity / synchrony
PLV_Theta_AF3_FT7,0.0,Functional connectivity / synchrony
PLV_Theta_AF7_P9,0.0,Functional connectivity / synchrony
PLV_Theta_AF3_F7,0.0,Functional connectivity / synchrony
PLV_Theta_AF7_P2,0.0,Functional connectivity / synchrony
PLV_Theta_AF3_F5,0.0,Functional connectivity / synchrony
PLV_Theta_AF7_C3,0.0,Functional connectivity / synchrony
PLV_Theta_AF3_F3,0.0,Functional connectivity / synchrony
PLV_Theta_AF3_F1,0.0,Functional connectivity / synchrony
PLV_Theta_AF7_C5,0.0,Functional connectivity / synchrony
PLV_Theta_AF7_O2,0.0,Functional connectivity / synchrony
PLV_Theta_AF7_P4,0.0,Functional connectivity / synchrony
PLV_Theta_AF7_T8,0.0,Functional connectivity / synchrony
PLV_Theta_AF7_P5,0.0,Functional connectivity / synchrony
PLV_Theta_AF7_T7,0.0,Functional connectivity / synchrony
PLV_Theta_AF7_PO4,0.0,Functional connectivity / synchrony
PLV_Theta_AF7_P3,0.0,Functional connectivity / synchrony
PLV_Theta_AF7_PO8,0.0,Functional connectivity / synchrony
PLV_Theta_AF7_P6,0.0,Functional connectivity / synchrony
PLV_Theta_AF7_P1,0.0,Functional connectivity / synchrony
PLV_Theta_AF7_CP1,0.0,Functional connectivity / synchrony
PLV_Theta_AF7_P10,0.0,Functional connectivity / synchrony
PLV_Theta_AF7_CP3,0.0,Functional connectivity / synchrony
PLV_Theta_AF7_CP5,0.0,Functional connectivity / synchrony
PLV_Theta_AF7_P8,0.0,Functional connectivity / synchrony
PLV_Theta_AF7_TP7,0.0,Functional connectivity / synchrony
PLV_Theta_AF7_P7,0.0,Functional connectivity / synchrony
PLV_Theta_AF3_C3,0.0,Functional connectivity / synchrony
PLV_Theta_AF7_TP8,0.0,Functional connectivity / synchrony
PLV_Theta_Fp1_PO4,0.0,Functional connectivity / synchrony
PLV_Theta_AF7_CP6,0.0,Functional connectivity / synchrony
PLV_Theta_AF7_Fpz,0.0,Functional connectivity / synchrony
PLV_Theta_AF3_C1,0.0,Functional connectivity / synchrony
PLV_Theta_AF7_CPz,0.0,Functional connectivity / synchrony
PLV_Theta_Fp1_O2,0.0,Functional connectivity / synchrony
PLV_Theta_AF7_Pz,0.0,Functional connectivity / synchrony
PLV_Theta_AF7_AF3,0.0,Functional connectivity / synchrony
PLV_Theta_AF7_F1,0.0,Functional connectivity / synchrony
PLV_Theta_AF7_F3,0.0,Functional connectivity / synchrony
PLV_Theta_AF7_F5,0.0,Functional connectivity / synchrony
PLV_Theta_AF7_PO7,0.0,Functional connectivity / synchrony
PLV_Theta_AF7_Oz,0.0,Functional connectivity / synchrony
PLV_Theta_AF7_Iz,0.0,Functional connectivity / synchrony
PLV_Theta_AF3_FC1,0.0,Functional connectivity / synchrony
PLV_Theta_AF3_FC3,0.0,Functional connectivity / synchrony
PLV_Theta_AF7_F7,0.0,Functional connectivity / synchrony
PLV_Theta_AF7_O1,0.0,Functional connectivity / synchrony
PLV_Theta_AF7_CP4,0.0,Functional connectivity / synchrony
PLV_Theta_AF7_FT7,0.0,Functional connectivity / synchrony
PLV_Theta_AF3_FC5,0.0,Functional connectivity / synchrony
PLV_Theta_AF7_FC5,0.0,Functional connectivity / synchrony
PLV_Theta_AF7_FC3,0.0,Functional connectivity / synchrony
PLV_Theta_AF7_PO3,0.0,Functional connectivity / synchrony
PLV_Theta_AF7_FC1,0.0,Functional connectivity / synchrony
PLV_Theta_AF7_POz,0.0,Functional connectivity / synchrony
PLV_Alpha_C6_P4,0.0,Functional connectivity / synchrony
PLV_Alpha_C6_P2,0.0,Functional connectivity / synchrony
PLV_Alpha_C6_CP2,0.0,Functional connectivity / synchrony
PLV_Alpha_C6_CP4,0.0,Functional connectivity / synchrony
PLV_Alpha_C6_CP6,0.0,Functional connectivity / synchrony
PLV_Alpha_C6_TP8,0.0,Functional connectivity / synchrony
PLV_Alpha_C6_T8,0.0,Functional connectivity / synchrony
PLV_Alpha_C4_O2,0.0,Functional connectivity / synchrony
PLV_Alpha_C4_PO4,0.0,Functional connectivity / synchrony
PLV_Alpha_C4_PO8,0.0,Functional connectivity / synchrony
PLV_Alpha_C4_P10,0.0,Functional connectivity / synchrony
PLV_Theta_AF3_O1,0.0,Functional connectivity / synchrony
PLV_Alpha_C4_P6,0.0,Functional connectivity / synchrony
PLV_Alpha_C4_P4,0.0,Functional connectivity / synchrony
PLV_Alpha_C4_P2,0.0,Functional connectivity / synchrony
PLV_Alpha_C4_CP2,0.0,Functional connectivity / synchrony
PLV_Alpha_C4_CP4,0.0,Functional connectivity / synchrony
PLV_Alpha_C4_CP6,0.0,Functional connectivity / synchrony
PLV_Alpha_C4_TP8,0.0,Functional connectivity / synchrony
PLV_Alpha_C4_T8,0.0,Functional connectivity / synchrony
PLV_Alpha_C4_C6,0.0,Functional connectivity / synchrony
PLV_Alpha_C2_O2,0.0,Functional connectivity / synchrony
PLV_Alpha_C2_PO4,0.0,Functional connectivity / synchrony
PLV_Alpha_C4_P8,0.0,Functional connectivity / synchrony
PLV_Alpha_TP8_P8,0.0,Functional connectivity / synchrony
PLV_Alpha_TP8_P6,0.0,Functional connectivity / synchrony
PLV_Alpha_TP8_P4,0.0,Functional connectivity / synchrony
PLV_Alpha_TP8_P2,0.0,Functional connectivity / synchrony
PLV_Alpha_TP8_CP2,0.0,Functional connectivity / synchrony
PLV_Alpha_TP8_CP4,0.0,Functional connectivity / synchrony
PLV_Alpha_TP8_CP6,0.0,Functional connectivity / synchrony
PLV_Alpha_T8_O2,0.0,Functional connectivity / synchrony
PLV_Alpha_T8_PO4,0.0,Functional connectivity / synchrony
PLV_Alpha_T8_PO8,0.0,Functional connectivity / synchrony
PLV_Alpha_T8_P10,0.0,Functional connectivity / synchrony
PLV_Alpha_C6_P6,0.0,Functional connectivity / synchrony
PLV_Alpha_T8_P6,0.0,Functional connectivity / synchrony
PLV_Alpha_T8_P4,0.0,Functional connectivity / synchrony
PLV_Alpha_T8_P2,0.0,Functional connectivity / synchrony
PLV_Alpha_T8_CP2,0.0,Functional connectivity / synchrony
PLV_Alpha_T8_CP4,0.0,Functional connectivity / synchrony
PLV_Alpha_T8_CP6,0.0,Functional connectivity / synchrony
PLV_Alpha_T8_TP8,0.0,Functional connectivity / synchrony
PLV_Alpha_C6_O2,0.0,Functional connectivity / synchrony
PLV_Alpha_C6_PO4,0.0,Functional connectivity / synchrony
PLV_Alpha_C6_PO8,0.0,Functional connectivity / synchrony
PLV_Alpha_C6_P10,0.0,Functional connectivity / synchrony
PLV_Alpha_C6_P8,0.0,Functional connectivity / synchrony
PLV_Alpha_T8_P8,0.0,Functional connectivity / synchrony
PLV_Alpha_Cz_C6,0.0,Functional connectivity / synchrony
PLV_Alpha_Cz_C4,0.0,Functional connectivity / synchrony
PLV_Alpha_Cz_C2,0.0,Functional connectivity / synchrony
PLV_Alpha_FCz_O2,0.0,Functional connectivity / synchrony
PLV_Alpha_FCz_PO4,0.0,Functional connectivity / synchrony
PLV_Alpha_FCz_PO8,0.0,Functional connectivity / synchrony
PLV_Alpha_FCz_P10,0.0,Functional connectivity / synchrony
PLV_Alpha_FCz_P8,0.0,Functional connectivity / synchrony
PLV_Alpha_FCz_P6,0.0,Functional connectivity / synchrony
PLV_Alpha_FCz_P4,0.0,Functional connectivity / synchrony
PLV_Alpha_FCz_P2,0.0,Functional connectivity / synchrony
PLV_Alpha_C2_PO8,0.0,Functional connectivity / synchrony
PLV_Alpha_FCz_CP4,0.0,Functional connectivity / synchrony
PLV_Alpha_FCz_CP6,0.0,Functional connectivity / synchrony
PLV_Alpha_FCz_TP8,0.0,Functional connectivity / synchrony
PLV_Alpha_FCz_T8,0.0,Functional connectivity / synchrony
PLV_Alpha_FCz_C6,0.0,Functional connectivity / synchrony
PLV_Alpha_FCz_C4,0.0,Functional connectivity / synchrony
PLV_Alpha_FCz_C2,0.0,Functional connectivity / synchrony
PLV_Alpha_FCz_Cz,0.0,Functional connectivity / synchrony
PLV_Alpha_FC2_O2,0.0,Functional connectivity / synchrony
PLV_Alpha_FC2_PO4,0.0,Functional connectivity / synchrony
PLV_Alpha_FC2_PO8,0.0,Functional connectivity / synchrony
PLV_Alpha_FC2_P10,0.0,Functional connectivity / synchrony
PLV_Alpha_FCz_CP2,0.0,Functional connectivity / synchrony
PLV_Alpha_C2_P10,0.0,Functional connectivity / synchrony
PLV_Alpha_C2_P8,0.0,Functional connectivity / synchrony
PLV_Alpha_C2_P6,0.0,Functional connectivity / synchrony
PLV_Alpha_C2_P4,0.0,Functional connectivity / synchrony
PLV_Alpha_C2_P2,0.0,Functional connectivity / synchrony
PLV_Alpha_C2_CP2,0.0,Functional connectivity / synchrony
PLV_Alpha_C2_CP4,0.0,Functional connectivity / synchrony
PLV_Alpha_C2_CP6,0.0,Functional connectivity / synchrony
PLV_Alpha_C2_TP8,0.0,Functional connectivity / synchrony
PLV_Alpha_C2_T8,0.0,Functional connectivity / synchrony
PLV_Alpha_C2_C6,0.0,Functional connectivity / synchrony
PLV_Alpha_Cz_T8,0.0,Functional connectivity / synchrony
PLV_Alpha_Cz_O2,0.0,Functional connectivity / synchrony
PLV_Alpha_Cz_PO4,0.0,Functional connectivity / synchrony
PLV_Alpha_Cz_PO8,0.0,Functional connectivity / synchrony
PLV_Alpha_Cz_P10,0.0,Functional connectivity / synchrony
PLV_Alpha_Cz_P8,0.0,Functional connectivity / synchrony
PLV_Alpha_Cz_P6,0.0,Functional connectivity / synchrony
PLV_Alpha_Cz_P4,0.0,Functional connectivity / synchrony
PLV_Alpha_Cz_P2,0.0,Functional connectivity / synchrony
PLV_Alpha_Cz_CP2,0.0,Functional connectivity / synchrony
PLV_Alpha_Cz_CP4,0.0,Functional connectivity / synchrony
PLV_Alpha_Cz_CP6,0.0,Functional connectivity / synchrony
PLV_Alpha_Cz_TP8,0.0,Functional connectivity / synchrony
PLV_Alpha_C2_C4,0.0,Functional connectivity / synchrony
PLV_Theta_Fp1_TP7,0.0,Functional connectivity / synchrony
PLV_Theta_Fp1_T7,0.0,Functional connectivity / synchrony
PLV_Theta_Fp1_C5,0.0,Functional connectivity / synchrony
PLV_Theta_Fp1_C3,0.0,Functional connectivity / synchrony
PLV_Theta_Fp1_C1,0.0,Functional connectivity / synchrony
PLV_Theta_Fp1_FC1,0.0,Functional connectivity / synchrony
PLV_Theta_Fp1_FC3,0.0,Functional connectivity / synchrony
PLV_Theta_Fp1_FC5,0.0,Functional connectivity / synchrony
PLV_Theta_Fp1_FT7,0.0,Functional connectivity / synchrony
PLV_Theta_Fp1_F7,0.0,Functional connectivity / synchrony
PLV_Theta_Fp1_F5,0.0,Functional connectivity / synchrony
PLV_Alpha_TP8_P10,0.0,Functional connectivity / synchrony
PLV_Theta_Fp1_F1,0.0,Functional connectivity / synchrony
PLV_Theta_Fp1_AF3,0.0,Functional connectivity / synchrony
PLV_Theta_Fp1_AF7,0.0,Functional connectivity / synchrony
PLV_Alpha_PO4_O2,0.0,Functional connectivity / synchrony
PLV_Alpha_PO8_O2,0.0,Functional connectivity / synchrony
PLV_Alpha_PO8_PO4,0.0,Functional connectivity / synchrony
PLV_Alpha_P10_O2,0.0,Functional connectivity / synchrony
PLV_Alpha_P10_PO4,0.0,Functional connectivity / synchrony
PLV_Alpha_P10_PO8,0.0,Functional connectivity / synchrony
PLV_Alpha_P8_O2,0.0,Functional connectivity / synchrony
PLV_Alpha_P8_PO4,0.0,Functional connectivity / synchrony
PLV_Theta_Fp1_F3,0.0,Functional connectivity / synchrony
PLV_Theta_Fp1_F6,0.0,Functional connectivity / synchrony
PLV_Theta_Fp1_F4,0.0,Functional connectivity / synchrony
PLV_Theta_Fp1_F2,0.0,Functional connectivity / synchrony
PLV_Theta_Fp1_Fz,0.0,Functional connectivity / synchrony
PLV_Theta_Fp1_AFz,0.0,Functional connectivity / synchrony
PLV_Theta_Fp1_AF4,0.0,Functional connectivity / synchrony
PLV_Theta_Fp1_AF8,0.0,Functional connectivity / synchrony
PLV_Theta_Fp1_Fp2,0.0,Functional connectivity / synchrony
PLV_Theta_Fp1_Fpz,0.0,Functional connectivity / synchrony
PLV_Theta_Fp1_CPz,0.0,Functional connectivity / synchrony
PLV_Theta_Fp1_Pz,0.0,Functional connectivity / synchrony
PLV_Theta_Fp1_CP5,0.0,Functional connectivity / synchrony
PLV_Theta_Fp1_Oz,0.0,Functional connectivity / synchrony
PLV_Theta_Fp1_Iz,0.0,Functional connectivity / synchrony
PLV_Theta_Fp1_O1,0.0,Functional connectivity / synchrony
PLV_Theta_Fp1_PO3,0.0,Functional connectivity / synchrony
PLV_Theta_Fp1_PO7,0.0,Functional connectivity / synchrony
PLV_Theta_Fp1_P9,0.0,Functional connectivity / synchrony
PLV_Theta_Fp1_P7,0.0,Functional connectivity / synchrony
PLV_Theta_Fp1_P5,0.0,Functional connectivity / synchrony
PLV_Theta_Fp1_P3,0.0,Functional connectivity / synchrony
PLV_Theta_Fp1_P1,0.0,Functional connectivity / synchrony
PLV_Theta_Fp1_CP1,0.0,Functional connectivity / synchrony
PLV_Theta_Fp1_CP3,0.0,Functional connectivity / synchrony
PLV_Theta_Fp1_POz,0.0,Functional connectivity / synchrony
PLV_Alpha_CP2_P4,0.0,Functional connectivity / synchrony
PLV_Alpha_CP2_P2,0.0,Functional connectivity / synchrony
PLV_Alpha_CP4_O2,0.0,Functional connectivity / synchrony
PLV_Alpha_CP4_PO4,0.0,Functional connectivity / synchrony
PLV_Alpha_CP4_PO8,0.0,Functional connectivity / synchrony
PLV_Alpha_CP4_P10,0.0,Functional connectivity / synchrony
PLV_Alpha_CP4_P8,0.0,Functional connectivity / synchrony
PLV_Alpha_CP4_P6,0.0,Functional connectivity / synchrony
PLV_Alpha_CP4_P4,0.0,Functional connectivity / synchrony
PLV_Alpha_CP4_P2,0.0,Functional connectivity / synchrony
PLV_Alpha_CP4_CP2,0.0,Functional connectivity / synchrony
PLV_Alpha_P8_PO8,0.0,Functional connectivity / synchrony
PLV_Alpha_CP6_PO4,0.0,Functional connectivity / synchrony
PLV_Alpha_CP6_PO8,0.0,Functional connectivity / synchrony
PLV_Alpha_CP6_P10,0.0,Functional connectivity / synchrony
PLV_Alpha_CP6_P8,0.0,Functional connectivity / synchrony
PLV_Alpha_CP6_P6,0.0,Functional connectivity / synchrony
PLV_Alpha_CP6_P4,0.0,Functional connectivity / synchrony
PLV_Alpha_CP6_P2,0.0,Functional connectivity / synchrony
PLV_Alpha_CP6_CP2,0.0,Functional connectivity / synchrony
PLV_Alpha_CP6_CP4,0.0,Functional connectivity / synchrony
PLV_Alpha_TP8_O2,0.0,Functional connectivity / synchrony
PLV_Alpha_TP8_PO4,0.0,Functional connectivity / synchrony
PLV_Alpha_TP8_PO8,0.0,Functional connectivity / synchrony
PLV_Alpha_CP6_O2,0.0,Functional connectivity / synchrony
PLV_Alpha_P8_P10,0.0,Functional connectivity / synchrony
PLV_Alpha_P6_O2,0.0,Functional connectivity / synchrony
PLV_Alpha_P6_PO4,0.0,Functional connectivity / synchrony
PLV_Alpha_P6_PO8,0.0,Functional connectivity / synchrony
PLV_Alpha_P6_P10,0.0,Functional connectivity / synchrony
PLV_Alpha_P6_P8,0.0,Functional connectivity / synchrony
PLV_Alpha_P4_O2,0.0,Functional connectivity / synchrony
PLV_Alpha_P4_PO4,0.0,Functional connectivity / synchrony
PLV_Alpha_P4_PO8,0.0,Functional connectivity / synchrony
PLV_Alpha_P4_P10,0.0,Functional connectivity / synchrony
PLV_Alpha_P4_P8,0.0,Functional connectivity / synchrony
PLV_Alpha_CP2_P6,0.0,Functional connectivity / synchrony
PLV_Alpha_P2_O2,0.0,Functional connectivity / synchrony
PLV_Alpha_P2_PO4,0.0,Functional connectivity / synchrony
PLV_Alpha_P2_PO8,0.0,Functional connectivity / synchrony
PLV_Alpha_P2_P10,0.0,Functional connectivity / synchrony
PLV_Alpha_P2_P8,0.0,Functional connectivity / synchrony
PLV_Alpha_P2_P6,0.0,Functional connectivity / synchrony
PLV_Alpha_P2_P4,0.0,Functional connectivity / synchrony
PLV_Alpha_CP2_O2,0.0,Functional connectivity / synchrony
PLV_Alpha_CP2_PO4,0.0,Functional connectivity / synchrony
PLV_Alpha_CP2_PO8,0.0,Functional connectivity / synchrony
PLV_Alpha_CP2_P10,0.0,Functional connectivity / synchrony
PLV_Alpha_CP2_P8,0.0,Functional connectivity / synchrony
PLV_Alpha_P4_P6,0.0,Functional connectivity / synchrony
PLV_Theta_F7_F8,0.0,Functional connectivity / synchrony
PLV_Theta_F7_F6,0.0,Functional connectivity / synchrony
PLV_Theta_F7_F4,0.0,Functional connectivity / synchrony
PLV_Theta_F7_F2,0.0,Functional connectivity / synchrony
PLV_Theta_F7_Fz,0.0,Functional connectivity / synchrony
PLV_Theta_F7_AFz,0.0,Functional connectivity / synchrony
PLV_Theta_F7_AF4,0.0,Functional connectivity / synchrony
PLV_Theta_F7_AF8,0.0,Functional connectivity / synchrony
PLV_Theta_F7_Fp2,0.0,Functional connectivity / synchrony
PLV_Theta_F7_Fpz,0.0,Functional connectivity / synchrony
PLV_Theta_F1_PO7,0.0,Functional connectivity / synchrony
PLV_Theta_F7_Pz,0.0,Functional connectivity / synchrony
PLV_Theta_F7_POz,0.0,Functional connectivity / synchrony
PLV_Theta_F7_Oz,0.0,Functional connectivity / synchrony
PLV_Theta_F7_Iz,0.0,Functional connectivity / synchrony
PLV_Theta_F7_O1,0.0,Functional connectivity / synchrony
PLV_Theta_F7_PO3,0.0,Functional connectivity / synchrony
PLV_Theta_F7_PO7,0.0,Functional connectivity / synchrony
PLV_Theta_F7_P9,0.0,Functional connectivity / synchrony
PLV_Theta_F7_P7,0.0,Functional connectivity / synchrony
PLV_Theta_F7_P5,0.0,Functional connectivity / synchrony
PLV_Theta_F7_CPz,0.0,Functional connectivity / synchrony
PLV_Theta_FT7_FC5,0.0,Functional connectivity / synchrony
PLV_Theta_F7_O2,0.0,Functional connectivity / synchrony
PLV_Theta_F7_PO4,0.0,Functional connectivity / synchrony
PLV_Theta_F7_PO8,0.0,Functional connectivity / synchrony
PLV_Theta_F7_P10,0.0,Functional connectivity / synchrony
PLV_Theta_F7_P8,0.0,Functional connectivity / synchrony
PLV_Theta_F7_P6,0.0,Functional connectivity / synchrony
PLV_Theta_F7_P4,0.0,Functional connectivity / synchrony
PLV_Theta_F7_P2,0.0,Functional connectivity / synchrony
PLV_Theta_F7_CP2,0.0,Functional connectivity / synchrony
PLV_Theta_F7_FT8,0.0,Functional connectivity / synchrony
PLV_Theta_F7_CP6,0.0,Functional connectivity / synchrony
PLV_Theta_F7_TP8,0.0,Functional connectivity / synchrony
PLV_Theta_F7_T8,0.0,Functional connectivity / synchrony
PLV_Theta_F7_C6,0.0,Functional connectivity / synchrony
PLV_Theta_F7_C4,0.0,Functional connectivity / synchrony
PLV_Theta_F7_C2,0.0,Functional connectivity / synchrony
PLV_Theta_F7_Cz,0.0,Functional connectivity / synchrony
PLV_Theta_F7_FCz,0.0,Functional connectivity / synchrony
PLV_Theta_F7_FC2,0.0,Functional connectivity / synchrony
PLV_Theta_F7_FC4,0.0,Functional connectivity / synchrony
PLV_Theta_F7_FC6,0.0,Functional connectivity / synchrony
PLV_Theta_F7_CP4,0.0,Functional connectivity / synchrony
PLV_Theta_F5_CP6,0.0,Functional connectivity / synchrony
PLV_Theta_F5_TP8,0.0,Functional connectivity / synchrony
PLV_Theta_F5_T8,0.0,Functional connectivity / synchrony
PLV_Theta_F5_C6,0.0,Functional connectivity / synchrony
PLV_Theta_F5_C4,0.0,Functional connectivity / synchrony
PLV_Theta_F5_C2,0.0,Functional connectivity / synchrony
PLV_Theta_F5_Cz,0.0,Functional connectivity / synchrony
PLV_Theta_F5_FCz,0.0,Functional connectivity / synchrony
PLV_Theta_F5_FC2,0.0,Functional connectivity / synchrony
PLV_Theta_F5_FC4,0.0,Functional connectivity / synchrony
PLV_Theta_F7_P3,0.0,Functional connectivity / synchrony
PLV_Theta_F5_FT8,0.0,Functional connectivity / synchrony
PLV_Theta_F5_F8,0.0,Functional connectivity / synchrony
PLV_Theta_F5_F6,0.0,Functional connectivity / synchrony
PLV_Theta_F5_F4,0.0,Functional connectivity / synchrony
PLV_Theta_F5_F2,0.0,Functional connectivity / synchrony
PLV_Theta_F5_Fz,0.0,Functional connectivity / synchrony
PLV_Theta_F5_AFz,0.0,Functional connectivity / synchrony
PLV_Theta_F5_AF4,0.0,Functional connectivity / synchrony
PLV_Theta_F5_AF8,0.0,Functional connectivity / synchrony
PLV_Theta_F5_Fp2,0.0,Functional connectivity / synchrony
PLV_Theta_F5_FC6,0.0,Functional connectivity / synchrony
PLV_Theta_F7_P1,0.0,Functional connectivity / synchrony
PLV_Theta_F7_CP1,0.0,Functional connectivity / synchrony
PLV_Theta_F7_CP3,0.0,Functional connectivity / synchrony
PLV_Theta_F7_CP5,0.0,Functional connectivity / synchrony
PLV_Theta_F7_TP7,0.0,Functional connectivity / synchrony
PLV_Theta_F7_T7,0.0,Functional connectivity / synchrony
PLV_Theta_F7_C5,0.0,Functional connectivity / synchrony
PLV_Theta_F7_C3,0.0,Functional connectivity / synchrony
PLV_Theta_F7_C1,0.0,Functional connectivity / synchrony
PLV_Theta_F7_FC1,0.0,Functional connectivity / synchrony
PLV_Theta_F5_CP4,0.0,Functional connectivity / synchrony
PLV_Theta_F7_FC5,0.0,Functional connectivity / synchrony
PLV_Theta_F7_FT7,0.0,Functional connectivity / synchrony
PLV_Theta_F5_O2,0.0,Functional connectivity / synchrony
PLV_Theta_F5_PO4,0.0,Functional connectivity / synchrony
PLV_Theta_F5_PO8,0.0,Functional connectivity / synchrony
PLV_Theta_F5_P10,0.0,Functional connectivity / synchrony
PLV_Theta_F5_P8,0.0,Functional connectivity / synchrony
PLV_Theta_F5_P6,0.0,Functional connectivity / synchrony
PLV_Theta_F5_P4,0.0,Functional connectivity / synchrony
PLV_Theta_F5_P2,0.0,Functional connectivity / synchrony
PLV_Theta_F5_CP2,0.0,Functional connectivity / synchrony
PLV_Theta_F7_FC3,0.0,Functional connectivity / synchrony
PLV_Theta_FC5_P5,0.0,Functional connectivity / synchrony
PLV_Theta_FC5_P3,0.0,Functional connectivity / synchrony
PLV_Theta_FC5_P1,0.0,Functional connectivity / synchrony
PLV_Theta_FC5_CP1,0.0,Functional connectivity / synchrony
PLV_Theta_FC5_CP3,0.0,Functional connectivity / synchrony
PLV_Theta_FC5_CP5,0.0,Functional connectivity / synchrony
PLV_Theta_FC5_TP7,0.0,Functional connectivity / synchrony
PLV_Theta_FC5_T7,0.0,Functional connectivity / synchrony
PLV_Theta_FC5_C5,0.0,Functional connectivity / synchrony
PLV_Theta_FC5_C3,0.0,Functional connectivity / synchrony
PLV_Theta_FT7_FC3,0.0,Functional connectivity / synchrony
PLV_Theta_FC5_FC1,0.0,Functional connectivity / synchrony
PLV_Theta_FC5_FC3,0.0,Functional connectivity / synchrony
PLV_Theta_FT7_O2,0.0,Functional connectivity / synchrony
PLV_Theta_FT7_PO4,0.0,Functional connectivity / synchrony
PLV_Theta_FT7_PO8,0.0,Functional connectivity / synchrony
PLV_Theta_FT7_P10,0.0,Functional connectivity / synchrony
PLV_Theta_FT7_P8,0.0,Functional connectivity / synchrony
PLV_Theta_FT7_P6,0.0,Functional connectivity / synchrony
PLV_Theta_FT7_P4,0.0,Functional connectivity / synchrony
PLV_Theta_FT7_P2,0.0,Functional connectivity / synchrony
PLV_Theta_FC5_C1,0.0,Functional connectivity / synchrony
PLV_Theta_FC5_FC4,0.0,Functional connectivity / synchrony
PLV_Theta_FC5_FC6,0.0,Functional connectivity / synchrony
PLV_Theta_FC5_FT8,0.0,Functional connectivity / synchrony
PLV_Theta_FC5_F8,0.0,Functional connectivity / synchrony
PLV_Theta_FC5_F6,0.0,Functional connectivity / synchrony
PLV_Theta_FC5_F4,0.0,Functional connectivity / synchrony
PLV_Theta_FC5_F2,0.0,Functional connectivity / synchrony
PLV_Theta_FC5_Fz,0.0,Functional connectivity / synchrony
PLV_Theta_FC5_AFz,0.0,Functional connectivity / synchrony
PLV_Theta_FC5_AF4,0.0,Functional connectivity / synchrony
PLV_Theta_FC5_P7,0.0,Functional connectivity / synchrony
PLV_Theta_FC5_Fp2,0.0,Functional connectivity / synchrony
PLV_Theta_FC5_Fpz,0.0,Functional connectivity / synchrony
PLV_Theta_FC5_CPz,0.0,Functional connectivity / synchrony
PLV_Theta_FC5_Pz,0.0,Functional connectivity / synchrony
PLV_Theta_FC5_POz,0.0,Functional connectivity / synchrony
PLV_Theta_FC5_Oz,0.0,Functional connectivity / synchrony
PLV_Theta_FC5_Iz,0.0,Functional connectivity / synchrony
PLV_Theta_FC5_O1,0.0,Functional connectivity / synchrony
PLV_Theta_FC5_PO3,0.0,Functional connectivity / synchrony
PLV_Theta_FC5_PO7,0.0,Functional connectivity / synchrony
PLV_Theta_FC5_P9,0.0,Functional connectivity / synchrony
PLV_Theta_FC5_AF8,0.0,Functional connectivity / synchrony
PLV_Theta_FT7_CPz,0.0,Functional connectivity / synchrony
PLV_Theta_FT7_Pz,0.0,Functional connectivity / synchrony
PLV_Theta_FT7_POz,0.0,Functional connectivity / synchrony
PLV_Theta_FT7_Oz,0.0,Functional connectivity / synchrony
PLV_Theta_FT7_Iz,0.0,Functional connectivity / synchrony
PLV_Theta_FT7_O1,0.0,Functional connectivity / synchrony
PLV_Theta_FT7_PO3,0.0,Functional connectivity / synchrony
PLV_Theta_FT7_PO7,0.0,Functional connectivity / synchrony
PLV_Theta_FT7_P9,0.0,Functional connectivity / synchrony
PLV_Theta_FT7_P7,0.0,Functional connectivity / synchrony
PLV_Theta_FT7_CP2,0.0,Functional connectivity / synchrony
PLV_Theta_FT7_P3,0.0,Functional connectivity / synchrony
PLV_Theta_FT7_P1,0.0,Functional connectivity / synchrony
PLV_Theta_FT7_CP1,0.0,Functional connectivity / synchrony
PLV_Theta_FT7_CP3,0.0,Functional connectivity / synchrony
PLV_Theta_FT7_CP5,0.0,Functional connectivity / synchrony
PLV_Theta_FT7_TP7,0.0,Functional connectivity / synchrony
PLV_Theta_FT7_T7,0.0,Functional connectivity / synchrony
PLV_Theta_FT7_C5,0.0,Functional connectivity / synchrony
PLV_Theta_FT7_C3,0.0,Functional connectivity / synchrony
PLV_Theta_FT7_C1,0.0,Functional connectivity / synchrony
PLV_Theta_FT7_FC1,0.0,Functional connectivity / synchrony
PLV_Theta_FT7_P5,0.0,Functional connectivity / synchrony
PLV_Theta_FT7_CP4,0.0,Functional connectivity / synchrony
PLV_Theta_FT7_CP6,0.0,Functional connectivity / synchrony
PLV_Theta_FT7_TP8,0.0,Functional connectivity / synchrony
PLV_Theta_FT7_T8,0.0,Functional connectivity / synchrony
PLV_Theta_FT7_C6,0.0,Functional connectivity / synchrony
PLV_Theta_FT7_C4,0.0,Functional connectivity / synchrony
PLV_Theta_FT7_C2,0.0,Functional connectivity / synchrony
PLV_Theta_FT7_Cz,0.0,Functional connectivity / synchrony
PLV_Theta_FT7_FCz,0.0,Functional connectivity / synchrony
PLV_Theta_FT7_FC2,0.0,Functional connectivity / synchrony
PLV_Theta_FT7_Fpz,0.0,Functional connectivity / synchrony
PLV_Theta_FT7_FC6,0.0,Functional connectivity / synchrony
PLV_Theta_FT7_FT8,0.0,Functional connectivity / synchrony
PLV_Theta_FT7_F8,0.0,Functional connectivity / synchrony
PLV_Theta_FT7_F6,0.0,Functional connectivity / synchrony
PLV_Theta_FT7_F4,0.0,Functional connectivity / synchrony
PLV_Theta_FT7_F2,0.0,Functional connectivity / synchrony
PLV_Theta_FT7_Fz,0.0,Functional connectivity / synchrony
PLV_Theta_FT7_AFz,0.0,Functional connectivity / synchrony
PLV_Theta_FT7_AF4,0.0,Functional connectivity / synchrony
PLV_Theta_FT7_AF8,0.0,Functional connectivity / synchrony
PLV_Theta_FT7_Fp2,0.0,Functional connectivity / synchrony
PLV_Theta_FT7_FC4,0.0,Functional connectivity / synchrony
PLV_Theta_F1_AF8,0.0,Functional connectivity / synchrony
PLV_Theta_F1_Fp2,0.0,Functional connectivity / synchrony
PLV_Theta_F1_Fpz,0.0,Functional connectivity / synchrony
PLV_Theta_F1_CPz,0.0,Functional connectivity / synchrony
PLV_Theta_F1_Pz,0.0,Functional connectivity / synchrony
PLV_Theta_F1_POz,0.0,Functional connectivity / synchrony
PLV_Theta_F1_Oz,0.0,Functional connectivity / synchrony
PLV_Theta_F1_Iz,0.0,Functional connectivity / synchrony
PLV_Theta_F1_O1,0.0,Functional connectivity / synchrony
PLV_Theta_F1_PO3,0.0,Functional connectivity / synchrony
PLV_Theta_F5_Fpz,0.0,Functional connectivity / synchrony
PLV_Theta_F1_P9,0.0,Functional connectivity / synchrony
PLV_Theta_F1_P7,0.0,Functional connectivity / synchrony
PLV_Theta_F1_P5,0.0,Functional connectivity / synchrony
PLV_Theta_F1_P3,0.0,Functional connectivity / synchrony
PLV_Theta_F1_P1,0.0,Functional connectivity / synchrony
PLV_Theta_F1_CP1,0.0,Functional connectivity / synchrony
PLV_Theta_F1_CP3,0.0,Functional connectivity / synchrony
PLV_Theta_F1_CP5,0.0,Functional connectivity / synchrony
PLV_Theta_F1_TP7,0.0,Functional connectivity / synchrony
PLV_Theta_F1_T7,0.0,Functional connectivity / synchrony
PLV_Alpha_FC2_P8,0.0,Functional connectivity / synchrony
PLV_Theta_F1_P4,0.0,Functional connectivity / synchrony
PLV_Theta_F1_P2,0.0,Functional connectivity / synchrony
PLV_Theta_F1_CP2,0.0,Functional connectivity / synchrony
PLV_Theta_F1_CP4,0.0,Functional connectivity / synchrony
PLV_Theta_F1_CP6,0.0,Functional connectivity / synchrony
PLV_Theta_F1_TP8,0.0,Functional connectivity / synchrony
PLV_Theta_F1_T8,0.0,Functional connectivity / synchrony
PLV_Theta_F1_C6,0.0,Functional connectivity / synchrony
PLV_Theta_F1_C4,0.0,Functional connectivity / synchrony
PLV_Theta_F1_C2,0.0,Functional connectivity / synchrony
PLV_Theta_F1_AF4,0.0,Functional connectivity / synchrony
PLV_Theta_F1_FCz,0.0,Functional connectivity / synchrony
PLV_Theta_F1_FC2,0.0,Functional connectivity / synchrony
PLV_Theta_F1_FC4,0.0,Functional connectivity / synchrony
PLV_Theta_F1_FC6,0.0,Functional connectivity / synchrony
PLV_Theta_F1_FT8,0.0,Functional connectivity / synchrony
PLV_Theta_F1_F8,0.0,Functional connectivity / synchrony
PLV_Theta_F1_F6,0.0,Functional connectivity / synchrony
PLV_Theta_F1_F4,0.0,Functional connectivity / synchrony
PLV_Theta_F1_F2,0.0,Functional connectivity / synchrony
PLV_Theta_F1_Fz,0.0,Functional connectivity / synchrony
PLV_Theta_F1_AFz,0.0,Functional connectivity / synchrony
PLV_Theta_F1_Cz,0.0,Functional connectivity / synchrony
PLV_Theta_AF3_C4,0.0,Functional connectivity / synchrony
PLV_Theta_AF3_C2,0.0,Functional connectivity / synchrony
PLV_Theta_AF3_Cz,0.0,Functional connectivity / synchrony
PLV_Theta_AF3_FCz,0.0,Functional connectivity / synchrony
PLV_Theta_AF3_FC2,0.0,Functional connectivity / synchrony
PLV_Theta_AF3_FC4,0.0,Functional connectivity / synchrony
PLV_Theta_AF3_FC6,0.0,Functional connectivity / synchrony
PLV_Theta_AF3_FT8,0.0,Functional connectivity / synchrony
PLV_Theta_AF3_F8,0.0,Functional connectivity / synchrony
PLV_Theta_AF3_F6,0.0,Functional connectivity / synchrony
PLV_Theta_F1_C5,0.0,Functional connectivity / synchrony
PLV_Theta_AF3_F2,0.0,Functional connectivity / synchrony
PLV_Theta_AF3_Fz,0.0,Functional connectivity / synchrony
PLV_Theta_AF3_AFz,0.0,Functional connectivity / synchrony
PLV_Theta_AF3_AF4,0.0,Functional connectivity / synchrony
PLV_Theta_AF3_AF8,0.0,Functional connectivity / synchrony
PLV_Theta_AF3_Fp2,0.0,Functional connectivity / synchrony
PLV_Theta_AF3_Fpz,0.0,Functional connectivity / synchrony
PLV_Theta_AF3_CPz,0.0,Functional connectivity / synchrony
PLV_Theta_AF3_Pz,0.0,Functional connectivity / synchrony
PLV_Theta_AF3_POz,0.0,Functional connectivity / synchrony
PLV_Theta_AF3_Oz,0.0,Functional connectivity / synchrony
PLV_Theta_AF3_F4,0.0,Functional connectivity / synchrony
PLV_Theta_F1_C3,0.0,Functional connectivity / synchrony
PLV_Theta_F1_C1,0.0,Functional connectivity / synchrony
PLV_Theta_F1_FC1,0.0,Functional connectivity / synchrony
PLV_Theta_F1_FC3,0.0,Functional connectivity / synchrony
PLV_Theta_F1_FC5,0.0,Functional connectivity / synchrony
PLV_Theta_F1_FT7,0.0,Functional connectivity / synchrony
PLV_Theta_F1_F7,0.0,Functional connectivity / synchrony
PLV_Theta_F1_F5,0.0,Functional connectivity / synchrony
PLV_Theta_F1_F3,0.0,Functional connectivity / synchrony
PLV_Theta_AF3_O2,0.0,Functional connectivity / synchrony
PLV_Theta_AF3_C6,0.0,Functional connectivity / synchrony
PLV_Theta_AF3_PO8,0.0,Functional connectivity / synchrony
PLV_Theta_AF3_P10,0.0,Functional connectivity / synchrony
PLV_Theta_AF3_P8,0.0,Functional connectivity / synchrony
PLV_Theta_AF3_P6,0.0,Functional connectivity / synchrony
PLV_Theta_AF3_P4,0.0,Functional connectivity / synchrony
PLV_Theta_AF3_P2,0.0,Functional connectivity / synchrony
PLV_Theta_AF3_CP2,0.0,Functional connectivity / synchrony
PLV_Theta_AF3_CP4,0.0,Functional connectivity / synchrony
PLV_Theta_AF3_CP6,0.0,Functional connectivity / synchrony
PLV_Theta_AF3_TP8,0.0,Functional connectivity / synchrony
PLV_Theta_AF3_T8,0.0,Functional connectivity / synchrony
PLV_Theta_AF3_PO4,0.0,Functional connectivity / synchrony
PLV_Theta_F5_FC5,0.0,Functional connectivity / synchrony
PLV_Theta_F5_FT7,0.0,Functional connectivity / synchrony
PLV_Theta_F5_F7,0.0,Functional connectivity / synchrony
PLV_Theta_F3_O2,0.0,Functional connectivity / synchrony
PLV_Theta_F3_PO4,0.0,Functional connectivity / synchrony
PLV_Theta_F3_PO8,0.0,Functional connectivity / synchrony
PLV_Theta_F3_P10,0.0,Functional connectivity / synchrony
PLV_Theta_F3_P8,0.0,Functional connectivity / synchrony
PLV_Theta_F3_P6,0.0,Functional connectivity / synchrony
PLV_Theta_F3_P4,0.0,Functional connectivity / synchrony
PLV_Theta_F1_P6,0.0,Functional connectivity / synchrony
PLV_Theta_F3_CP2,0.0,Functional connectivity / synchrony
PLV_Theta_F3_CP4,0.0,Functional connectivity / synchrony
PLV_Theta_F3_CP6,0.0,Functional connectivity / synchrony
PLV_Theta_F3_TP8,0.0,Functional connectivity / synchrony
PLV_Theta_F3_T8,0.0,Functional connectivity / synchrony
PLV_Theta_F3_C6,0.0,Functional connectivity / synchrony
PLV_Theta_F3_C4,0.0,Functional connectivity / synchrony
PLV_Theta_F3_C2,0.0,Functional connectivity / synchrony
PLV_Theta_F3_Cz,0.0,Functional connectivity / synchrony
PLV_Theta_F3_FCz,0.0,Functional connectivity / synchrony
PLV_Theta_F3_P2,0.0,Functional connectivity / synchrony
PLV_Theta_F5_CPz,0.0,Functional connectivity / synchrony
PLV_Theta_F5_Pz,0.0,Functional connectivity / synchrony
PLV_Theta_F5_POz,0.0,Functional connectivity / synchrony
PLV_Theta_F5_Oz,0.0,Functional connectivity / synchrony
PLV_Theta_F5_Iz,0.0,Functional connectivity / synchrony
PLV_Theta_F5_O1,0.0,Functional connectivity / synchrony
PLV_Theta_F5_PO3,0.0,Functional connectivity / synchrony
PLV_Theta_F5_PO7,0.0,Functional connectivity / synchrony
PLV_Theta_F5_P9,0.0,Functional connectivity / synchrony
PLV_Theta_F5_P7,0.0,Functional connectivity / synchrony
PLV_Theta_F5_FC3,0.0,Functional connectivity / synchrony
PLV_Theta_F5_P3,0.0,Functional connectivity / synchrony
PLV_Theta_F5_P1,0.0,Functional connectivity / synchrony
PLV_Theta_F5_CP1,0.0,Functional connectivity / synchrony
PLV_Theta_F5_CP3,0.0,Functional connectivity / synchrony
PLV_Theta_F5_CP5,0.0,Functional connectivity / synchrony
PLV_Theta_F5_TP7,0.0,Functional connectivity / synchrony
PLV_Theta_F5_T7,0.0,Functional connectivity / synchrony
PLV_Theta_F5_C5,0.0,Functional connectivity / synchrony
PLV_Theta_F5_C3,0.0,Functional connectivity / synchrony
PLV_Theta_F5_C1,0.0,Functional connectivity / synchrony
PLV_Theta_F5_FC1,0.0,Functional connectivity / synchrony
PLV_Theta_F5_P5,0.0,Functional connectivity / synchrony
PLV_Theta_F3_P5,0.0,Functional connectivity / synchrony
PLV_Theta_F3_P3,0.0,Functional connectivity / synchrony
PLV_Theta_F3_P1,0.0,Functional connectivity / synchrony
PLV_Theta_F3_CP1,0.0,Functional connectivity / synchrony
PLV_Theta_F3_CP3,0.0,Functional connectivity / synchrony
PLV_Theta_F3_CP5,0.0,Functional connectivity / synchrony
PLV_Theta_F3_TP7,0.0,Functional connectivity / synchrony
PLV_Theta_F3_T7,0.0,Functional connectivity / synchrony
PLV_Theta_F3_C5,0.0,Functional connectivity / synchrony
PLV_Theta_F3_C3,0.0,Functional connectivity / synchrony
PLV_Theta_F3_FC2,0.0,Functional connectivity / synchrony
PLV_Theta_F3_FC1,0.0,Functional connectivity / synchrony
PLV_Theta_F3_FC3,0.0,Functional connectivity / synchrony
PLV_Theta_F3_FC5,0.0,Functional connectivity / synchrony
PLV_Theta_F3_FT7,0.0,Functional connectivity / synchrony
PLV_Theta_F3_F7,0.0,Functional connectivity / synchrony
PLV_Theta_F3_F5,0.0,Functional connectivity / synchrony
PLV_Theta_F1_O2,0.0,Functional connectivity / synchrony
PLV_Theta_F1_PO4,0.0,Functional connectivity / synchrony
PLV_Theta_F1_PO8,0.0,Functional connectivity / synchrony
PLV_Theta_F1_P10,0.0,Functional connectivity / synchrony
PLV_Theta_F1_P8,0.0,Functional connectivity / synchrony
PLV_Theta_F3_C1,0.0,Functional connectivity / synchrony
PLV_Theta_F3_FC4,0.0,Functional connectivity / synchrony
PLV_Theta_F3_FC6,0.0,Functional connectivity / synchrony
PLV_Theta_F3_FT8,0.0,Functional connectivity / synchrony
PLV_Theta_F3_F8,0.0,Functional connectivity / synchrony
PLV_Theta_F3_F6,0.0,Functional connectivity / synchrony
PLV_Theta_F3_F4,0.0,Functional connectivity / synchrony
PLV_Theta_F3_F2,0.0,Functional connectivity / synchrony
PLV_Theta_F3_Fz,0.0,Functional connectivity / synchrony
PLV_Theta_F3_AFz,0.0,Functional connectivity / synchrony
PLV_Theta_F3_AF4,0.0,Functional connectivity / synchrony
PLV_Theta_F3_P7,0.0,Functional connectivity / synchrony
PLV_Theta_F3_Fp2,0.0,Functional connectivity / synchrony
PLV_Theta_F3_Fpz,0.0,Functional connectivity / synchrony
PLV_Theta_F3_CPz,0.0,Functional connectivity / synchrony
PLV_Theta_F3_Pz,0.0,Functional connectivity / synchrony
PLV_Theta_F3_POz,0.0,Functional connectivity / synchrony
PLV_Theta_F3_Oz,0.0,Functional connectivity / synchrony
PLV_Theta_F3_Iz,0.0,Functional connectivity / synchrony
PLV_Theta_F3_O1,0.0,Functional connectivity / synchrony
PLV_Theta_F3_PO3,0.0,Functional connectivity / synchrony
PLV_Theta_F3_PO7,0.0,Functional connectivity / synchrony
PLV_Theta_F3_P9,0.0,Functional connectivity / synchrony
PLV_Theta_F3_AF8,0.0,Functional connectivity / synchrony
PLV_Alpha_O1_FCz,0.0,Functional connectivity / synchrony
PLV_Alpha_O1_FC2,0.0,Functional connectivity / synchrony
PLV_Alpha_O1_FC4,0.0,Functional connectivity / synchrony
PLV_Alpha_O1_FC6,0.0,Functional connectivity / synchrony
PLV_Alpha_O1_FT8,0.0,Functional connectivity / synchrony
PLV_Alpha_O1_F8,0.0,Functional connectivity / synchrony
PLV_Alpha_O1_F6,0.0,Functional connectivity / synchrony
PLV_Alpha_O1_F4,0.0,Functional connectivity / synchrony
PLV_Alpha_O1_F2,0.0,Functional connectivity / synchrony
PLV_Alpha_O1_Fz,0.0,Functional connectivity / synchrony
PLV_Alpha_O1_AFz,0.0,Functional connectivity / synchrony
PLV_Alpha_FC4_FC2,0.0,Functional connectivity / synchrony
PLV_Alpha_O1_AF8,0.0,Functional connectivity / synchrony
PLV_Alpha_O1_Fp2,0.0,Functional connectivity / synchrony
PLV_Alpha_O1_Fpz,0.0,Functional connectivity / synchrony
PLV_Alpha_O1_CPz,0.0,Functional connectivity / synchrony
PLV_Alpha_O1_Pz,0.0,Functional connectivity / synchrony
PLV_Alpha_O1_POz,0.0,Functional connectivity / synchrony
PLV_Alpha_O1_Oz,0.0,Functional connectivity / synchrony
PLV_Alpha_O1_Iz,0.0,Functional connectivity / synchrony
PLV_Alpha_PO3_O2,0.0,Functional connectivity / synchrony
PLV_Alpha_PO3_PO4,0.0,Functional connectivity / synchrony
PLV_Alpha_PO3_PO8,0.0,Functional connectivity / synchrony
PLV_Alpha_O1_AF4,0.0,Functional connectivity / synchrony
PLV_Alpha_Iz_AF4,0.0,Functional connectivity / synchrony
PLV_Alpha_Iz_AF8,0.0,Functional connectivity / synchrony
PLV_Alpha_Iz_Fp2,0.0,Functional connectivity / synchrony
PLV_Alpha_Iz_Fpz,0.0,Functional connectivity / synchrony
PLV_Alpha_Iz_CPz,0.0,Functional connectivity / synchrony
PLV_Alpha_Iz_Pz,0.0,Functional connectivity / synchrony
PLV_Alpha_Iz_POz,0.0,Functional connectivity / synchrony
PLV_Alpha_Iz_Oz,0.0,Functional connectivity / synchrony
PLV_Alpha_O1_O2,0.0,Functional connectivity / synchrony
PLV_Alpha_O1_PO4,0.0,Functional connectivity / synchrony
PLV_Alpha_O1_PO8,0.0,Functional connectivity / synchrony
PLV_Alpha_O1_Cz,0.0,Functional connectivity / synchrony
PLV_Alpha_O1_P8,0.0,Functional connectivity / synchrony
PLV_Alpha_O1_P6,0.0,Functional connectivity / synchrony
PLV_Alpha_O1_P4,0.0,Functional connectivity / synchrony
PLV_Alpha_O1_P2,0.0,Functional connectivity / synchrony
PLV_Alpha_O1_CP2,0.0,Functional connectivity / synchrony
PLV_Alpha_O1_CP4,0.0,Functional connectivity / synchrony
PLV_Alpha_O1_CP6,0.0,Functional connectivity / synchrony
PLV_Alpha_O1_TP8,0.0,Functional connectivity / synchrony
PLV_Alpha_O1_T8,0.0,Functional connectivity / synchrony
PLV_Alpha_O1_C6,0.0,Functional connectivity / synchrony
PLV_Alpha_O1_C4,0.0,Functional connectivity / synchrony
PLV_Alpha_O1_C2,0.0,Functional connectivity / synchrony
PLV_Alpha_O1_P10,0.0,Functional connectivity / synchrony
PLV_Alpha_PO3_AF8,0.0,Functional connectivity / synchrony
PLV_Alpha_PO3_Fp2,0.0,Functional connectivity / synchrony
PLV_Alpha_PO3_Fpz,0.0,Functional connectivity / synchrony
PLV_Alpha_PO3_CPz,0.0,Functional connectivity / synchrony
PLV_Alpha_PO3_Pz,0.0,Functional connectivity / synchrony
PLV_Alpha_PO3_POz,0.0,Functional connectivity / synchrony
PLV_Alpha_PO3_Oz,0.0,Functional connectivity / synchrony
PLV_Alpha_PO3_Iz,0.0,Functional connectivity / synchrony
PLV_Alpha_PO3_O1,0.0,Functional connectivity / synchrony
PLV_Alpha_PO7_O2,0.0,Functional connectivity / synchrony
PLV_Alpha_PO7_PO4,0.0,Functional connectivity / synchrony
PLV_Alpha_PO3_P10,0.0,Functional connectivity / synchrony
PLV_Alpha_PO7_P10,0.0,Functional connectivity / synchrony
PLV_Alpha_PO7_P8,0.0,Functional connectivity / synchrony
PLV_Alpha_PO7_P6,0.0,Functional connectivity / synchrony
PLV_Alpha_PO7_P4,0.0,Functional connectivity / synchrony
PLV_Alpha_PO7_P2,0.0,Functional connectivity / synchrony
PLV_Alpha_PO7_CP2,0.0,Functional connectivity / synchrony
PLV_Alpha_PO7_CP4,0.0,Functional connectivity / synchrony
PLV_Alpha_PO7_CP6,0.0,Functional connectivity / synchrony
PLV_Alpha_PO7_TP8,0.0,Functional connectivity / synchrony
PLV_Alpha_PO7_T8,0.0,Functional connectivity / synchrony
PLV_Alpha_PO7_C6,0.0,Functional connectivity / synchrony
PLV_Alpha_PO7_C4,0.0,Functional connectivity / synchrony
PLV_Alpha_PO7_PO8,0.0,Functional connectivity / synchrony
PLV_Alpha_PO3_P8,0.0,Functional connectivity / synchrony
PLV_Alpha_PO3_P6,0.0,Functional connectivity / synchrony
PLV_Alpha_PO3_P4,0.0,Functional connectivity / synchrony
PLV_Alpha_PO3_P2,0.0,Functional connectivity / synchrony
PLV_Alpha_PO3_CP2,0.0,Functional connectivity / synchrony
PLV_Alpha_PO3_CP4,0.0,Functional connectivity / synchrony
PLV_Alpha_PO3_CP6,0.0,Functional connectivity / synchrony
PLV_Alpha_PO3_TP8,0.0,Functional connectivity / synchrony
PLV_Alpha_PO3_T8,0.0,Functional connectivity / synchrony
PLV_Alpha_PO3_C6,0.0,Functional connectivity / synchrony
PLV_Alpha_PO3_C4,0.0,Functional connectivity / synchrony
PLV_Alpha_PO3_AF4,0.0,Functional connectivity / synchrony
PLV_Alpha_PO3_Cz,0.0,Functional connectivity / synchrony
PLV_Alpha_PO3_FCz,0.0,Functional connectivity / synchrony
PLV_Alpha_PO3_FC2,0.0,Functional connectivity / synchrony
PLV_Alpha_PO3_FC4,0.0,Functional connectivity / synchrony
PLV_Alpha_PO3_FC6,0.0,Functional connectivity / synchrony
PLV_Alpha_PO3_FT8,0.0,Functional connectivity / synchrony
PLV_Alpha_PO3_F8,0.0,Functional connectivity / synchrony
PLV_Alpha_PO3_F6,0.0,Functional connectivity / synchrony
PLV_Alpha_PO3_F4,0.0,Functional connectivity / synchrony
PLV_Alpha_PO3_F2,0.0,Functional connectivity / synchrony
PLV_Alpha_PO3_Fz,0.0,Functional connectivity / synchrony
PLV_Alpha_PO3_AFz,0.0,Functional connectivity / synchrony
PLV_Alpha_PO3_C2,0.0,Functional connectivity / synchrony
PLV_Alpha_POz_F8,0.0,Functional connectivity / synchrony
PLV_Alpha_POz_F6,0.0,Functional connectivity / synchrony
PLV_Alpha_POz_F4,0.0,Functional connectivity / synchrony
PLV_Alpha_POz_F2,0.0,Functional connectivity / synchrony
PLV_Alpha_POz_Fz,0.0,Functional connectivity / synchrony
PLV_Alpha_POz_AFz,0.0,Functional connectivity / synchrony
PLV_Alpha_POz_AF4,0.0,Functional connectivity / synchrony
PLV_Alpha_POz_AF8,0.0,Functional connectivity / synchrony
PLV_Alpha_POz_Fp2,0.0,Functional connectivity / synchrony
PLV_Alpha_POz_Fpz,0.0,Functional connectivity / synchrony
PLV_Alpha_POz_CPz,0.0,Functional connectivity / synchrony
PLV_Alpha_Iz_AFz,0.0,Functional connectivity / synchrony
PLV_Alpha_Oz_O2,0.0,Functional connectivity / synchrony
PLV_Alpha_Oz_PO4,0.0,Functional connectivity / synchrony
PLV_Alpha_Oz_PO8,0.0,Functional connectivity / synchrony
PLV_Alpha_Oz_P10,0.0,Functional connectivity / synchrony
PLV_Alpha_Oz_P8,0.0,Functional connectivity / synchrony
PLV_Alpha_Oz_P6,0.0,Functional connectivity / synchrony
PLV_Alpha_Oz_P4,0.0,Functional connectivity / synchrony
PLV_Alpha_Oz_P2,0.0,Functional connectivity / synchrony
PLV_Alpha_Oz_CP2,0.0,Functional connectivity / synchrony
PLV_Alpha_Oz_CP4,0.0,Functional connectivity / synchrony
PLV_Alpha_Oz_CP6,0.0,Functional connectivity / synchrony
PLV_Alpha_Oz_TP8,0.0,Functional connectivity / synchrony
PLV_Alpha_POz_Pz,0.0,Functional connectivity / synchrony
PLV_Alpha_Pz_Fp2,0.0,Functional connectivity / synchrony
PLV_Alpha_Pz_Fpz,0.0,Functional connectivity / synchrony
PLV_Alpha_Pz_CPz,0.0,Functional connectivity / synchrony
PLV_Alpha_POz_O2,0.0,Functional connectivity / synchrony
PLV_Alpha_POz_PO4,0.0,Functional connectivity / synchrony
PLV_Alpha_POz_PO8,0.0,Functional connectivity / synchrony
PLV_Alpha_POz_P10,0.0,Functional connectivity / synchrony
PLV_Alpha_POz_P8,0.0,Functional connectivity / synchrony
PLV_Alpha_POz_P6,0.0,Functional connectivity / synchrony
PLV_Alpha_POz_P4,0.0,Functional connectivity / synchrony
PLV_Alpha_POz_P2,0.0,Functional connectivity / synchrony
PLV_Alpha_POz_FT8,0.0,Functional connectivity / synchrony
PLV_Alpha_POz_CP4,0.0,Functional connectivity / synchrony
PLV_Alpha_POz_CP6,0.0,Functional connectivity / synchrony
PLV_Alpha_POz_TP8,0.0,Functional connectivity / synchrony
PLV_Alpha_POz_T8,0.0,Functional connectivity / synchrony
PLV_Alpha_POz_C6,0.0,Functional connectivity / synchrony
PLV_Alpha_POz_C4,0.0,Functional connectivity / synchrony
PLV_Alpha_POz_C2,0.0,Functional connectivity / synchrony
PLV_Alpha_POz_Cz,0.0,Functional connectivity / synchrony
PLV_Alpha_POz_FCz,0.0,Functional connectivity / synchrony
PLV_Alpha_POz_FC2,0.0,Functional connectivity / synchrony
PLV_Alpha_POz_FC4,0.0,Functional connectivity / synchrony
PLV_Alpha_POz_FC6,0.0,Functional connectivity / synchrony
PLV_Alpha_POz_CP2,0.0,Functional connectivity / synchrony
PLV_Alpha_Iz_P10,0.0,Functional connectivity / synchrony
PLV_Alpha_Iz_P8,0.0,Functional connectivity / synchrony
PLV_Alpha_Iz_P6,0.0,Functional connectivity / synchrony
PLV_Alpha_Iz_P4,0.0,Functional connectivity / synchrony
PLV_Alpha_Iz_P2,0.0,Functional connectivity / synchrony
PLV_Alpha_Iz_CP2,0.0,Functional connectivity / synchrony
PLV_Alpha_Iz_CP4,0.0,Functional connectivity / synchrony
PLV_Alpha_Iz_CP6,0.0,Functional connectivity / synchrony
PLV_Alpha_Iz_TP8,0.0,Functional connectivity / synchrony
PLV_Alpha_Iz_T8,0.0,Functional connectivity / synchrony
PLV_Alpha_Iz_C6,0.0,Functional connectivity / synchrony
PLV_Alpha_Oz_T8,0.0,Functional connectivity / synchrony
PLV_Alpha_Iz_C2,0.0,Functional connectivity / synchrony
PLV_Alpha_Iz_Cz,0.0,Functional connectivity / synchrony
PLV_Alpha_Iz_FCz,0.0,Functional connectivity / synchrony
PLV_Alpha_Iz_FC2,0.0,Functional connectivity / synchrony
PLV_Alpha_Iz_FC4,0.0,Functional connectivity / synchrony
PLV_Alpha_Iz_FC6,0.0,Functional connectivity / synchrony
PLV_Alpha_Iz_FT8,0.0,Functional connectivity / synchrony
PLV_Alpha_Iz_F8,0.0,Functional connectivity / synchrony
PLV_Alpha_Iz_F6,0.0,Functional connectivity / synchrony
PLV_Alpha_Iz_F4,0.0,Functional connectivity / synchrony
PLV_Alpha_Iz_F2,0.0,Functional connectivity / synchrony
PLV_Alpha_Iz_Fz,0.0,Functional connectivity / synchrony
PLV_Alpha_Iz_C4,0.0,Functional connectivity / synchrony
PLV_Alpha_Oz_C6,0.0,Functional connectivity / synchrony
PLV_Alpha_Oz_C4,0.0,Functional connectivity / synchrony
PLV_Alpha_Oz_C2,0.0,Functional connectivity / synchrony
PLV_Alpha_Oz_Cz,0.0,Functional connectivity / synchrony
PLV_Alpha_Oz_FCz,0.0,Functional connectivity / synchrony
PLV_Alpha_Oz_FC2,0.0,Functional connectivity / synchrony
PLV_Alpha_Oz_FC4,0.0,Functional connectivity / synchrony
PLV_Alpha_Oz_FC6,0.0,Functional connectivity / synchrony
PLV_Alpha_Oz_FT8,0.0,Functional connectivity / synchrony
PLV_Alpha_Oz_F8,0.0,Functional connectivity / synchrony
PLV_Alpha_Oz_F6,0.0,Functional connectivity / synchrony
PLV_Alpha_Iz_PO8,0.0,Functional connectivity / synchrony
PLV_Alpha_Oz_F2,0.0,Functional connectivity / synchrony
PLV_Alpha_Oz_Fz,0.0,Functional connectivity / synchrony
PLV_Alpha_Oz_AFz,0.0,Functional connectivity / synchrony
PLV_Alpha_Oz_AF4,0.0,Functional connectivity / synchrony
PLV_Alpha_Oz_AF8,0.0,Functional connectivity / synchrony
PLV_Alpha_Oz_Fp2,0.0,Functional connectivity / synchrony
PLV_Alpha_Oz_Fpz,0.0,Functional connectivity / synchrony
PLV_Alpha_Oz_CPz,0.0,Functional connectivity / synchrony
PLV_Alpha_Oz_Pz,0.0,Functional connectivity / synchrony
PLV_Alpha_Oz_POz,0.0,Functional connectivity / synchrony
PLV_Alpha_Iz_O2,0.0,Functional connectivity / synchrony
PLV_Alpha_Iz_PO4,0.0,Functional connectivity / synchrony
PLV_Alpha_Oz_F4,0.0,Functional connectivity / synchrony
PLV_Alpha_P5_FT8,0.0,Functional connectivity / synchrony
PLV_Alpha_P5_F8,0.0,Functional connectivity / synchrony
PLV_Alpha_P5_F6,0.0,Functional connectivity / synchrony
PLV_Alpha_P5_F4,0.0,Functional connectivity / synchrony
PLV_Alpha_P5_F2,0.0,Functional connectivity / synchrony
PLV_Alpha_P5_Fz,0.0,Functional connectivity / synchrony
PLV_Alpha_P5_AFz,0.0,Functional connectivity / synchrony
PLV_Alpha_P5_AF4,0.0,Functional connectivity / synchrony
PLV_Alpha_P5_AF8,0.0,Functional connectivity / synchrony
PLV_Alpha_P5_Fp2,0.0,Functional connectivity / synchrony
PLV_Alpha_P5_Fpz,0.0,Functional connectivity / synchrony
PLV_Alpha_PO7_C2,0.0,Functional connectivity / synchrony
PLV_Alpha_P5_Pz,0.0,Functional connectivity / synchrony
PLV_Alpha_P5_POz,0.0,Functional connectivity / synchrony
PLV_Alpha_P5_Oz,0.0,Functional connectivity / synchrony
PLV_Alpha_P5_Iz,0.0,Functional connectivity / synchrony
PLV_Alpha_P5_O1,0.0,Functional connectivity / synchrony
PLV_Alpha_P5_PO3,0.0,Functional connectivity / synchrony
PLV_Alpha_P5_PO7,0.0,Functional connectivity / synchrony
PLV_Alpha_P5_P9,0.0,Functional connectivity / synchrony
PLV_Alpha_P5_P7,0.0,Functional connectivity / synchrony
PLV_Alpha_P3_O2,0.0,Functional connectivity / synchrony
PLV_Alpha_P3_PO4,0.0,Functional connectivity / synchrony
PLV_Alpha_P3_PO8,0.0,Functional connectivity / synchrony
PLV_Alpha_P5_CPz,0.0,Functional connectivity / synchrony
PLV_Alpha_P7_O1,0.0,Functional connectivity / synchrony
PLV_Alpha_P7_PO3,0.0,Functional connectivity / synchrony
PLV_Alpha_P7_PO7,0.0,Functional connectivity / synchrony
PLV_Alpha_P7_P9,0.0,Functional connectivity / synchrony
PLV_Alpha_P5_O2,0.0,Functional connectivity / synchrony
PLV_Alpha_P5_PO4,0.0,Functional connectivity / synchrony
PLV_Alpha_P5_PO8,0.0,Functional connectivity / synchrony
PLV_Alpha_P5_P10,0.0,Functional connectivity / synchrony
PLV_Alpha_P5_P8,0.0,Functional connectivity / synchrony
PLV_Alpha_P5_P6,0.0,Functional connectivity / synchrony
PLV_Alpha_P5_P4,0.0,Functional connectivity / synchrony
PLV_Alpha_P5_FC6,0.0,Functional connectivity / synchrony
PLV_Alpha_P5_CP2,0.0,Functional connectivity / synchrony
PLV_Alpha_P5_CP4,0.0,Functional connectivity / synchrony
PLV_Alpha_P5_CP6,0.0,Functional connectivity / synchrony
PLV_Alpha_P5_TP8,0.0,Functional connectivity / synchrony
PLV_Alpha_P5_T8,0.0,Functional connectivity / synchrony
PLV_Alpha_P5_C6,0.0,Functional connectivity / synchrony
PLV_Alpha_P5_C4,0.0,Functional connectivity / synchrony
PLV_Alpha_P5_C2,0.0,Functional connectivity / synchrony
PLV_Alpha_P5_Cz,0.0,Functional connectivity / synchrony
PLV_Alpha_P5_FCz,0.0,Functional connectivity / synchrony
PLV_Alpha_P5_FC2,0.0,Functional connectivity / synchrony
PLV_Alpha_P5_FC4,0.0,Functional connectivity / synchrony
PLV_Alpha_P5_P2,0.0,Functional connectivity / synchrony
PLV_Alpha_P3_AF8,0.0,Functional connectivity / synchrony
PLV_Alpha_P3_Fp2,0.0,Functional connectivity / synchrony
PLV_Alpha_P3_Fpz,0.0,Functional connectivity / synchrony
PLV_Alpha_P3_CPz,0.0,Functional connectivity / synchrony
PLV_Alpha_P3_Pz,0.0,Functional connectivity / synchrony
PLV_Alpha_P3_POz,0.0,Functional connectivity / synchrony
PLV_Alpha_P3_Oz,0.0,Functional connectivity / synchrony
PLV_Alpha_P3_Iz,0.0,Functional connectivity / synchrony
PLV_Alpha_P3_O1,0.0,Functional connectivity / synchrony
PLV_Alpha_P3_PO3,0.0,Functional connectivity / synchrony
PLV_Alpha_P3_PO7,0.0,Functional connectivity / synchrony
PLV_Alpha_P3_P10,0.0,Functional connectivity / synchrony
PLV_Alpha_P3_P7,0.0,Functional connectivity / synchrony
PLV_Alpha_P3_P5,0.0,Functional connectivity / synchrony
PLV_Alpha_P1_O2,0.0,Functional connectivity / synchrony
PLV_Alpha_P1_PO4,0.0,Functional connectivity / synchrony
PLV_Alpha_P1_PO8,0.0,Functional connectivity / synchrony
PLV_Alpha_P1_P10,0.0,Functional connectivity / synchrony
PLV_Alpha_P1_P8,0.0,Functional connectivity / synchrony
PLV_Alpha_P1_P6,0.0,Functional connectivity / synchrony
PLV_Alpha_P1_P4,0.0,Functional connectivity / synchrony
PLV_Alpha_P1_P2,0.0,Functional connectivity / synchrony
PLV_Alpha_P1_CP2,0.0,Functional connectivity / synchrony
PLV_Alpha_P1_CP4,0.0,Functional connectivity / synchrony
PLV_Alpha_P3_P9,0.0,Functional connectivity / synchrony
PLV_Alpha_P3_P8,0.0,Functional connectivity / synchrony
PLV_Alpha_P3_P6,0.0,Functional connectivity / synchrony
PLV_Alpha_P3_P4,0.0,Functional connectivity / synchrony
PLV_Alpha_P3_P2,0.0,Functional connectivity / synchrony
PLV_Alpha_P3_CP2,0.0,Functional connectivity / synchrony
PLV_Alpha_P3_CP4,0.0,Functional connectivity / synchrony
PLV_Alpha_P3_CP6,0.0,Functional connectivity / synchrony
PLV_Alpha_P3_TP8,0.0,Functional connectivity / synchrony
PLV_Alpha_P3_T8,0.0,Functional connectivity / synchrony
PLV_Alpha_P3_C6,0.0,Functional connectivity / synchrony
PLV_Alpha_P3_C4,0.0,Functional connectivity / synchrony
PLV_Alpha_P3_AF4,0.0,Functional connectivity / synchrony
PLV_Alpha_P3_Cz,0.0,Functional connectivity / synchrony
PLV_Alpha_P3_FCz,0.0,Functional connectivity / synchrony
PLV_Alpha_P3_FC2,0.0,Functional connectivity / synchrony
PLV_Alpha_P3_FC4,0.0,Functional connectivity / synchrony
PLV_Alpha_P3_FC6,0.0,Functional connectivity / synchrony
PLV_Alpha_P3_FT8,0.0,Functional connectivity / synchrony
PLV_Alpha_P3_F8,0.0,Functional connectivity / synchrony
PLV_Alpha_P3_F6,0.0,Functional connectivity / synchrony
PLV_Alpha_P3_F4,0.0,Functional connectivity / synchrony
PLV_Alpha_P3_F2,0.0,Functional connectivity / synchrony
PLV_Alpha_P3_Fz,0.0,Functional connectivity / synchrony
PLV_Alpha_P3_AFz,0.0,Functional connectivity / synchrony
PLV_Alpha_P3_C2,0.0,Functional connectivity / synchrony
PLV_Alpha_P9_PO8,0.0,Functional connectivity / synchrony
PLV_Alpha_P9_P10,0.0,Functional connectivity / synchrony
PLV_Alpha_P9_P8,0.0,Functional connectivity / synchrony
PLV_Alpha_P9_P6,0.0,Functional connectivity / synchrony
PLV_Alpha_P9_P4,0.0,Functional connectivity / synchrony
PLV_Alpha_P9_P2,0.0,Functional connectivity / synchrony
PLV_Alpha_P9_CP2,0.0,Functional connectivity / synchrony
PLV_Alpha_P9_CP4,0.0,Functional connectivity / synchrony
PLV_Alpha_P9_CP6,0.0,Functional connectivity / synchrony
PLV_Alpha_P9_TP8,0.0,Functional connectivity / synchrony
PLV_Alpha_P9_T8,0.0,Functional connectivity / synchrony
PLV_Alpha_P7_Iz,0.0,Functional connectivity / synchrony
PLV_Alpha_P9_C4,0.0,Functional connectivity / synchrony
PLV_Alpha_P9_C2,0.0,Functional connectivity / synchrony
PLV_Alpha_P9_Cz,0.0,Functional connectivity / synchrony
PLV_Alpha_P9_FCz,0.0,Functional connectivity / synchrony
PLV_Alpha_P9_FC2,0.0,Functional connectivity / synchrony
PLV_Alpha_P9_FC4,0.0,Functional connectivity / synchrony
PLV_Alpha_P9_FC6,0.0,Functional connectivity / synchrony
PLV_Alpha_P9_FT8,0.0,Functional connectivity / synchrony
PLV_Alpha_P9_F8,0.0,Functional connectivity / synchrony
PLV_Alpha_P9_F6,0.0,Functional connectivity / synchrony
PLV_Alpha_P9_F4,0.0,Functional connectivity / synchrony
PLV_Alpha_P9_F2,0.0,Functional connectivity / synchrony
PLV_Alpha_P9_C6,0.0,Functional connectivity / synchrony
PLV_Alpha_PO7_Cz,0.0,Functional connectivity / synchrony
PLV_Alpha_PO7_FCz,0.0,Functional connectivity / synchrony
PLV_Alpha_PO7_FC2,0.0,Functional connectivity / synchrony
PLV_Alpha_PO7_FC4,0.0,Functional connectivity / synchrony
PLV_Alpha_PO7_FC6,0.0,Functional connectivity / synchrony
PLV_Alpha_PO7_FT8,0.0,Functional connectivity / synchrony
PLV_Alpha_PO7_F8,0.0,Functional connectivity / synchrony
PLV_Alpha_PO7_F6,0.0,Functional connectivity / synchrony
PLV_Alpha_PO7_F4,0.0,Functional connectivity / synchrony
PLV_Alpha_PO7_F2,0.0,Functional connectivity / synchrony
PLV_Alpha_PO7_Fz,0.0,Functional connectivity / synchrony
PLV_Alpha_P9_PO4,0.0,Functional connectivity / synchrony
PLV_Alpha_PO7_AF4,0.0,Functional connectivity / synchrony
PLV_Alpha_PO7_AF8,0.0,Functional connectivity / synchrony
PLV_Alpha_PO7_Fp2,0.0,Functional connectivity / synchrony
PLV_Alpha_PO7_Fpz,0.0,Functional connectivity / synchrony
PLV_Alpha_PO7_CPz,0.0,Functional connectivity / synchrony
PLV_Alpha_PO7_Pz,0.0,Functional connectivity / synchrony
PLV_Alpha_PO7_POz,0.0,Functional connectivity / synchrony
PLV_Alpha_PO7_Oz,0.0,Functional connectivity / synchrony
PLV_Alpha_PO7_Iz,0.0,Functional connectivity / synchrony
PLV_Alpha_PO7_O1,0.0,Functional connectivity / synchrony
PLV_Alpha_PO7_PO3,0.0,Functional connectivity / synchrony
PLV_Alpha_P9_O2,0.0,Functional connectivity / synchrony
PLV_Alpha_PO7_AFz,0.0,Functional connectivity / synchrony
PLV_Alpha_P7_T8,0.0,Functional connectivity / synchrony
PLV_Alpha_P7_C6,0.0,Functional connectivity / synchrony
PLV_Alpha_P7_C4,0.0,Functional connectivity / synchrony
PLV_Alpha_P7_C2,0.0,Functional connectivity / synchrony
PLV_Alpha_P7_Cz,0.0,Functional connectivity / synchrony
PLV_Alpha_P7_FCz,0.0,Functional connectivity / synchrony
PLV_Alpha_P7_FC2,0.0,Functional connectivity / synchrony
PLV_Alpha_P7_FC4,0.0,Functional connectivity / synchrony
PLV_Alpha_P7_FC6,0.0,Functional connectivity / synchrony
PLV_Alpha_P7_FT8,0.0,Functional connectivity / synchrony
PLV_Alpha_P7_F8,0.0,Functional connectivity / synchrony
PLV_Alpha_P9_Fz,0.0,Functional connectivity / synchrony
PLV_Alpha_P7_F4,0.0,Functional connectivity / synchrony
PLV_Alpha_P7_F2,0.0,Functional connectivity / synchrony
PLV_Alpha_P7_Fz,0.0,Functional connectivity / synchrony
PLV_Alpha_P7_AFz,0.0,Functional connectivity / synchrony
PLV_Alpha_P7_AF4,0.0,Functional connectivity / synchrony
PLV_Alpha_P7_AF8,0.0,Functional connectivity / synchrony
PLV_Alpha_P7_Fp2,0.0,Functional connectivity / synchrony
PLV_Alpha_P7_Fpz,0.0,Functional connectivity / synchrony
PLV_Alpha_P7_CPz,0.0,Functional connectivity / synchrony
PLV_Alpha_P7_Pz,0.0,Functional connectivity / synchrony
PLV_Alpha_P7_POz,0.0,Functional connectivity / synchrony
PLV_Alpha_P7_Oz,0.0,Functional connectivity / synchrony
PLV_Alpha_P7_F6,0.0,Functional connectivity / synchrony
PLV_Alpha_P9_AFz,0.0,Functional connectivity / synchrony
PLV_Alpha_P9_AF4,0.0,Functional connectivity / synchrony
PLV_Alpha_P9_AF8,0.0,Functional connectivity / synchrony
PLV_Alpha_P9_Fp2,0.0,Functional connectivity / synchrony
PLV_Alpha_P9_Fpz,0.0,Functional connectivity / synchrony
PLV_Alpha_P9_CPz,0.0,Functional connectivity / synchrony
PLV_Alpha_P9_Pz,0.0,Functional connectivity / synchrony
PLV_Alpha_P9_POz,0.0,Functional connectivity / synchrony
PLV_Alpha_P9_Oz,0.0,Functional connectivity / synchrony
PLV_Alpha_P9_Iz,0.0,Functional connectivity / synchrony
PLV_Alpha_P9_O1,0.0,Functional connectivity / synchrony
PLV_Alpha_P7_TP8,0.0,Functional connectivity / synchrony
PLV_Alpha_P9_PO7,0.0,Functional connectivity / synchrony
PLV_Alpha_P7_O2,0.0,Functional connectivity / synchrony
PLV_Alpha_P7_PO4,0.0,Functional connectivity / synchrony
PLV_Alpha_P7_PO8,0.0,Functional connectivity / synchrony
PLV_Alpha_P7_P10,0.0,Functional connectivity / synchrony
PLV_Alpha_P7_P8,0.0,Functional connectivity / synchrony
PLV_Alpha_P7_P6,0.0,Functional connectivity / synchrony
PLV_Alpha_P7_P4,0.0,Functional connectivity / synchrony
PLV_Alpha_P7_P2,0.0,Functional connectivity / synchrony
PLV_Alpha_P7_CP2,0.0,Functional connectivity / synchrony
PLV_Alpha_P7_CP4,0.0,Functional connectivity / synchrony
PLV_Alpha_P7_CP6,0.0,Functional connectivity / synchrony
PLV_Alpha_P9_PO3,0.0,Functional connectivity / synchrony
PLV_Alpha_F4_P2,0.0,Functional connectivity / synchrony
PLV_Alpha_F4_CP2,0.0,Functional connectivity / synchrony
PLV_Alpha_F4_CP4,0.0,Functional connectivity / synchrony
PLV_Alpha_F4_CP6,0.0,Functional connectivity / synchrony
PLV_Alpha_F4_TP8,0.0,Functional connectivity / synchrony
PLV_Alpha_F4_T8,0.0,Functional connectivity / synchrony
PLV_Alpha_F4_C6,0.0,Functional connectivity / synchrony
PLV_Alpha_F4_C4,0.0,Functional connectivity / synchrony
PLV_Alpha_F4_C2,0.0,Functional connectivity / synchrony
PLV_Alpha_F4_Cz,0.0,Functional connectivity / synchrony
PLV_Alpha_F4_FCz,0.0,Functional connectivity / synchrony
PLV_Alpha_Pz_AF8,0.0,Functional connectivity / synchrony
PLV_Alpha_F4_FC4,0.0,Functional connectivity / synchrony
PLV_Alpha_F4_FC6,0.0,Functional connectivity / synchrony
PLV_Alpha_F4_FT8,0.0,Functional connectivity / synchrony
PLV_Alpha_F4_F8,0.0,Functional connectivity / synchrony
PLV_Alpha_F4_F6,0.0,Functional connectivity / synchrony
PLV_Alpha_F2_O2,0.0,Functional connectivity / synchrony
PLV_Alpha_F2_PO4,0.0,Functional connectivity / synchrony
PLV_Alpha_F2_PO8,0.0,Functional connectivity / synchrony
PLV_Alpha_F2_P10,0.0,Functional connectivity / synchrony
PLV_Alpha_F2_P8,0.0,Functional connectivity / synchrony
PLV_Alpha_F2_P6,0.0,Functional connectivity / synchrony
PLV_Alpha_F2_P4,0.0,Functional connectivity / synchrony
PLV_Alpha_F4_FC2,0.0,Functional connectivity / synchrony
PLV_Alpha_F6_P6,0.0,Functional connectivity / synchrony
PLV_Alpha_F6_P4,0.0,Functional connectivity / synchrony
PLV_Alpha_F6_P2,0.0,Functional connectivity / synchrony
PLV_Alpha_F6_CP2,0.0,Functional connectivity / synchrony
PLV_Alpha_F6_CP4,0.0,Functional connectivity / synchrony
PLV_Alpha_F6_CP6,0.0,Functional connectivity / synchrony
PLV_Alpha_F6_TP8,0.0,Functional connectivity / synchrony
PLV_Alpha_F6_T8,0.0,Functional connectivity / synchrony
PLV_Alpha_F6_C6,0.0,Functional connectivity / synchrony
PLV_Alpha_F6_C4,0.0,Functional connectivity / synchrony
PLV_Alpha_F6_C2,0.0,Functional connectivity / synchrony
PLV_Alpha_F4_P4,0.0,Functional connectivity / synchrony
PLV_Alpha_F6_FCz,0.0,Functional connectivity / synchrony
PLV_Alpha_F6_FC2,0.0,Functional connectivity / synchrony
PLV_Alpha_F6_FC4,0.0,Functional connectivity / synchrony
PLV_Alpha_F6_FC6,0.0,Functional connectivity / synchrony
PLV_Alpha_F6_FT8,0.0,Functional connectivity / synchrony
PLV_Alpha_F6_F8,0.0,Functional connectivity / synchrony
PLV_Alpha_F4_O2,0.0,Functional connectivity / synchrony
PLV_Alpha_F4_PO4,0.0,Functional connectivity / synchrony
PLV_Alpha_F4_PO8,0.0,Functional connectivity / synchrony
PLV_Alpha_F4_P10,0.0,Functional connectivity / synchrony
PLV_Alpha_F4_P8,0.0,Functional connectivity / synchrony
PLV_Alpha_F4_P6,0.0,Functional connectivity / synchrony
PLV_Alpha_F6_Cz,0.0,Functional connectivity / synchrony
PLV_Alpha_Fz_CP2,0.0,Functional connectivity / synchrony
PLV_Alpha_Fz_CP4,0.0,Functional connectivity / synchrony
PLV_Alpha_Fz_CP6,0.0,Functional connectivity / synchrony
PLV_Alpha_Fz_TP8,0.0,Functional connectivity / synchrony
PLV_Alpha_Fz_T8,0.0,Functional connectivity / synchrony
PLV_Alpha_Fz_C6,0.0,Functional connectivity / synchrony
PLV_Alpha_Fz_C4,0.0,Functional connectivity / synchrony
PLV_Alpha_Fz_C2,0.0,Functional connectivity / synchrony
PLV_Alpha_Fz_Cz,0.0,Functional connectivity / synchrony
PLV_Alpha_Fz_FCz,0.0,Functional connectivity / synchrony
PLV_Alpha_Fz_FC2,0.0,Functional connectivity / synchrony
PLV_Alpha_F2_P2,0.0,Functional connectivity / synchrony
PLV_Alpha_Fz_FC6,0.0,Functional connectivity / synchrony
PLV_Alpha_Fz_FT8,0.0,Functional connectivity / synchrony
PLV_Alpha_Fz_F8,0.0,Functional connectivity / synchrony
PLV_Alpha_Fz_F6,0.0,Functional connectivity / synchrony
PLV_Alpha_Fz_F4,0.0,Functional connectivity / synchrony
PLV_Alpha_Fz_F2,0.0,Functional connectivity / synchrony
PLV_Alpha_AFz_O2,0.0,Functional connectivity / synchrony
PLV_Alpha_AFz_PO4,0.0,Functional connectivity / synchrony
PLV_Alpha_AFz_PO8,0.0,Functional connectivity / synchrony
PLV_Alpha_AFz_P10,0.0,Functional connectivity / synchrony
PLV_Alpha_AFz_P8,0.0,Functional connectivity / synchrony
PLV_Alpha_AFz_P6,0.0,Functional connectivity / synchrony
PLV_Alpha_Fz_FC4,0.0,Functional connectivity / synchrony
PLV_Alpha_F2_CP2,0.0,Functional connectivity / synchrony
PLV_Alpha_F2_CP4,0.0,Functional connectivity / synchrony
PLV_Alpha_F2_CP6,0.0,Functional connectivity / synchrony
PLV_Alpha_F2_TP8,0.0,Functional connectivity / synchrony
PLV_Alpha_F2_T8,0.0,Functional connectivity / synchrony
PLV_Alpha_F2_C6,0.0,Functional connectivity / synchrony
PLV_Alpha_F2_C4,0.0,Functional connectivity / synchrony
PLV_Alpha_F2_C2,0.0,Functional connectivity / synchrony
PLV_Alpha_F2_Cz,0.0,Functional connectivity / synchrony
PLV_Alpha_F2_FCz,0.0,Functional connectivity / synchrony
PLV_Alpha_F2_FC2,0.0,Functional connectivity / synchrony
PLV_Alpha_Fz_P2,0.0,Functional connectivity / synchrony
PLV_Alpha_F2_FC6,0.0,Functional connectivity / synchrony
PLV_Alpha_F2_FT8,0.0,Functional connectivity / synchrony
PLV_Alpha_F2_F8,0.0,Functional connectivity / synchrony
PLV_Alpha_F2_F6,0.0,Functional connectivity / synchrony
PLV_Alpha_F2_F4,0.0,Functional connectivity / synchrony
PLV_Alpha_Fz_O2,0.0,Functional connectivity / synchrony
PLV_Alpha_Fz_PO4,0.0,Functional connectivity / synchrony
PLV_Alpha_Fz_PO8,0.0,Functional connectivity / synchrony
PLV_Alpha_Fz_P10,0.0,Functional connectivity / synchrony
PLV_Alpha_Fz_P8,0.0,Functional connectivity / synchrony
PLV_Alpha_Fz_P6,0.0,Functional connectivity / synchrony
PLV_Alpha_Fz_P4,0.0,Functional connectivity / synchrony
PLV_Alpha_F2_FC4,0.0,Functional connectivity / synchrony
PLV_Alpha_FC4_T8,0.0,Functional connectivity / synchrony
PLV_Alpha_FC4_C6,0.0,Functional connectivity / synchrony
PLV_Alpha_FC4_C4,0.0,Functional connectivity / synchrony
PLV_Alpha_FC4_C2,0.0,Functional connectivity / synchrony
PLV_Alpha_FC4_Cz,0.0,Functional connectivity / synchrony
PLV_Alpha_FC4_FCz,0.0,Functional connectivity / synchrony
PLV_Theta_FC5_FC2,0.0,Functional connectivity / synchrony
PLV_Alpha_FC6_O2,0.0,Functional connectivity / synchrony
PLV_Alpha_FC6_PO4,0.0,Functional connectivity / synchrony
PLV_Alpha_FC6_PO8,0.0,Functional connectivity / synchrony
PLV_Alpha_FC6_P10,0.0,Functional connectivity / synchrony
PLV_Alpha_F6_P8,0.0,Functional connectivity / synchrony
PLV_Alpha_FC6_P6,0.0,Functional connectivity / synchrony
PLV_Alpha_FC6_P4,0.0,Functional connectivity / synchrony
PLV_Alpha_FC6_P2,0.0,Functional connectivity / synchrony
PLV_Alpha_FC6_CP2,0.0,Functional connectivity / synchrony
PLV_Alpha_FC6_CP4,0.0,Functional connectivity / synchrony
PLV_Alpha_FC6_CP6,0.0,Functional connectivity / synchrony
PLV_Alpha_FC6_TP8,0.0,Functional connectivity / synchrony
PLV_Alpha_FC6_T8,0.0,Functional connectivity / synchrony
PLV_Alpha_FC6_C6,0.0,Functional connectivity / synchrony
PLV_Alpha_FC6_C4,0.0,Functional connectivity / synchrony
PLV_Alpha_FC6_C2,0.0,Functional connectivity / synchrony
PLV_Alpha_FC6_Cz,0.0,Functional connectivity / synchrony
PLV_Alpha_FC6_P8,0.0,Functional connectivity / synchrony
PLV_Alpha_FC2_P6,0.0,Functional connectivity / synchrony
PLV_Alpha_FC2_P4,0.0,Functional connectivity / synchrony
PLV_Alpha_FC2_P2,0.0,Functional connectivity / synchrony
PLV_Alpha_FC2_CP2,0.0,Functional connectivity / synchrony
PLV_Alpha_FC2_CP4,0.0,Functional connectivity / synchrony
PLV_Alpha_FC2_CP6,0.0,Functional connectivity / synchrony
PLV_Alpha_FC2_TP8,0.0,Functional connectivity / synchrony
PLV_Alpha_FC2_T8,0.0,Functional connectivity / synchrony
PLV_Alpha_FC2_C6,0.0,Functional connectivity / synchrony
PLV_Alpha_FC2_C4,0.0,Functional connectivity / synchrony
PLV_Alpha_FC2_C2,0.0,Functional connectivity / synchrony
PLV_Alpha_FC4_TP8,0.0,Functional connectivity / synchrony
PLV_Alpha_FC2_FCz,0.0,Functional connectivity / synchrony
PLV_Alpha_FC4_O2,0.0,Functional connectivity / synchrony
PLV_Alpha_FC4_PO4,0.0,Functional connectivity / synchrony
PLV_Alpha_FC4_PO8,0.0,Functional connectivity / synchrony
PLV_Alpha_FC4_P10,0.0,Functional connectivity / synchrony
PLV_Alpha_FC4_P8,0.0,Functional connectivity / synchrony
PLV_Alpha_FC4_P6,0.0,Functional connectivity / synchrony
PLV_Alpha_FC4_P4,0.0,Functional connectivity / synchrony
PLV_Alpha_FC4_P2,0.0,Functional connectivity / synchrony
PLV_Alpha_FC4_CP2,0.0,Functional connectivity / synchrony
PLV_Alpha_FC4_CP4,0.0,Functional connectivity / synchrony
PLV_Alpha_FC4_CP6,0.0,Functional connectivity / synchrony
PLV_Alpha_FC2_Cz,0.0,Functional connectivity / synchrony
PLV_Alpha_F8_PO8,0.0,Functional connectivity / synchrony
PLV_Alpha_F8_P10,0.0,Functional connectivity / synchrony
PLV_Alpha_F8_P8,0.0,Functional connectivity / synchrony
PLV_Alpha_F8_P6,0.0,Functional connectivity / synchrony
PLV_Alpha_F8_P4,0.0,Functional connectivity / synchrony
PLV_Alpha_F8_P2,0.0,Functional connectivity / synchrony
PLV_Alpha_F8_CP2,0.0,Functional connectivity / synchrony
PLV_Alpha_F8_CP4,0.0,Functional connectivity / synchrony
PLV_Alpha_F8_CP6,0.0,Functional connectivity / synchrony
PLV_Alpha_F8_TP8,0.0,Functional connectivity / synchrony
PLV_Alpha_F8_T8,0.0,Functional connectivity / synchrony
PLV_Alpha_FC6_FCz,0.0,Functional connectivity / synchrony
PLV_Alpha_F8_C4,0.0,Functional connectivity / synchrony
PLV_Alpha_F8_C2,0.0,Functional connectivity / synchrony
PLV_Alpha_F8_Cz,0.0,Functional connectivity / synchrony
PLV_Alpha_F8_FCz,0.0,Functional connectivity / synchrony
PLV_Alpha_F8_FC2,0.0,Functional connectivity / synchrony
PLV_Alpha_F8_FC4,0.0,Functional connectivity / synchrony
PLV_Alpha_F8_FC6,0.0,Functional connectivity / synchrony
PLV_Alpha_F8_FT8,0.0,Functional connectivity / synchrony
PLV_Alpha_F6_O2,0.0,Functional connectivity / synchrony
PLV_Alpha_F6_PO4,0.0,Functional connectivity / synchrony
PLV_Alpha_F6_PO8,0.0,Functional connectivity / synchrony
PLV_Alpha_F6_P10,0.0,Functional connectivity / synchrony
PLV_Alpha_F8_C6,0.0,Functional connectivity / synchrony
PLV_Alpha_FC6_FC2,0.0,Functional connectivity / synchrony
PLV_Alpha_FC6_FC4,0.0,Functional connectivity / synchrony
PLV_Alpha_FT8_O2,0.0,Functional connectivity / synchrony
PLV_Alpha_FT8_PO4,0.0,Functional connectivity / synchrony
PLV_Alpha_FT8_PO8,0.0,Functional connectivity / synchrony
PLV_Alpha_FT8_P10,0.0,Functional connectivity / synchrony
PLV_Alpha_FT8_P8,0.0,Functional connectivity / synchrony
PLV_Alpha_FT8_P6,0.0,Functional connectivity / synchrony
PLV_Alpha_FT8_P4,0.0,Functional connectivity / synchrony
PLV_Alpha_FT8_P2,0.0,Functional connectivity / synchrony
PLV_Alpha_FT8_CP2,0.0,Functional connectivity / synchrony
PLV_Alpha_F8_PO4,0.0,Functional connectivity / synchrony
PLV_Alpha_FT8_CP6,0.0,Functional connectivity / synchrony
PLV_Alpha_FT8_TP8,0.0,Functional connectivity / synchrony
PLV_Alpha_FT8_T8,0.0,Functional connectivity / synchrony
PLV_Alpha_FT8_C6,0.0,Functional connectivity / synchrony
PLV_Alpha_FT8_C4,0.0,Functional connectivity / synchrony
PLV_Alpha_FT8_C2,0.0,Functional connectivity / synchrony
PLV_Alpha_FT8_Cz,0.0,Functional connectivity / synchrony
PLV_Alpha_FT8_FCz,0.0,Functional connectivity / synchrony
PLV_Alpha_FT8_FC2,0.0,Functional connectivity / synchrony
PLV_Alpha_FT8_FC4,0.0,Functional connectivity / synchrony
PLV_Alpha_FT8_FC6,0.0,Functional connectivity / synchrony
PLV_Alpha_F8_O2,0.0,Functional connectivity / synchrony
PLV_Alpha_FT8_CP4,0.0,Functional connectivity / synchrony
PLV_Alpha_Fpz_FC2,0.0,Functional connectivity / synchrony
PLV_Alpha_Fpz_FC4,0.0,Functional connectivity / synchrony
PLV_Alpha_Fpz_FC6,0.0,Functional connectivity / synchrony
PLV_Alpha_Fpz_FT8,0.0,Functional connectivity / synchrony
PLV_Alpha_Fpz_F8,0.0,Functional connectivity / synchrony
PLV_Alpha_Fpz_F6,0.0,Functional connectivity / synchrony
PLV_Alpha_Fpz_F4,0.0,Functional connectivity / synchrony
PLV_Alpha_Fpz_F2,0.0,Functional connectivity / synchrony
PLV_Alpha_Fpz_Fz,0.0,Functional connectivity / synchrony
PLV_Alpha_Fpz_AFz,0.0,Functional connectivity / synchrony
PLV_Alpha_Fpz_AF4,0.0,Functional connectivity / synchrony
PLV_Alpha_AFz_P4,0.0,Functional connectivity / synchrony
PLV_Alpha_Fpz_Fp2,0.0,Functional connectivity / synchrony
PLV_Alpha_CPz_O2,0.0,Functional connectivity / synchrony
PLV_Alpha_CPz_PO4,0.0,Functional connectivity / synchrony
PLV_Alpha_CPz_PO8,0.0,Functional connectivity / synchrony
PLV_Alpha_CPz_P10,0.0,Functional connectivity / synchrony
PLV_Alpha_CPz_P8,0.0,Functional connectivity / synchrony
PLV_Alpha_CPz_P6,0.0,Functional connectivity / synchrony
PLV_Alpha_CPz_P4,0.0,Functional connectivity / synchrony
PLV_Alpha_CPz_P2,0.0,Functional connectivity / synchrony
PLV_Alpha_CPz_CP2,0.0,Functional connectivity / synchrony
PLV_Alpha_CPz_CP4,0.0,Functional connectivity / synchrony
PLV_Alpha_CPz_CP6,0.0,Functional connectivity / synchrony
PLV_Alpha_Fpz_AF8,0.0,Functional connectivity / synchrony
PLV_Alpha_Fp2_F6,0.0,Functional connectivity / synchrony
PLV_Alpha_Fp2_F4,0.0,Functional connectivity / synchrony
PLV_Alpha_Fp2_F2,0.0,Functional connectivity / synchrony
PLV_Alpha_Fp2_Fz,0.0,Functional connectivity / synchrony
PLV_Alpha_Fp2_AFz,0.0,Functional connectivity / synchrony
PLV_Alpha_Fp2_AF4,0.0,Functional connectivity / synchrony
PLV_Alpha_Fp2_AF8,0.0,Functional connectivity / synchrony
PLV_Alpha_Fpz_O2,0.0,Functional connectivity / synchrony
PLV_Alpha_Fpz_PO4,0.0,Functional connectivity / synchrony
PLV_Alpha_Fpz_PO8,0.0,Functional connectivity / synchrony
PLV_Alpha_Fpz_P10,0.0,Functional connectivity / synchrony
PLV_Alpha_Fpz_FCz,0.0,Functional connectivity / synchrony
PLV_Alpha_Fpz_P6,0.0,Functional connectivity / synchrony
PLV_Alpha_Fpz_P4,0.0,Functional connectivity / synchrony
PLV_Alpha_Fpz_P2,0.0,Functional connectivity / synchrony
PLV_Alpha_Fpz_CP2,0.0,Functional connectivity / synchrony
PLV_Alpha_Fpz_CP4,0.0,Functional connectivity / synchrony
PLV_Alpha_Fpz_CP6,0.0,Functional connectivity / synchrony
PLV_Alpha_Fpz_TP8,0.0,Functional connectivity / synchrony
PLV_Alpha_Fpz_T8,0.0,Functional connectivity / synchrony
PLV_Alpha_Fpz_C6,0.0,Functional connectivity / synchrony
PLV_Alpha_Fpz_C4,0.0,Functional connectivity / synchrony
PLV_Alpha_Fpz_C2,0.0,Functional connectivity / synchrony
PLV_Alpha_Fpz_Cz,0.0,Functional connectivity / synchrony
PLV_Alpha_Fpz_P8,0.0,Functional connectivity / synchrony
PLV_Alpha_Pz_P6,0.0,Functional connectivity / synchrony
PLV_Alpha_Pz_P4,0.0,Functional connectivity / synchrony
PLV_Alpha_Pz_P2,0.0,Functional connectivity / synchrony
PLV_Alpha_Pz_CP2,0.0,Functional connectivity / synchrony
PLV_Alpha_Pz_CP4,0.0,Functional connectivity / synchrony
PLV_Alpha_Pz_CP6,0.0,Functional connectivity / synchrony
PLV_Alpha_Pz_TP8,0.0,Functional connectivity / synchrony
PLV_Alpha_Pz_T8,0.0,Functional connectivity / synchrony
PLV_Alpha_Pz_C6,0.0,Functional connectivity / synchrony
PLV_Alpha_Pz_C4,0.0,Functional connectivity / synchrony
PLV_Alpha_Pz_C2,0.0,Functional connectivity / synchrony
PLV_Alpha_CPz_TP8,0.0,Functional connectivity / synchrony
PLV_Alpha_Pz_FCz,0.0,Functional connectivity / synchrony
PLV_Alpha_Pz_FC2,0.0,Functional connectivity / synchrony
PLV_Alpha_Pz_FC4,0.0,Functional connectivity / synchrony
PLV_Alpha_Pz_FC6,0.0,Functional connectivity / synchrony
PLV_Alpha_Pz_FT8,0.0,Functional connectivity / synchrony
PLV_Alpha_Pz_F8,0.0,Functional connectivity / synchrony
PLV_Alpha_Pz_F6,0.0,Functional connectivity / synchrony
PLV_Alpha_Pz_F4,0.0,Functional connectivity / synchrony
PLV_Alpha_Pz_F2,0.0,Functional connectivity / synchrony
PLV_Alpha_Pz_Fz,0.0,Functional connectivity / synchrony
PLV_Alpha_Pz_AFz,0.0,Functional connectivity / synchrony
PLV_Alpha_Pz_AF4,0.0,Functional connectivity / synchrony
PLV_Alpha_Pz_Cz,0.0,Functional connectivity / synchrony
PLV_Alpha_CPz_T8,0.0,Functional connectivity / synchrony
PLV_Alpha_CPz_C6,0.0,Functional connectivity / synchrony
PLV_Alpha_CPz_C4,0.0,Functional connectivity / synchrony
PLV_Alpha_CPz_C2,0.0,Functional connectivity / synchrony
PLV_Alpha_CPz_Cz,0.0,Functional connectivity / synchrony
PLV_Alpha_CPz_FCz,0.0,Functional connectivity / synchrony
PLV_Alpha_CPz_FC2,0.0,Functional connectivity / synchrony
PLV_Alpha_CPz_FC4,0.0,Functional connectivity / synchrony
PLV_Alpha_CPz_FC6,0.0,Functional connectivity / synchrony
PLV_Alpha_CPz_FT8,0.0,Functional connectivity / synchrony
PLV_Alpha_CPz_F8,0.0,Functional connectivity / synchrony
PLV_Alpha_Pz_P8,0.0,Functional connectivity / synchrony
PLV_Alpha_CPz_F4,0.0,Functional connectivity / synchrony
PLV_Alpha_CPz_F2,0.0,Functional connectivity / synchrony
PLV_Alpha_CPz_Fz,0.0,Functional connectivity / synchrony
PLV_Alpha_CPz_AFz,0.0,Functional connectivity / synchrony
PLV_Alpha_CPz_AF4,0.0,Functional connectivity / synchrony
PLV_Alpha_CPz_AF8,0.0,Functional connectivity / synchrony
PLV_Alpha_CPz_Fp2,0.0,Functional connectivity / synchrony
PLV_Alpha_CPz_Fpz,0.0,Functional connectivity / synchrony
PLV_Alpha_Pz_O2,0.0,Functional connectivity / synchrony
PLV_Alpha_Pz_PO4,0.0,Functional connectivity / synchrony
PLV_Alpha_Pz_PO8,0.0,Functional connectivity / synchrony
PLV_Alpha_Pz_P10,0.0,Functional connectivity / synchrony
PLV_Alpha_CPz_F6,0.0,Functional connectivity / synchrony
PLV_Alpha_AF4_P6,0.0,Functional connectivity / synchrony
PLV_Alpha_AF4_P4,0.0,Functional connectivity / synchrony
PLV_Alpha_AF4_P2,0.0,Functional connectivity / synchrony
PLV_Alpha_AF4_CP2,0.0,Functional connectivity / synchrony
PLV_Alpha_AF4_CP4,0.0,Functional connectivity / synchrony
PLV_Alpha_AF4_CP6,0.0,Functional connectivity / synchrony
PLV_Alpha_AF4_TP8,0.0,Functional connectivity / synchrony
PLV_Alpha_AF4_T8,0.0,Functional connectivity / synchrony
PLV_Alpha_AF4_C6,0.0,Functional connectivity / synchrony
PLV_Alpha_AF4_C4,0.0,Functional connectivity / synchrony
PLV_Alpha_AF4_C2,0.0,Functional connectivity / synchrony
PLV_Alpha_Fp2_F8,0.0,Functional connectivity / synchrony
PLV_Alpha_AF4_FCz,0.0,Functional connectivity / synchrony
PLV_Alpha_AF4_FC2,0.0,Functional connectivity / synchrony
PLV_Alpha_AF4_FC4,0.0,Functional connectivity / synchrony
PLV_Alpha_AF4_FC6,0.0,Functional connectivity / synchrony
PLV_Alpha_AF4_FT8,0.0,Functional connectivity / synchrony
PLV_Alpha_AF4_F8,0.0,Functional connectivity / synchrony
PLV_Alpha_AF4_F6,0.0,Functional connectivity / synchrony
PLV_Alpha_AF4_F4,0.0,Functional connectivity / synchrony
PLV_Alpha_AF4_F2,0.0,Functional connectivity / synchrony
PLV_Alpha_AF4_Fz,0.0,Functional connectivity / synchrony
PLV_Alpha_AF4_AFz,0.0,Functional connectivity / synchrony
PLV_Alpha_AF8_O2,0.0,Functional connectivity / synchrony
PLV_Alpha_AF4_Cz,0.0,Functional connectivity / synchrony
PLV_Alpha_AFz_P2,0.0,Functional connectivity / synchrony
PLV_Alpha_AFz_CP2,0.0,Functional connectivity / synchrony
PLV_Alpha_AFz_CP4,0.0,Functional connectivity / synchrony
PLV_Alpha_AFz_CP6,0.0,Functional connectivity / synchrony
PLV_Alpha_AFz_TP8,0.0,Functional connectivity / synchrony
PLV_Alpha_AFz_T8,0.0,Functional connectivity / synchrony
PLV_Alpha_AFz_C6,0.0,Functional connectivity / synchrony
PLV_Alpha_AFz_C4,0.0,Functional connectivity / synchrony
PLV_Alpha_AFz_C2,0.0,Functional connectivity / synchrony
PLV_Alpha_AFz_Cz,0.0,Functional connectivity / synchrony
PLV_Alpha_AFz_FCz,0.0,Functional connectivity / synchrony
PLV_Alpha_AF4_P8,0.0,Functional connectivity / synchrony
PLV_Alpha_AFz_FC4,0.0,Functional connectivity / synchrony
PLV_Alpha_AFz_FC6,0.0,Functional connectivity / synchrony
PLV_Alpha_AFz_FT8,0.0,Functional connectivity / synchrony
PLV_Alpha_AFz_F8,0.0,Functional connectivity / synchrony
PLV_Alpha_AFz_F6,0.0,Functional connectivity / synchrony
PLV_Alpha_AFz_F4,0.0,Functional connectivity / synchrony
PLV_Alpha_AFz_F2,0.0,Functional connectivity / synchrony
PLV_Alpha_AFz_Fz,0.0,Functional connectivity / synchrony
PLV_Alpha_AF4_O2,0.0,Functional connectivity / synchrony
PLV_Alpha_AF4_PO4,0.0,Functional connectivity / synchrony
PLV_Alpha_AF4_PO8,0.0,Functional connectivity / synchrony
PLV_Alpha_AF4_P10,0.0,Functional connectivity / synchrony
PLV_Alpha_AFz_FC2,0.0,Functional connectivity / synchrony
PLV_Alpha_AF8_AFz,0.0,Functional connectivity / synchrony
PLV_Alpha_AF8_AF4,0.0,Functional connectivity / synchrony
PLV_Alpha_Fp2_O2,0.0,Functional connectivity / synchrony
PLV_Alpha_Fp2_PO4,0.0,Functional connectivity / synchrony
PLV_Alpha_Fp2_PO8,0.0,Functional connectivity / synchrony
PLV_Alpha_Fp2_P10,0.0,Functional connectivity / synchrony
PLV_Alpha_Fp2_P8,0.0,Functional connectivity / synchrony
PLV_Alpha_Fp2_P6,0.0,Functional connectivity / synchrony
PLV_Alpha_Fp2_P4,0.0,Functional connectivity / synchrony
PLV_Alpha_Fp2_P2,0.0,Functional connectivity / synchrony
PLV_Alpha_Fp2_CP2,0.0,Functional connectivity / synchrony
PLV_Alpha_AF8_PO4,0.0,Functional connectivity / synchrony
PLV_Alpha_Fp2_CP6,0.0,Functional connectivity / synchrony
PLV_Alpha_Fp2_TP8,0.0,Functional connectivity / synchrony
PLV_Alpha_Fp2_T8,0.0,Functional connectivity / synchrony
PLV_Alpha_Fp2_C6,0.0,Functional connectivity / synchrony
PLV_Alpha_Fp2_C4,0.0,Functional connectivity / synchrony
PLV_Alpha_Fp2_C2,0.0,Functional connectivity / synchrony
PLV_Alpha_Fp2_Cz,0.0,Functional connectivity / synchrony
PLV_Alpha_Fp2_FCz,0.0,Functional connectivity / synchrony
PLV_Alpha_Fp2_FC2,0.0,Functional connectivity / synchrony
PLV_Alpha_Fp2_FC4,0.0,Functional connectivity / synchrony
PLV_Alpha_Fp2_FC6,0.0,Functional connectivity / synchrony
PLV_Alpha_Fp2_FT8,0.0,Functional connectivity / synchrony
PLV_Alpha_Fp2_CP4,0.0,Functional connectivity / synchrony
PLV_Alpha_AF8_PO8,0.0,Functional connectivity / synchrony
PLV_Alpha_AF8_P10,0.0,Functional connectivity / synchrony
PLV_Alpha_AF8_P8,0.0,Functional connectivity / synchrony
PLV_Alpha_AF8_P6,0.0,Functional connectivity / synchrony
PLV_Alpha_AF8_P4,0.0,Functional connectivity / synchrony
PLV_Alpha_AF8_P2,0.0,Functional connectivity / synchrony
PLV_Alpha_AF8_CP2,0.0,Functional connectivity / synchrony
PLV_Alpha_AF8_CP4,0.0,Functional connectivity / synchrony
PLV_Alpha_AF8_CP6,0.0,Functional connectivity / synchrony
PLV_Alpha_AF8_TP8,0.0,Functional connectivity / synchrony
PLV_Alpha_AF8_T8,0.0,Functional connectivity / synchrony
PLV_Alpha_AF8_Fz,0.0,Functional connectivity / synchrony
PLV_Alpha_AF8_C4,0.0,Functional connectivity / synchrony
PLV_Alpha_AF8_C2,0.0,Functional connectivity / synchrony
PLV_Alpha_AF8_Cz,0.0,Functional connectivity / synchrony
PLV_Alpha_AF8_FCz,0.0,Functional connectivity / synchrony
PLV_Alpha_AF8_FC2,0.0,Functional connectivity / synchrony
PLV_Alpha_AF8_FC4,0.0,Functional connectivity / synchrony
PLV_Alpha_AF8_FC6,0.0,Functional connectivity / synchrony
PLV_Alpha_AF8_FT8,0.0,Functional connectivity / synchrony
PLV_Alpha_AF8_F8,0.0,Functional connectivity / synchrony
PLV_Alpha_AF8_F6,0.0,Functional connectivity / synchrony
PLV_Alpha_AF8_F4,0.0,Functional connectivity / synchrony
PLV_Alpha_AF8_F2,0.0,Functional connectivity / synchrony
PLV_Alpha_AF8_C6,0.0,Functional connectivity / synchrony
PLV_Theta_Fpz_AF8,0.0,Functional connectivity / synchrony
PLV_Theta_Fpz_Fp2,0.0,Functional connectivity / synchrony
PLV_Theta_CPz_O2,0.0,Functional connectivity / synchrony
PLV_Theta_CPz_PO4,0.0,Functional connectivity / synchrony
PLV_Theta_CPz_PO8,0.0,Functional connectivity / synchrony
PLV_Theta_CPz_P10,0.0,Functional connectivity / synchrony
PLV_Theta_CPz_P8,0.0,Functional connectivity / synchrony
PLV_Theta_CPz_P6,0.0,Functional connectivity / synchrony
PLV_Theta_CPz_P4,0.0,Functional connectivity / synchrony
PLV_Theta_CPz_P2,0.0,Functional connectivity / synchrony
PLV_Theta_FC3_PO8,0.0,Functional connectivity / synchrony
PLV_Theta_CPz_CP4,0.0,Functional connectivity / synchrony
PLV_Theta_CPz_CP6,0.0,Functional connectivity / synchrony
PLV_Theta_CPz_TP8,0.0,Functional connectivity / synchrony
PLV_Theta_CPz_T8,0.0,Functional connectivity / synchrony
PLV_Theta_CPz_C6,0.0,Functional connectivity / synchrony
PLV_Theta_CPz_C4,0.0,Functional connectivity / synchrony
PLV_Theta_CPz_C2,0.0,Functional connectivity / synchrony
PLV_Theta_CPz_Cz,0.0,Functional connectivity / synchrony
PLV_Theta_CPz_FCz,0.0,Functional connectivity / synchrony
PLV_Theta_CPz_FC2,0.0,Functional connectivity / synchrony
PLV_Theta_CPz_FC4,0.0,Functional connectivity / synchrony
PLV_Theta_CPz_CP2,0.0,Functional connectivity / synchrony
PLV_Theta_Fpz_P4,0.0,Functional connectivity / synchrony
PLV_Theta_Fpz_P2,0.0,Functional connectivity / synchrony
PLV_Theta_Fpz_CP2,0.0,Functional connectivity / synchrony
PLV_Theta_Fpz_CP4,0.0,Functional connectivity / synchrony
PLV_Theta_Fpz_CP6,0.0,Functional connectivity / synchrony
PLV_Theta_Fpz_TP8,0.0,Functional connectivity / synchrony
PLV_Theta_Fpz_T8,0.0,Functional connectivity / synchrony
PLV_Theta_Fpz_C6,0.0,Functional connectivity / synchrony
PLV_Theta_Fpz_C4,0.0,Functional connectivity / synchrony
PLV_Theta_Fpz_C2,0.0,Functional connectivity / synchrony
PLV_Theta_Fpz_AF4,0.0,Functional connectivity / synchrony
PLV_Theta_Fpz_FCz,0.0,Functional connectivity / synchrony
PLV_Theta_Fpz_FC2,0.0,Functional connectivity / synchrony
PLV_Theta_Fpz_FC4,0.0,Functional connectivity / synchrony
PLV_Theta_Fpz_FC6,0.0,Functional connectivity / synchrony
PLV_Theta_Fpz_FT8,0.0,Functional connectivity / synchrony
PLV_Theta_Fpz_F8,0.0,Functional connectivity / synchrony
PLV_Theta_Fpz_F6,0.0,Functional connectivity / synchrony
PLV_Theta_Fpz_F4,0.0,Functional connectivity / synchrony
PLV_Theta_Fpz_F2,0.0,Functional connectivity / synchrony
PLV_Theta_Fpz_Fz,0.0,Functional connectivity / synchrony
PLV_Theta_Fpz_AFz,0.0,Functional connectivity / synchrony
PLV_Theta_Fpz_Cz,0.0,Functional connectivity / synchrony
PLV_Theta_Pz_C6,0.0,Functional connectivity / synchrony
PLV_Theta_Pz_C4,0.0,Functional connectivity / synchrony
PLV_Theta_Pz_C2,0.0,Functional connectivity / synchrony
PLV_Theta_Pz_Cz,0.0,Functional connectivity / synchrony
PLV_Theta_Pz_FCz,0.0,Functional connectivity / synchrony
PLV_Theta_Pz_FC2,0.0,Functional connectivity / synchrony
PLV_Theta_Pz_FC4,0.0,Functional connectivity / synchrony
PLV_Theta_Pz_FC6,0.0,Functional connectivity / synchrony
PLV_Theta_Pz_FT8,0.0,Functional connectivity / synchrony
PLV_Theta_Pz_F8,0.0,Functional connectivity / synchrony
PLV_Theta_CPz_FC6,0.0,Functional connectivity / synchrony
PLV_Theta_Pz_F4,0.0,Functional connectivity / synchrony
PLV_Theta_Pz_F2,0.0,Functional connectivity / synchrony
PLV_Theta_Pz_Fz,0.0,Functional connectivity / synchrony
PLV_Theta_Pz_AFz,0.0,Functional connectivity / synchrony
PLV_Theta_Pz_AF4,0.0,Functional connectivity / synchrony
PLV_Theta_Pz_AF8,0.0,Functional connectivity / synchrony
PLV_Theta_Pz_Fp2,0.0,Functional connectivity / synchrony
PLV_Theta_Pz_Fpz,0.0,Functional connectivity / synchrony
PLV_Theta_Pz_CPz,0.0,Functional connectivity / synchrony
PLV_Theta_POz_O2,0.0,Functional connectivity / synchrony
PLV_Theta_POz_PO4,0.0,Functional connectivity / synchrony
PLV_Theta_Pz_F6,0.0,Functional connectivity / synchrony
PLV_Theta_CPz_FT8,0.0,Functional connectivity / synchrony
PLV_Theta_CPz_F8,0.0,Functional connectivity / synchrony
PLV_Theta_CPz_F6,0.0,Functional connectivity / synchrony
PLV_Theta_CPz_F4,0.0,Functional connectivity / synchrony
PLV_Theta_CPz_F2,0.0,Functional connectivity / synchrony
PLV_Theta_CPz_Fz,0.0,Functional connectivity / synchrony
PLV_Theta_CPz_AFz,0.0,Functional connectivity / synchrony
PLV_Theta_CPz_AF4,0.0,Functional connectivity / synchrony
PLV_Theta_CPz_AF8,0.0,Functional connectivity / synchrony
PLV_Theta_CPz_Fp2,0.0,Functional connectivity / synchrony
PLV_Theta_CPz_Fpz,0.0,Functional connectivity / synchrony
PLV_Theta_Pz_T8,0.0,Functional connectivity / synchrony
PLV_Theta_Pz_PO4,0.0,Functional connectivity / synchrony
PLV_Theta_Pz_PO8,0.0,Functional connectivity / synchrony
PLV_Theta_Pz_P10,0.0,Functional connectivity / synchrony
PLV_Theta_Pz_P8,0.0,Functional connectivity / synchrony
PLV_Theta_Pz_P6,0.0,Functional connectivity / synchrony
PLV_Theta_Pz_P4,0.0,Functional connectivity / synchrony
PLV_Theta_Pz_P2,0.0,Functional connectivity / synchrony
PLV_Theta_Pz_CP2,0.0,Functional connectivity / synchrony
PLV_Theta_Pz_CP4,0.0,Functional connectivity / synchrony
PLV_Theta_Pz_CP6,0.0,Functional connectivity / synchrony
PLV_Theta_Pz_TP8,0.0,Functional connectivity / synchrony
PLV_Theta_Pz_O2,0.0,Functional connectivity / synchrony
PLV_Theta_AF4_F6,0.0,Functional connectivity / synchrony
PLV_Theta_AF4_F4,0.0,Functional connectivity / synchrony
PLV_Theta_AF4_F2,0.0,Functional connectivity / synchrony
PLV_Theta_AF4_Fz,0.0,Functional connectivity / synchrony
PLV_Theta_AF4_AFz,0.0,Functional connectivity / synchrony
PLV_Theta_AF8_O2,0.0,Functional connectivity / synchrony
PLV_Theta_AF8_PO4,0.0,Functional connectivity / synchrony
PLV_Theta_AF8_PO8,0.0,Functional connectivity / synchrony
PLV_Theta_AF8_P10,0.0,Functional connectivity / synchrony
PLV_Theta_AF8_P8,0.0,Functional connectivity / synchrony
PLV_Theta_Fpz_P6,0.0,Functional connectivity / synchrony
PLV_Theta_AF8_P4,0.0,Functional connectivity / synchrony
PLV_Theta_AF8_P2,0.0,Functional connectivity / synchrony
PLV_Theta_AF8_CP2,0.0,Functional connectivity / synchrony
PLV_Theta_AF8_CP4,0.0,Functional connectivity / synchrony
PLV_Theta_AF8_CP6,0.0,Functional connectivity / synchrony
PLV_Theta_AF8_TP8,0.0,Functional connectivity / synchrony
PLV_Theta_AF8_T8,0.0,Functional connectivity / synchrony
PLV_Theta_AF8_C6,0.0,Functional connectivity / synchrony
PLV_Theta_AF8_C4,0.0,Functional connectivity / synchrony
PLV_Theta_AF8_C2,0.0,Functional connectivity / synchrony
PLV_Theta_AF8_Cz,0.0,Functional connectivity / synchrony
PLV_Theta_AF8_P6,0.0,Functional connectivity / synchrony
PLV_Theta_AFz_Fz,0.0,Functional connectivity / synchrony
PLV_Theta_AF4_O2,0.0,Functional connectivity / synchrony
PLV_Theta_AF4_PO4,0.0,Functional connectivity / synchrony
PLV_Theta_AF4_PO8,0.0,Functional connectivity / synchrony
PLV_Theta_AF4_P10,0.0,Functional connectivity / synchrony
PLV_Theta_AF4_P8,0.0,Functional connectivity / synchrony
PLV_Theta_AF4_P6,0.0,Functional connectivity / synchrony
PLV_Theta_AF4_P4,0.0,Functional connectivity / synchrony
PLV_Theta_AF4_P2,0.0,Functional connectivity / synchrony
PLV_Theta_AF4_CP2,0.0,Functional connectivity / synchrony
PLV_Theta_AF4_CP4,0.0,Functional connectivity / synchrony
PLV_Theta_AF4_F8,0.0,Functional connectivity / synchrony
PLV_Theta_AF4_TP8,0.0,Functional connectivity / synchrony
PLV_Theta_AF4_T8,0.0,Functional connectivity / synchrony
PLV_Theta_AF4_C6,0.0,Functional connectivity / synchrony
PLV_Theta_AF4_C4,0.0,Functional connectivity / synchrony
PLV_Theta_AF4_C2,0.0,Functional connectivity / synchrony
PLV_Theta_AF4_Cz,0.0,Functional connectivity / synchrony
PLV_Theta_AF4_FCz,0.0,Functional connectivity / synchrony
PLV_Theta_AF4_FC2,0.0,Functional connectivity / synchrony
PLV_Theta_AF4_FC4,0.0,Functional connectivity / synchrony
PLV_Theta_AF4_FC6,0.0,Functional connectivity / synchrony
PLV_Theta_AF4_FT8,0.0,Functional connectivity / synchrony
PLV_Theta_AF4_CP6,0.0,Functional connectivity / synchrony
PLV_Theta_Fp2_C6,0.0,Functional connectivity / synchrony
PLV_Theta_Fp2_C4,0.0,Functional connectivity / synchrony
PLV_Theta_Fp2_C2,0.0,Functional connectivity / synchrony
PLV_Theta_Fp2_Cz,0.0,Functional connectivity / synchrony
PLV_Theta_Fp2_FCz,0.0,Functional connectivity / synchrony
PLV_Theta_Fp2_FC2,0.0,Functional connectivity / synchrony
PLV_Theta_Fp2_FC4,0.0,Functional connectivity / synchrony
PLV_Theta_Fp2_FC6,0.0,Functional connectivity / synchrony
PLV_Theta_Fp2_FT8,0.0,Functional connectivity / synchrony
PLV_Theta_Fp2_F8,0.0,Functional connectivity / synchrony
PLV_Theta_AF8_FCz,0.0,Functional connectivity / synchrony
PLV_Theta_Fp2_F4,0.0,Functional connectivity / synchrony
PLV_Theta_Fp2_F2,0.0,Functional connectivity / synchrony
PLV_Theta_Fp2_Fz,0.0,Functional connectivity / synchrony
PLV_Theta_Fp2_AFz,0.0,Functional connectivity / synchrony
PLV_Theta_Fp2_AF4,0.0,Functional connectivity / synchrony
PLV_Theta_Fp2_AF8,0.0,Functional connectivity / synchrony
PLV_Theta_Fpz_O2,0.0,Functional connectivity / synchrony
PLV_Theta_Fpz_PO4,0.0,Functional connectivity / synchrony
PLV_Theta_Fpz_PO8,0.0,Functional connectivity / synchrony
PLV_Theta_Fpz_P10,0.0,Functional connectivity / synchrony
PLV_Theta_Fpz_P8,0.0,Functional connectivity / synchrony
PLV_Theta_Fp2_F6,0.0,Functional connectivity / synchrony
PLV_Theta_AF8_FC2,0.0,Functional connectivity / synchrony
PLV_Theta_AF8_FC4,0.0,Functional connectivity / synchrony
PLV_Theta_AF8_FC6,0.0,Functional connectivity / synchrony
PLV_Theta_AF8_FT8,0.0,Functional connectivity / synchrony
PLV_Theta_AF8_F8,0.0,Functional connectivity / synchrony
PLV_Theta_AF8_F6,0.0,Functional connectivity / synchrony
PLV_Theta_AF8_F4,0.0,Functional connectivity / synchrony
PLV_Theta_AF8_F2,0.0,Functional connectivity / synchrony
PLV_Theta_AF8_Fz,0.0,Functional connectivity / synchrony
PLV_Theta_AF8_AFz,0.0,Functional connectivity / synchrony
PLV_Theta_AF8_AF4,0.0,Functional connectivity / synchrony
PLV_Theta_Fp2_T8,0.0,Functional connectivity / synchrony
PLV_Theta_Fp2_PO4,0.0,Functional connectivity / synchrony
PLV_Theta_Fp2_PO8,0.0,Functional connectivity / synchrony
PLV_Theta_Fp2_P10,0.0,Functional connectivity / synchrony
PLV_Theta_Fp2_P8,0.0,Functional connectivity / synchrony
PLV_Theta_Fp2_P6,0.0,Functional connectivity / synchrony
PLV_Theta_Fp2_P4,0.0,Functional connectivity / synchrony
PLV_Theta_Fp2_P2,0.0,Functional connectivity / synchrony
PLV_Theta_Fp2_CP2,0.0,Functional connectivity / synchrony
PLV_Theta_Fp2_CP4,0.0,Functional connectivity / synchrony
PLV_Theta_Fp2_CP6,0.0,Functional connectivity / synchrony
PLV_Theta_Fp2_TP8,0.0,Functional connectivity / synchrony
PLV_Theta_Fp2_O2,0.0,Functional connectivity / synchrony
PLV_Theta_O1_Cz,0.0,Functional connectivity / synchrony
PLV_Theta_O1_FCz,0.0,Functional connectivity / synchrony
PLV_Theta_O1_FC2,0.0,Functional connectivity / synchrony
PLV_Theta_O1_FC4,0.0,Functional connectivity / synchrony
PLV_Theta_O1_FC6,0.0,Functional connectivity / synchrony
PLV_Theta_O1_FT8,0.0,Functional connectivity / synchrony
PLV_Theta_O1_F8,0.0,Functional connectivity / synchrony
PLV_Theta_O1_F6,0.0,Functional connectivity / synchrony
PLV_Theta_O1_F4,0.0,Functional connectivity / synchrony
PLV_Theta_O1_F2,0.0,Functional connectivity / synchrony
PLV_Theta_POz_PO8,0.0,Functional connectivity / synchrony
PLV_Theta_O1_AFz,0.0,Functional connectivity / synchrony
PLV_Theta_O1_AF4,0.0,Functional connectivity / synchrony
PLV_Theta_O1_AF8,0.0,Functional connectivity / synchrony
PLV_Theta_O1_Fp2,0.0,Functional connectivity / synchrony
PLV_Theta_O1_Fpz,0.0,Functional connectivity / synchrony
PLV_Theta_O1_CPz,0.0,Functional connectivity / synchrony
PLV_Theta_O1_Pz,0.0,Functional connectivity / synchrony
PLV_Theta_O1_POz,0.0,Functional connectivity / synchrony
PLV_Theta_O1_Oz,0.0,Functional connectivity / synchrony
PLV_Theta_O1_Iz,0.0,Functional connectivity / synchrony
PLV_Theta_PO3_O2,0.0,Functional connectivity / synchrony
PLV_Theta_O1_Fz,0.0,Functional connectivity / synchrony
PLV_Theta_Iz_AF4,0.0,Functional connectivity / synchrony
PLV_Theta_Iz_AF8,0.0,Functional connectivity / synchrony
PLV_Theta_Iz_Fp2,0.0,Functional connectivity / synchrony
PLV_Theta_Iz_Fpz,0.0,Functional connectivity / synchrony
PLV_Theta_Iz_CPz,0.0,Functional connectivity / synchrony
PLV_Theta_Iz_Pz,0.0,Functional connectivity / synchrony
PLV_Theta_Iz_POz,0.0,Functional connectivity / synchrony
PLV_Theta_Iz_Oz,0.0,Functional connectivity / synchrony
PLV_Theta_O1_O2,0.0,Functional connectivity / synchrony
PLV_Theta_O1_PO4,0.0,Functional connectivity / synchrony
PLV_Theta_O1_PO8,0.0,Functional connectivity / synchrony
PLV_Theta_O1_C2,0.0,Functional connectivity / synchrony
PLV_Theta_O1_P8,0.0,Functional connectivity / synchrony
PLV_Theta_O1_P6,0.0,Functional connectivity / synchrony
PLV_Theta_O1_P4,0.0,Functional connectivity / synchrony
PLV_Theta_O1_P2,0.0,Functional connectivity / synchrony
PLV_Theta_O1_CP2,0.0,Functional connectivity / synchrony
PLV_Theta_O1_CP4,0.0,Functional connectivity / synchrony
PLV_Theta_O1_CP6,0.0,Functional connectivity / synchrony
PLV_Theta_O1_TP8,0.0,Functional connectivity / synchrony
PLV_Theta_O1_T8,0.0,Functional connectivity / synchrony
PLV_Theta_O1_C6,0.0,Functional connectivity / synchrony
PLV_Theta_O1_C4,0.0,Functional connectivity / synchrony
PLV_Theta_O1_P10,0.0,Functional connectivity / synchrony
PLV_Theta_PO3_Fz,0.0,Functional connectivity / synchrony
PLV_Theta_PO3_AFz,0.0,Functional connectivity / synchrony
PLV_Theta_PO3_AF4,0.0,Functional connectivity / synchrony
PLV_Theta_PO3_AF8,0.0,Functional connectivity / synchrony
PLV_Theta_PO3_Fp2,0.0,Functional connectivity / synchrony
PLV_Theta_PO3_Fpz,0.0,Functional connectivity / synchrony
PLV_Theta_PO3_CPz,0.0,Functional connectivity / synchrony
PLV_Theta_PO3_Pz,0.0,Functional connectivity / synchrony
PLV_Theta_PO3_POz,0.0,Functional connectivity / synchrony
PLV_Theta_PO3_Oz,0.0,Functional connectivity / synchrony
PLV_Theta_PO3_PO4,0.0,Functional connectivity / synchrony
PLV_Theta_PO3_O1,0.0,Functional connectivity / synchrony
PLV_Theta_PO7_O2,0.0,Functional connectivity / synchrony
PLV_Theta_PO7_PO4,0.0,Functional connectivity / synchrony
PLV_Theta_PO7_PO8,0.0,Functional connectivity / synchrony
PLV_Theta_PO7_P10,0.0,Functional connectivity / synchrony
PLV_Theta_PO7_P8,0.0,Functional connectivity / synchrony
PLV_Theta_PO7_P6,0.0,Functional connectivity / synchrony
PLV_Theta_PO7_P4,0.0,Functional connectivity / synchrony
PLV_Theta_PO7_P2,0.0,Functional connectivity / synchrony
PLV_Theta_PO7_CP2,0.0,Functional connectivity / synchrony
PLV_Theta_PO7_CP4,0.0,Functional connectivity / synchrony
PLV_Theta_PO3_Iz,0.0,Functional connectivity / synchrony
PLV_Theta_PO3_PO8,0.0,Functional connectivity / synchrony
PLV_Theta_PO3_P10,0.0,Functional connectivity / synchrony
PLV_Theta_PO3_P8,0.0,Functional connectivity / synchrony
PLV_Theta_PO3_P6,0.0,Functional connectivity / synchrony
PLV_Theta_PO3_P4,0.0,Functional connectivity / synchrony
PLV_Theta_PO3_P2,0.0,Functional connectivity / synchrony
PLV_Theta_PO3_CP2,0.0,Functional connectivity / synchrony
PLV_Theta_PO3_CP4,0.0,Functional connectivity / synchrony
PLV_Theta_PO3_CP6,0.0,Functional connectivity / synchrony
PLV_Theta_PO3_TP8,0.0,Functional connectivity / synchrony
PLV_Theta_PO3_T8,0.0,Functional connectivity / synchrony
PLV_Theta_PO3_F2,0.0,Functional connectivity / synchrony
PLV_Theta_PO3_C4,0.0,Functional connectivity / synchrony
PLV_Theta_PO3_C2,0.0,Functional connectivity / synchrony
PLV_Theta_PO3_Cz,0.0,Functional connectivity / synchrony
PLV_Theta_PO3_FCz,0.0,Functional connectivity / synchrony
PLV_Theta_PO3_FC2,0.0,Functional connectivity / synchrony
PLV_Theta_PO3_FC4,0.0,Functional connectivity / synchrony
PLV_Theta_PO3_FC6,0.0,Functional connectivity / synchrony
PLV_Theta_PO3_FT8,0.0,Functional connectivity / synchrony
PLV_Theta_PO3_F8,0.0,Functional connectivity / synchrony
PLV_Theta_PO3_F6,0.0,Functional connectivity / synchrony
PLV_Theta_PO3_F4,0.0,Functional connectivity / synchrony
PLV_Theta_PO3_C6,0.0,Functional connectivity / synchrony
PLV_Theta_POz_AFz,0.0,Functional connectivity / synchrony
PLV_Theta_POz_AF4,0.0,Functional connectivity / synchrony
PLV_Theta_POz_AF8,0.0,Functional connectivity / synchrony
PLV_Theta_POz_Fp2,0.0,Functional connectivity / synchrony
PLV_Theta_POz_Fpz,0.0,Functional connectivity / synchrony
PLV_Theta_POz_CPz,0.0,Functional connectivity / synchrony
PLV_Theta_POz_Pz,0.0,Functional connectivity / synchrony
PLV_Theta_Oz_O2,0.0,Functional connectivity / synchrony
PLV_Theta_Oz_PO4,0.0,Functional connectivity / synchrony
PLV_Theta_Oz_PO8,0.0,Functional connectivity / synchrony
PLV_Theta_Iz_AFz,0.0,Functional connectivity / synchrony
PLV_Theta_Oz_P8,0.0,Functional connectivity / synchrony
PLV_Theta_Oz_P6,0.0,Functional connectivity / synchrony
PLV_Theta_Oz_P4,0.0,Functional connectivity / synchrony
PLV_Theta_Oz_P2,0.0,Functional connectivity / synchrony
PLV_Theta_Oz_CP2,0.0,Functional connectivity / synchrony
PLV_Theta_Oz_CP4,0.0,Functional connectivity / synchrony
PLV_Theta_Oz_CP6,0.0,Functional connectivity / synchrony
PLV_Theta_Oz_TP8,0.0,Functional connectivity / synchrony
PLV_Theta_Oz_T8,0.0,Functional connectivity / synchrony
PLV_Theta_Oz_C6,0.0,Functional connectivity / synchrony
PLV_Theta_Oz_C4,0.0,Functional connectivity / synchrony
PLV_Theta_Oz_P10,0.0,Functional connectivity / synchrony
PLV_Theta_POz_P10,0.0,Functional connectivity / synchrony
PLV_Theta_POz_P8,0.0,Functional connectivity / synchrony
PLV_Theta_POz_P6,0.0,Functional connectivity / synchrony
PLV_Theta_POz_P4,0.0,Functional connectivity / synchrony
PLV_Theta_POz_P2,0.0,Functional connectivity / synchrony
PLV_Theta_POz_CP2,0.0,Functional connectivity / synchrony
PLV_Theta_POz_CP4,0.0,Functional connectivity / synchrony
PLV_Theta_POz_CP6,0.0,Functional connectivity / synchrony
PLV_Theta_POz_TP8,0.0,Functional connectivity / synchrony
PLV_Theta_POz_T8,0.0,Functional connectivity / synchrony
PLV_Theta_POz_C6,0.0,Functional connectivity / synchrony
PLV_Theta_POz_Fz,0.0,Functional connectivity / synchrony
PLV_Theta_POz_C2,0.0,Functional connectivity / synchrony
PLV_Theta_POz_Cz,0.0,Functional connectivity / synchrony
PLV_Theta_POz_FCz,0.0,Functional connectivity / synchrony
PLV_Theta_POz_FC2,0.0,Functional connectivity / synchrony
PLV_Theta_POz_FC4,0.0,Functional connectivity / synchrony
PLV_Theta_POz_FC6,0.0,Functional connectivity / synchrony
PLV_Theta_POz_FT8,0.0,Functional connectivity / synchrony
PLV_Theta_POz_F8,0.0,Functional connectivity / synchrony
PLV_Theta_POz_F6,0.0,Functional connectivity / synchrony
PLV_Theta_POz_F4,0.0,Functional connectivity / synchrony
PLV_Theta_POz_F2,0.0,Functional connectivity / synchrony
PLV_Theta_POz_C4,0.0,Functional connectivity / synchrony
PLV_Theta_Iz_P6,0.0,Functional connectivity / synchrony
PLV_Theta_Iz_P4,0.0,Functional connectivity / synchrony
PLV_Theta_Iz_P2,0.0,Functional connectivity / synchrony
PLV_Theta_Iz_CP2,0.0,Functional connectivity / synchrony
PLV_Theta_Iz_CP4,0.0,Functional connectivity / synchrony
PLV_Theta_Iz_CP6,0.0,Functional connectivity / synchrony
PLV_Theta_Iz_TP8,0.0,Functional connectivity / synchrony
PLV_Theta_Iz_T8,0.0,Functional connectivity / synchrony
PLV_Theta_Iz_C6,0.0,Functional connectivity / synchrony
PLV_Theta_Iz_C4,0.0,Functional connectivity / synchrony
PLV_Theta_Oz_C2,0.0,Functional connectivity / synchrony
PLV_Theta_Iz_Cz,0.0,Functional connectivity / synchrony
PLV_Theta_Iz_FCz,0.0,Functional connectivity / synchrony
PLV_Theta_Iz_FC2,0.0,Functional connectivity / synchrony
PLV_Theta_Iz_FC4,0.0,Functional connectivity / synchrony
PLV_Theta_Iz_FC6,0.0,Functional connectivity / synchrony
PLV_Theta_Iz_FT8,0.0,Functional connectivity / synchrony
PLV_Theta_Iz_F8,0.0,Functional connectivity / synchrony
PLV_Theta_Iz_F6,0.0,Functional connectivity / synchrony
PLV_Theta_Iz_F4,0.0,Functional connectivity / synchrony
PLV_Theta_Iz_F2,0.0,Functional connectivity / synchrony
PLV_Theta_Iz_Fz,0.0,Functional connectivity / synchrony
PLV_Theta_Iz_C2,0.0,Functional connectivity / synchrony
PLV_Theta_Oz_Cz,0.0,Functional connectivity / synchrony
PLV_Theta_Oz_FCz,0.0,Functional connectivity / synchrony
PLV_Theta_Oz_FC2,0.0,Functional connectivity / synchrony
PLV_Theta_Oz_FC4,0.0,Functional connectivity / synchrony
PLV_Theta_Oz_FC6,0.0,Functional connectivity / synchrony
PLV_Theta_Oz_FT8,0.0,Functional connectivity / synchrony
PLV_Theta_Oz_F8,0.0,Functional connectivity / synchrony
PLV_Theta_Oz_F6,0.0,Functional connectivity / synchrony
PLV_Theta_Oz_F4,0.0,Functional connectivity / synchrony
PLV_Theta_Oz_F2,0.0,Functional connectivity / synchrony
PLV_Theta_Oz_Fz,0.0,Functional connectivity / synchrony
PLV_Theta_Iz_P8,0.0,Functional connectivity / synchrony
PLV_Theta_Oz_AF4,0.0,Functional connectivity / synchrony
PLV_Theta_Oz_AF8,0.0,Functional connectivity / synchrony
PLV_Theta_Oz_Fp2,0.0,Functional connectivity / synchrony
PLV_Theta_Oz_Fpz,0.0,Functional connectivity / synchrony
PLV_Theta_Oz_CPz,0.0,Functional connectivity / synchrony
PLV_Theta_Oz_Pz,0.0,Functional connectivity / synchrony
PLV_Theta_Oz_POz,0.0,Functional connectivity / synchrony
PLV_Theta_Iz_O2,0.0,Functional connectivity / synchrony
PLV_Theta_Iz_PO4,0.0,Functional connectivity / synchrony
PLV_Theta_Iz_PO8,0.0,Functional connectivity / synchrony
PLV_Theta_Iz_P10,0.0,Functional connectivity / synchrony
PLV_Theta_Oz_AFz,0.0,Functional connectivity / synchrony
PLV_Theta_C2_C4,0.0,Functional connectivity / synchrony
PLV_Theta_Cz_O2,0.0,Functional connectivity / synchrony
PLV_Theta_Cz_PO4,0.0,Functional connectivity / synchrony
PLV_Theta_Cz_PO8,0.0,Functional connectivity / synchrony
PLV_Theta_Cz_P10,0.0,Functional connectivity / synchrony
PLV_Theta_Cz_P8,0.0,Functional connectivity / synchrony
PLV_Theta_Cz_P6,0.0,Functional connectivity / synchrony
PLV_Theta_Cz_P4,0.0,Functional connectivity / synchrony
PLV_Theta_Cz_P2,0.0,Functional connectivity / synchrony
PLV_Theta_Cz_CP2,0.0,Functional connectivity / synchrony
PLV_Theta_AFz_F2,0.0,Functional connectivity / synchrony
PLV_Theta_Cz_CP6,0.0,Functional connectivity / synchrony
PLV_Theta_Cz_TP8,0.0,Functional connectivity / synchrony
PLV_Theta_Cz_T8,0.0,Functional connectivity / synchrony
PLV_Theta_Cz_C6,0.0,Functional connectivity / synchrony
PLV_Theta_Cz_C4,0.0,Functional connectivity / synchrony
PLV_Theta_Cz_C2,0.0,Functional connectivity / synchrony
PLV_Theta_FCz_O2,0.0,Functional connectivity / synchrony
PLV_Theta_FCz_PO4,0.0,Functional connectivity / synchrony
PLV_Theta_FCz_PO8,0.0,Functional connectivity / synchrony
PLV_Theta_FCz_P10,0.0,Functional connectivity / synchrony
PLV_Theta_FCz_P8,0.0,Functional connectivity / synchrony
PLV_Theta_Cz_CP4,0.0,Functional connectivity / synchrony
PLV_Theta_C4_P8,0.0,Functional connectivity / synchrony
PLV_Theta_C4_P6,0.0,Functional connectivity / synchrony
PLV_Theta_C4_P4,0.0,Functional connectivity / synchrony
PLV_Theta_C4_P2,0.0,Functional connectivity / synchrony
PLV_Theta_C4_CP2,0.0,Functional connectivity / synchrony
PLV_Theta_C4_CP4,0.0,Functional connectivity / synchrony
PLV_Theta_C4_CP6,0.0,Functional connectivity / synchrony
PLV_Theta_C4_TP8,0.0,Functional connectivity / synchrony
PLV_Theta_C4_T8,0.0,Functional connectivity / synchrony
PLV_Theta_C4_C6,0.0,Functional connectivity / synchrony
PLV_Theta_C2_O2,0.0,Functional connectivity / synchrony
PLV_Theta_C2_C6,0.0,Functional connectivity / synchrony
PLV_Theta_C2_PO8,0.0,Functional connectivity / synchrony
PLV_Theta_C2_P10,0.0,Functional connectivity / synchrony
PLV_Theta_C2_P8,0.0,Functional connectivity / synchrony
PLV_Theta_C2_P6,0.0,Functional connectivity / synchrony
PLV_Theta_C2_P4,0.0,Functional connectivity / synchrony
PLV_Theta_C2_P2,0.0,Functional connectivity / synchrony
PLV_Theta_C2_CP2,0.0,Functional connectivity / synchrony
PLV_Theta_C2_CP4,0.0,Functional connectivity / synchrony
PLV_Theta_C2_CP6,0.0,Functional connectivity / synchrony
PLV_Theta_C2_TP8,0.0,Functional connectivity / synchrony
PLV_Theta_C2_T8,0.0,Functional connectivity / synchrony
PLV_Theta_C2_PO4,0.0,Functional connectivity / synchrony
PLV_Theta_FC2_C6,0.0,Functional connectivity / synchrony
PLV_Theta_FC2_C4,0.0,Functional connectivity / synchrony
PLV_Theta_FC2_C2,0.0,Functional connectivity / synchrony
PLV_Theta_FC2_Cz,0.0,Functional connectivity / synchrony
PLV_Theta_FC2_FCz,0.0,Functional connectivity / synchrony
PLV_Theta_FC4_O2,0.0,Functional connectivity / synchrony
PLV_Theta_FC4_PO4,0.0,Functional connectivity / synchrony
PLV_Theta_FC4_PO8,0.0,Functional connectivity / synchrony
PLV_Theta_FC4_P10,0.0,Functional connectivity / synchrony
PLV_Theta_FC4_P8,0.0,Functional connectivity / synchrony
PLV_Theta_FCz_P6,0.0,Functional connectivity / synchrony
PLV_Theta_FC4_P4,0.0,Functional connectivity / synchrony
PLV_Theta_FC4_P2,0.0,Functional connectivity / synchrony
PLV_Theta_FC4_CP2,0.0,Functional connectivity / synchrony
PLV_Theta_FC4_CP4,0.0,Functional connectivity / synchrony
PLV_Theta_FC4_CP6,0.0,Functional connectivity / synchrony
PLV_Theta_FC4_TP8,0.0,Functional connectivity / synchrony
PLV_Theta_FC4_T8,0.0,Functional connectivity / synchrony
PLV_Theta_FC4_C6,0.0,Functional connectivity / synchrony
PLV_Theta_FC4_C4,0.0,Functional connectivity / synchrony
PLV_Theta_FC4_C2,0.0,Functional connectivity / synchrony
PLV_Theta_FC4_Cz,0.0,Functional connectivity / synchrony
PLV_Theta_FC4_P6,0.0,Functional connectivity / synchrony
PLV_Theta_FCz_P4,0.0,Functional connectivity / synchrony
PLV_Theta_FCz_P2,0.0,Functional connectivity / synchrony
PLV_Theta_FCz_CP2,0.0,Functional connectivity / synchrony
PLV_Theta_FCz_CP4,0.0,Functional connectivity / synchrony
PLV_Theta_FCz_CP6,0.0,Functional connectivity / synchrony
PLV_Theta_FCz_TP8,0.0,Functional connectivity / synchrony
PLV_Theta_FCz_T8,0.0,Functional connectivity / synchrony
PLV_Theta_FCz_C6,0.0,Functional connectivity / synchrony
PLV_Theta_FCz_C4,0.0,Functional connectivity / synchrony
PLV_Theta_FCz_C2,0.0,Functional connectivity / synchrony
PLV_Theta_FCz_Cz,0.0,Functional connectivity / synchrony
PLV_Theta_FC2_T8,0.0,Functional connectivity / synchrony
PLV_Theta_FC2_PO4,0.0,Functional connectivity / synchrony
PLV_Theta_FC2_PO8,0.0,Functional connectivity / synchrony
PLV_Theta_FC2_P10,0.0,Functional connectivity / synchrony
PLV_Theta_FC2_P8,0.0,Functional connectivity / synchrony
PLV_Theta_FC2_P6,0.0,Functional connectivity / synchrony
PLV_Theta_FC2_P4,0.0,Functional connectivity / synchrony
PLV_Theta_FC2_P2,0.0,Functional connectivity / synchrony
PLV_Theta_FC2_CP2,0.0,Functional connectivity / synchrony
PLV_Theta_FC2_CP4,0.0,Functional connectivity / synchrony
PLV_Theta_FC2_CP6,0.0,Functional connectivity / synchrony
PLV_Theta_FC2_TP8,0.0,Functional connectivity / synchrony
PLV_Theta_FC2_O2,0.0,Functional connectivity / synchrony
PLV_Theta_P2_P8,0.0,Functional connectivity / synchrony
PLV_Theta_P2_P6,0.0,Functional connectivity / synchrony
PLV_Theta_P2_P4,0.0,Functional connectivity / synchrony
PLV_Theta_CP2_O2,0.0,Functional connectivity / synchrony
PLV_Theta_CP2_PO4,0.0,Functional connectivity / synchrony
PLV_Theta_CP2_PO8,0.0,Functional connectivity / synchrony
PLV_Theta_CP2_P10,0.0,Functional connectivity / synchrony
PLV_Theta_CP2_P8,0.0,Functional connectivity / synchrony
PLV_Theta_CP2_P6,0.0,Functional connectivity / synchrony
PLV_Theta_CP2_P4,0.0,Functional connectivity / synchrony
PLV_Theta_C4_P10,0.0,Functional connectivity / synchrony
PLV_Theta_CP4_O2,0.0,Functional connectivity / synchrony
PLV_Theta_CP4_PO4,0.0,Functional connectivity / synchrony
PLV_Theta_CP4_PO8,0.0,Functional connectivity / synchrony
PLV_Theta_CP4_P10,0.0,Functional connectivity / synchrony
PLV_Theta_CP4_P8,0.0,Functional connectivity / synchrony
PLV_Theta_CP4_P6,0.0,Functional connectivity / synchrony
PLV_Theta_CP4_P4,0.0,Functional connectivity / synchrony
PLV_Theta_CP4_P2,0.0,Functional connectivity / synchrony
PLV_Theta_CP4_CP2,0.0,Functional connectivity / synchrony
PLV_Theta_CP6_O2,0.0,Functional connectivity / synchrony
PLV_Theta_CP6_PO4,0.0,Functional connectivity / synchrony
PLV_Theta_CP2_P2,0.0,Functional connectivity / synchrony
PLV_Theta_PO8_O2,0.0,Functional connectivity / synchrony
PLV_Theta_PO8_PO4,0.0,Functional connectivity / synchrony
PLV_Theta_P10_O2,0.0,Functional connectivity / synchrony
PLV_Theta_P10_PO4,0.0,Functional connectivity / synchrony
PLV_Theta_P10_PO8,0.0,Functional connectivity / synchrony
PLV_Theta_P8_O2,0.0,Functional connectivity / synchrony
PLV_Theta_P8_PO4,0.0,Functional connectivity / synchrony
PLV_Theta_P8_PO8,0.0,Functional connectivity / synchrony
PLV_Theta_P8_P10,0.0,Functional connectivity / synchrony
PLV_Theta_P6_O2,0.0,Functional connectivity / synchrony
PLV_Theta_P6_PO4,0.0,Functional connectivity / synchrony
PLV_Theta_P2_P10,0.0,Functional connectivity / synchrony
PLV_Theta_P6_P10,0.0,Functional connectivity / synchrony
PLV_Theta_P6_P8,0.0,Functional connectivity / synchrony
PLV_Theta_P4_O2,0.0,Functional connectivity / synchrony
PLV_Theta_P4_PO4,0.0,Functional connectivity / synchrony
PLV_Theta_P4_PO8,0.0,Functional connectivity / synchrony
PLV_Theta_P4_P10,0.0,Functional connectivity / synchrony
PLV_Theta_P4_P8,0.0,Functional connectivity / synchrony
PLV_Theta_P4_P6,0.0,Functional connectivity / synchrony
PLV_Theta_P2_O2,0.0,Functional connectivity / synchrony
PLV_Theta_P2_PO4,0.0,Functional connectivity / synchrony
PLV_Theta_P2_PO8,0.0,Functional connectivity / synchrony
PLV_Theta_P6_PO8,0.0,Functional connectivity / synchrony
PLV_Theta_T8_P4,0.0,Functional connectivity / synchrony
PLV_Theta_T8_P2,0.0,Functional connectivity / synchrony
PLV_Theta_T8_CP2,0.0,Functional connectivity / synchrony
PLV_Theta_T8_CP4,0.0,Functional connectivity / synchrony
PLV_Theta_T8_CP6,0.0,Functional connectivity / synchrony
PLV_Theta_T8_TP8,0.0,Functional connectivity / synchrony
PLV_Theta_C6_O2,0.0,Functional connectivity / synchrony
PLV_Theta_C6_PO4,0.0,Functional connectivity / synchrony
PLV_Theta_C6_PO8,0.0,Functional connectivity / synchrony
PLV_Theta_C6_P10,0.0,Functional connectivity / synchrony
PLV_Theta_CP6_PO8,0.0,Functional connectivity / synchrony
PLV_Theta_C6_P6,0.0,Functional connectivity / synchrony
PLV_Theta_C6_P4,0.0,Functional connectivity / synchrony
PLV_Theta_C6_P2,0.0,Functional connectivity / synchrony
PLV_Theta_C6_CP2,0.0,Functional connectivity / synchrony
PLV_Theta_C6_CP4,0.0,Functional connectivity / synchrony
PLV_Theta_C6_CP6,0.0,Functional connectivity / synchrony
PLV_Theta_C6_TP8,0.0,Functional connectivity / synchrony
PLV_Theta_C6_T8,0.0,Functional connectivity / synchrony
PLV_Theta_C4_O2,0.0,Functional connectivity / synchrony
PLV_Theta_C4_PO4,0.0,Functional connectivity / synchrony
PLV_Theta_C4_PO8,0.0,Functional connectivity / synchrony
PLV_Theta_C6_P8,0.0,Functional connectivity / synchrony
PLV_Theta_CP6_P10,0.0,Functional connectivity / synchrony
PLV_Theta_CP6_P8,0.0,Functional connectivity / synchrony
PLV_Theta_CP6_P6,0.0,Functional connectivity / synchrony
PLV_Theta_CP6_P4,0.0,Functional connectivity / synchrony
PLV_Theta_CP6_P2,0.0,Functional connectivity / synchrony
PLV_Theta_CP6_CP2,0.0,Functional connectivity / synchrony
PLV_Theta_CP6_CP4,0.0,Functional connectivity / synchrony
PLV_Theta_TP8_O2,0.0,Functional connectivity / synchrony
PLV_Theta_TP8_PO4,0.0,Functional connectivity / synchrony
PLV_Theta_TP8_PO8,0.0,Functional connectivity / synchrony
PLV_Theta_TP8_P10,0.0,Functional connectivity / synchrony
PLV_Theta_T8_P6,0.0,Functional connectivity / synchrony
PLV_Theta_TP8_P6,0.0,Functional connectivity / synchrony
PLV_Theta_TP8_P4,0.0,Functional connectivity / synchrony
PLV_Theta_TP8_P2,0.0,Functional connectivity / synchrony
PLV_Theta_TP8_CP2,0.0,Functional connectivity / synchrony
PLV_Theta_TP8_CP4,0.0,Functional connectivity / synchrony
PLV_Theta_TP8_CP6,0.0,Functional connectivity / synchrony
PLV_Theta_T8_O2,0.0,Functional connectivity / synchrony
PLV_Theta_T8_PO4,0.0,Functional connectivity / synchrony
PLV_Theta_T8_PO8,0.0,Functional connectivity / synchrony
PLV_Theta_T8_P10,0.0,Functional connectivity / synchrony
PLV_Theta_T8_P8,0.0,Functional connectivity / synchrony
PLV_Theta_TP8_P8,0.0,Functional connectivity / synchrony
PLV_Theta_F2_P2,0.0,Functional connectivity / synchrony
PLV_Theta_F2_CP2,0.0,Functional connectivity / synchrony
PLV_Theta_F2_CP4,0.0,Functional connectivity / synchrony
PLV_Theta_F2_CP6,0.0,Functional connectivity / synchrony
PLV_Theta_F2_TP8,0.0,Functional connectivity / synchrony
PLV_Theta_F2_T8,0.0,Functional connectivity / synchrony
PLV_Theta_F2_C6,0.0,Functional connectivity / synchrony
PLV_Theta_F2_C4,0.0,Functional connectivity / synchrony
PLV_Theta_F2_C2,0.0,Functional connectivity / synchrony
PLV_Theta_F2_Cz,0.0,Functional connectivity / synchrony
PLV_Theta_FC4_FCz,0.0,Functional connectivity / synchrony
PLV_Theta_F2_FC2,0.0,Functional connectivity / synchrony
PLV_Theta_F2_FC4,0.0,Functional connectivity / synchrony
PLV_Theta_F2_FC6,0.0,Functional connectivity / synchrony
PLV_Theta_F2_FT8,0.0,Functional connectivity / synchrony
PLV_Theta_F2_F8,0.0,Functional connectivity / synchrony
PLV_Theta_F2_F6,0.0,Functional connectivity / synchrony
PLV_Theta_F2_F4,0.0,Functional connectivity / synchrony
PLV_Theta_Fz_O2,0.0,Functional connectivity / synchrony
PLV_Theta_Fz_PO4,0.0,Functional connectivity / synchrony
PLV_Theta_Fz_PO8,0.0,Functional connectivity / synchrony
PLV_Theta_Fz_P10,0.0,Functional connectivity / synchrony
PLV_Theta_F2_FCz,0.0,Functional connectivity / synchrony
PLV_Theta_F4_P2,0.0,Functional connectivity / synchrony
PLV_Theta_F4_CP2,0.0,Functional connectivity / synchrony
PLV_Theta_F4_CP4,0.0,Functional connectivity / synchrony
PLV_Theta_F4_CP6,0.0,Functional connectivity / synchrony
PLV_Theta_F4_TP8,0.0,Functional connectivity / synchrony
PLV_Theta_F4_T8,0.0,Functional connectivity / synchrony
PLV_Theta_F4_C6,0.0,Functional connectivity / synchrony
PLV_Theta_F4_C4,0.0,Functional connectivity / synchrony
PLV_Theta_F4_C2,0.0,Functional connectivity / synchrony
PLV_Theta_F4_Cz,0.0,Functional connectivity / synchrony
PLV_Theta_F4_FCz,0.0,Functional connectivity / synchrony
PLV_Theta_F2_P4,0.0,Functional connectivity / synchrony
PLV_Theta_F4_FC4,0.0,Functional connectivity / synchrony
PLV_Theta_F4_FC6,0.0,Functional connectivity / synchrony
PLV_Theta_F4_FT8,0.0,Functional connectivity / synchrony
PLV_Theta_F4_F8,0.0,Functional connectivity / synchrony
PLV_Theta_F4_F6,0.0,Functional connectivity / synchrony
PLV_Theta_F2_O2,0.0,Functional connectivity / synchrony
PLV_Theta_F2_PO4,0.0,Functional connectivity / synchrony
PLV_Theta_F2_PO8,0.0,Functional connectivity / synchrony
PLV_Theta_F2_P10,0.0,Functional connectivity / synchrony
PLV_Theta_F2_P8,0.0,Functional connectivity / synchrony
PLV_Theta_F2_P6,0.0,Functional connectivity / synchrony
PLV_Theta_F4_FC2,0.0,Functional connectivity / synchrony
PLV_Theta_AFz_P10,0.0,Functional connectivity / synchrony
PLV_Theta_AFz_P8,0.0,Functional connectivity / synchrony
PLV_Theta_AFz_P6,0.0,Functional connectivity / synchrony
PLV_Theta_AFz_P4,0.0,Functional connectivity / synchrony
PLV_Theta_AFz_P2,0.0,Functional connectivity / synchrony
PLV_Theta_AFz_CP2,0.0,Functional connectivity / synchrony
PLV_Theta_AFz_CP4,0.0,Functional connectivity / synchrony
PLV_Theta_AFz_CP6,0.0,Functional connectivity / synchrony
PLV_Theta_AFz_TP8,0.0,Functional connectivity / synchrony
PLV_Theta_AFz_T8,0.0,Functional connectivity / synchrony
PLV_Theta_Fz_P8,0.0,Functional connectivity / synchrony
PLV_Theta_AFz_C4,0.0,Functional connectivity / synchrony
PLV_Theta_AFz_C2,0.0,Functional connectivity / synchrony
PLV_Theta_AFz_Cz,0.0,Functional connectivity / synchrony
PLV_Theta_AFz_FCz,0.0,Functional connectivity / synchrony
PLV_Theta_AFz_FC2,0.0,Functional connectivity / synchrony
PLV_Theta_AFz_FC4,0.0,Functional connectivity / synchrony
PLV_Theta_AFz_FC6,0.0,Functional connectivity / synchrony
PLV_Theta_AFz_FT8,0.0,Functional connectivity / synchrony
PLV_Theta_AFz_F8,0.0,Functional connectivity / synchrony
PLV_Theta_AFz_F6,0.0,Functional connectivity / synchrony
PLV_Theta_AFz_F4,0.0,Functional connectivity / synchrony
PLV_Theta_AFz_C6,0.0,Functional connectivity / synchrony
PLV_Theta_Fz_P6,0.0,Functional connectivity / synchrony
PLV_Theta_Fz_P4,0.0,Functional connectivity / synchrony
PLV_Theta_Fz_P2,0.0,Functional connectivity / synchrony
PLV_Theta_Fz_CP2,0.0,Functional connectivity / synchrony
PLV_Theta_Fz_CP4,0.0,Functional connectivity / synchrony
PLV_Theta_Fz_CP6,0.0,Functional connectivity / synchrony
PLV_Theta_Fz_TP8,0.0,Functional connectivity / synchrony
PLV_Theta_Fz_T8,0.0,Functional connectivity / synchrony
PLV_Theta_Fz_C6,0.0,Functional connectivity / synchrony
PLV_Theta_Fz_C4,0.0,Functional connectivity / synchrony
PLV_Theta_Fz_C2,0.0,Functional connectivity / synchrony
PLV_Theta_AFz_PO8,0.0,Functional connectivity / synchrony
PLV_Theta_Fz_FCz,0.0,Functional connectivity / synchrony
PLV_Theta_Fz_FC2,0.0,Functional connectivity / synchrony
PLV_Theta_Fz_FC4,0.0,Functional connectivity / synchrony
PLV_Theta_Fz_FC6,0.0,Functional connectivity / synchrony
PLV_Theta_Fz_FT8,0.0,Functional connectivity / synchrony
PLV_Theta_Fz_F8,0.0,Functional connectivity / synchrony
PLV_Theta_Fz_F6,0.0,Functional connectivity / synchrony
PLV_Theta_Fz_F4,0.0,Functional connectivity / synchrony
PLV_Theta_Fz_F2,0.0,Functional connectivity / synchrony
PLV_Theta_AFz_O2,0.0,Functional connectivity / synchrony
PLV_Theta_AFz_PO4,0.0,Functional connectivity / synchrony
PLV_Theta_Fz_Cz,0.0,Functional connectivity / synchrony
PLV_Theta_FT8_P10,0.0,Functional connectivity / synchrony
PLV_Theta_FT8_P8,0.0,Functional connectivity / synchrony
PLV_Theta_FT8_P6,0.0,Functional connectivity / synchrony
PLV_Theta_FT8_P4,0.0,Functional connectivity / synchrony
PLV_Theta_FT8_P2,0.0,Functional connectivity / synchrony
PLV_Theta_FT8_CP2,0.0,Functional connectivity / synchrony
PLV_Theta_FT8_CP4,0.0,Functional connectivity / synchrony
PLV_Theta_FT8_CP6,0.0,Functional connectivity / synchrony
PLV_Theta_FT8_TP8,0.0,Functional connectivity / synchrony
PLV_Theta_FT8_T8,0.0,Functional connectivity / synchrony
PLV_Theta_F4_P4,0.0,Functional connectivity / synchrony
PLV_Theta_FT8_C4,0.0,Functional connectivity / synchrony
PLV_Theta_FT8_C2,0.0,Functional connectivity / synchrony
PLV_Theta_FT8_Cz,0.0,Functional connectivity / synchrony
PLV_Theta_FT8_FCz,0.0,Functional connectivity / synchrony
PLV_Theta_FT8_FC2,0.0,Functional connectivity / synchrony
PLV_Theta_FT8_FC4,0.0,Functional connectivity / synchrony
PLV_Theta_FT8_FC6,0.0,Functional connectivity / synchrony
PLV_Theta_F8_O2,0.0,Functional connectivity / synchrony
PLV_Theta_F8_PO4,0.0,Functional connectivity / synchrony
PLV_Theta_F8_PO8,0.0,Functional connectivity / synchrony
PLV_Theta_F8_P10,0.0,Functional connectivity / synchrony
PLV_Theta_FT8_C6,0.0,Functional connectivity / synchrony
PLV_Theta_FC4_FC2,0.0,Functional connectivity / synchrony
PLV_Theta_FC6_O2,0.0,Functional connectivity / synchrony
PLV_Theta_FC6_PO4,0.0,Functional connectivity / synchrony
PLV_Theta_FC6_PO8,0.0,Functional connectivity / synchrony
PLV_Theta_FC6_P10,0.0,Functional connectivity / synchrony
PLV_Theta_FC6_P8,0.0,Functional connectivity / synchrony
PLV_Theta_FC6_P6,0.0,Functional connectivity / synchrony
PLV_Theta_FC6_P4,0.0,Functional connectivity / synchrony
PLV_Theta_FC6_P2,0.0,Functional connectivity / synchrony
PLV_Theta_FC6_CP2,0.0,Functional connectivity / synchrony
PLV_Theta_FC6_CP4,0.0,Functional connectivity / synchrony
PLV_Theta_FT8_PO8,0.0,Functional connectivity / synchrony
PLV_Theta_FC6_TP8,0.0,Functional connectivity / synchrony
PLV_Theta_FC6_T8,0.0,Functional connectivity / synchrony
PLV_Theta_FC6_C6,0.0,Functional connectivity / synchrony
PLV_Theta_FC6_C4,0.0,Functional connectivity / synchrony
PLV_Theta_FC6_C2,0.0,Functional connectivity / synchrony
PLV_Theta_FC6_Cz,0.0,Functional connectivity / synchrony
PLV_Theta_FC6_FCz,0.0,Functional connectivity / synchrony
PLV_Theta_FC6_FC2,0.0,Functional connectivity / synchrony
PLV_Theta_FC6_FC4,0.0,Functional connectivity / synchrony
PLV_Theta_FT8_O2,0.0,Functional connectivity / synchrony
PLV_Theta_FT8_PO4,0.0,Functional connectivity / synchrony
PLV_Theta_FC6_CP6,0.0,Functional connectivity / synchrony
PLV_Theta_F6_P2,0.0,Functional connectivity / synchrony
PLV_Theta_F6_CP2,0.0,Functional connectivity / synchrony
PLV_Theta_F6_CP4,0.0,Functional connectivity / synchrony
PLV_Theta_F6_CP6,0.0,Functional connectivity / synchrony
PLV_Theta_F6_TP8,0.0,Functional connectivity / synchrony
PLV_Theta_F6_T8,0.0,Functional connectivity / synchrony
PLV_Theta_F6_C6,0.0,Functional connectivity / synchrony
PLV_Theta_F6_C4,0.0,Functional connectivity / synchrony
PLV_Theta_F6_C2,0.0,Functional connectivity / synchrony
PLV_Theta_F6_Cz,0.0,Functional connectivity / synchrony
PLV_Theta_F8_P8,0.0,Functional connectivity / synchrony
PLV_Theta_F6_FC2,0.0,Functional connectivity / synchrony
PLV_Theta_F6_FC4,0.0,Functional connectivity / synchrony
PLV_Theta_F6_FC6,0.0,Functional connectivity / synchrony
PLV_Theta_F6_FT8,0.0,Functional connectivity / synchrony
PLV_Theta_F6_F8,0.0,Functional connectivity / synchrony
PLV_Theta_F4_O2,0.0,Functional connectivity / synchrony
PLV_Theta_F4_PO4,0.0,Functional connectivity / synchrony
PLV_Theta_F4_PO8,0.0,Functional connectivity / synchrony
PLV_Theta_F4_P10,0.0,Functional connectivity / synchrony
PLV_Theta_F4_P8,0.0,Functional connectivity / synchrony
PLV_Theta_F4_P6,0.0,Functional connectivity / synchrony
PLV_Theta_F6_FCz,0.0,Functional connectivity / synchrony
PLV_Theta_F8_P6,0.0,Functional connectivity / synchrony
PLV_Theta_F8_P4,0.0,Functional connectivity / synchrony
PLV_Theta_F8_P2,0.0,Functional connectivity / synchrony
PLV_Theta_F8_CP2,0.0,Functional connectivity / synchrony
PLV_Theta_F8_CP4,0.0,Functional connectivity / synchrony
PLV_Theta_F8_CP6,0.0,Functional connectivity / synchrony
PLV_Theta_F8_TP8,0.0,Functional connectivity / synchrony
PLV_Theta_F8_T8,0.0,Functional connectivity / synchrony
PLV_Theta_F8_C6,0.0,Functional connectivity / synchrony
PLV_Theta_F8_C4,0.0,Functional connectivity / synchrony
PLV_Theta_F8_C2,0.0,Functional connectivity / synchrony
PLV_Theta_F6_P4,0.0,Functional connectivity / synchrony
PLV_Theta_F8_FCz,0.0,Functional connectivity / synchrony
PLV_Theta_F8_FC2,0.0,Functional connectivity / synchrony
PLV_Theta_F8_FC4,0.0,Functional connectivity / synchrony
PLV_Theta_F8_FC6,0.0,Functional connectivity / synchrony
PLV_Theta_F8_FT8,0.0,Functional connectivity / synchrony
PLV_Theta_F6_O2,0.0,Functional connectivity / synchrony
PLV_Theta_F6_PO4,0.0,Functional connectivity / synchrony
PLV_Theta_F6_PO8,0.0,Functional connectivity / synchrony
PLV_Theta_F6_P10,0.0,Functional connectivity / synchrony
PLV_Theta_F6_P8,0.0,Functional connectivity / synchrony
PLV_Theta_F6_P6,0.0,Functional connectivity / synchrony
PLV_Theta_F8_Cz,0.0,Functional connectivity / synchrony
PLV_Theta_C5_FT8,0.0,Functional connectivity / synchrony
PLV_Theta_C5_F8,0.0,Functional connectivity / synchrony
PLV_Theta_C5_F6,0.0,Functional connectivity / synchrony
PLV_Theta_C5_F4,0.0,Functional connectivity / synchrony
PLV_Theta_C5_F2,0.0,Functional connectivity / synchrony
PLV_Theta_C5_Fz,0.0,Functional connectivity / synchrony
PLV_Theta_C5_AFz,0.0,Functional connectivity / synchrony
PLV_Theta_C5_AF4,0.0,Functional connectivity / synchrony
PLV_Theta_C5_AF8,0.0,Functional connectivity / synchrony
PLV_Theta_C5_Fp2,0.0,Functional connectivity / synchrony
PLV_Theta_PO7_CP6,0.0,Functional connectivity / synchrony
PLV_Theta_C5_CPz,0.0,Functional connectivity / synchrony
PLV_Theta_C5_Pz,0.0,Functional connectivity / synchrony
PLV_Theta_C5_POz,0.0,Functional connectivity / synchrony
PLV_Theta_C5_Oz,0.0,Functional connectivity / synchrony
PLV_Theta_C5_Iz,0.0,Functional connectivity / synchrony
PLV_Theta_C5_O1,0.0,Functional connectivity / synchrony
PLV_Theta_C5_PO3,0.0,Functional connectivity / synchrony
PLV_Theta_C5_PO7,0.0,Functional connectivity / synchrony
PLV_Theta_C5_P9,0.0,Functional connectivity / synchrony
PLV_Theta_C5_P7,0.0,Functional connectivity / synchrony
PLV_Theta_C5_P5,0.0,Functional connectivity / synchrony
PLV_Theta_C5_Fpz,0.0,Functional connectivity / synchrony
PLV_Theta_T7_CP3,0.0,Functional connectivity / synchrony
PLV_Theta_T7_CP5,0.0,Functional connectivity / synchrony
PLV_Theta_T7_TP7,0.0,Functional connectivity / synchrony
PLV_Theta_C5_O2,0.0,Functional connectivity / synchrony
PLV_Theta_C5_PO4,0.0,Functional connectivity / synchrony
PLV_Theta_C5_PO8,0.0,Functional connectivity / synchrony
PLV_Theta_C5_P10,0.0,Functional connectivity / synchrony
PLV_Theta_C5_P8,0.0,Functional connectivity / synchrony
PLV_Theta_C5_P6,0.0,Functional connectivity / synchrony
PLV_Theta_C5_P4,0.0,Functional connectivity / synchrony
PLV_Theta_C5_P2,0.0,Functional connectivity / synchrony
PLV_Theta_C5_FC6,0.0,Functional connectivity / synchrony
PLV_Theta_C5_CP4,0.0,Functional connectivity / synchrony
PLV_Theta_C5_CP6,0.0,Functional connectivity / synchrony
PLV_Theta_C5_TP8,0.0,Functional connectivity / synchrony
PLV_Theta_C5_T8,0.0,Functional connectivity / synchrony
PLV_Theta_C5_C6,0.0,Functional connectivity / synchrony
PLV_Theta_C5_C4,0.0,Functional connectivity / synchrony
PLV_Theta_C5_C2,0.0,Functional connectivity / synchrony
PLV_Theta_C5_Cz,0.0,Functional connectivity / synchrony
PLV_Theta_C5_FCz,0.0,Functional connectivity / synchrony
PLV_Theta_C5_FC2,0.0,Functional connectivity / synchrony
PLV_Theta_C5_FC4,0.0,Functional connectivity / synchrony
PLV_Theta_C5_CP2,0.0,Functional connectivity / synchrony
PLV_Theta_C3_FC2,0.0,Functional connectivity / synchrony
PLV_Theta_C3_FC4,0.0,Functional connectivity / synchrony
PLV_Theta_C3_FC6,0.0,Functional connectivity / synchrony
PLV_Theta_C3_FT8,0.0,Functional connectivity / synchrony
PLV_Theta_C3_F8,0.0,Functional connectivity / synchrony
PLV_Theta_C3_F6,0.0,Functional connectivity / synchrony
PLV_Theta_C3_F4,0.0,Functional connectivity / synchrony
PLV_Theta_C3_F2,0.0,Functional connectivity / synchrony
PLV_Theta_C3_Fz,0.0,Functional connectivity / synchrony
PLV_Theta_C3_AFz,0.0,Functional connectivity / synchrony
PLV_Theta_C5_P3,0.0,Functional connectivity / synchrony
PLV_Theta_C3_AF8,0.0,Functional connectivity / synchrony
PLV_Theta_C3_Fp2,0.0,Functional connectivity / synchrony
PLV_Theta_C3_Fpz,0.0,Functional connectivity / synchrony
PLV_Theta_C3_CPz,0.0,Functional connectivity / synchrony
PLV_Theta_C3_Pz,0.0,Functional connectivity / synchrony
PLV_Theta_C3_POz,0.0,Functional connectivity / synchrony
PLV_Theta_C3_Oz,0.0,Functional connectivity / synchrony
PLV_Theta_C3_Iz,0.0,Functional connectivity / synchrony
PLV_Theta_C3_O1,0.0,Functional connectivity / synchrony
PLV_Theta_C3_PO3,0.0,Functional connectivity / synchrony
PLV_Theta_C3_PO7,0.0,Functional connectivity / synchrony
PLV_Theta_C3_AF4,0.0,Functional connectivity / synchrony
PLV_Theta_C5_P1,0.0,Functional connectivity / synchrony
PLV_Theta_C5_CP1,0.0,Functional connectivity / synchrony
PLV_Theta_C5_CP3,0.0,Functional connectivity / synchrony
PLV_Theta_C5_CP5,0.0,Functional connectivity / synchrony
PLV_Theta_C5_TP7,0.0,Functional connectivity / synchrony
PLV_Theta_C5_T7,0.0,Functional connectivity / synchrony
PLV_Theta_C3_O2,0.0,Functional connectivity / synchrony
PLV_Theta_C3_PO4,0.0,Functional connectivity / synchrony
PLV_Theta_C3_PO8,0.0,Functional connectivity / synchrony
PLV_Theta_C3_P10,0.0,Functional connectivity / synchrony
PLV_Theta_C3_P8,0.0,Functional connectivity / synchrony
PLV_Theta_C3_FCz,0.0,Functional connectivity / synchrony
PLV_Theta_C3_P4,0.0,Functional connectivity / synchrony
PLV_Theta_C3_P2,0.0,Functional connectivity / synchrony
PLV_Theta_C3_CP2,0.0,Functional connectivity / synchrony
PLV_Theta_C3_CP4,0.0,Functional connectivity / synchrony
PLV_Theta_C3_CP6,0.0,Functional connectivity / synchrony
PLV_Theta_C3_TP8,0.0,Functional connectivity / synchrony
PLV_Theta_C3_T8,0.0,Functional connectivity / synchrony
PLV_Theta_C3_C6,0.0,Functional connectivity / synchrony
PLV_Theta_C3_C4,0.0,Functional connectivity / synchrony
PLV_Theta_C3_C2,0.0,Functional connectivity / synchrony
PLV_Theta_C3_Cz,0.0,Functional connectivity / synchrony
PLV_Theta_C3_P6,0.0,Functional connectivity / synchrony
PLV_Theta_TP7_F4,0.0,Functional connectivity / synchrony
PLV_Theta_TP7_F2,0.0,Functional connectivity / synchrony
PLV_Theta_TP7_Fz,0.0,Functional connectivity / synchrony
PLV_Theta_TP7_AFz,0.0,Functional connectivity / synchrony
PLV_Theta_TP7_AF4,0.0,Functional connectivity / synchrony
PLV_Theta_TP7_AF8,0.0,Functional connectivity / synchrony
PLV_Theta_TP7_Fp2,0.0,Functional connectivity / synchrony
PLV_Theta_TP7_Fpz,0.0,Functional connectivity / synchrony
PLV_Theta_TP7_CPz,0.0,Functional connectivity / synchrony
PLV_Theta_TP7_Pz,0.0,Functional connectivity / synchrony
PLV_Theta_T7_CP1,0.0,Functional connectivity / synchrony
PLV_Theta_TP7_Oz,0.0,Functional connectivity / synchrony
PLV_Theta_TP7_Iz,0.0,Functional connectivity / synchrony
PLV_Theta_TP7_O1,0.0,Functional connectivity / synchrony
PLV_Theta_TP7_PO3,0.0,Functional connectivity / synchrony
PLV_Theta_TP7_PO7,0.0,Functional connectivity / synchrony
PLV_Theta_TP7_P9,0.0,Functional connectivity / synchrony
PLV_Theta_TP7_P7,0.0,Functional connectivity / synchrony
PLV_Theta_TP7_P5,0.0,Functional connectivity / synchrony
PLV_Theta_TP7_P3,0.0,Functional connectivity / synchrony
PLV_Theta_TP7_P1,0.0,Functional connectivity / synchrony
PLV_Theta_TP7_CP1,0.0,Functional connectivity / synchrony
PLV_Theta_TP7_POz,0.0,Functional connectivity / synchrony
PLV_Theta_TP7_O2,0.0,Functional connectivity / synchrony
PLV_Theta_TP7_PO4,0.0,Functional connectivity / synchrony
PLV_Theta_TP7_PO8,0.0,Functional connectivity / synchrony
PLV_Theta_TP7_P10,0.0,Functional connectivity / synchrony
PLV_Theta_TP7_P8,0.0,Functional connectivity / synchrony
PLV_Theta_TP7_P6,0.0,Functional connectivity / synchrony
PLV_Theta_TP7_P4,0.0,Functional connectivity / synchrony
PLV_Theta_TP7_P2,0.0,Functional connectivity / synchrony
PLV_Theta_TP7_CP2,0.0,Functional connectivity / synchrony
PLV_Theta_TP7_CP4,0.0,Functional connectivity / synchrony
PLV_Theta_TP7_CP6,0.0,Functional connectivity / synchrony
PLV_Theta_TP7_F6,0.0,Functional connectivity / synchrony
PLV_Theta_TP7_T8,0.0,Functional connectivity / synchrony
PLV_Theta_TP7_C6,0.0,Functional connectivity / synchrony
PLV_Theta_TP7_C4,0.0,Functional connectivity / synchrony
PLV_Theta_TP7_C2,0.0,Functional connectivity / synchrony
PLV_Theta_TP7_Cz,0.0,Functional connectivity / synchrony
PLV_Theta_TP7_FCz,0.0,Functional connectivity / synchrony
PLV_Theta_TP7_FC2,0.0,Functional connectivity / synchrony
PLV_Theta_TP7_FC4,0.0,Functional connectivity / synchrony
PLV_Theta_TP7_FC6,0.0,Functional connectivity / synchrony
PLV_Theta_TP7_FT8,0.0,Functional connectivity / synchrony
PLV_Theta_TP7_F8,0.0,Functional connectivity / synchrony
PLV_Theta_TP7_TP8,0.0,Functional connectivity / synchrony
PLV_Theta_T7_F6,0.0,Functional connectivity / synchrony
PLV_Theta_T7_F4,0.0,Functional connectivity / synchrony
PLV_Theta_T7_F2,0.0,Functional connectivity / synchrony
PLV_Theta_T7_Fz,0.0,Functional connectivity / synchrony
PLV_Theta_T7_AFz,0.0,Functional connectivity / synchrony
PLV_Theta_T7_AF4,0.0,Functional connectivity / synchrony
PLV_Theta_T7_AF8,0.0,Functional connectivity / synchrony
PLV_Theta_T7_Fp2,0.0,Functional connectivity / synchrony
PLV_Theta_T7_Fpz,0.0,Functional connectivity / synchrony
PLV_Theta_T7_CPz,0.0,Functional connectivity / synchrony
PLV_Theta_TP7_CP3,0.0,Functional connectivity / synchrony
PLV_Theta_T7_POz,0.0,Functional connectivity / synchrony
PLV_Theta_T7_Oz,0.0,Functional connectivity / synchrony
PLV_Theta_T7_Iz,0.0,Functional connectivity / synchrony
PLV_Theta_T7_O1,0.0,Functional connectivity / synchrony
PLV_Theta_T7_PO3,0.0,Functional connectivity / synchrony
PLV_Theta_T7_PO7,0.0,Functional connectivity / synchrony
PLV_Theta_T7_P9,0.0,Functional connectivity / synchrony
PLV_Theta_T7_P7,0.0,Functional connectivity / synchrony
PLV_Theta_T7_P5,0.0,Functional connectivity / synchrony
PLV_Theta_T7_P3,0.0,Functional connectivity / synchrony
PLV_Theta_T7_P1,0.0,Functional connectivity / synchrony
PLV_Theta_T7_Pz,0.0,Functional connectivity / synchrony
PLV_Theta_TP7_CP5,0.0,Functional connectivity / synchrony
PLV_Theta_T7_O2,0.0,Functional connectivity / synchrony
PLV_Theta_T7_PO4,0.0,Functional connectivity / synchrony
PLV_Theta_T7_PO8,0.0,Functional connectivity / synchrony
PLV_Theta_T7_P10,0.0,Functional connectivity / synchrony
PLV_Theta_T7_P8,0.0,Functional connectivity / synchrony
PLV_Theta_T7_P6,0.0,Functional connectivity / synchrony
PLV_Theta_T7_P4,0.0,Functional connectivity / synchrony
PLV_Theta_T7_P2,0.0,Functional connectivity / synchrony
PLV_Theta_T7_CP2,0.0,Functional connectivity / synchrony
PLV_Theta_T7_CP4,0.0,Functional connectivity / synchrony
PLV_Theta_T7_F8,0.0,Functional connectivity / synchrony
PLV_Theta_T7_TP8,0.0,Functional connectivity / synchrony
PLV_Theta_T7_T8,0.0,Functional connectivity / synchrony
PLV_Theta_T7_C6,0.0,Functional connectivity / synchrony
PLV_Theta_T7_C4,0.0,Functional connectivity / synchrony
PLV_Theta_T7_C2,0.0,Functional connectivity / synchrony
PLV_Theta_T7_Cz,0.0,Functional connectivity / synchrony
PLV_Theta_T7_FCz,0.0,Functional connectivity / synchrony
PLV_Theta_T7_FC2,0.0,Functional connectivity / synchrony
PLV_Theta_T7_FC4,0.0,Functional connectivity / synchrony
PLV_Theta_T7_FC6,0.0,Functional connectivity / synchrony
PLV_Theta_T7_FT8,0.0,Functional connectivity / synchrony
PLV_Theta_T7_CP6,0.0,Functional connectivity / synchrony
PLV_Theta_FC3_P10,0.0,Functional connectivity / synchrony
PLV_Theta_FC3_P8,0.0,Functional connectivity / synchrony
PLV_Theta_FC3_P6,0.0,Functional connectivity / synchrony
PLV_Theta_FC3_P4,0.0,Functional connectivity / synchrony
PLV_Theta_FC3_P2,0.0,Functional connectivity / synchrony
PLV_Theta_FC3_CP2,0.0,Functional connectivity / synchrony
PLV_Theta_FC3_CP4,0.0,Functional connectivity / synchrony
PLV_Theta_FC3_CP6,0.0,Functional connectivity / synchrony
PLV_Theta_FC3_TP8,0.0,Functional connectivity / synchrony
PLV_Theta_FC3_T8,0.0,Functional connectivity / synchrony
PLV_Theta_C3_P9,0.0,Functional connectivity / synchrony
PLV_Theta_FC3_C4,0.0,Functional connectivity / synchrony
PLV_Theta_FC3_C2,0.0,Functional connectivity / synchrony
PLV_Theta_FC3_Cz,0.0,Functional connectivity / synchrony
PLV_Theta_FC3_FCz,0.0,Functional connectivity / synchrony
PLV_Theta_FC3_FC2,0.0,Functional connectivity / synchrony
PLV_Theta_FC3_FC4,0.0,Functional connectivity / synchrony
PLV_Theta_FC3_FC6,0.0,Functional connectivity / synchrony
PLV_Theta_FC3_FT8,0.0,Functional connectivity / synchrony
PLV_Theta_FC3_F8,0.0,Functional connectivity / synchrony
PLV_Theta_FC3_F6,0.0,Functional connectivity / synchrony
PLV_Theta_FC3_F4,0.0,Functional connectivity / synchrony
PLV_Theta_FC3_C6,0.0,Functional connectivity / synchrony
PLV_Theta_FC1_CPz,0.0,Functional connectivity / synchrony
PLV_Theta_FC1_Pz,0.0,Functional connectivity / synchrony
PLV_Theta_FC1_POz,0.0,Functional connectivity / synchrony
PLV_Theta_FC1_Oz,0.0,Functional connectivity / synchrony
PLV_Theta_FC1_Iz,0.0,Functional connectivity / synchrony
PLV_Theta_FC1_O1,0.0,Functional connectivity / synchrony
PLV_Theta_FC1_PO3,0.0,Functional connectivity / synchrony
PLV_Theta_FC1_PO7,0.0,Functional connectivity / synchrony
PLV_Theta_FC1_P9,0.0,Functional connectivity / synchrony
PLV_Theta_FC1_P7,0.0,Functional connectivity / synchrony
PLV_Theta_FC1_P5,0.0,Functional connectivity / synchrony
PLV_Alpha_P1_CP6,0.0,Functional connectivity / synchrony
PLV_Theta_FC1_P1,0.0,Functional connectivity / synchrony
PLV_Theta_FC1_CP1,0.0,Functional connectivity / synchrony
PLV_Theta_FC1_CP3,0.0,Functional connectivity / synchrony
PLV_Theta_FC1_CP5,0.0,Functional connectivity / synchrony
PLV_Theta_FC1_TP7,0.0,Functional connectivity / synchrony
PLV_Theta_FC1_T7,0.0,Functional connectivity / synchrony
PLV_Theta_FC1_C5,0.0,Functional connectivity / synchrony
PLV_Theta_FC1_C3,0.0,Functional connectivity / synchrony
PLV_Theta_FC1_C1,0.0,Functional connectivity / synchrony
PLV_Theta_FC3_O2,0.0,Functional connectivity / synchrony
PLV_Theta_FC3_PO4,0.0,Functional connectivity / synchrony
PLV_Theta_FC1_P3,0.0,Functional connectivity / synchrony
PLV_Theta_FC3_C5,0.0,Functional connectivity / synchrony
PLV_Theta_FC3_C3,0.0,Functional connectivity / synchrony
PLV_Theta_FC3_C1,0.0,Functional connectivity / synchrony
PLV_Theta_FC3_FC1,0.0,Functional connectivity / synchrony
PLV_Theta_FC5_O2,0.0,Functional connectivity / synchrony
PLV_Theta_FC5_PO4,0.0,Functional connectivity / synchrony
PLV_Theta_FC5_PO8,0.0,Functional connectivity / synchrony
PLV_Theta_FC5_P10,0.0,Functional connectivity / synchrony
PLV_Theta_FC5_P8,0.0,Functional connectivity / synchrony
PLV_Theta_FC5_P6,0.0,Functional connectivity / synchrony
PLV_Theta_FC3_F2,0.0,Functional connectivity / synchrony
PLV_Theta_FC5_P2,0.0,Functional connectivity / synchrony
PLV_Theta_FC5_CP2,0.0,Functional connectivity / synchrony
PLV_Theta_FC5_CP4,0.0,Functional connectivity / synchrony
PLV_Theta_FC5_CP6,0.0,Functional connectivity / synchrony
PLV_Theta_FC5_TP8,0.0,Functional connectivity / synchrony
PLV_Theta_FC5_T8,0.0,Functional connectivity / synchrony
PLV_Theta_FC5_C6,0.0,Functional connectivity / synchrony
PLV_Theta_FC5_C4,0.0,Functional connectivity / synchrony
PLV_Theta_FC5_C2,0.0,Functional connectivity / synchrony
PLV_Theta_FC5_Cz,0.0,Functional connectivity / synchrony
PLV_Theta_FC5_FCz,0.0,Functional connectivity / synchrony
PLV_Theta_FC5_P4,0.0,Functional connectivity / synchrony
PLV_Theta_FC3_Fz,0.0,Functional connectivity / synchrony
PLV_Theta_FC3_AFz,0.0,Functional connectivity / synchrony
PLV_Theta_FC3_AF4,0.0,Functional connectivity / synchrony
PLV_Theta_FC3_AF8,0.0,Functional connectivity / synchrony
PLV_Theta_FC3_Fp2,0.0,Functional connectivity / synchrony
PLV_Theta_FC3_Fpz,0.0,Functional connectivity / synchrony
PLV_Theta_FC3_CPz,0.0,Functional connectivity / synchrony
PLV_Theta_FC3_Pz,0.0,Functional connectivity / synchrony
PLV_Theta_FC3_POz,0.0,Functional connectivity / synchrony
PLV_Theta_FC3_Oz,0.0,Functional connectivity / synchrony
PLV_Theta_FC3_Iz,0.0,Functional connectivity / synchrony
PLV_Theta_FC3_T7,0.0,Functional connectivity / synchrony
PLV_Theta_FC3_PO3,0.0,Functional connectivity / synchrony
PLV_Theta_FC3_PO7,0.0,Functional connectivity / synchrony
PLV_Theta_FC3_P9,0.0,Functional connectivity / synchrony
PLV_Theta_FC3_P7,0.0,Functional connectivity / synchrony
PLV_Theta_FC3_P5,0.0,Functional connectivity / synchrony
PLV_Theta_FC3_P3,0.0,Functional connectivity / synchrony
PLV_Theta_FC3_P1,0.0,Functional connectivity / synchrony
PLV_Theta_FC3_CP1,0.0,Functional connectivity / synchrony
PLV_Theta_FC3_CP3,0.0,Functional connectivity / synchrony
PLV_Theta_FC3_CP5,0.0,Functional connectivity / synchrony
PLV_Theta_FC3_TP7,0.0,Functional connectivity / synchrony
PLV_Theta_FC3_O1,0.0,Functional connectivity / synchrony
PLV_Theta_C1_C4,0.0,Functional connectivity / synchrony
PLV_Theta_C1_C2,0.0,Functional connectivity / synchrony
PLV_Theta_C1_Cz,0.0,Functional connectivity / synchrony
PLV_Theta_C1_FCz,0.0,Functional connectivity / synchrony
PLV_Theta_C1_FC2,0.0,Functional connectivity / synchrony
PLV_Theta_C1_FC4,0.0,Functional connectivity / synchrony
PLV_Theta_C1_FC6,0.0,Functional connectivity / synchrony
PLV_Theta_C1_FT8,0.0,Functional connectivity / synchrony
PLV_Theta_C1_F8,0.0,Functional connectivity / synchrony
PLV_Theta_C1_F6,0.0,Functional connectivity / synchrony
PLV_Theta_FC1_Fpz,0.0,Functional connectivity / synchrony
PLV_Theta_C1_F2,0.0,Functional connectivity / synchrony
PLV_Theta_C1_Fz,0.0,Functional connectivity / synchrony
PLV_Theta_C1_AFz,0.0,Functional connectivity / synchrony
PLV_Theta_C1_AF4,0.0,Functional connectivity / synchrony
PLV_Theta_C1_AF8,0.0,Functional connectivity / synchrony
PLV_Theta_C1_Fp2,0.0,Functional connectivity / synchrony
PLV_Theta_C1_Fpz,0.0,Functional connectivity / synchrony
PLV_Theta_C1_CPz,0.0,Functional connectivity / synchrony
PLV_Theta_C1_Pz,0.0,Functional connectivity / synchrony
PLV_Theta_C1_POz,0.0,Functional connectivity / synchrony
PLV_Theta_C1_Oz,0.0,Functional connectivity / synchrony
PLV_Theta_C1_F4,0.0,Functional connectivity / synchrony
PLV_Theta_C3_P7,0.0,Functional connectivity / synchrony
PLV_Theta_C3_P5,0.0,Functional connectivity / synchrony
PLV_Theta_C3_P3,0.0,Functional connectivity / synchrony
PLV_Theta_C3_P1,0.0,Functional connectivity / synchrony
PLV_Theta_C3_CP1,0.0,Functional connectivity / synchrony
PLV_Theta_C3_CP3,0.0,Functional connectivity / synchrony
PLV_Theta_C3_CP5,0.0,Functional connectivity / synchrony
PLV_Theta_C3_TP7,0.0,Functional connectivity / synchrony
PLV_Theta_C3_T7,0.0,Functional connectivity / synchrony
PLV_Theta_C3_C5,0.0,Functional connectivity / synchrony
PLV_Theta_C1_O2,0.0,Functional connectivity / synchrony
PLV_Theta_C1_C6,0.0,Functional connectivity / synchrony
PLV_Theta_C1_PO8,0.0,Functional connectivity / synchrony
PLV_Theta_C1_P10,0.0,Functional connectivity / synchrony
PLV_Theta_C1_P8,0.0,Functional connectivity / synchrony
PLV_Theta_C1_P6,0.0,Functional connectivity / synchrony
PLV_Theta_C1_P4,0.0,Functional connectivity / synchrony
PLV_Theta_C1_P2,0.0,Functional connectivity / synchrony
PLV_Theta_C1_CP2,0.0,Functional connectivity / synchrony
PLV_Theta_C1_CP4,0.0,Functional connectivity / synchrony
PLV_Theta_C1_CP6,0.0,Functional connectivity / synchrony
PLV_Theta_C1_TP8,0.0,Functional connectivity / synchrony
PLV_Theta_C1_T8,0.0,Functional connectivity / synchrony
PLV_Theta_C1_PO4,0.0,Functional connectivity / synchrony
PLV_Theta_FC1_CP4,0.0,Functional connectivity / synchrony
PLV_Theta_FC1_CP6,0.0,Functional connectivity / synchrony
PLV_Theta_FC1_TP8,0.0,Functional connectivity / synchrony
PLV_Theta_FC1_T8,0.0,Functional connectivity / synchrony
PLV_Theta_FC1_C6,0.0,Functional connectivity / synchrony
PLV_Theta_FC1_C4,0.0,Functional connectivity / synchrony
PLV_Theta_FC1_C2,0.0,Functional connectivity / synchrony
PLV_Theta_FC1_Cz,0.0,Functional connectivity / synchrony
PLV_Theta_FC1_FCz,0.0,Functional connectivity / synchrony
PLV_Theta_FC1_FC2,0.0,Functional connectivity / synchrony
PLV_Theta_C1_Iz,0.0,Functional connectivity / synchrony
PLV_Theta_FC1_FC6,0.0,Functional connectivity / synchrony
PLV_Theta_FC1_FT8,0.0,Functional connectivity / synchrony
PLV_Theta_FC1_F8,0.0,Functional connectivity / synchrony
PLV_Theta_FC1_F6,0.0,Functional connectivity / synchrony
PLV_Theta_FC1_F4,0.0,Functional connectivity / synchrony
PLV_Theta_FC1_F2,0.0,Functional connectivity / synchrony
PLV_Theta_FC1_Fz,0.0,Functional connectivity / synchrony
PLV_Theta_FC1_AFz,0.0,Functional connectivity / synchrony
PLV_Theta_FC1_AF4,0.0,Functional connectivity / synchrony
PLV_Theta_FC1_AF8,0.0,Functional connectivity / synchrony
PLV_Theta_FC1_Fp2,0.0,Functional connectivity / synchrony
PLV_Theta_FC1_FC4,0.0,Functional connectivity / synchrony
PLV_Theta_C1_O1,0.0,Functional connectivity / synchrony
PLV_Theta_C1_PO3,0.0,Functional connectivity / synchrony
PLV_Theta_C1_PO7,0.0,Functional connectivity / synchrony
PLV_Theta_C1_P9,0.0,Functional connectivity / synchrony
PLV_Theta_C1_P7,0.0,Functional connectivity / synchrony
PLV_Theta_C1_P5,0.0,Functional connectivity / synchrony
PLV_Theta_C1_P3,0.0,Functional connectivity / synchrony
PLV_Theta_C1_P1,0.0,Functional connectivity / synchrony
PLV_Theta_C1_CP1,0.0,Functional connectivity / synchrony
PLV_Theta_C1_CP3,0.0,Functional connectivity / synchrony
PLV_Theta_C1_CP5,0.0,Functional connectivity / synchrony
PLV_Theta_FC1_CP2,0.0,Functional connectivity / synchrony
PLV_Theta_C1_T7,0.0,Functional connectivity / synchrony
PLV_Theta_C1_C5,0.0,Functional connectivity / synchrony
PLV_Theta_C1_C3,0.0,Functional connectivity / synchrony
PLV_Theta_FC1_O2,0.0,Functional connectivity / synchrony
PLV_Theta_FC1_PO4,0.0,Functional connectivity / synchrony
PLV_Theta_FC1_PO8,0.0,Functional connectivity / synchrony
PLV_Theta_FC1_P10,0.0,Functional connectivity / synchrony
PLV_Theta_FC1_P8,0.0,Functional connectivity / synchrony
PLV_Theta_FC1_P6,0.0,Functional connectivity / synchrony
PLV_Theta_FC1_P4,0.0,Functional connectivity / synchrony
PLV_Theta_FC1_P2,0.0,Functional connectivity / synchrony
PLV_Theta_C1_TP7,0.0,Functional connectivity / synchrony
PLV_Theta_P5_CP4,0.0,Functional connectivity / synchrony
PLV_Theta_P5_CP6,0.0,Functional connectivity / synchrony
PLV_Theta_P5_TP8,0.0,Functional connectivity / synchrony
PLV_Theta_P5_T8,0.0,Functional connectivity / synchrony
PLV_Theta_P5_C6,0.0,Functional connectivity / synchrony
PLV_Theta_P5_C4,0.0,Functional connectivity / synchrony
PLV_Theta_P5_C2,0.0,Functional connectivity / synchrony
PLV_Theta_P5_Cz,0.0,Functional connectivity / synchrony
PLV_Theta_P5_FCz,0.0,Functional connectivity / synchrony
PLV_Theta_P5_FC2,0.0,Functional connectivity / synchrony
PLV_Theta_CP5_CP3,0.0,Functional connectivity / synchrony
PLV_Theta_P5_FC6,0.0,Functional connectivity / synchrony
PLV_Theta_P5_FT8,0.0,Functional connectivity / synchrony
PLV_Theta_P5_F8,0.0,Functional connectivity / synchrony
PLV_Theta_P5_F6,0.0,Functional connectivity / synchrony
PLV_Theta_P5_F4,0.0,Functional connectivity / synchrony
PLV_Theta_P5_F2,0.0,Functional connectivity / synchrony
PLV_Theta_P5_Fz,0.0,Functional connectivity / synchrony
PLV_Theta_P5_AFz,0.0,Functional connectivity / synchrony
PLV_Theta_P5_AF4,0.0,Functional connectivity / synchrony
PLV_Theta_P5_AF8,0.0,Functional connectivity / synchrony
PLV_Theta_P5_Fp2,0.0,Functional connectivity / synchrony
PLV_Theta_P5_FC4,0.0,Functional connectivity / synchrony
PLV_Theta_P7_Fz,0.0,Functional connectivity / synchrony
PLV_Theta_P7_AFz,0.0,Functional connectivity / synchrony
PLV_Theta_P7_AF4,0.0,Functional connectivity / synchrony
PLV_Theta_P7_AF8,0.0,Functional connectivity / synchrony
PLV_Theta_P7_Fp2,0.0,Functional connectivity / synchrony
PLV_Theta_P7_Fpz,0.0,Functional connectivity / synchrony
PLV_Theta_P7_CPz,0.0,Functional connectivity / synchrony
PLV_Theta_P7_Pz,0.0,Functional connectivity / synchrony
PLV_Theta_P7_POz,0.0,Functional connectivity / synchrony
PLV_Theta_P7_Oz,0.0,Functional connectivity / synchrony
PLV_Theta_P7_Iz,0.0,Functional connectivity / synchrony
PLV_Theta_P5_CP2,0.0,Functional connectivity / synchrony
PLV_Theta_P7_PO3,0.0,Functional connectivity / synchrony
PLV_Theta_P7_PO7,0.0,Functional connectivity / synchrony
PLV_Theta_P7_P9,0.0,Functional connectivity / synchrony
PLV_Theta_P5_O2,0.0,Functional connectivity / synchrony
PLV_Theta_P5_PO4,0.0,Functional connectivity / synchrony
PLV_Theta_P5_PO8,0.0,Functional connectivity / synchrony
PLV_Theta_P5_P10,0.0,Functional connectivity / synchrony
PLV_Theta_P5_P8,0.0,Functional connectivity / synchrony
PLV_Theta_P5_P6,0.0,Functional connectivity / synchrony
PLV_Theta_P5_P4,0.0,Functional connectivity / synchrony
PLV_Theta_P5_P2,0.0,Functional connectivity / synchrony
PLV_Theta_P7_O1,0.0,Functional connectivity / synchrony
PLV_Theta_P3_C4,0.0,Functional connectivity / synchrony
PLV_Theta_P3_C2,0.0,Functional connectivity / synchrony
PLV_Theta_P3_Cz,0.0,Functional connectivity / synchrony
PLV_Theta_P3_FCz,0.0,Functional connectivity / synchrony
PLV_Theta_P3_FC2,0.0,Functional connectivity / synchrony
PLV_Theta_P3_FC4,0.0,Functional connectivity / synchrony
PLV_Theta_P3_FC6,0.0,Functional connectivity / synchrony
PLV_Theta_P3_FT8,0.0,Functional connectivity / synchrony
PLV_Theta_P3_F8,0.0,Functional connectivity / synchrony
PLV_Theta_P3_F6,0.0,Functional connectivity / synchrony
PLV_Theta_P5_Fpz,0.0,Functional connectivity / synchrony
PLV_Theta_P3_F2,0.0,Functional connectivity / synchrony
PLV_Theta_P3_Fz,0.0,Functional connectivity / synchrony
PLV_Theta_P3_AFz,0.0,Functional connectivity / synchrony
PLV_Theta_P3_AF4,0.0,Functional connectivity / synchrony
PLV_Theta_P3_AF8,0.0,Functional connectivity / synchrony
PLV_Theta_P3_Fp2,0.0,Functional connectivity / synchrony
PLV_Theta_P3_Fpz,0.0,Functional connectivity / synchrony
PLV_Theta_P3_CPz,0.0,Functional connectivity / synchrony
PLV_Theta_P3_Pz,0.0,Functional connectivity / synchrony
PLV_Theta_P3_POz,0.0,Functional connectivity / synchrony
PLV_Theta_P3_Oz,0.0,Functional connectivity / synchrony
PLV_Theta_P3_F4,0.0,Functional connectivity / synchrony
PLV_Theta_P5_CPz,0.0,Functional connectivity / synchrony
PLV_Theta_P5_Pz,0.0,Functional connectivity / synchrony
PLV_Theta_P5_POz,0.0,Functional connectivity / synchrony
PLV_Theta_P5_Oz,0.0,Functional connectivity / synchrony
PLV_Theta_P5_Iz,0.0,Functional connectivity / synchrony
PLV_Theta_P5_O1,0.0,Functional connectivity / synchrony
PLV_Theta_P5_PO3,0.0,Functional connectivity / synchrony
PLV_Theta_P5_PO7,0.0,Functional connectivity / synchrony
PLV_Theta_P5_P9,0.0,Functional connectivity / synchrony
PLV_Theta_P5_P7,0.0,Functional connectivity / synchrony
PLV_Theta_P3_O2,0.0,Functional connectivity / synchrony
PLV_Theta_P3_C6,0.0,Functional connectivity / synchrony
PLV_Theta_P3_PO8,0.0,Functional connectivity / synchrony
PLV_Theta_P3_P10,0.0,Functional connectivity / synchrony
PLV_Theta_P3_P8,0.0,Functional connectivity / synchrony
PLV_Theta_P3_P6,0.0,Functional connectivity / synchrony
PLV_Theta_P3_P4,0.0,Functional connectivity / synchrony
PLV_Theta_P3_P2,0.0,Functional connectivity / synchrony
PLV_Theta_P3_CP2,0.0,Functional connectivity / synchrony
PLV_Theta_P3_CP4,0.0,Functional connectivity / synchrony
PLV_Theta_P3_CP6,0.0,Functional connectivity / synchrony
PLV_Theta_P3_TP8,0.0,Functional connectivity / synchrony
PLV_Theta_P3_T8,0.0,Functional connectivity / synchrony
PLV_Theta_P3_PO4,0.0,Functional connectivity / synchrony
PLV_Theta_PO7_Oz,0.0,Functional connectivity / synchrony
PLV_Theta_PO7_Iz,0.0,Functional connectivity / synchrony
PLV_Theta_PO7_O1,0.0,Functional connectivity / synchrony
PLV_Theta_PO7_PO3,0.0,Functional connectivity / synchrony
PLV_Theta_P9_O2,0.0,Functional connectivity / synchrony
PLV_Theta_P9_PO4,0.0,Functional connectivity / synchrony
PLV_Theta_P9_PO8,0.0,Functional connectivity / synchrony
PLV_Theta_P9_P10,0.0,Functional connectivity / synchrony
PLV_Theta_P9_P8,0.0,Functional connectivity / synchrony
PLV_Theta_P9_P6,0.0,Functional connectivity / synchrony
PLV_Theta_P7_F2,0.0,Functional connectivity / synchrony
PLV_Theta_P9_P2,0.0,Functional connectivity / synchrony
PLV_Theta_P9_CP2,0.0,Functional connectivity / synchrony
PLV_Theta_P9_CP4,0.0,Functional connectivity / synchrony
PLV_Theta_P9_CP6,0.0,Functional connectivity / synchrony
PLV_Theta_P9_TP8,0.0,Functional connectivity / synchrony
PLV_Theta_P9_T8,0.0,Functional connectivity / synchrony
PLV_Theta_P9_C6,0.0,Functional connectivity / synchrony
PLV_Theta_P9_C4,0.0,Functional connectivity / synchrony
PLV_Theta_P9_C2,0.0,Functional connectivity / synchrony
PLV_Theta_P9_Cz,0.0,Functional connectivity / synchrony
PLV_Theta_P9_FCz,0.0,Functional connectivity / synchrony
PLV_Theta_P9_P4,0.0,Functional connectivity / synchrony
PLV_Theta_PO7_TP8,0.0,Functional connectivity / synchrony
PLV_Theta_PO7_T8,0.0,Functional connectivity / synchrony
PLV_Theta_PO7_C6,0.0,Functional connectivity / synchrony
PLV_Theta_PO7_C4,0.0,Functional connectivity / synchrony
PLV_Theta_PO7_C2,0.0,Functional connectivity / synchrony
PLV_Theta_PO7_Cz,0.0,Functional connectivity / synchrony
PLV_Theta_PO7_FCz,0.0,Functional connectivity / synchrony
PLV_Theta_PO7_FC2,0.0,Functional connectivity / synchrony
PLV_Theta_PO7_FC4,0.0,Functional connectivity / synchrony
PLV_Theta_PO7_FC6,0.0,Functional connectivity / synchrony
PLV_Theta_PO7_FT8,0.0,Functional connectivity / synchrony
PLV_Theta_PO7_POz,0.0,Functional connectivity / synchrony
PLV_Theta_PO7_F6,0.0,Functional connectivity / synchrony
PLV_Theta_PO7_F4,0.0,Functional connectivity / synchrony
PLV_Theta_PO7_F2,0.0,Functional connectivity / synchrony
PLV_Theta_PO7_Fz,0.0,Functional connectivity / synchrony
PLV_Theta_PO7_AFz,0.0,Functional connectivity / synchrony
PLV_Theta_PO7_AF4,0.0,Functional connectivity / synchrony
PLV_Theta_PO7_AF8,0.0,Functional connectivity / synchrony
PLV_Theta_PO7_Fp2,0.0,Functional connectivity / synchrony
PLV_Theta_PO7_Fpz,0.0,Functional connectivity / synchrony
PLV_Theta_PO7_CPz,0.0,Functional connectivity / synchrony
PLV_Theta_PO7_Pz,0.0,Functional connectivity / synchrony
PLV_Theta_PO7_F8,0.0,Functional connectivity / synchrony
PLV_Theta_P7_P10,0.0,Functional connectivity / synchrony
PLV_Theta_P7_P8,0.0,Functional connectivity / synchrony
PLV_Theta_P7_P6,0.0,Functional connectivity / synchrony
PLV_Theta_P7_P4,0.0,Functional connectivity / synchrony
PLV_Theta_P7_P2,0.0,Functional connectivity / synchrony
PLV_Theta_P7_CP2,0.0,Functional connectivity / synchrony
PLV_Theta_P7_CP4,0.0,Functional connectivity / synchrony
PLV_Theta_P7_CP6,0.0,Functional connectivity / synchrony
PLV_Theta_P7_TP8,0.0,Functional connectivity / synchrony
PLV_Theta_P7_T8,0.0,Functional connectivity / synchrony
PLV_Theta_P9_FC2,0.0,Functional connectivity / synchrony
PLV_Theta_P7_C4,0.0,Functional connectivity / synchrony
PLV_Theta_P7_C2,0.0,Functional connectivity / synchrony
PLV_Theta_P7_Cz,0.0,Functional connectivity / synchrony
PLV_Theta_P7_FCz,0.0,Functional connectivity / synchrony
PLV_Theta_P7_FC2,0.0,Functional connectivity / synchrony
PLV_Theta_P7_FC4,0.0,Functional connectivity / synchrony
PLV_Theta_P7_FC6,0.0,Functional connectivity / synchrony
PLV_Theta_P7_FT8,0.0,Functional connectivity / synchrony
PLV_Theta_P7_F8,0.0,Functional connectivity / synchrony
PLV_Theta_P7_F6,0.0,Functional connectivity / synchrony
PLV_Theta_P7_F4,0.0,Functional connectivity / synchrony
PLV_Theta_P7_C6,0.0,Functional connectivity / synchrony
PLV_Theta_P9_FC4,0.0,Functional connectivity / synchrony
PLV_Theta_P9_FC6,0.0,Functional connectivity / synchrony
PLV_Theta_P9_FT8,0.0,Functional connectivity / synchrony
PLV_Theta_P9_F8,0.0,Functional connectivity / synchrony
PLV_Theta_P9_F6,0.0,Functional connectivity / synchrony
PLV_Theta_P9_F4,0.0,Functional connectivity / synchrony
PLV_Theta_P9_F2,0.0,Functional connectivity / synchrony
PLV_Theta_P9_Fz,0.0,Functional connectivity / synchrony
PLV_Theta_P9_AFz,0.0,Functional connectivity / synchrony
PLV_Theta_P9_AF4,0.0,Functional connectivity / synchrony
PLV_Theta_P9_AF8,0.0,Functional connectivity / synchrony
PLV_Theta_P7_PO8,0.0,Functional connectivity / synchrony
PLV_Theta_P9_Fpz,0.0,Functional connectivity / synchrony
PLV_Theta_P9_CPz,0.0,Functional connectivity / synchrony
PLV_Theta_P9_Pz,0.0,Functional connectivity / synchrony
PLV_Theta_P9_POz,0.0,Functional connectivity / synchrony
PLV_Theta_P9_Oz,0.0,Functional connectivity / synchrony
PLV_Theta_P9_Iz,0.0,Functional connectivity / synchrony
PLV_Theta_P9_O1,0.0,Functional connectivity / synchrony
PLV_Theta_P9_PO3,0.0,Functional connectivity / synchrony
PLV_Theta_P9_PO7,0.0,Functional connectivity / synchrony
PLV_Theta_P7_O2,0.0,Functional connectivity / synchrony
PLV_Theta_P7_PO4,0.0,Functional connectivity / synchrony
PLV_Theta_P9_Fp2,0.0,Functional connectivity / synchrony
PLV_Theta_CP3_F6,0.0,Functional connectivity / synchrony
PLV_Theta_CP3_F4,0.0,Functional connectivity / synchrony
PLV_Theta_CP3_F2,0.0,Functional connectivity / synchrony
PLV_Theta_CP3_Fz,0.0,Functional connectivity / synchrony
PLV_Theta_CP3_AFz,0.0,Functional connectivity / synchrony
PLV_Theta_CP3_AF4,0.0,Functional connectivity / synchrony
PLV_Theta_CP3_AF8,0.0,Functional connectivity / synchrony
PLV_Theta_CP3_Fp2,0.0,Functional connectivity / synchrony
PLV_Theta_CP3_Fpz,0.0,Functional connectivity / synchrony
PLV_Theta_CP3_CPz,0.0,Functional connectivity / synchrony
PLV_Theta_P3_Iz,0.0,Functional connectivity / synchrony
PLV_Theta_CP3_POz,0.0,Functional connectivity / synchrony
PLV_Theta_CP3_Oz,0.0,Functional connectivity / synchrony
PLV_Theta_CP3_Iz,0.0,Functional connectivity / synchrony
PLV_Theta_CP3_O1,0.0,Functional connectivity / synchrony
PLV_Theta_CP3_PO3,0.0,Functional connectivity / synchrony
PLV_Theta_CP3_PO7,0.0,Functional connectivity / synchrony
PLV_Theta_CP3_P9,0.0,Functional connectivity / synchrony
PLV_Theta_CP3_P7,0.0,Functional connectivity / synchrony
PLV_Theta_CP3_P5,0.0,Functional connectivity / synchrony
PLV_Theta_CP3_P3,0.0,Functional connectivity / synchrony
PLV_Theta_CP3_P1,0.0,Functional connectivity / synchrony
PLV_Theta_CP3_Pz,0.0,Functional connectivity / synchrony
PLV_Theta_CP1_P1,0.0,Functional connectivity / synchrony
PLV_Theta_CP3_O2,0.0,Functional connectivity / synchrony
PLV_Theta_CP3_PO4,0.0,Functional connectivity / synchrony
PLV_Theta_CP3_PO8,0.0,Functional connectivity / synchrony
PLV_Theta_CP3_P10,0.0,Functional connectivity / synchrony
PLV_Theta_CP3_P8,0.0,Functional connectivity / synchrony
PLV_Theta_CP3_P6,0.0,Functional connectivity / synchrony
PLV_Theta_CP3_P4,0.0,Functional connectivity / synchrony
PLV_Theta_CP3_P2,0.0,Functional connectivity / synchrony
PLV_Theta_CP3_CP2,0.0,Functional connectivity / synchrony
PLV_Theta_CP3_CP4,0.0,Functional connectivity / synchrony
PLV_Theta_CP3_F8,0.0,Functional connectivity / synchrony
PLV_Theta_CP3_TP8,0.0,Functional connectivity / synchrony
PLV_Theta_CP3_T8,0.0,Functional connectivity / synchrony
PLV_Theta_CP3_C6,0.0,Functional connectivity / synchrony
PLV_Theta_CP3_C4,0.0,Functional connectivity / synchrony
PLV_Theta_CP3_C2,0.0,Functional connectivity / synchrony
PLV_Theta_CP3_Cz,0.0,Functional connectivity / synchrony
PLV_Theta_CP3_FCz,0.0,Functional connectivity / synchrony
PLV_Theta_CP3_FC2,0.0,Functional connectivity / synchrony
PLV_Theta_CP3_FC4,0.0,Functional connectivity / synchrony
PLV_Theta_CP3_FC6,0.0,Functional connectivity / synchrony
PLV_Theta_CP3_FT8,0.0,Functional connectivity / synchrony
PLV_Theta_CP3_CP6,0.0,Functional connectivity / synchrony
PLV_Theta_CP5_F4,0.0,Functional connectivity / synchrony
PLV_Theta_CP5_F2,0.0,Functional connectivity / synchrony
PLV_Theta_CP5_Fz,0.0,Functional connectivity / synchrony
PLV_Theta_CP5_AFz,0.0,Functional connectivity / synchrony
PLV_Theta_CP5_AF4,0.0,Functional connectivity / synchrony
PLV_Theta_CP5_AF8,0.0,Functional connectivity / synchrony
PLV_Theta_CP5_Fp2,0.0,Functional connectivity / synchrony
PLV_Theta_CP5_Fpz,0.0,Functional connectivity / synchrony
PLV_Theta_CP5_CPz,0.0,Functional connectivity / synchrony
PLV_Theta_CP5_Pz,0.0,Functional connectivity / synchrony
PLV_Theta_CP3_CP1,0.0,Functional connectivity / synchrony
PLV_Theta_CP5_Oz,0.0,Functional connectivity / synchrony
PLV_Theta_CP5_Iz,0.0,Functional connectivity / synchrony
PLV_Theta_CP5_O1,0.0,Functional connectivity / synchrony
PLV_Theta_CP5_PO3,0.0,Functional connectivity / synchrony
PLV_Theta_CP5_PO7,0.0,Functional connectivity / synchrony
PLV_Theta_CP5_P9,0.0,Functional connectivity / synchrony
PLV_Theta_CP5_P7,0.0,Functional connectivity / synchrony
PLV_Theta_CP5_P5,0.0,Functional connectivity / synchrony
PLV_Theta_CP5_P3,0.0,Functional connectivity / synchrony
PLV_Theta_CP5_P1,0.0,Functional connectivity / synchrony
PLV_Theta_CP5_CP1,0.0,Functional connectivity / synchrony
PLV_Theta_CP5_POz,0.0,Functional connectivity / synchrony
PLV_Theta_CP5_O2,0.0,Functional connectivity / synchrony
PLV_Theta_CP5_PO4,0.0,Functional connectivity / synchrony
PLV_Theta_CP5_PO8,0.0,Functional connectivity / synchrony
PLV_Theta_CP5_P10,0.0,Functional connectivity / synchrony
PLV_Theta_CP5_P8,0.0,Functional connectivity / synchrony
PLV_Theta_CP5_P6,0.0,Functional connectivity / synchrony
PLV_Theta_CP5_P4,0.0,Functional connectivity / synchrony
PLV_Theta_CP5_P2,0.0,Functional connectivity / synchrony
PLV_Theta_CP5_CP2,0.0,Functional connectivity / synchrony
PLV_Theta_CP5_CP4,0.0,Functional connectivity / synchrony
PLV_Theta_CP5_CP6,0.0,Functional connectivity / synchrony
PLV_Theta_CP5_F6,0.0,Functional connectivity / synchrony
PLV_Theta_CP5_T8,0.0,Functional connectivity / synchrony
PLV_Theta_CP5_C6,0.0,Functional connectivity / synchrony
PLV_Theta_CP5_C4,0.0,Functional connectivity / synchrony
PLV_Theta_CP5_C2,0.0,Functional connectivity / synchrony
PLV_Theta_CP5_Cz,0.0,Functional connectivity / synchrony
PLV_Theta_CP5_FCz,0.0,Functional connectivity / synchrony
PLV_Theta_CP5_FC2,0.0,Functional connectivity / synchrony
PLV_Theta_CP5_FC4,0.0,Functional connectivity / synchrony
PLV_Theta_CP5_FC6,0.0,Functional connectivity / synchrony
PLV_Theta_CP5_FT8,0.0,Functional connectivity / synchrony
PLV_Theta_CP5_F8,0.0,Functional connectivity / synchrony
PLV_Theta_CP5_TP8,0.0,Functional connectivity / synchrony
PLV_Theta_P1_FC2,0.0,Functional connectivity / synchrony
PLV_Theta_P1_FC4,0.0,Functional connectivity / synchrony
PLV_Theta_P1_FC6,0.0,Functional connectivity / synchrony
PLV_Theta_P1_FT8,0.0,Functional connectivity / synchrony
PLV_Theta_P1_F8,0.0,Functional connectivity / synchrony
PLV_Theta_P1_F6,0.0,Functional connectivity / synchrony
PLV_Theta_P1_F4,0.0,Functional connectivity / synchrony
PLV_Theta_P1_F2,0.0,Functional connectivity / synchrony
PLV_Theta_P1_Fz,0.0,Functional connectivity / synchrony
PLV_Theta_P1_AFz,0.0,Functional connectivity / synchrony
PLV_Theta_CP1_P3,0.0,Functional connectivity / synchrony
PLV_Theta_P1_AF8,0.0,Functional connectivity / synchrony
PLV_Theta_P1_Fp2,0.0,Functional connectivity / synchrony
PLV_Theta_P1_Fpz,0.0,Functional connectivity / synchrony
PLV_Theta_P1_CPz,0.0,Functional connectivity / synchrony
PLV_Theta_P1_Pz,0.0,Functional connectivity / synchrony
PLV_Theta_P1_POz,0.0,Functional connectivity / synchrony
PLV_Theta_P1_Oz,0.0,Functional connectivity / synchrony
PLV_Theta_P1_Iz,0.0,Functional connectivity / synchrony
PLV_Theta_P1_O1,0.0,Functional connectivity / synchrony
PLV_Theta_P1_PO3,0.0,Functional connectivity / synchrony
PLV_Theta_P1_PO7,0.0,Functional connectivity / synchrony
PLV_Theta_P1_AF4,0.0,Functional connectivity / synchrony
PLV_Theta_P3_O1,0.0,Functional connectivity / synchrony
PLV_Theta_P3_PO3,0.0,Functional connectivity / synchrony
PLV_Theta_P3_PO7,0.0,Functional connectivity / synchrony
PLV_Theta_P3_P9,0.0,Functional connectivity / synchrony
PLV_Theta_P3_P7,0.0,Functional connectivity / synchrony
PLV_Theta_P3_P5,0.0,Functional connectivity / synchrony
PLV_Theta_P1_O2,0.0,Functional connectivity / synchrony
PLV_Theta_P1_PO4,0.0,Functional connectivity / synchrony
PLV_Theta_P1_PO8,0.0,Functional connectivity / synchrony
PLV_Theta_P1_P10,0.0,Functional connectivity / synchrony
PLV_Theta_P1_P8,0.0,Functional connectivity / synchrony
PLV_Theta_P1_FCz,0.0,Functional connectivity / synchrony
PLV_Theta_P1_P4,0.0,Functional connectivity / synchrony
PLV_Theta_P1_P2,0.0,Functional connectivity / synchrony
PLV_Theta_P1_CP2,0.0,Functional connectivity / synchrony
PLV_Theta_P1_CP4,0.0,Functional connectivity / synchrony
PLV_Theta_P1_CP6,0.0,Functional connectivity / synchrony
PLV_Theta_P1_TP8,0.0,Functional connectivity / synchrony
PLV_Theta_P1_T8,0.0,Functional connectivity / synchrony
PLV_Theta_P1_C6,0.0,Functional connectivity / synchrony
PLV_Theta_P1_C4,0.0,Functional connectivity / synchrony
PLV_Theta_P1_C2,0.0,Functional connectivity / synchrony
PLV_Theta_P1_Cz,0.0,Functional connectivity / synchrony
PLV_Theta_P1_P6,0.0,Functional connectivity / synchrony
PLV_Theta_CP1_FT8,0.0,Functional connectivity / synchrony
PLV_Theta_CP1_F8,0.0,Functional connectivity / synchrony
PLV_Theta_CP1_F6,0.0,Functional connectivity / synchrony
PLV_Theta_CP1_F4,0.0,Functional connectivity / synchrony
PLV_Theta_CP1_F2,0.0,Functional connectivity / synchrony
PLV_Theta_CP1_Fz,0.0,Functional connectivity / synchrony
PLV_Theta_CP1_AFz,0.0,Functional connectivity / synchrony
PLV_Theta_CP1_AF4,0.0,Functional connectivity / synchrony
PLV_Theta_CP1_AF8,0.0,Functional connectivity / synchrony
PLV_Theta_CP1_Fp2,0.0,Functional connectivity / synchrony
PLV_Theta_P1_P9,0.0,Functional connectivity / synchrony
PLV_Theta_CP1_CPz,0.0,Functional connectivity / synchrony
PLV_Theta_CP1_Pz,0.0,Functional connectivity / synchrony
PLV_Theta_CP1_POz,0.0,Functional connectivity / synchrony
PLV_Theta_CP1_Oz,0.0,Functional connectivity / synchrony
PLV_Theta_CP1_Iz,0.0,Functional connectivity / synchrony
PLV_Theta_CP1_O1,0.0,Functional connectivity / synchrony
PLV_Theta_CP1_PO3,0.0,Functional connectivity / synchrony
PLV_Theta_CP1_PO7,0.0,Functional connectivity / synchrony
PLV_Theta_CP1_P9,0.0,Functional connectivity / synchrony
PLV_Theta_CP1_P7,0.0,Functional connectivity / synchrony
PLV_Theta_CP1_P5,0.0,Functional connectivity / synchrony
PLV_Theta_CP1_Fpz,0.0,Functional connectivity / synchrony
PLV_Theta_P1_P7,0.0,Functional connectivity / synchrony
PLV_Theta_P1_P5,0.0,Functional connectivity / synchrony
PLV_Theta_P1_P3,0.0,Functional connectivity / synchrony
PLV_Theta_CP1_O2,0.0,Functional connectivity / synchrony
PLV_Theta_CP1_PO4,0.0,Functional connectivity / synchrony
PLV_Theta_CP1_PO8,0.0,Functional connectivity / synchrony
PLV_Theta_CP1_P10,0.0,Functional connectivity / synchrony
PLV_Theta_CP1_P8,0.0,Functional connectivity / synchrony
PLV_Theta_CP1_P6,0.0,Functional connectivity / synchrony
PLV_Theta_CP1_P4,0.0,Functional connectivity / synchrony
PLV_Theta_CP1_P2,0.0,Functional connectivity / synchrony
PLV_Theta_CP1_FC6,0.0,Functional connectivity / synchrony
PLV_Theta_CP1_CP4,0.0,Functional connectivity / synchrony
PLV_Theta_CP1_CP6,0.0,Functional connectivity / synchrony
PLV_Theta_CP1_TP8,0.0,Functional connectivity / synchrony
PLV_Theta_CP1_T8,0.0,Functional connectivity / synchrony
PLV_Theta_CP1_C6,0.0,Functional connectivity / synchrony
PLV_Theta_CP1_C4,0.0,Functional connectivity / synchrony
PLV_Theta_CP1_C2,0.0,Functional connectivity / synchrony
PLV_Theta_CP1_Cz,0.0,Functional connectivity / synchrony
PLV_Theta_CP1_FCz,0.0,Functional connectivity / synchrony
PLV_Theta_CP1_FC2,0.0,Functional connectivity / synchrony
PLV_Theta_CP1_FC4,0.0,Functional connectivity / synchrony
PLV_Theta_CP1_CP2,0.0,Functional connectivity / synchrony
Fpz_Energy,0.0,Time-domain statistics
Fpz_Variance,0.0,Time-domain statistics
Fpz_Mean,0.0,Time-domain statistics
Fpz_Envelope_Sync,0.0,Functional connectivity / synchrony
Fpz_Theta_Bursts,0.0,Oscillatory-envelope dynamics
Fpz_Theta_CV,0.0,Oscillatory-envelope dynamics
Fpz_Theta_Var,0.0,Oscillatory-envelope dynamics
Fpz_Theta_Mean,0.0,Oscillatory-envelope dynamics
Fpz_Alpha_Bursts,0.0,Oscillatory-envelope dynamics
Fpz_Alpha_CV,0.0,Oscillatory-envelope dynamics
PLV_Alpha_CP3_FT8,0.0,Functional connectivity / synchrony
Fpz_Alpha_Mean,0.0,Oscillatory-envelope dynamics
Fpz_Gamma_Rel,0.0,Band-power features
Fpz_Gamma_Abs,0.0,Band-power features
Fpz_Beta_Rel,0.0,Band-power features
Fpz_Beta_Abs,0.0,Band-power features
Fpz_Alpha_Abs,0.0,Band-power features
Fpz_Theta_Rel,0.0,Band-power features
Fpz_Theta_Abs,0.0,Band-power features
Fpz_Delta_Rel,0.0,Band-power features
Fpz_Delta_Abs,0.0,Band-power features
CPz_DominantFreq,0.0,Spectral summary features
Fpz_Alpha_Var,0.0,Oscillatory-envelope dynamics
Fp2_Theta_CV,0.0,Oscillatory-envelope dynamics
Fp2_Theta_Var,0.0,Oscillatory-envelope dynamics
Fp2_Theta_Mean,0.0,Oscillatory-envelope dynamics
Fp2_Alpha_Bursts,0.0,Oscillatory-envelope dynamics
Fp2_Alpha_CV,0.0,Oscillatory-envelope dynamics
Fp2_Alpha_Var,0.0,Oscillatory-envelope dynamics
Fp2_Alpha_Mean,0.0,Oscillatory-envelope dynamics
Fp2_Gamma_Abs,0.0,Band-power features
Fp2_Beta_Abs,0.0,Band-power features
Fp2_Alpha_Abs,0.0,Band-power features
Fpz_Peak2Peak,0.0,Time-domain statistics
Fp2_Theta_Abs,0.0,Band-power features
Fp2_Delta_Rel,0.0,Band-power features
Fp2_Delta_Abs,0.0,Band-power features
Fpz_DominantFreq,0.0,Spectral summary features
Fpz_TotalPower,0.0,Spectral summary features
Fpz_DifferentialEntropyStd,0.0,Entropy and complexity
Fpz_SpectralEntropy,0.0,Entropy and complexity
Fpz_ShannonEntropy,0.0,Entropy and complexity
Fpz_HjorthMobility,0.0,Hjorth features
Fpz_Skewness,0.0,Time-domain statistics
Fpz_Kurtosis,0.0,Time-domain statistics
Fp2_Theta_Rel,0.0,Band-power features
CPz_Beta_Abs,0.0,Band-power features
CPz_Alpha_Abs,0.0,Band-power features
CPz_Theta_Rel,0.0,Band-power features
CPz_Theta_Abs,0.0,Band-power features
CPz_Delta_Rel,0.0,Band-power features
CPz_Delta_Abs,0.0,Band-power features
Pz_DominantFreq,0.0,Spectral summary features
Pz_TotalPower,0.0,Spectral summary features
Pz_DifferentialEntropyStd,0.0,Entropy and complexity
Pz_SpectralEntropy,0.0,Entropy and complexity
CPz_TotalPower,0.0,Spectral summary features
Pz_HjorthComplexity,0.0,Hjorth features
Pz_HjorthMobility,0.0,Hjorth features
Pz_Skewness,0.0,Time-domain statistics
Pz_Kurtosis,0.0,Time-domain statistics
Pz_Peak2Peak,0.0,Time-domain statistics
Pz_Energy,0.0,Time-domain statistics
Pz_Variance,0.0,Time-domain statistics
Pz_RMS,0.0,Time-domain statistics
Pz_Mean,0.0,Time-domain statistics
Pz_Envelope_Sync,0.0,Functional connectivity / synchrony
Pz_Theta_Bursts,0.0,Oscillatory-envelope dynamics
Pz_ShannonEntropy,0.0,Entropy and complexity
CPz_DifferentialEntropyStd,0.0,Entropy and complexity
CPz_SpectralEntropy,0.0,Entropy and complexity
CPz_ShannonEntropy,0.0,Entropy and complexity
CPz_HjorthComplexity,0.0,Hjorth features
CPz_HjorthMobility,0.0,Hjorth features
CPz_Skewness,0.0,Time-domain statistics
CPz_Kurtosis,0.0,Time-domain statistics
CPz_Peak2Peak,0.0,Time-domain statistics
CPz_Energy,0.0,Time-domain statistics
CPz_Variance,0.0,Time-domain statistics
CPz_Beta_Rel,0.0,Band-power features
CPz_Mean,0.0,Time-domain statistics
CPz_Envelope_Sync,0.0,Functional connectivity / synchrony
CPz_Theta_Bursts,0.0,Oscillatory-envelope dynamics
CPz_Theta_CV,0.0,Oscillatory-envelope dynamics
CPz_Theta_Var,0.0,Oscillatory-envelope dynamics
CPz_Theta_Mean,0.0,Oscillatory-envelope dynamics
CPz_Alpha_Bursts,0.0,Oscillatory-envelope dynamics
CPz_Alpha_CV,0.0,Oscillatory-envelope dynamics
CPz_Alpha_Var,0.0,Oscillatory-envelope dynamics
CPz_Gamma_Rel,0.0,Band-power features
CPz_Gamma_Abs,0.0,Band-power features
CPz_RMS,0.0,Time-domain statistics
AFz_Delta_Rel,0.0,Band-power features
AFz_Delta_Abs,0.0,Band-power features
AF4_DominantFreq,0.0,Spectral summary features
AF4_TotalPower,0.0,Spectral summary features
AF4_DifferentialEntropyStd,0.0,Entropy and complexity
AF4_SpectralEntropy,0.0,Entropy and complexity
AF4_ShannonEntropy,0.0,Entropy and complexity
AF4_HjorthMobility,0.0,Hjorth features
AF4_Skewness,0.0,Time-domain statistics
AF4_Kurtosis,0.0,Time-domain statistics
Fp2_Theta_Bursts,0.0,Oscillatory-envelope dynamics
AF4_Energy,0.0,Time-domain statistics
AF4_Variance,0.0,Time-domain statistics
AF4_Mean,0.0,Time-domain statistics
AF4_Envelope_Sync,0.0,Functional connectivity / synchrony
AF4_Theta_Bursts,0.0,Oscillatory-envelope dynamics
AF4_Theta_CV,0.0,Oscillatory-envelope dynamics
AF4_Theta_Var,0.0,Oscillatory-envelope dynamics
AF4_Theta_Mean,0.0,Oscillatory-envelope dynamics
AF4_Alpha_Bursts,0.0,Oscillatory-envelope dynamics
AF4_Alpha_CV,0.0,Oscillatory-envelope dynamics
AF4_Alpha_Var,0.0,Oscillatory-envelope dynamics
AF4_Peak2Peak,0.0,Time-domain statistics
AFz_ShannonEntropy,0.0,Entropy and complexity
AFz_HjorthComplexity,0.0,Hjorth features
AFz_HjorthMobility,0.0,Hjorth features
AFz_Skewness,0.0,Time-domain statistics
AFz_Kurtosis,0.0,Time-domain statistics
AFz_Peak2Peak,0.0,Time-domain statistics
AFz_Energy,0.0,Time-domain statistics
AFz_Variance,0.0,Time-domain statistics
AFz_Mean,0.0,Time-domain statistics
AFz_Envelope_Sync,0.0,Functional connectivity / synchrony
AFz_Theta_Abs,0.0,Band-power features
AFz_Theta_CV,0.0,Oscillatory-envelope dynamics
AFz_Theta_Var,0.0,Oscillatory-envelope dynamics
AFz_Theta_Mean,0.0,Oscillatory-envelope dynamics
AFz_Alpha_Bursts,0.0,Oscillatory-envelope dynamics
AFz_Alpha_CV,0.0,Oscillatory-envelope dynamics
AFz_Alpha_Var,0.0,Oscillatory-envelope dynamics
AFz_Gamma_Abs,0.0,Band-power features
AFz_Beta_Rel,0.0,Band-power features
AFz_Beta_Abs,0.0,Band-power features
AFz_Alpha_Abs,0.0,Band-power features
AFz_Theta_Rel,0.0,Band-power features
AFz_Theta_Bursts,0.0,Oscillatory-envelope dynamics
AF8_Alpha_Bursts,0.0,Oscillatory-envelope dynamics
AF8_Alpha_CV,0.0,Oscillatory-envelope dynamics
AF8_Alpha_Var,0.0,Oscillatory-envelope dynamics
AF8_Gamma_Rel,0.0,Band-power features
AF8_Gamma_Abs,0.0,Band-power features
AF8_Beta_Abs,0.0,Band-power features
AF8_Alpha_Abs,0.0,Band-power features
AF8_Theta_Rel,0.0,Band-power features
AF8_Theta_Abs,0.0,Band-power features
AF8_Delta_Rel,0.0,Band-power features
AF4_Gamma_Rel,0.0,Band-power features
Fp2_DominantFreq,0.0,Spectral summary features
Fp2_TotalPower,0.0,Spectral summary features
Fp2_DifferentialEntropyStd,0.0,Entropy and complexity
Fp2_ShannonEntropy,0.0,Entropy and complexity
Fp2_Skewness,0.0,Time-domain statistics
Fp2_Kurtosis,0.0,Time-domain statistics
Fp2_Peak2Peak,0.0,Time-domain statistics
Fp2_Energy,0.0,Time-domain statistics
Fp2_Variance,0.0,Time-domain statistics
Fp2_Mean,0.0,Time-domain statistics
Fp2_Envelope_Sync,0.0,Functional connectivity / synchrony
AF8_Delta_Abs,0.0,Band-power features
AF4_Gamma_Abs,0.0,Band-power features
AF4_Beta_Rel,0.0,Band-power features
AF4_Beta_Abs,0.0,Band-power features
AF4_Alpha_Abs,0.0,Band-power features
AF4_Theta_Rel,0.0,Band-power features
AF4_Theta_Abs,0.0,Band-power features
AF4_Delta_Rel,0.0,Band-power features
AF4_Delta_Abs,0.0,Band-power features
AF8_DominantFreq,0.0,Spectral summary features
AF8_TotalPower,0.0,Spectral summary features
AF8_DifferentialEntropyStd,0.0,Entropy and complexity
AF8_Theta_Mean,0.0,Oscillatory-envelope dynamics
AF8_HjorthMobility,0.0,Hjorth features
AF8_Skewness,0.0,Time-domain statistics
AF8_Kurtosis,0.0,Time-domain statistics
AF8_Peak2Peak,0.0,Time-domain statistics
AF8_Energy,0.0,Time-domain statistics
AF8_Variance,0.0,Time-domain statistics
AF8_Mean,0.0,Time-domain statistics
AF8_Envelope_Sync,0.0,Functional connectivity / synchrony
AF8_Theta_Bursts,0.0,Oscillatory-envelope dynamics
AF8_Theta_CV,0.0,Oscillatory-envelope dynamics
AF8_Theta_Var,0.0,Oscillatory-envelope dynamics
AF8_ShannonEntropy,0.0,Entropy and complexity
O1_RMS,0.0,Time-domain statistics
O1_Mean,0.0,Time-domain statistics
O1_Envelope_Sync,0.0,Functional connectivity / synchrony
O1_Theta_Bursts,0.0,Oscillatory-envelope dynamics
O1_Theta_CV,0.0,Oscillatory-envelope dynamics
O1_Theta_Var,0.0,Oscillatory-envelope dynamics
O1_Theta_Mean,0.0,Oscillatory-envelope dynamics
O1_Alpha_Bursts,0.0,Oscillatory-envelope dynamics
O1_Alpha_CV,0.0,Oscillatory-envelope dynamics
O1_Alpha_Var,0.0,Oscillatory-envelope dynamics
Pz_Theta_CV,0.0,Oscillatory-envelope dynamics
O1_Gamma_Abs,0.0,Band-power features
O1_Beta_Rel,0.0,Band-power features
O1_Beta_Abs,0.0,Band-power features
O1_Alpha_Abs,0.0,Band-power features
O1_Theta_Rel,0.0,Band-power features
O1_Theta_Abs,0.0,Band-power features
O1_Delta_Rel,0.0,Band-power features
O1_Delta_Abs,0.0,Band-power features
PO3_DominantFreq,0.0,Spectral summary features
PO3_TotalPower,0.0,Spectral summary features
PO3_DifferentialEntropyStd,0.0,Entropy and complexity
O1_Gamma_Rel,0.0,Band-power features
Iz_Alpha_CV,0.0,Oscillatory-envelope dynamics
Iz_Alpha_Var,0.0,Oscillatory-envelope dynamics
Iz_Gamma_Rel,0.0,Band-power features
Iz_Gamma_Abs,0.0,Band-power features
Iz_Beta_Rel,0.0,Band-power features
Iz_Beta_Abs,0.0,Band-power features
Iz_Alpha_Abs,0.0,Band-power features
Iz_Theta_Rel,0.0,Band-power features
Iz_Theta_Abs,0.0,Band-power features
Iz_Delta_Rel,0.0,Band-power features
O1_Variance,0.0,Time-domain statistics
O1_DominantFreq,0.0,Spectral summary features
O1_TotalPower,0.0,Spectral summary features
O1_DifferentialEntropyStd,0.0,Entropy and complexity
O1_SpectralEntropy,0.0,Entropy and complexity
O1_ShannonEntropy,0.0,Entropy and complexity
O1_HjorthComplexity,0.0,Hjorth features
O1_HjorthMobility,0.0,Hjorth features
O1_Skewness,0.0,Time-domain statistics
O1_Kurtosis,0.0,Time-domain statistics
O1_Peak2Peak,0.0,Time-domain statistics
O1_Energy,0.0,Time-domain statistics
Iz_Delta_Abs,0.0,Band-power features
PO3_Theta_Abs,0.0,Band-power features
PO3_Delta_Rel,0.0,Band-power features
PO3_Delta_Abs,0.0,Band-power features
PO7_DominantFreq,0.0,Spectral summary features
PO7_TotalPower,0.0,Spectral summary features
PO7_DifferentialEntropyStd,0.0,Entropy and complexity
PO7_SpectralEntropy,0.0,Entropy and complexity
PO7_ShannonEntropy,0.0,Entropy and complexity
PO7_HjorthComplexity,0.0,Hjorth features
PO7_HjorthMobility,0.0,Hjorth features
PO3_SpectralEntropy,0.0,Entropy and complexity
PO7_Kurtosis,0.0,Time-domain statistics
PO7_Peak2Peak,0.0,Time-domain statistics
PO7_Energy,0.0,Time-domain statistics
PO7_Variance,0.0,Time-domain statistics
PO7_RMS,0.0,Time-domain statistics
PO7_Mean,0.0,Time-domain statistics
PO7_Envelope_Sync,0.0,Functional connectivity / synchrony
PO7_Theta_Bursts,0.0,Oscillatory-envelope dynamics
PO7_Theta_CV,0.0,Oscillatory-envelope dynamics
PO7_Theta_Var,0.0,Oscillatory-envelope dynamics
PO7_Theta_Mean,0.0,Oscillatory-envelope dynamics
PO7_Skewness,0.0,Time-domain statistics
PO3_ShannonEntropy,0.0,Entropy and complexity
PO3_HjorthComplexity,0.0,Hjorth features
PO3_HjorthMobility,0.0,Hjorth features
PO3_Skewness,0.0,Time-domain statistics
PO3_Kurtosis,0.0,Time-domain statistics
PO3_Peak2Peak,0.0,Time-domain statistics
PO3_Energy,0.0,Time-domain statistics
PO3_Variance,0.0,Time-domain statistics
PO3_RMS,0.0,Time-domain statistics
PO3_Mean,0.0,Time-domain statistics
PO3_Envelope_Sync,0.0,Functional connectivity / synchrony
PO3_Theta_Rel,0.0,Band-power features
PO3_Theta_CV,0.0,Oscillatory-envelope dynamics
PO3_Theta_Var,0.0,Oscillatory-envelope dynamics
PO3_Theta_Mean,0.0,Oscillatory-envelope dynamics
PO3_Alpha_Bursts,0.0,Oscillatory-envelope dynamics
PO3_Alpha_CV,0.0,Oscillatory-envelope dynamics
PO3_Alpha_Var,0.0,Oscillatory-envelope dynamics
PO3_Gamma_Rel,0.0,Band-power features
PO3_Gamma_Abs,0.0,Band-power features
PO3_Beta_Rel,0.0,Band-power features
PO3_Beta_Abs,0.0,Band-power features
PO3_Alpha_Abs,0.0,Band-power features
PO3_Theta_Bursts,0.0,Oscillatory-envelope dynamics
POz_Variance,0.0,Time-domain statistics
POz_RMS,0.0,Time-domain statistics
POz_Mean,0.0,Time-domain statistics
POz_Envelope_Sync,0.0,Functional connectivity / synchrony
POz_Theta_Bursts,0.0,Oscillatory-envelope dynamics
POz_Theta_CV,0.0,Oscillatory-envelope dynamics
POz_Theta_Var,0.0,Oscillatory-envelope dynamics
POz_Theta_Mean,0.0,Oscillatory-envelope dynamics
POz_Alpha_Bursts,0.0,Oscillatory-envelope dynamics
POz_Alpha_CV,0.0,Oscillatory-envelope dynamics
Iz_Alpha_Bursts,0.0,Oscillatory-envelope dynamics
POz_Gamma_Rel,0.0,Band-power features
POz_Gamma_Abs,0.0,Band-power features
POz_Beta_Rel,0.0,Band-power features
POz_Beta_Abs,0.0,Band-power features
POz_Theta_Rel,0.0,Band-power features
POz_Theta_Abs,0.0,Band-power features
POz_Delta_Rel,0.0,Band-power features
POz_Delta_Abs,0.0,Band-power features
Oz_DominantFreq,0.0,Spectral summary features
Oz_TotalPower,0.0,Spectral summary features
Oz_DifferentialEntropyStd,0.0,Entropy and complexity
POz_Alpha_Var,0.0,Oscillatory-envelope dynamics
Pz_Theta_Var,0.0,Oscillatory-envelope dynamics
Pz_Theta_Mean,0.0,Oscillatory-envelope dynamics
Pz_Alpha_Bursts,0.0,Oscillatory-envelope dynamics
Pz_Alpha_CV,0.0,Oscillatory-envelope dynamics
Pz_Gamma_Rel,0.0,Band-power features
Pz_Gamma_Abs,0.0,Band-power features
Pz_Beta_Rel,0.0,Band-power features
Pz_Beta_Abs,0.0,Band-power features
Pz_Theta_Rel,0.0,Band-power features
Pz_Theta_Abs,0.0,Band-power features
POz_Energy,0.0,Time-domain statistics
Pz_Delta_Abs,0.0,Band-power features
POz_DominantFreq,0.0,Spectral summary features
POz_TotalPower,0.0,Spectral summary features
POz_DifferentialEntropyStd,0.0,Entropy and complexity
POz_SpectralEntropy,0.0,Entropy and complexity
POz_ShannonEntropy,0.0,Entropy and complexity
POz_HjorthComplexity,0.0,Hjorth features
POz_HjorthMobility,0.0,Hjorth features
POz_Skewness,0.0,Time-domain statistics
POz_Kurtosis,0.0,Time-domain statistics
POz_Peak2Peak,0.0,Time-domain statistics
Pz_Delta_Rel,0.0,Band-power features
Oz_Theta_Abs,0.0,Band-power features
Oz_Delta_Rel,0.0,Band-power features
Oz_Delta_Abs,0.0,Band-power features
Iz_DominantFreq,0.0,Spectral summary features
Iz_TotalPower,0.0,Spectral summary features
Iz_DifferentialEntropyStd,0.0,Entropy and complexity
Iz_SpectralEntropy,0.0,Entropy and complexity
Iz_ShannonEntropy,0.0,Entropy and complexity
Iz_HjorthComplexity,0.0,Hjorth features
Iz_HjorthMobility,0.0,Hjorth features
Oz_SpectralEntropy,0.0,Entropy and complexity
Iz_Kurtosis,0.0,Time-domain statistics
Iz_Peak2Peak,0.0,Time-domain statistics
Iz_Energy,0.0,Time-domain statistics
Iz_Variance,0.0,Time-domain statistics
Iz_RMS,0.0,Time-domain statistics
Iz_Mean,0.0,Time-domain statistics
Iz_Envelope_Sync,0.0,Functional connectivity / synchrony
Iz_Theta_Bursts,0.0,Oscillatory-envelope dynamics
Iz_Theta_CV,0.0,Oscillatory-envelope dynamics
Iz_Theta_Var,0.0,Oscillatory-envelope dynamics
Iz_Theta_Mean,0.0,Oscillatory-envelope dynamics
Iz_Skewness,0.0,Time-domain statistics
Oz_ShannonEntropy,0.0,Entropy and complexity
Oz_HjorthComplexity,0.0,Hjorth features
Oz_HjorthMobility,0.0,Hjorth features
Oz_Skewness,0.0,Time-domain statistics
Oz_Kurtosis,0.0,Time-domain statistics
Oz_Peak2Peak,0.0,Time-domain statistics
Oz_Energy,0.0,Time-domain statistics
Oz_Variance,0.0,Time-domain statistics
Oz_RMS,0.0,Time-domain statistics
Oz_Mean,0.0,Time-domain statistics
Oz_Envelope_Sync,0.0,Functional connectivity / synchrony
Oz_Theta_Rel,0.0,Band-power features
Oz_Theta_CV,0.0,Oscillatory-envelope dynamics
Oz_Theta_Var,0.0,Oscillatory-envelope dynamics
Oz_Theta_Mean,0.0,Oscillatory-envelope dynamics
Oz_Alpha_Bursts,0.0,Oscillatory-envelope dynamics
Oz_Alpha_CV,0.0,Oscillatory-envelope dynamics
Oz_Alpha_Var,0.0,Oscillatory-envelope dynamics
Oz_Gamma_Rel,0.0,Band-power features
Oz_Gamma_Abs,0.0,Band-power features
Oz_Beta_Rel,0.0,Band-power features
Oz_Beta_Abs,0.0,Band-power features
Oz_Alpha_Abs,0.0,Band-power features
Oz_Theta_Bursts,0.0,Oscillatory-envelope dynamics
FC2_Envelope_Sync,0.0,Functional connectivity / synchrony
FC2_Theta_Bursts,0.0,Oscillatory-envelope dynamics
FC2_Theta_CV,0.0,Oscillatory-envelope dynamics
FC2_Theta_Var,0.0,Oscillatory-envelope dynamics
FC2_Theta_Mean,0.0,Oscillatory-envelope dynamics
FC2_Alpha_Bursts,0.0,Oscillatory-envelope dynamics
FC2_Alpha_CV,0.0,Oscillatory-envelope dynamics
FC2_Alpha_Var,0.0,Oscillatory-envelope dynamics
FC2_Gamma_Rel,0.0,Band-power features
FC2_Gamma_Abs,0.0,Band-power features
AFz_SpectralEntropy,0.0,Entropy and complexity
FC2_Beta_Abs,0.0,Band-power features
FC2_Alpha_Abs,0.0,Band-power features
FC2_Theta_Rel,0.0,Band-power features
FC2_Theta_Abs,0.0,Band-power features
FC2_Delta_Rel,0.0,Band-power features
FC2_Delta_Abs,0.0,Band-power features
FC4_DominantFreq,0.0,Spectral summary features
FC4_TotalPower,0.0,Spectral summary features
FC4_DifferentialEntropyStd,0.0,Entropy and complexity
FC4_SpectralEntropy,0.0,Entropy and complexity
FC4_ShannonEntropy,0.0,Entropy and complexity
FC2_Beta_Rel,0.0,Band-power features
FCz_Theta_CV,0.0,Oscillatory-envelope dynamics
FCz_Theta_Var,0.0,Oscillatory-envelope dynamics
FCz_Theta_Mean,0.0,Oscillatory-envelope dynamics
FCz_Alpha_Bursts,0.0,Oscillatory-envelope dynamics
FCz_Alpha_CV,0.0,Oscillatory-envelope dynamics
FCz_Alpha_Var,0.0,Oscillatory-envelope dynamics
FCz_Gamma_Abs,0.0,Band-power features
FCz_Beta_Rel,0.0,Band-power features
FCz_Beta_Abs,0.0,Band-power features
FCz_Alpha_Abs,0.0,Band-power features
FC2_Mean,0.0,Time-domain statistics
FCz_Theta_Abs,0.0,Band-power features
FCz_Delta_Rel,0.0,Band-power features
FCz_Delta_Abs,0.0,Band-power features
FC2_DominantFreq,0.0,Spectral summary features
FC2_TotalPower,0.0,Spectral summary features
FC2_DifferentialEntropyStd,0.0,Entropy and complexity
FC2_SpectralEntropy,0.0,Entropy and complexity
FC2_ShannonEntropy,0.0,Entropy and complexity
FC2_HjorthMobility,0.0,Hjorth features
FC2_Skewness,0.0,Time-domain statistics
FC2_Kurtosis,0.0,Time-domain statistics
FCz_Theta_Rel,0.0,Band-power features
FC6_TotalPower,0.0,Spectral summary features
FC6_DifferentialEntropyStd,0.0,Entropy and complexity
FC6_SpectralEntropy,0.0,Entropy and complexity
FC6_ShannonEntropy,0.0,Entropy and complexity
FC6_HjorthComplexity,0.0,Hjorth features
FC6_HjorthMobility,0.0,Hjorth features
FC6_Skewness,0.0,Time-domain statistics
FC6_Kurtosis,0.0,Time-domain statistics
FC6_Peak2Peak,0.0,Time-domain statistics
FC6_Energy,0.0,Time-domain statistics
FC4_HjorthComplexity,0.0,Hjorth features
FC6_Mean,0.0,Time-domain statistics
FC6_Envelope_Sync,0.0,Functional connectivity / synchrony
FC6_Theta_Bursts,0.0,Oscillatory-envelope dynamics
FC6_Theta_CV,0.0,Oscillatory-envelope dynamics
FC6_Theta_Var,0.0,Oscillatory-envelope dynamics
FC6_Theta_Mean,0.0,Oscillatory-envelope dynamics
FC6_Alpha_Bursts,0.0,Oscillatory-envelope dynamics
FC6_Alpha_CV,0.0,Oscillatory-envelope dynamics
FC6_Alpha_Var,0.0,Oscillatory-envelope dynamics
FC6_Gamma_Rel,0.0,Band-power features
FC6_Gamma_Abs,0.0,Band-power features
FC6_Variance,0.0,Time-domain statistics
FC4_HjorthMobility,0.0,Hjorth features
FC4_Skewness,0.0,Time-domain statistics
FC4_Kurtosis,0.0,Time-domain statistics
FC4_Peak2Peak,0.0,Time-domain statistics
FC4_Variance,0.0,Time-domain statistics
FC4_Mean,0.0,Time-domain statistics
FC4_Envelope_Sync,0.0,Functional connectivity / synchrony
FC4_Theta_Bursts,0.0,Oscillatory-envelope dynamics
FC4_Theta_CV,0.0,Oscillatory-envelope dynamics
FC4_Theta_Var,0.0,Oscillatory-envelope dynamics
FC4_Theta_Mean,0.0,Oscillatory-envelope dynamics
FC6_DominantFreq,0.0,Spectral summary features
FC4_Alpha_CV,0.0,Oscillatory-envelope dynamics
FC4_Alpha_Var,0.0,Oscillatory-envelope dynamics
FC4_Gamma_Rel,0.0,Band-power features
FC4_Gamma_Abs,0.0,Band-power features
FC4_Beta_Rel,0.0,Band-power features
FC4_Beta_Abs,0.0,Band-power features
FC4_Alpha_Abs,0.0,Band-power features
FC4_Theta_Rel,0.0,Band-power features
FC4_Theta_Abs,0.0,Band-power features
FC4_Delta_Rel,0.0,Band-power features
FC4_Delta_Abs,0.0,Band-power features
FC4_Alpha_Bursts,0.0,Oscillatory-envelope dynamics
C4_Delta_Rel,0.0,Band-power features
C4_Delta_Abs,0.0,Band-power features
C2_DominantFreq,0.0,Spectral summary features
C2_TotalPower,0.0,Spectral summary features
C2_DifferentialEntropyStd,0.0,Entropy and complexity
C2_SpectralEntropy,0.0,Entropy and complexity
C2_ShannonEntropy,0.0,Entropy and complexity
C2_HjorthComplexity,0.0,Hjorth features
C2_HjorthMobility,0.0,Hjorth features
C2_Skewness,0.0,Time-domain statistics
FCz_Theta_Bursts,0.0,Oscillatory-envelope dynamics
C2_Peak2Peak,0.0,Time-domain statistics
C2_Variance,0.0,Time-domain statistics
C2_Mean,0.0,Time-domain statistics
C2_Envelope_Sync,0.0,Functional connectivity / synchrony
C2_Theta_Bursts,0.0,Oscillatory-envelope dynamics
C2_Theta_CV,0.0,Oscillatory-envelope dynamics
C2_Theta_Var,0.0,Oscillatory-envelope dynamics
C2_Theta_Mean,0.0,Oscillatory-envelope dynamics
C2_Alpha_Bursts,0.0,Oscillatory-envelope dynamics
C2_Alpha_CV,0.0,Oscillatory-envelope dynamics
C2_Alpha_Var,0.0,Oscillatory-envelope dynamics
C2_Kurtosis,0.0,Time-domain statistics
C4_DifferentialEntropyStd,0.0,Entropy and complexity
C4_SpectralEntropy,0.0,Entropy and complexity
C4_ShannonEntropy,0.0,Entropy and complexity
C4_HjorthComplexity,0.0,Hjorth features
C4_HjorthMobility,0.0,Hjorth features
C4_Skewness,0.0,Time-domain statistics
C4_Kurtosis,0.0,Time-domain statistics
C4_Peak2Peak,0.0,Time-domain statistics
C4_Variance,0.0,Time-domain statistics
C4_Mean,0.0,Time-domain statistics
C4_Theta_Abs,0.0,Band-power features
C4_Theta_Bursts,0.0,Oscillatory-envelope dynamics
C4_Theta_CV,0.0,Oscillatory-envelope dynamics
C4_Theta_Var,0.0,Oscillatory-envelope dynamics
C4_Theta_Mean,0.0,Oscillatory-envelope dynamics
C4_Alpha_Bursts,0.0,Oscillatory-envelope dynamics
C4_Alpha_CV,0.0,Oscillatory-envelope dynamics
C4_Alpha_Var,0.0,Oscillatory-envelope dynamics
C4_Gamma_Abs,0.0,Band-power features
C4_Beta_Abs,0.0,Band-power features
C4_Alpha_Abs,0.0,Band-power features
C4_Theta_Rel,0.0,Band-power features
C4_Envelope_Sync,0.0,Functional connectivity / synchrony
Cz_Alpha_CV,0.0,Oscillatory-envelope dynamics
Cz_Alpha_Var,0.0,Oscillatory-envelope dynamics
Cz_Gamma_Rel,0.0,Band-power features
Cz_Gamma_Abs,0.0,Band-power features
Cz_Beta_Abs,0.0,Band-power features
Cz_Alpha_Abs,0.0,Band-power features
Cz_Theta_Rel,0.0,Band-power features
Cz_Theta_Abs,0.0,Band-power features
Cz_Delta_Rel,0.0,Band-power features
Cz_Delta_Abs,0.0,Band-power features
C2_Gamma_Rel,0.0,Band-power features
FCz_TotalPower,0.0,Spectral summary features
FCz_DifferentialEntropyStd,0.0,Entropy and complexity
FCz_SpectralEntropy,0.0,Entropy and complexity
FCz_ShannonEntropy,0.0,Entropy and complexity
FCz_HjorthComplexity,0.0,Hjorth features
FCz_HjorthMobility,0.0,Hjorth features
FCz_Skewness,0.0,Time-domain statistics
FCz_Kurtosis,0.0,Time-domain statistics
FCz_Peak2Peak,0.0,Time-domain statistics
FCz_Mean,0.0,Time-domain statistics
FCz_Envelope_Sync,0.0,Functional connectivity / synchrony
FCz_DominantFreq,0.0,Spectral summary features
C2_Gamma_Abs,0.0,Band-power features
C2_Beta_Rel,0.0,Band-power features
C2_Beta_Abs,0.0,Band-power features
C2_Alpha_Abs,0.0,Band-power features
C2_Theta_Rel,0.0,Band-power features
C2_Theta_Abs,0.0,Band-power features
C2_Delta_Rel,0.0,Band-power features
C2_Delta_Abs,0.0,Band-power features
Cz_DominantFreq,0.0,Spectral summary features
Cz_TotalPower,0.0,Spectral summary features
Cz_DifferentialEntropyStd,0.0,Entropy and complexity
Cz_Alpha_Bursts,0.0,Oscillatory-envelope dynamics
Cz_HjorthComplexity,0.0,Hjorth features
Cz_HjorthMobility,0.0,Hjorth features
Cz_Skewness,0.0,Time-domain statistics
Cz_Kurtosis,0.0,Time-domain statistics
Cz_Peak2Peak,0.0,Time-domain statistics
Cz_Mean,0.0,Time-domain statistics
Cz_Envelope_Sync,0.0,Functional connectivity / synchrony
Cz_Theta_Bursts,0.0,Oscillatory-envelope dynamics
Cz_Theta_CV,0.0,Oscillatory-envelope dynamics
Cz_Theta_Var,0.0,Oscillatory-envelope dynamics
Cz_Theta_Mean,0.0,Oscillatory-envelope dynamics
Cz_ShannonEntropy,0.0,Entropy and complexity
F4_Gamma_Abs,0.0,Band-power features
F4_Beta_Rel,0.0,Band-power features
F4_Beta_Abs,0.0,Band-power features
F4_Alpha_Abs,0.0,Band-power features
F4_Theta_Rel,0.0,Band-power features
F4_Theta_Abs,0.0,Band-power features
F4_Delta_Rel,0.0,Band-power features
F4_Delta_Abs,0.0,Band-power features
F2_DominantFreq,0.0,Spectral summary features
F2_TotalPower,0.0,Spectral summary features
FC6_Beta_Rel,0.0,Band-power features
F2_SpectralEntropy,0.0,Entropy and complexity
F2_ShannonEntropy,0.0,Entropy and complexity
F2_HjorthComplexity,0.0,Hjorth features
F2_HjorthMobility,0.0,Hjorth features
F2_Skewness,0.0,Time-domain statistics
F2_Kurtosis,0.0,Time-domain statistics
F2_Peak2Peak,0.0,Time-domain statistics
F2_Variance,0.0,Time-domain statistics
F2_Mean,0.0,Time-domain statistics
F2_Envelope_Sync,0.0,Functional connectivity / synchrony
F2_Theta_Bursts,0.0,Oscillatory-envelope dynamics
F2_DifferentialEntropyStd,0.0,Entropy and complexity
F6_Delta_Abs,0.0,Band-power features
F4_DominantFreq,0.0,Spectral summary features
F4_TotalPower,0.0,Spectral summary features
F4_DifferentialEntropyStd,0.0,Entropy and complexity
F4_SpectralEntropy,0.0,Entropy and complexity
F4_ShannonEntropy,0.0,Entropy and complexity
F4_HjorthComplexity,0.0,Hjorth features
F4_HjorthMobility,0.0,Hjorth features
F4_Skewness,0.0,Time-domain statistics
F4_Kurtosis,0.0,Time-domain statistics
F4_Gamma_Rel,0.0,Band-power features
F4_Energy,0.0,Time-domain statistics
F4_Variance,0.0,Time-domain statistics
F4_Mean,0.0,Time-domain statistics
F4_Envelope_Sync,0.0,Functional connectivity / synchrony
F4_Theta_Bursts,0.0,Oscillatory-envelope dynamics
F4_Theta_CV,0.0,Oscillatory-envelope dynamics
F4_Theta_Var,0.0,Oscillatory-envelope dynamics
F4_Theta_Mean,0.0,Oscillatory-envelope dynamics
F4_Alpha_Bursts,0.0,Oscillatory-envelope dynamics
F4_Alpha_CV,0.0,Oscillatory-envelope dynamics
F4_Alpha_Var,0.0,Oscillatory-envelope dynamics
F4_Peak2Peak,0.0,Time-domain statistics
Fz_Variance,0.0,Time-domain statistics
Fz_Mean,0.0,Time-domain statistics
Fz_Envelope_Sync,0.0,Functional connectivity / synchrony
Fz_Theta_Bursts,0.0,Oscillatory-envelope dynamics
Fz_Theta_CV,0.0,Oscillatory-envelope dynamics
Fz_Theta_Var,0.0,Oscillatory-envelope dynamics
Fz_Theta_Mean,0.0,Oscillatory-envelope dynamics
Fz_Alpha_Bursts,0.0,Oscillatory-envelope dynamics
Fz_Alpha_CV,0.0,Oscillatory-envelope dynamics
Fz_Alpha_Var,0.0,Oscillatory-envelope dynamics
F2_Theta_CV,0.0,Oscillatory-envelope dynamics
Fz_Gamma_Abs,0.0,Band-power features
Fz_Beta_Rel,0.0,Band-power features
Fz_Beta_Abs,0.0,Band-power features
Fz_Alpha_Abs,0.0,Band-power features
Fz_Theta_Rel,0.0,Band-power features
Fz_Theta_Abs,0.0,Band-power features
Fz_Delta_Rel,0.0,Band-power features
Fz_Delta_Abs,0.0,Band-power features
AFz_DominantFreq,0.0,Spectral summary features
AFz_TotalPower,0.0,Spectral summary features
AFz_DifferentialEntropyStd,0.0,Entropy and complexity
Fz_Gamma_Rel,0.0,Band-power features
F2_Theta_Var,0.0,Oscillatory-envelope dynamics
F2_Theta_Mean,0.0,Oscillatory-envelope dynamics
F2_Alpha_Bursts,0.0,Oscillatory-envelope dynamics
F2_Alpha_CV,0.0,Oscillatory-envelope dynamics
F2_Alpha_Var,0.0,Oscillatory-envelope dynamics
F2_Gamma_Rel,0.0,Band-power features
F2_Gamma_Abs,0.0,Band-power features
F2_Beta_Rel,0.0,Band-power features
F2_Beta_Abs,0.0,Band-power features
F2_Alpha_Abs,0.0,Band-power features
F2_Theta_Rel,0.0,Band-power features
Fz_Peak2Peak,0.0,Time-domain statistics
F2_Delta_Rel,0.0,Band-power features
F2_Delta_Abs,0.0,Band-power features
Fz_DominantFreq,0.0,Spectral summary features
Fz_TotalPower,0.0,Spectral summary features
Fz_DifferentialEntropyStd,0.0,Entropy and complexity
Fz_SpectralEntropy,0.0,Entropy and complexity
Fz_ShannonEntropy,0.0,Entropy and complexity
Fz_HjorthComplexity,0.0,Hjorth features
Fz_HjorthMobility,0.0,Hjorth features
Fz_Skewness,0.0,Time-domain statistics
Fz_Kurtosis,0.0,Time-domain statistics
F2_Theta_Abs,0.0,Band-power features
FT8_Theta_Mean,0.0,Oscillatory-envelope dynamics
FT8_Alpha_Bursts,0.0,Oscillatory-envelope dynamics
FT8_Alpha_CV,0.0,Oscillatory-envelope dynamics
FT8_Alpha_Var,0.0,Oscillatory-envelope dynamics
FT8_Gamma_Rel,0.0,Band-power features
FT8_Gamma_Abs,0.0,Band-power features
FT8_Beta_Abs,0.0,Band-power features
FT8_Alpha_Abs,0.0,Band-power features
FT8_Theta_Rel,0.0,Band-power features
FT8_Theta_Abs,0.0,Band-power features
F6_Delta_Rel,0.0,Band-power features
FT8_Delta_Abs,0.0,Band-power features
F8_DominantFreq,0.0,Spectral summary features
F8_TotalPower,0.0,Spectral summary features
F8_DifferentialEntropyStd,0.0,Entropy and complexity
F8_SpectralEntropy,0.0,Entropy and complexity
F8_ShannonEntropy,0.0,Entropy and complexity
F8_HjorthMobility,0.0,Hjorth features
F8_Skewness,0.0,Time-domain statistics
F8_Kurtosis,0.0,Time-domain statistics
F8_Peak2Peak,0.0,Time-domain statistics
F8_Energy,0.0,Time-domain statistics
FT8_Delta_Rel,0.0,Band-power features
FC6_Beta_Abs,0.0,Band-power features
FC6_Alpha_Abs,0.0,Band-power features
FC6_Theta_Rel,0.0,Band-power features
FC6_Theta_Abs,0.0,Band-power features
FC6_Delta_Rel,0.0,Band-power features
FC6_Delta_Abs,0.0,Band-power features
FT8_DominantFreq,0.0,Spectral summary features
FT8_TotalPower,0.0,Spectral summary features
FT8_DifferentialEntropyStd,0.0,Entropy and complexity
FT8_SpectralEntropy,0.0,Entropy and complexity
FT8_Theta_Var,0.0,Oscillatory-envelope dynamics
FT8_HjorthComplexity,0.0,Hjorth features
FT8_HjorthMobility,0.0,Hjorth features
FT8_Skewness,0.0,Time-domain statistics
FT8_Kurtosis,0.0,Time-domain statistics
FT8_Peak2Peak,0.0,Time-domain statistics
FT8_Energy,0.0,Time-domain statistics
FT8_Variance,0.0,Time-domain statistics
FT8_Mean,0.0,Time-domain statistics
FT8_Envelope_Sync,0.0,Functional connectivity / synchrony
FT8_Theta_Bursts,0.0,Oscillatory-envelope dynamics
FT8_Theta_CV,0.0,Oscillatory-envelope dynamics
FT8_ShannonEntropy,0.0,Entropy and complexity
F6_HjorthMobility,0.0,Hjorth features
F6_Skewness,0.0,Time-domain statistics
F6_Kurtosis,0.0,Time-domain statistics
F6_Peak2Peak,0.0,Time-domain statistics
F6_Energy,0.0,Time-domain statistics
F6_Variance,0.0,Time-domain statistics
F6_Mean,0.0,Time-domain statistics
F6_Envelope_Sync,0.0,Functional connectivity / synchrony
F6_Theta_Bursts,0.0,Oscillatory-envelope dynamics
F6_Theta_CV,0.0,Oscillatory-envelope dynamics
F8_Variance,0.0,Time-domain statistics
F6_Theta_Mean,0.0,Oscillatory-envelope dynamics
F6_Alpha_Bursts,0.0,Oscillatory-envelope dynamics
F6_Alpha_CV,0.0,Oscillatory-envelope dynamics
F6_Alpha_Var,0.0,Oscillatory-envelope dynamics
F6_Gamma_Rel,0.0,Band-power features
F6_Gamma_Abs,0.0,Band-power features
F6_Beta_Rel,0.0,Band-power features
F6_Beta_Abs,0.0,Band-power features
F6_Alpha_Abs,0.0,Band-power features
F6_Theta_Rel,0.0,Band-power features
F6_Theta_Abs,0.0,Band-power features
F6_Theta_Var,0.0,Oscillatory-envelope dynamics
F8_Mean,0.0,Time-domain statistics
F8_Envelope_Sync,0.0,Functional connectivity / synchrony
F8_Theta_Bursts,0.0,Oscillatory-envelope dynamics
F8_Theta_CV,0.0,Oscillatory-envelope dynamics
F8_Theta_Var,0.0,Oscillatory-envelope dynamics
F8_Theta_Mean,0.0,Oscillatory-envelope dynamics
F8_Alpha_Bursts,0.0,Oscillatory-envelope dynamics
F8_Alpha_CV,0.0,Oscillatory-envelope dynamics
F8_Alpha_Var,0.0,Oscillatory-envelope dynamics
F8_Gamma_Rel,0.0,Band-power features
F8_Gamma_Abs,0.0,Band-power features
F6_HjorthComplexity,0.0,Hjorth features
F8_Beta_Abs,0.0,Band-power features
F8_Alpha_Abs,0.0,Band-power features
F8_Theta_Rel,0.0,Band-power features
F8_Theta_Abs,0.0,Band-power features
F8_Delta_Rel,0.0,Band-power features
F8_Delta_Abs,0.0,Band-power features
F6_DominantFreq,0.0,Spectral summary features
F6_TotalPower,0.0,Spectral summary features
F6_DifferentialEntropyStd,0.0,Entropy and complexity
F6_SpectralEntropy,0.0,Entropy and complexity
F6_ShannonEntropy,0.0,Entropy and complexity
F8_Beta_Rel,0.0,Band-power features
FC5_Alpha_Bursts,0.0,Oscillatory-envelope dynamics
FC5_Alpha_CV,0.0,Oscillatory-envelope dynamics
FC5_Alpha_Var,0.0,Oscillatory-envelope dynamics
FC5_Alpha_Mean,0.0,Oscillatory-envelope dynamics
FC5_Gamma_Rel,0.0,Band-power features
FC5_Gamma_Abs,0.0,Band-power features
FC5_Beta_Rel,0.0,Band-power features
FC5_Beta_Abs,0.0,Band-power features
FC5_Alpha_Abs,0.0,Band-power features
FC5_Theta_Rel,0.0,Band-power features
PO7_Alpha_Bursts,0.0,Oscillatory-envelope dynamics
FC5_Delta_Rel,0.0,Band-power features
FC5_Delta_Abs,0.0,Band-power features
FT7_DominantFreq,0.0,Spectral summary features
FT7_TotalPower,0.0,Spectral summary features
FT7_DifferentialEntropyStd,0.0,Entropy and complexity
FT7_SpectralEntropy,0.0,Entropy and complexity
FT7_ShannonEntropy,0.0,Entropy and complexity
FT7_HjorthComplexity,0.0,Hjorth features
FT7_HjorthMobility,0.0,Hjorth features
FT7_Skewness,0.0,Time-domain statistics
FT7_Kurtosis,0.0,Time-domain statistics
FC5_Theta_Abs,0.0,Band-power features
FC3_Alpha_Abs,0.0,Band-power features
FC3_Theta_Rel,0.0,Band-power features
FC3_Theta_Abs,0.0,Band-power features
FC3_Delta_Rel,0.0,Band-power features
FC3_Delta_Abs,0.0,Band-power features
FC5_DominantFreq,0.0,Spectral summary features
FC5_TotalPower,0.0,Spectral summary features
FC5_DifferentialEntropyStd,0.0,Entropy and complexity
FC5_SpectralEntropy,0.0,Entropy and complexity
FC5_ShannonEntropy,0.0,Entropy and complexity
FC5_Theta_Mean,0.0,Oscillatory-envelope dynamics
FC5_HjorthMobility,0.0,Hjorth features
FC5_Skewness,0.0,Time-domain statistics
FC5_Kurtosis,0.0,Time-domain statistics
FC5_Peak2Peak,0.0,Time-domain statistics
FC5_Energy,0.0,Time-domain statistics
FC5_Variance,0.0,Time-domain statistics
FC5_Mean,0.0,Time-domain statistics
FC5_Envelope_Sync,0.0,Functional connectivity / synchrony
FC5_Theta_Bursts,0.0,Oscillatory-envelope dynamics
FC5_Theta_CV,0.0,Oscillatory-envelope dynamics
FC5_Theta_Var,0.0,Oscillatory-envelope dynamics
FC5_HjorthComplexity,0.0,Hjorth features
F7_DominantFreq,0.0,Spectral summary features
F7_TotalPower,0.0,Spectral summary features
F7_DifferentialEntropyStd,0.0,Entropy and complexity
F7_SpectralEntropy,0.0,Entropy and complexity
F7_ShannonEntropy,0.0,Entropy and complexity
F7_HjorthComplexity,0.0,Hjorth features
F7_HjorthMobility,0.0,Hjorth features
F7_Skewness,0.0,Time-domain statistics
F7_Kurtosis,0.0,Time-domain statistics
F7_Peak2Peak,0.0,Time-domain statistics
FT7_Peak2Peak,0.0,Time-domain statistics
F7_Variance,0.0,Time-domain statistics
F7_RMS,0.0,Time-domain statistics
F7_Mean,0.0,Time-domain statistics
F7_Envelope_Sync,0.0,Functional connectivity / synchrony
F7_Theta_Bursts,0.0,Oscillatory-envelope dynamics
F7_Theta_CV,0.0,Oscillatory-envelope dynamics
F7_Theta_Var,0.0,Oscillatory-envelope dynamics
F7_Theta_Mean,0.0,Oscillatory-envelope dynamics
F7_Alpha_Bursts,0.0,Oscillatory-envelope dynamics
F7_Alpha_CV,0.0,Oscillatory-envelope dynamics
F7_Alpha_Var,0.0,Oscillatory-envelope dynamics
F7_Energy,0.0,Time-domain statistics
FT7_Energy,0.0,Time-domain statistics
FT7_Variance,0.0,Time-domain statistics
FT7_RMS,0.0,Time-domain statistics
FT7_Mean,0.0,Time-domain statistics
FT7_Envelope_Sync,0.0,Functional connectivity / synchrony
FT7_Theta_Bursts,0.0,Oscillatory-envelope dynamics
FT7_Theta_CV,0.0,Oscillatory-envelope dynamics
FT7_Theta_Var,0.0,Oscillatory-envelope dynamics
FT7_Theta_Mean,0.0,Oscillatory-envelope dynamics
FT7_Alpha_Bursts,0.0,Oscillatory-envelope dynamics
FT7_Delta_Abs,0.0,Band-power features
FT7_Alpha_Var,0.0,Oscillatory-envelope dynamics
FT7_Alpha_Mean,0.0,Oscillatory-envelope dynamics
FT7_Gamma_Rel,0.0,Band-power features
FT7_Gamma_Abs,0.0,Band-power features
FT7_Beta_Rel,0.0,Band-power features
FT7_Beta_Abs,0.0,Band-power features
FT7_Alpha_Rel,0.0,Band-power features
FT7_Alpha_Abs,0.0,Band-power features
FT7_Theta_Rel,0.0,Band-power features
FT7_Theta_Abs,0.0,Band-power features
FT7_Delta_Rel,0.0,Band-power features
FT7_Alpha_CV,0.0,Oscillatory-envelope dynamics
C1_DifferentialEntropyStd,0.0,Entropy and complexity
C1_ShannonEntropy,0.0,Entropy and complexity
C1_HjorthMobility,0.0,Hjorth features
C1_Skewness,0.0,Time-domain statistics
C1_Kurtosis,0.0,Time-domain statistics
C1_Peak2Peak,0.0,Time-domain statistics
C1_Mean,0.0,Time-domain statistics
C1_Envelope_Sync,0.0,Functional connectivity / synchrony
C1_Theta_Bursts,0.0,Oscillatory-envelope dynamics
C1_Theta_CV,0.0,Oscillatory-envelope dynamics
FC3_Beta_Abs,0.0,Band-power features
C1_Theta_Mean,0.0,Oscillatory-envelope dynamics
C1_Alpha_Bursts,0.0,Oscillatory-envelope dynamics
C1_Alpha_CV,0.0,Oscillatory-envelope dynamics
C1_Alpha_Var,0.0,Oscillatory-envelope dynamics
C1_Gamma_Abs,0.0,Band-power features
C1_Beta_Abs,0.0,Band-power features
C1_Alpha_Abs,0.0,Band-power features
C1_Theta_Rel,0.0,Band-power features
C1_Theta_Abs,0.0,Band-power features
C1_Delta_Rel,0.0,Band-power features
C1_Delta_Abs,0.0,Band-power features
C1_Theta_Var,0.0,Oscillatory-envelope dynamics
C3_Kurtosis,0.0,Time-domain statistics
C3_Peak2Peak,0.0,Time-domain statistics
C3_Variance,0.0,Time-domain statistics
C3_Mean,0.0,Time-domain statistics
C3_Envelope_Sync,0.0,Functional connectivity / synchrony
C3_Theta_Bursts,0.0,Oscillatory-envelope dynamics
C3_Theta_CV,0.0,Oscillatory-envelope dynamics
C3_Theta_Var,0.0,Oscillatory-envelope dynamics
C3_Theta_Mean,0.0,Oscillatory-envelope dynamics
C3_Alpha_Bursts,0.0,Oscillatory-envelope dynamics
C1_TotalPower,0.0,Spectral summary features
C3_Alpha_Var,0.0,Oscillatory-envelope dynamics
C3_Alpha_Mean,0.0,Oscillatory-envelope dynamics
C3_Gamma_Rel,0.0,Band-power features
C3_Gamma_Abs,0.0,Band-power features
C3_Beta_Abs,0.0,Band-power features
C3_Alpha_Abs,0.0,Band-power features
C3_Theta_Rel,0.0,Band-power features
C3_Theta_Abs,0.0,Band-power features
C3_Delta_Rel,0.0,Band-power features
C3_Delta_Abs,0.0,Band-power features
C1_DominantFreq,0.0,Spectral summary features
C3_Alpha_CV,0.0,Oscillatory-envelope dynamics
FC1_Delta_Rel,0.0,Band-power features
FC1_Delta_Abs,0.0,Band-power features
FC3_DominantFreq,0.0,Spectral summary features
FC3_TotalPower,0.0,Spectral summary features
FC3_DifferentialEntropyStd,0.0,Entropy and complexity
FC3_SpectralEntropy,0.0,Entropy and complexity
FC3_ShannonEntropy,0.0,Entropy and complexity
FC3_HjorthMobility,0.0,Hjorth features
FC3_Skewness,0.0,Time-domain statistics
FC3_Kurtosis,0.0,Time-domain statistics
FC1_DominantFreq,0.0,Spectral summary features
FC3_Mean,0.0,Time-domain statistics
FC3_Envelope_Sync,0.0,Functional connectivity / synchrony
FC3_Theta_Bursts,0.0,Oscillatory-envelope dynamics
FC3_Theta_CV,0.0,Oscillatory-envelope dynamics
FC3_Theta_Var,0.0,Oscillatory-envelope dynamics
FC3_Theta_Mean,0.0,Oscillatory-envelope dynamics
FC3_Alpha_Bursts,0.0,Oscillatory-envelope dynamics
FC3_Alpha_CV,0.0,Oscillatory-envelope dynamics
FC3_Alpha_Var,0.0,Oscillatory-envelope dynamics
FC3_Gamma_Rel,0.0,Band-power features
FC3_Gamma_Abs,0.0,Band-power features
FC3_Peak2Peak,0.0,Time-domain statistics
FC1_TotalPower,0.0,Spectral summary features
FC1_DifferentialEntropyStd,0.0,Entropy and complexity
FC1_SpectralEntropy,0.0,Entropy and complexity
FC1_ShannonEntropy,0.0,Entropy and complexity
FC1_HjorthComplexity,0.0,Hjorth features
FC1_HjorthMobility,0.0,Hjorth features
FC1_Skewness,0.0,Time-domain statistics
FC1_Kurtosis,0.0,Time-domain statistics
FC1_Peak2Peak,0.0,Time-domain statistics
FC1_Variance,0.0,Time-domain statistics
FC1_Mean,0.0,Time-domain statistics
FC1_Theta_Abs,0.0,Band-power features
FC1_Theta_Bursts,0.0,Oscillatory-envelope dynamics
FC1_Theta_CV,0.0,Oscillatory-envelope dynamics
FC1_Theta_Var,0.0,Oscillatory-envelope dynamics
FC1_Theta_Mean,0.0,Oscillatory-envelope dynamics
FC1_Alpha_Bursts,0.0,Oscillatory-envelope dynamics
FC1_Alpha_CV,0.0,Oscillatory-envelope dynamics
FC1_Alpha_Var,0.0,Oscillatory-envelope dynamics
FC1_Gamma_Abs,0.0,Band-power features
FC1_Beta_Abs,0.0,Band-power features
FC1_Alpha_Abs,0.0,Band-power features
FC1_Theta_Rel,0.0,Band-power features
FC1_Envelope_Sync,0.0,Functional connectivity / synchrony
AF3_Theta_Var,0.0,Oscillatory-envelope dynamics
AF3_Theta_Mean,0.0,Oscillatory-envelope dynamics
AF3_Alpha_Bursts,0.0,Oscillatory-envelope dynamics
AF3_Alpha_CV,0.0,Oscillatory-envelope dynamics
AF3_Alpha_Var,0.0,Oscillatory-envelope dynamics
AF3_Alpha_Mean,0.0,Oscillatory-envelope dynamics
AF3_Gamma_Abs,0.0,Band-power features
AF3_Beta_Rel,0.0,Band-power features
AF3_Beta_Abs,0.0,Band-power features
AF3_Alpha_Abs,0.0,Band-power features
F7_Alpha_Mean,0.0,Oscillatory-envelope dynamics
AF3_Theta_Abs,0.0,Band-power features
AF3_Delta_Rel,0.0,Band-power features
AF3_Delta_Abs,0.0,Band-power features
AF7_DominantFreq,0.0,Spectral summary features
AF7_TotalPower,0.0,Spectral summary features
AF7_DifferentialEntropyStd,0.0,Entropy and complexity
AF7_ShannonEntropy,0.0,Entropy and complexity
AF7_HjorthMobility,0.0,Hjorth features
AF7_Skewness,0.0,Time-domain statistics
AF7_Kurtosis,0.0,Time-domain statistics
AF7_Peak2Peak,0.0,Time-domain statistics
AF3_Theta_Rel,0.0,Band-power features
F1_Alpha_Var,0.0,Oscillatory-envelope dynamics
F1_Gamma_Abs,0.0,Band-power features
F1_Beta_Rel,0.0,Band-power features
F1_Beta_Abs,0.0,Band-power features
F1_Alpha_Abs,0.0,Band-power features
F1_Theta_Rel,0.0,Band-power features
F1_Theta_Abs,0.0,Band-power features
F1_Delta_Rel,0.0,Band-power features
F1_Delta_Abs,0.0,Band-power features
AF3_DominantFreq,0.0,Spectral summary features
AF3_Theta_CV,0.0,Oscillatory-envelope dynamics
AF3_DifferentialEntropyStd,0.0,Entropy and complexity
AF3_ShannonEntropy,0.0,Entropy and complexity
AF3_HjorthMobility,0.0,Hjorth features
AF3_Skewness,0.0,Time-domain statistics
AF3_Kurtosis,0.0,Time-domain statistics
AF3_Peak2Peak,0.0,Time-domain statistics
AF3_Energy,0.0,Time-domain statistics
AF3_Variance,0.0,Time-domain statistics
AF3_Mean,0.0,Time-domain statistics
AF3_Envelope_Sync,0.0,Functional connectivity / synchrony
AF3_Theta_Bursts,0.0,Oscillatory-envelope dynamics
AF3_TotalPower,0.0,Spectral summary features
Fp1_Skewness,0.0,Time-domain statistics
Fp1_Kurtosis,0.0,Time-domain statistics
Fp1_Peak2Peak,0.0,Time-domain statistics
Fp1_Energy,0.0,Time-domain statistics
Fp1_Variance,0.0,Time-domain statistics
Fp1_Mean,0.0,Time-domain statistics
Fp1_Envelope_Sync,0.0,Functional connectivity / synchrony
Fp1_Theta_Bursts,0.0,Oscillatory-envelope dynamics
Fp1_Theta_CV,0.0,Oscillatory-envelope dynamics
Fp1_Theta_Var,0.0,Oscillatory-envelope dynamics
AF7_Energy,0.0,Time-domain statistics
Fp1_Alpha_Bursts,0.0,Oscillatory-envelope dynamics
Fp1_Alpha_CV,0.0,Oscillatory-envelope dynamics
Fp1_Alpha_Var,0.0,Oscillatory-envelope dynamics
Fp1_Alpha_Mean,0.0,Oscillatory-envelope dynamics
Fp1_Gamma_Abs,0.0,Band-power features
Fp1_Beta_Abs,0.0,Band-power features
Fp1_Alpha_Abs,0.0,Band-power features
Fp1_Theta_Rel,0.0,Band-power features
Fp1_Theta_Abs,0.0,Band-power features
Fp1_Delta_Rel,0.0,Band-power features
Fp1_Delta_Abs,0.0,Band-power features
Fp1_Theta_Mean,0.0,Oscillatory-envelope dynamics
AF7_Variance,0.0,Time-domain statistics
AF7_Mean,0.0,Time-domain statistics
AF7_Envelope_Sync,0.0,Functional connectivity / synchrony
AF7_Theta_Bursts,0.0,Oscillatory-envelope dynamics
AF7_Theta_CV,0.0,Oscillatory-envelope dynamics
AF7_Theta_Var,0.0,Oscillatory-envelope dynamics
AF7_Theta_Mean,0.0,Oscillatory-envelope dynamics
AF7_Alpha_Bursts,0.0,Oscillatory-envelope dynamics
AF7_Alpha_CV,0.0,Oscillatory-envelope dynamics
AF7_Alpha_Var,0.0,Oscillatory-envelope dynamics
AF7_Alpha_Mean,0.0,Oscillatory-envelope dynamics
Fp1_ShannonEntropy,0.0,Entropy and complexity
AF7_Gamma_Abs,0.0,Band-power features
AF7_Beta_Abs,0.0,Band-power features
AF7_Alpha_Rel,0.0,Band-power features
AF7_Alpha_Abs,0.0,Band-power features
AF7_Theta_Rel,0.0,Band-power features
AF7_Theta_Abs,0.0,Band-power features
AF7_Delta_Rel,0.0,Band-power features
AF7_Delta_Abs,0.0,Band-power features
Fp1_DominantFreq,0.0,Spectral summary features
Fp1_TotalPower,0.0,Spectral summary features
Fp1_DifferentialEntropyStd,0.0,Entropy and complexity
AF7_Gamma_Rel,0.0,Band-power features
F5_Mean,0.0,Time-domain statistics
F5_Envelope_Sync,0.0,Functional connectivity / synchrony
F5_Theta_Bursts,0.0,Oscillatory-envelope dynamics
F5_Theta_CV,0.0,Oscillatory-envelope dynamics
F5_Theta_Var,0.0,Oscillatory-envelope dynamics
F5_Theta_Mean,0.0,Oscillatory-envelope dynamics
F5_Alpha_Bursts,0.0,Oscillatory-envelope dynamics
F5_Alpha_CV,0.0,Oscillatory-envelope dynamics
F5_Alpha_Var,0.0,Oscillatory-envelope dynamics
F5_Alpha_Mean,0.0,Oscillatory-envelope dynamics
F1_Alpha_CV,0.0,Oscillatory-envelope dynamics
F5_Gamma_Abs,0.0,Band-power features
F5_Beta_Rel,0.0,Band-power features
F5_Beta_Abs,0.0,Band-power features
F5_Alpha_Rel,0.0,Band-power features
F5_Alpha_Abs,0.0,Band-power features
F5_Theta_Rel,0.0,Band-power features
F5_Theta_Abs,0.0,Band-power features
F5_Delta_Rel,0.0,Band-power features
F5_Delta_Abs,0.0,Band-power features
F3_DominantFreq,0.0,Spectral summary features
F3_TotalPower,0.0,Spectral summary features
F5_Gamma_Rel,0.0,Band-power features
F7_Gamma_Rel,0.0,Band-power features
F7_Gamma_Abs,0.0,Band-power features
F7_Beta_Rel,0.0,Band-power features
F7_Beta_Abs,0.0,Band-power features
F7_Alpha_Rel,0.0,Band-power features
F7_Alpha_Abs,0.0,Band-power features
F7_Theta_Rel,0.0,Band-power features
F7_Theta_Abs,0.0,Band-power features
F7_Delta_Rel,0.0,Band-power features
F7_Delta_Abs,0.0,Band-power features
F5_RMS,0.0,Time-domain statistics
F5_TotalPower,0.0,Spectral summary features
F5_DifferentialEntropyStd,0.0,Entropy and complexity
F5_SpectralEntropy,0.0,Entropy and complexity
F5_ShannonEntropy,0.0,Entropy and complexity
F5_HjorthComplexity,0.0,Hjorth features
F5_HjorthMobility,0.0,Hjorth features
F5_Skewness,0.0,Time-domain statistics
F5_Kurtosis,0.0,Time-domain statistics
F5_Peak2Peak,0.0,Time-domain statistics
F5_Energy,0.0,Time-domain statistics
F5_Variance,0.0,Time-domain statistics
F5_DominantFreq,0.0,Spectral summary features
F3_Theta_Rel,0.0,Band-power features
F3_Theta_Abs,0.0,Band-power features
F3_Delta_Rel,0.0,Band-power features
F3_Delta_Abs,0.0,Band-power features
F1_DominantFreq,0.0,Spectral summary features
F1_TotalPower,0.0,Spectral summary features
F1_DifferentialEntropyStd,0.0,Entropy and complexity
F1_SpectralEntropy,0.0,Entropy and complexity
F1_ShannonEntropy,0.0,Entropy and complexity
F1_HjorthComplexity,0.0,Hjorth features
F3_DifferentialEntropyStd,0.0,Entropy and complexity
F1_Skewness,0.0,Time-domain statistics
F1_Kurtosis,0.0,Time-domain statistics
F1_Peak2Peak,0.0,Time-domain statistics
F1_Variance,0.0,Time-domain statistics
F1_Mean,0.0,Time-domain statistics
F1_Envelope_Sync,0.0,Functional connectivity / synchrony
F1_Theta_Bursts,0.0,Oscillatory-envelope dynamics
F1_Theta_CV,0.0,Oscillatory-envelope dynamics
F1_Theta_Var,0.0,Oscillatory-envelope dynamics
F1_Theta_Mean,0.0,Oscillatory-envelope dynamics
F1_Alpha_Bursts,0.0,Oscillatory-envelope dynamics
F1_HjorthMobility,0.0,Hjorth features
F3_SpectralEntropy,0.0,Entropy and complexity
F3_ShannonEntropy,0.0,Entropy and complexity
F3_HjorthComplexity,0.0,Hjorth features
F3_HjorthMobility,0.0,Hjorth features
F3_Skewness,0.0,Time-domain statistics
F3_Kurtosis,0.0,Time-domain statistics
F3_Peak2Peak,0.0,Time-domain statistics
F3_Variance,0.0,Time-domain statistics
F3_Mean,0.0,Time-domain statistics
F3_Envelope_Sync,0.0,Functional connectivity / synchrony
F3_Theta_Bursts,0.0,Oscillatory-envelope dynamics
F3_Alpha_Abs,0.0,Band-power features
F3_Theta_Var,0.0,Oscillatory-envelope dynamics
F3_Theta_Mean,0.0,Oscillatory-envelope dynamics
F3_Alpha_Bursts,0.0,Oscillatory-envelope dynamics
F3_Alpha_CV,0.0,Oscillatory-envelope dynamics
F3_Alpha_Var,0.0,Oscillatory-envelope dynamics
F3_Alpha_Mean,0.0,Oscillatory-envelope dynamics
F3_Gamma_Rel,0.0,Band-power features
F3_Gamma_Abs,0.0,Band-power features
F3_Beta_Rel,0.0,Band-power features
F3_Beta_Abs,0.0,Band-power features
F3_Alpha_Rel,0.0,Band-power features
F3_Theta_CV,0.0,Oscillatory-envelope dynamics
P3_HjorthComplexity,0.0,Hjorth features
P3_HjorthMobility,0.0,Hjorth features
P3_Skewness,0.0,Time-domain statistics
P3_Kurtosis,0.0,Time-domain statistics
P3_Peak2Peak,0.0,Time-domain statistics
P3_Energy,0.0,Time-domain statistics
P3_Variance,0.0,Time-domain statistics
P3_RMS,0.0,Time-domain statistics
P3_Mean,0.0,Time-domain statistics
P3_Envelope_Sync,0.0,Functional connectivity / synchrony
C3_Skewness,0.0,Time-domain statistics
P3_Theta_CV,0.0,Oscillatory-envelope dynamics
P3_Theta_Var,0.0,Oscillatory-envelope dynamics
P3_Theta_Mean,0.0,Oscillatory-envelope dynamics
P3_Alpha_Bursts,0.0,Oscillatory-envelope dynamics
P3_Alpha_CV,0.0,Oscillatory-envelope dynamics
P3_Alpha_Var,0.0,Oscillatory-envelope dynamics
P3_Alpha_Mean,0.0,Oscillatory-envelope dynamics
P3_Gamma_Rel,0.0,Band-power features
P3_Gamma_Abs,0.0,Band-power features
P3_Beta_Rel,0.0,Band-power features
P3_Beta_Abs,0.0,Band-power features
P3_Theta_Bursts,0.0,Oscillatory-envelope dynamics
P5_Envelope_Sync,0.0,Functional connectivity / synchrony
P5_Theta_Bursts,0.0,Oscillatory-envelope dynamics
P5_Theta_CV,0.0,Oscillatory-envelope dynamics
P5_Theta_Var,0.0,Oscillatory-envelope dynamics
P5_Theta_Mean,0.0,Oscillatory-envelope dynamics
P5_Alpha_Bursts,0.0,Oscillatory-envelope dynamics
P5_Alpha_CV,0.0,Oscillatory-envelope dynamics
P5_Alpha_Var,0.0,Oscillatory-envelope dynamics
P5_Alpha_Mean,0.0,Oscillatory-envelope dynamics
P5_Gamma_Rel,0.0,Band-power features
P3_ShannonEntropy,0.0,Entropy and complexity
P5_Beta_Rel,0.0,Band-power features
P5_Beta_Abs,0.0,Band-power features
P5_Alpha_Abs,0.0,Band-power features
P5_Theta_Rel,0.0,Band-power features
P5_Theta_Abs,0.0,Band-power features
P5_Delta_Rel,0.0,Band-power features
P5_Delta_Abs,0.0,Band-power features
P3_DominantFreq,0.0,Spectral summary features
P3_TotalPower,0.0,Spectral summary features
P3_DifferentialEntropyStd,0.0,Entropy and complexity
P3_SpectralEntropy,0.0,Entropy and complexity
P5_Gamma_Abs,0.0,Band-power features
P1_Alpha_Bursts,0.0,Oscillatory-envelope dynamics
P1_Alpha_CV,0.0,Oscillatory-envelope dynamics
P1_Alpha_Var,0.0,Oscillatory-envelope dynamics
P1_Gamma_Rel,0.0,Band-power features
P1_Gamma_Abs,0.0,Band-power features
P1_Beta_Rel,0.0,Band-power features
P1_Beta_Abs,0.0,Band-power features
P1_Alpha_Abs,0.0,Band-power features
P1_Theta_Rel,0.0,Band-power features
P1_Theta_Abs,0.0,Band-power features
P3_Alpha_Rel,0.0,Band-power features
P1_Delta_Abs,0.0,Band-power features
CP1_DominantFreq,0.0,Spectral summary features
CP1_TotalPower,0.0,Spectral summary features
CP1_DifferentialEntropyStd,0.0,Entropy and complexity
CP1_SpectralEntropy,0.0,Entropy and complexity
CP1_ShannonEntropy,0.0,Entropy and complexity
CP1_HjorthComplexity,0.0,Hjorth features
CP1_HjorthMobility,0.0,Hjorth features
CP1_Skewness,0.0,Time-domain statistics
CP1_Kurtosis,0.0,Time-domain statistics
CP1_Peak2Peak,0.0,Time-domain statistics
P1_Delta_Rel,0.0,Band-power features
P3_Alpha_Abs,0.0,Band-power features
P3_Theta_Rel,0.0,Band-power features
P3_Theta_Abs,0.0,Band-power features
P3_Delta_Rel,0.0,Band-power features
P3_Delta_Abs,0.0,Band-power features
P1_DominantFreq,0.0,Spectral summary features
P1_TotalPower,0.0,Spectral summary features
P1_DifferentialEntropyStd,0.0,Entropy and complexity
P1_SpectralEntropy,0.0,Entropy and complexity
P1_ShannonEntropy,0.0,Entropy and complexity
P1_HjorthComplexity,0.0,Hjorth features
P1_Theta_Mean,0.0,Oscillatory-envelope dynamics
P1_Skewness,0.0,Time-domain statistics
P1_Kurtosis,0.0,Time-domain statistics
P1_Peak2Peak,0.0,Time-domain statistics
P1_Energy,0.0,Time-domain statistics
P1_Variance,0.0,Time-domain statistics
P1_RMS,0.0,Time-domain statistics
P1_Mean,0.0,Time-domain statistics
P1_Envelope_Sync,0.0,Functional connectivity / synchrony
P1_Theta_Bursts,0.0,Oscillatory-envelope dynamics
P1_Theta_CV,0.0,Oscillatory-envelope dynamics
P1_Theta_Var,0.0,Oscillatory-envelope dynamics
P1_HjorthMobility,0.0,Hjorth features
P9_Energy,0.0,Time-domain statistics
P9_Variance,0.0,Time-domain statistics
P9_RMS,0.0,Time-domain statistics
P9_Mean,0.0,Time-domain statistics
P9_Envelope_Sync,0.0,Functional connectivity / synchrony
P9_Theta_Bursts,0.0,Oscillatory-envelope dynamics
P9_Theta_CV,0.0,Oscillatory-envelope dynamics
P9_Theta_Var,0.0,Oscillatory-envelope dynamics
P9_Theta_Mean,0.0,Oscillatory-envelope dynamics
P9_Alpha_Bursts,0.0,Oscillatory-envelope dynamics
P5_Mean,0.0,Time-domain statistics
P9_Alpha_Var,0.0,Oscillatory-envelope dynamics
P9_Alpha_Mean,0.0,Oscillatory-envelope dynamics
P9_Gamma_Rel,0.0,Band-power features
P9_Gamma_Abs,0.0,Band-power features
P9_Beta_Rel,0.0,Band-power features
P9_Beta_Abs,0.0,Band-power features
P9_Alpha_Rel,0.0,Band-power features
P9_Alpha_Abs,0.0,Band-power features
P9_Theta_Rel,0.0,Band-power features
P9_Theta_Abs,0.0,Band-power features
P9_Delta_Rel,0.0,Band-power features
P9_Alpha_CV,0.0,Oscillatory-envelope dynamics
PO7_Alpha_CV,0.0,Oscillatory-envelope dynamics
PO7_Alpha_Var,0.0,Oscillatory-envelope dynamics
PO7_Alpha_Mean,0.0,Oscillatory-envelope dynamics
PO7_Gamma_Rel,0.0,Band-power features
PO7_Gamma_Abs,0.0,Band-power features
PO7_Beta_Rel,0.0,Band-power features
PO7_Beta_Abs,0.0,Band-power features
PO7_Alpha_Rel,0.0,Band-power features
PO7_Alpha_Abs,0.0,Band-power features
PO7_Theta_Rel,0.0,Band-power features
P9_Peak2Peak,0.0,Time-domain statistics
PO7_Delta_Rel,0.0,Band-power features
PO7_Delta_Abs,0.0,Band-power features
P9_DominantFreq,0.0,Spectral summary features
P9_TotalPower,0.0,Spectral summary features
P9_DifferentialEntropyStd,0.0,Entropy and complexity
P9_SpectralEntropy,0.0,Entropy and complexity
P9_ShannonEntropy,0.0,Entropy and complexity
P9_HjorthComplexity,0.0,Hjorth features
P9_HjorthMobility,0.0,Hjorth features
P9_Skewness,0.0,Time-domain statistics
P9_Kurtosis,0.0,Time-domain statistics
PO7_Theta_Abs,0.0,Band-power features
P7_Gamma_Abs,0.0,Band-power features
P7_Beta_Rel,0.0,Band-power features
P7_Beta_Abs,0.0,Band-power features
P7_Alpha_Rel,0.0,Band-power features
P7_Alpha_Abs,0.0,Band-power features
P7_Theta_Rel,0.0,Band-power features
P7_Theta_Abs,0.0,Band-power features
P7_Delta_Rel,0.0,Band-power features
P7_Delta_Abs,0.0,Band-power features
P5_DominantFreq,0.0,Spectral summary features
P9_Delta_Abs,0.0,Band-power features
P5_DifferentialEntropyStd,0.0,Entropy and complexity
P5_SpectralEntropy,0.0,Entropy and complexity
P5_ShannonEntropy,0.0,Entropy and complexity
P5_HjorthComplexity,0.0,Hjorth features
P5_HjorthMobility,0.0,Hjorth features
P5_Skewness,0.0,Time-domain statistics
P5_Kurtosis,0.0,Time-domain statistics
P5_Peak2Peak,0.0,Time-domain statistics
P5_Energy,0.0,Time-domain statistics
P5_Variance,0.0,Time-domain statistics
P5_RMS,0.0,Time-domain statistics
P5_TotalPower,0.0,Spectral summary features
P7_DominantFreq,0.0,Spectral summary features
P7_TotalPower,0.0,Spectral summary features
P7_DifferentialEntropyStd,0.0,Entropy and complexity
P7_SpectralEntropy,0.0,Entropy and complexity
P7_ShannonEntropy,0.0,Entropy and complexity
P7_HjorthComplexity,0.0,Hjorth features
P7_HjorthMobility,0.0,Hjorth features
P7_Skewness,0.0,Time-domain statistics
P7_Kurtosis,0.0,Time-domain statistics
P7_Peak2Peak,0.0,Time-domain statistics
P7_Energy,0.0,Time-domain statistics
P7_Gamma_Rel,0.0,Band-power features
P7_RMS,0.0,Time-domain statistics
P7_Mean,0.0,Time-domain statistics
P7_Envelope_Sync,0.0,Functional connectivity / synchrony
P7_Theta_Bursts,0.0,Oscillatory-envelope dynamics
P7_Theta_CV,0.0,Oscillatory-envelope dynamics
P7_Theta_Var,0.0,Oscillatory-envelope dynamics
P7_Theta_Mean,0.0,Oscillatory-envelope dynamics
P7_Alpha_Bursts,0.0,Oscillatory-envelope dynamics
P7_Alpha_CV,0.0,Oscillatory-envelope dynamics
P7_Alpha_Var,0.0,Oscillatory-envelope dynamics
P7_Alpha_Mean,0.0,Oscillatory-envelope dynamics
P7_Variance,0.0,Time-domain statistics
T7_TotalPower,0.0,Spectral summary features
T7_DifferentialEntropyStd,0.0,Entropy and complexity
T7_SpectralEntropy,0.0,Entropy and complexity
T7_ShannonEntropy,0.0,Entropy and complexity
T7_HjorthComplexity,0.0,Hjorth features
T7_HjorthMobility,0.0,Hjorth features
T7_Skewness,0.0,Time-domain statistics
T7_Kurtosis,0.0,Time-domain statistics
T7_Peak2Peak,0.0,Time-domain statistics
T7_Energy,0.0,Time-domain statistics
CP1_Energy,0.0,Time-domain statistics
T7_RMS,0.0,Time-domain statistics
T7_Mean,0.0,Time-domain statistics
T7_Envelope_Sync,0.0,Functional connectivity / synchrony
T7_Theta_Bursts,0.0,Oscillatory-envelope dynamics
T7_Theta_CV,0.0,Oscillatory-envelope dynamics
T7_Theta_Var,0.0,Oscillatory-envelope dynamics
T7_Theta_Mean,0.0,Oscillatory-envelope dynamics
T7_Alpha_Bursts,0.0,Oscillatory-envelope dynamics
T7_Alpha_CV,0.0,Oscillatory-envelope dynamics
T7_Alpha_Var,0.0,Oscillatory-envelope dynamics
T7_Alpha_Mean,0.0,Oscillatory-envelope dynamics
T7_Variance,0.0,Time-domain statistics
TP7_Variance,0.0,Time-domain statistics
TP7_RMS,0.0,Time-domain statistics
TP7_Mean,0.0,Time-domain statistics
TP7_Envelope_Sync,0.0,Functional connectivity / synchrony
TP7_Theta_Bursts,0.0,Oscillatory-envelope dynamics
TP7_Theta_CV,0.0,Oscillatory-envelope dynamics
TP7_Theta_Var,0.0,Oscillatory-envelope dynamics
TP7_Theta_Mean,0.0,Oscillatory-envelope dynamics
TP7_Alpha_Bursts,0.0,Oscillatory-envelope dynamics
TP7_Alpha_CV,0.0,Oscillatory-envelope dynamics
T7_DominantFreq,0.0,Spectral summary features
TP7_Alpha_Mean,0.0,Oscillatory-envelope dynamics
TP7_Gamma_Rel,0.0,Band-power features
TP7_Gamma_Abs,0.0,Band-power features
TP7_Beta_Rel,0.0,Band-power features
TP7_Beta_Abs,0.0,Band-power features
TP7_Alpha_Rel,0.0,Band-power features
TP7_Alpha_Abs,0.0,Band-power features
TP7_Theta_Rel,0.0,Band-power features
TP7_Theta_Abs,0.0,Band-power features
TP7_Delta_Rel,0.0,Band-power features
TP7_Delta_Abs,0.0,Band-power features
TP7_Alpha_Var,0.0,Oscillatory-envelope dynamics
C5_Theta_Bursts,0.0,Oscillatory-envelope dynamics
C5_Theta_CV,0.0,Oscillatory-envelope dynamics
C5_Theta_Var,0.0,Oscillatory-envelope dynamics
C5_Theta_Mean,0.0,Oscillatory-envelope dynamics
C5_Alpha_Bursts,0.0,Oscillatory-envelope dynamics
C5_Alpha_CV,0.0,Oscillatory-envelope dynamics
C5_Alpha_Var,0.0,Oscillatory-envelope dynamics
C5_Alpha_Mean,0.0,Oscillatory-envelope dynamics
C5_Gamma_Rel,0.0,Band-power features
C5_Gamma_Abs,0.0,Band-power features
T7_Gamma_Rel,0.0,Band-power features
C5_Alpha_Rel,0.0,Band-power features
C5_Alpha_Abs,0.0,Band-power features
C5_Theta_Rel,0.0,Band-power features
C5_Theta_Abs,0.0,Band-power features
C5_Delta_Rel,0.0,Band-power features
C5_Delta_Abs,0.0,Band-power features
C3_DominantFreq,0.0,Spectral summary features
C3_TotalPower,0.0,Spectral summary features
C3_DifferentialEntropyStd,0.0,Entropy and complexity
C3_ShannonEntropy,0.0,Entropy and complexity
C3_HjorthMobility,0.0,Hjorth features
C5_Beta_Abs,0.0,Band-power features
T7_Gamma_Abs,0.0,Band-power features
T7_Beta_Rel,0.0,Band-power features
T7_Beta_Abs,0.0,Band-power features
T7_Alpha_Rel,0.0,Band-power features
T7_Alpha_Abs,0.0,Band-power features
T7_Theta_Rel,0.0,Band-power features
T7_Theta_Abs,0.0,Band-power features
T7_Delta_Rel,0.0,Band-power features
T7_Delta_Abs,0.0,Band-power features
C5_DominantFreq,0.0,Spectral summary features
C5_TotalPower,0.0,Spectral summary features
C5_Envelope_Sync,0.0,Functional connectivity / synchrony
C5_SpectralEntropy,0.0,Entropy and complexity
C5_ShannonEntropy,0.0,Entropy and complexity
C5_HjorthComplexity,0.0,Hjorth features
C5_HjorthMobility,0.0,Hjorth features
C5_Skewness,0.0,Time-domain statistics
C5_Kurtosis,0.0,Time-domain statistics
C5_Peak2Peak,0.0,Time-domain statistics
C5_Energy,0.0,Time-domain statistics
C5_Variance,0.0,Time-domain statistics
C5_RMS,0.0,Time-domain statistics
C5_Mean,0.0,Time-domain statistics
C5_DifferentialEntropyStd,0.0,Entropy and complexity
CP3_HjorthComplexity,0.0,Hjorth features
CP3_HjorthMobility,0.0,Hjorth features
CP3_Skewness,0.0,Time-domain statistics
CP3_Kurtosis,0.0,Time-domain statistics
CP3_Peak2Peak,0.0,Time-domain statistics
CP3_Energy,0.0,Time-domain statistics
CP3_Variance,0.0,Time-domain statistics
CP3_RMS,0.0,Time-domain statistics
CP3_Mean,0.0,Time-domain statistics
CP3_Envelope_Sync,0.0,Functional connectivity / synchrony
TP7_Energy,0.0,Time-domain statistics
CP3_Theta_CV,0.0,Oscillatory-envelope dynamics
CP3_Theta_Var,0.0,Oscillatory-envelope dynamics
CP3_Theta_Mean,0.0,Oscillatory-envelope dynamics
CP3_Alpha_Bursts,0.0,Oscillatory-envelope dynamics
CP3_Alpha_CV,0.0,Oscillatory-envelope dynamics
CP3_Alpha_Var,0.0,Oscillatory-envelope dynamics
CP3_Alpha_Mean,0.0,Oscillatory-envelope dynamics
CP3_Gamma_Rel,0.0,Band-power features
CP3_Gamma_Abs,0.0,Band-power features
CP3_Beta_Abs,0.0,Band-power features
CP3_Alpha_Abs,0.0,Band-power features
CP3_Theta_Bursts,0.0,Oscillatory-envelope dynamics
CP1_Variance,0.0,Time-domain statistics
CP1_Mean,0.0,Time-domain statistics
CP1_Envelope_Sync,0.0,Functional connectivity / synchrony
CP1_Theta_Bursts,0.0,Oscillatory-envelope dynamics
CP1_Theta_CV,0.0,Oscillatory-envelope dynamics
CP1_Theta_Var,0.0,Oscillatory-envelope dynamics
CP1_Theta_Mean,0.0,Oscillatory-envelope dynamics
CP1_Alpha_Bursts,0.0,Oscillatory-envelope dynamics
CP1_Alpha_CV,0.0,Oscillatory-envelope dynamics
CP1_Alpha_Var,0.0,Oscillatory-envelope dynamics
CP3_ShannonEntropy,0.0,Entropy and complexity
CP1_Gamma_Abs,0.0,Band-power features
CP1_Beta_Abs,0.0,Band-power features
CP1_Alpha_Abs,0.0,Band-power features
CP1_Theta_Rel,0.0,Band-power features
CP1_Theta_Abs,0.0,Band-power features
CP1_Delta_Rel,0.0,Band-power features
CP1_Delta_Abs,0.0,Band-power features
CP3_DominantFreq,0.0,Spectral summary features
CP3_TotalPower,0.0,Spectral summary features
CP3_DifferentialEntropyStd,0.0,Entropy and complexity
CP3_SpectralEntropy,0.0,Entropy and complexity
CP1_Gamma_Rel,0.0,Band-power features
CP5_Alpha_Var,0.0,Oscillatory-envelope dynamics
CP5_Alpha_Mean,0.0,Oscillatory-envelope dynamics
CP5_Gamma_Rel,0.0,Band-power features
CP5_Gamma_Abs,0.0,Band-power features
CP5_Beta_Rel,0.0,Band-power features
CP5_Beta_Abs,0.0,Band-power features
CP5_Alpha_Rel,0.0,Band-power features
CP5_Alpha_Abs,0.0,Band-power features
CP5_Theta_Rel,0.0,Band-power features
CP5_Theta_Abs,0.0,Band-power features
CP3_Theta_Rel,0.0,Band-power features
CP5_Delta_Abs,0.0,Band-power features
TP7_DominantFreq,0.0,Spectral summary features
TP7_TotalPower,0.0,Spectral summary features
TP7_DifferentialEntropyStd,0.0,Entropy and complexity
TP7_SpectralEntropy,0.0,Entropy and complexity
TP7_ShannonEntropy,0.0,Entropy and complexity
TP7_HjorthComplexity,0.0,Hjorth features
TP7_HjorthMobility,0.0,Hjorth features
TP7_Skewness,0.0,Time-domain statistics
TP7_Kurtosis,0.0,Time-domain statistics
TP7_Peak2Peak,0.0,Time-domain statistics
CP5_Delta_Rel,0.0,Band-power features
CP3_Theta_Abs,0.0,Band-power features
CP3_Delta_Rel,0.0,Band-power features
CP3_Delta_Abs,0.0,Band-power features
CP5_DominantFreq,0.0,Spectral summary features
CP5_TotalPower,0.0,Spectral summary features
CP5_DifferentialEntropyStd,0.0,Entropy and complexity
CP5_SpectralEntropy,0.0,Entropy and complexity
CP5_ShannonEntropy,0.0,Entropy and complexity
CP5_HjorthComplexity,0.0,Hjorth features
CP5_HjorthMobility,0.0,Hjorth features
CP5_Skewness,0.0,Time-domain statistics
CP5_Alpha_CV,0.0,Oscillatory-envelope dynamics
CP5_Peak2Peak,0.0,Time-domain statistics
CP5_Energy,0.0,Time-domain statistics
CP5_Variance,0.0,Time-domain statistics
CP5_RMS,0.0,Time-domain statistics
CP5_Mean,0.0,Time-domain statistics
CP5_Envelope_Sync,0.0,Functional connectivity / synchrony
CP5_Theta_Bursts,0.0,Oscillatory-envelope dynamics
CP5_Theta_CV,0.0,Oscillatory-envelope dynamics
CP5_Theta_Var,0.0,Oscillatory-envelope dynamics
CP5_Theta_Mean,0.0,Oscillatory-envelope dynamics
CP5_Alpha_Bursts,0.0,Oscillatory-envelope dynamics
CP5_Kurtosis,0.0,Time-domain statistics
PLV_Alpha_FC3_Cz,0.0,Functional connectivity / synchrony
PLV_Alpha_FC3_FCz,0.0,Functional connectivity / synchrony
PLV_Alpha_FC3_FC2,0.0,Functional connectivity / synchrony
PLV_Alpha_FC3_FC4,0.0,Functional connectivity / synchrony
PLV_Alpha_FC3_FC6,0.0,Functional connectivity / synchrony
PLV_Alpha_FC3_FT8,0.0,Functional connectivity / synchrony
PLV_Alpha_FC3_F8,0.0,Functional connectivity / synchrony
PLV_Alpha_FC3_F6,0.0,Functional connectivity / synchrony
PLV_Alpha_FC3_F4,0.0,Functional connectivity / synchrony
PLV_Alpha_FC3_F2,0.0,Functional connectivity / synchrony
C4_TotalPower,0.0,Spectral summary features
PLV_Alpha_FC3_AFz,0.0,Functional connectivity / synchrony
PLV_Alpha_FC3_AF4,0.0,Functional connectivity / synchrony
PLV_Alpha_FC3_AF8,0.0,Functional connectivity / synchrony
PLV_Alpha_FC3_Fp2,0.0,Functional connectivity / synchrony
PLV_Alpha_FC3_Fpz,0.0,Functional connectivity / synchrony
PLV_Alpha_FC3_CPz,0.0,Functional connectivity / synchrony
PLV_Alpha_FC3_Pz,0.0,Functional connectivity / synchrony
PLV_Alpha_FC3_POz,0.0,Functional connectivity / synchrony
PLV_Alpha_FC3_Oz,0.0,Functional connectivity / synchrony
PLV_Alpha_FC3_Iz,0.0,Functional connectivity / synchrony
PLV_Alpha_FC3_O1,0.0,Functional connectivity / synchrony
PLV_Alpha_FC3_Fz,0.0,Functional connectivity / synchrony
PLV_Alpha_FC1_CP1,0.0,Functional connectivity / synchrony
PLV_Alpha_FC1_CP3,0.0,Functional connectivity / synchrony
PLV_Alpha_FC1_CP5,0.0,Functional connectivity / synchrony
PLV_Alpha_FC1_TP7,0.0,Functional connectivity / synchrony
PLV_Alpha_FC1_T7,0.0,Functional connectivity / synchrony
PLV_Alpha_FC1_C5,0.0,Functional connectivity / synchrony
PLV_Alpha_FC1_C1,0.0,Functional connectivity / synchrony
PLV_Alpha_FC3_O2,0.0,Functional connectivity / synchrony
PLV_Alpha_FC3_PO4,0.0,Functional connectivity / synchrony
PLV_Alpha_FC3_PO8,0.0,Functional connectivity / synchrony
PLV_Alpha_FC3_C2,0.0,Functional connectivity / synchrony
PLV_Alpha_FC3_P8,0.0,Functional connectivity / synchrony
PLV_Alpha_FC3_P6,0.0,Functional connectivity / synchrony
PLV_Alpha_FC3_P4,0.0,Functional connectivity / synchrony
PLV_Alpha_FC3_P2,0.0,Functional connectivity / synchrony
PLV_Alpha_FC3_CP2,0.0,Functional connectivity / synchrony
PLV_Alpha_FC3_CP4,0.0,Functional connectivity / synchrony
PLV_Alpha_FC3_CP6,0.0,Functional connectivity / synchrony
PLV_Alpha_FC3_TP8,0.0,Functional connectivity / synchrony
PLV_Alpha_FC3_T8,0.0,Functional connectivity / synchrony
PLV_Alpha_FC3_C6,0.0,Functional connectivity / synchrony
PLV_Alpha_FC3_C4,0.0,Functional connectivity / synchrony
PLV_Alpha_FC3_P10,0.0,Functional connectivity / synchrony
PLV_Alpha_FC5_CP2,0.0,Functional connectivity / synchrony
PLV_Alpha_FC5_CP4,0.0,Functional connectivity / synchrony
PLV_Alpha_FC5_CP6,0.0,Functional connectivity / synchrony
PLV_Alpha_FC5_TP8,0.0,Functional connectivity / synchrony
PLV_Alpha_FC5_T8,0.0,Functional connectivity / synchrony
PLV_Alpha_FC5_C6,0.0,Functional connectivity / synchrony
PLV_Alpha_FC5_C4,0.0,Functional connectivity / synchrony
PLV_Alpha_FC5_C2,0.0,Functional connectivity / synchrony
PLV_Alpha_FC5_Cz,0.0,Functional connectivity / synchrony
PLV_Alpha_FC5_FCz,0.0,Functional connectivity / synchrony
PLV_Alpha_FC3_PO3,0.0,Functional connectivity / synchrony
PLV_Alpha_FC5_FC4,0.0,Functional connectivity / synchrony
PLV_Alpha_FC5_FC6,0.0,Functional connectivity / synchrony
PLV_Alpha_FC5_FT8,0.0,Functional connectivity / synchrony
PLV_Alpha_FC5_F8,0.0,Functional connectivity / synchrony
PLV_Alpha_FC5_F6,0.0,Functional connectivity / synchrony
PLV_Alpha_FC5_F4,0.0,Functional connectivity / synchrony
PLV_Alpha_FC5_F2,0.0,Functional connectivity / synchrony
PLV_Alpha_FC5_Fz,0.0,Functional connectivity / synchrony
PLV_Alpha_FC5_AFz,0.0,Functional connectivity / synchrony
PLV_Alpha_FC5_AF4,0.0,Functional connectivity / synchrony
PLV_Alpha_FC5_AF8,0.0,Functional connectivity / synchrony
PLV_Alpha_FC5_FC2,0.0,Functional connectivity / synchrony
PLV_Alpha_FC3_PO7,0.0,Functional connectivity / synchrony
PLV_Alpha_FC3_P9,0.0,Functional connectivity / synchrony
PLV_Alpha_FC3_P7,0.0,Functional connectivity / synchrony
PLV_Alpha_FC3_P5,0.0,Functional connectivity / synchrony
PLV_Alpha_FC3_P3,0.0,Functional connectivity / synchrony
PLV_Alpha_FC3_P1,0.0,Functional connectivity / synchrony
PLV_Alpha_FC3_CP1,0.0,Functional connectivity / synchrony
PLV_Alpha_FC3_CP3,0.0,Functional connectivity / synchrony
PLV_Alpha_FC3_CP5,0.0,Functional connectivity / synchrony
PLV_Alpha_FC3_TP7,0.0,Functional connectivity / synchrony
PLV_Alpha_FC5_P2,0.0,Functional connectivity / synchrony
PLV_Alpha_FC3_C5,0.0,Functional connectivity / synchrony
PLV_Alpha_FC3_C3,0.0,Functional connectivity / synchrony
PLV_Alpha_FC3_C1,0.0,Functional connectivity / synchrony
PLV_Alpha_FC3_FC1,0.0,Functional connectivity / synchrony
PLV_Alpha_FC5_O2,0.0,Functional connectivity / synchrony
PLV_Alpha_FC5_PO4,0.0,Functional connectivity / synchrony
PLV_Alpha_FC5_PO8,0.0,Functional connectivity / synchrony
PLV_Alpha_FC5_P10,0.0,Functional connectivity / synchrony
PLV_Alpha_FC5_P8,0.0,Functional connectivity / synchrony
PLV_Alpha_FC5_P6,0.0,Functional connectivity / synchrony
PLV_Alpha_FC5_P4,0.0,Functional connectivity / synchrony
PLV_Alpha_FC3_T7,0.0,Functional connectivity / synchrony
PLV_Alpha_C1_AFz,0.0,Functional connectivity / synchrony
PLV_Alpha_C1_AF4,0.0,Functional connectivity / synchrony
PLV_Alpha_C1_AF8,0.0,Functional connectivity / synchrony
PLV_Alpha_C1_Fp2,0.0,Functional connectivity / synchrony
PLV_Alpha_C1_Fpz,0.0,Functional connectivity / synchrony
PLV_Alpha_C1_CPz,0.0,Functional connectivity / synchrony
PLV_Alpha_C1_Pz,0.0,Functional connectivity / synchrony
PLV_Alpha_C1_POz,0.0,Functional connectivity / synchrony
PLV_Alpha_C1_Oz,0.0,Functional connectivity / synchrony
PLV_Alpha_C1_Iz,0.0,Functional connectivity / synchrony
PLV_Alpha_FC1_P1,0.0,Functional connectivity / synchrony
PLV_Alpha_C1_PO3,0.0,Functional connectivity / synchrony
PLV_Alpha_C1_PO7,0.0,Functional connectivity / synchrony
PLV_Alpha_C1_P9,0.0,Functional connectivity / synchrony
PLV_Alpha_C1_P7,0.0,Functional connectivity / synchrony
PLV_Alpha_C1_P5,0.0,Functional connectivity / synchrony
PLV_Alpha_C1_P3,0.0,Functional connectivity / synchrony
PLV_Alpha_C1_P1,0.0,Functional connectivity / synchrony
PLV_Alpha_C1_CP1,0.0,Functional connectivity / synchrony
PLV_Alpha_C1_CP3,0.0,Functional connectivity / synchrony
PLV_Alpha_C1_CP5,0.0,Functional connectivity / synchrony
PLV_Alpha_C1_TP7,0.0,Functional connectivity / synchrony
PLV_Alpha_C1_O1,0.0,Functional connectivity / synchrony
PLV_Alpha_C1_P8,0.0,Functional connectivity / synchrony
PLV_Alpha_C1_P6,0.0,Functional connectivity / synchrony
PLV_Alpha_C1_P4,0.0,Functional connectivity / synchrony
PLV_Alpha_C1_P2,0.0,Functional connectivity / synchrony
PLV_Alpha_C1_CP2,0.0,Functional connectivity / synchrony
PLV_Alpha_C1_CP4,0.0,Functional connectivity / synchrony
PLV_Alpha_C1_CP6,0.0,Functional connectivity / synchrony
PLV_Alpha_C1_TP8,0.0,Functional connectivity / synchrony
PLV_Alpha_C1_T8,0.0,Functional connectivity / synchrony
PLV_Alpha_C1_C6,0.0,Functional connectivity / synchrony
PLV_Alpha_C1_Fz,0.0,Functional connectivity / synchrony
PLV_Alpha_C1_C2,0.0,Functional connectivity / synchrony
PLV_Alpha_C1_Cz,0.0,Functional connectivity / synchrony
PLV_Alpha_C1_FCz,0.0,Functional connectivity / synchrony
PLV_Alpha_C1_FC2,0.0,Functional connectivity / synchrony
PLV_Alpha_C1_FC4,0.0,Functional connectivity / synchrony
PLV_Alpha_C1_FC6,0.0,Functional connectivity / synchrony
PLV_Alpha_C1_FT8,0.0,Functional connectivity / synchrony
PLV_Alpha_C1_F8,0.0,Functional connectivity / synchrony
PLV_Alpha_C1_F6,0.0,Functional connectivity / synchrony
PLV_Alpha_C1_F4,0.0,Functional connectivity / synchrony
PLV_Alpha_C1_F2,0.0,Functional connectivity / synchrony
PLV_Alpha_C1_C4,0.0,Functional connectivity / synchrony
PLV_Alpha_FC1_F8,0.0,Functional connectivity / synchrony
PLV_Alpha_FC1_F6,0.0,Functional connectivity / synchrony
PLV_Alpha_FC1_F4,0.0,Functional connectivity / synchrony
PLV_Alpha_FC1_F2,0.0,Functional connectivity / synchrony
PLV_Alpha_FC1_Fz,0.0,Functional connectivity / synchrony
PLV_Alpha_FC1_AFz,0.0,Functional connectivity / synchrony
PLV_Alpha_FC1_AF4,0.0,Functional connectivity / synchrony
PLV_Alpha_FC1_AF8,0.0,Functional connectivity / synchrony
PLV_Alpha_FC1_Fp2,0.0,Functional connectivity / synchrony
PLV_Alpha_FC1_Fpz,0.0,Functional connectivity / synchrony
PLV_Alpha_C1_T7,0.0,Functional connectivity / synchrony
PLV_Alpha_FC1_Pz,0.0,Functional connectivity / synchrony
PLV_Alpha_FC1_POz,0.0,Functional connectivity / synchrony
PLV_Alpha_FC1_Oz,0.0,Functional connectivity / synchrony
PLV_Alpha_FC1_Iz,0.0,Functional connectivity / synchrony
PLV_Alpha_FC1_O1,0.0,Functional connectivity / synchrony
PLV_Alpha_FC1_PO3,0.0,Functional connectivity / synchrony
PLV_Alpha_FC1_PO7,0.0,Functional connectivity / synchrony
PLV_Alpha_FC1_P9,0.0,Functional connectivity / synchrony
PLV_Alpha_FC1_P7,0.0,Functional connectivity / synchrony
PLV_Alpha_FC1_P5,0.0,Functional connectivity / synchrony
PLV_Alpha_FC1_P3,0.0,Functional connectivity / synchrony
PLV_Alpha_FC1_CPz,0.0,Functional connectivity / synchrony
PLV_Alpha_C1_C5,0.0,Functional connectivity / synchrony
PLV_Alpha_C1_C3,0.0,Functional connectivity / synchrony
PLV_Alpha_FC1_O2,0.0,Functional connectivity / synchrony
PLV_Alpha_FC1_PO4,0.0,Functional connectivity / synchrony
PLV_Alpha_FC1_PO8,0.0,Functional connectivity / synchrony
PLV_Alpha_FC1_P10,0.0,Functional connectivity / synchrony
PLV_Alpha_FC1_P8,0.0,Functional connectivity / synchrony
PLV_Alpha_FC1_P6,0.0,Functional connectivity / synchrony
PLV_Alpha_FC1_P4,0.0,Functional connectivity / synchrony
PLV_Alpha_FC1_P2,0.0,Functional connectivity / synchrony
PLV_Alpha_FC1_CP2,0.0,Functional connectivity / synchrony
PLV_Alpha_FC1_FT8,0.0,Functional connectivity / synchrony
PLV_Alpha_FC1_CP6,0.0,Functional connectivity / synchrony
PLV_Alpha_FC1_TP8,0.0,Functional connectivity / synchrony
PLV_Alpha_FC1_T8,0.0,Functional connectivity / synchrony
PLV_Alpha_FC1_C6,0.0,Functional connectivity / synchrony
PLV_Alpha_FC1_C4,0.0,Functional connectivity / synchrony
PLV_Alpha_FC1_C2,0.0,Functional connectivity / synchrony
PLV_Alpha_FC1_Cz,0.0,Functional connectivity / synchrony
PLV_Alpha_FC1_FCz,0.0,Functional connectivity / synchrony
PLV_Alpha_FC1_FC2,0.0,Functional connectivity / synchrony
PLV_Alpha_FC1_FC4,0.0,Functional connectivity / synchrony
PLV_Alpha_FC1_FC6,0.0,Functional connectivity / synchrony
PLV_Alpha_FC1_CP4,0.0,Functional connectivity / synchrony
PLV_Alpha_F7_Iz,0.0,Functional connectivity / synchrony
PLV_Alpha_F7_O1,0.0,Functional connectivity / synchrony
PLV_Alpha_F7_PO3,0.0,Functional connectivity / synchrony
PLV_Alpha_F7_PO7,0.0,Functional connectivity / synchrony
PLV_Alpha_F7_P9,0.0,Functional connectivity / synchrony
PLV_Alpha_F7_P7,0.0,Functional connectivity / synchrony
PLV_Alpha_F7_P5,0.0,Functional connectivity / synchrony
PLV_Alpha_F7_P3,0.0,Functional connectivity / synchrony
PLV_Alpha_F7_P1,0.0,Functional connectivity / synchrony
PLV_Alpha_F7_CP1,0.0,Functional connectivity / synchrony
PLV_Alpha_FC5_Fp2,0.0,Functional connectivity / synchrony
PLV_Alpha_F7_CP5,0.0,Functional connectivity / synchrony
PLV_Alpha_F7_TP7,0.0,Functional connectivity / synchrony
PLV_Alpha_F7_T7,0.0,Functional connectivity / synchrony
PLV_Alpha_F7_C3,0.0,Functional connectivity / synchrony
PLV_Alpha_F7_C1,0.0,Functional connectivity / synchrony
PLV_Alpha_F7_FC1,0.0,Functional connectivity / synchrony
PLV_Alpha_F7_FC3,0.0,Functional connectivity / synchrony
PLV_Alpha_F7_FC5,0.0,Functional connectivity / synchrony
PLV_Alpha_F7_FT7,0.0,Functional connectivity / synchrony
PLV_Alpha_F5_O2,0.0,Functional connectivity / synchrony
PLV_Alpha_F5_PO4,0.0,Functional connectivity / synchrony
PLV_Alpha_F7_CP3,0.0,Functional connectivity / synchrony
PLV_Alpha_F7_C6,0.0,Functional connectivity / synchrony
PLV_Alpha_F7_C4,0.0,Functional connectivity / synchrony
PLV_Alpha_F7_C2,0.0,Functional connectivity / synchrony
PLV_Alpha_F7_Cz,0.0,Functional connectivity / synchrony
PLV_Alpha_F7_FCz,0.0,Functional connectivity / synchrony
PLV_Alpha_F7_FC2,0.0,Functional connectivity / synchrony
PLV_Alpha_F7_FC4,0.0,Functional connectivity / synchrony
PLV_Alpha_F7_FC6,0.0,Functional connectivity / synchrony
PLV_Alpha_F7_FT8,0.0,Functional connectivity / synchrony
PLV_Alpha_F7_F8,0.0,Functional connectivity / synchrony
PLV_Alpha_F7_Oz,0.0,Functional connectivity / synchrony
PLV_Alpha_F7_F4,0.0,Functional connectivity / synchrony
PLV_Alpha_F7_F2,0.0,Functional connectivity / synchrony
PLV_Alpha_F7_Fz,0.0,Functional connectivity / synchrony
PLV_Alpha_F7_AFz,0.0,Functional connectivity / synchrony
PLV_Alpha_F7_AF4,0.0,Functional connectivity / synchrony
PLV_Alpha_F7_AF8,0.0,Functional connectivity / synchrony
PLV_Alpha_F7_Fp2,0.0,Functional connectivity / synchrony
PLV_Alpha_F7_Fpz,0.0,Functional connectivity / synchrony
PLV_Alpha_F7_CPz,0.0,Functional connectivity / synchrony
PLV_Alpha_F7_Pz,0.0,Functional connectivity / synchrony
PLV_Alpha_F7_POz,0.0,Functional connectivity / synchrony
PLV_Alpha_F7_F6,0.0,Functional connectivity / synchrony
PLV_Alpha_F5_AFz,0.0,Functional connectivity / synchrony
PLV_Alpha_F5_AF4,0.0,Functional connectivity / synchrony
PLV_Alpha_F5_AF8,0.0,Functional connectivity / synchrony
PLV_Alpha_F5_Fp2,0.0,Functional connectivity / synchrony
PLV_Alpha_F5_Fpz,0.0,Functional connectivity / synchrony
PLV_Alpha_F5_CPz,0.0,Functional connectivity / synchrony
PLV_Alpha_F5_Pz,0.0,Functional connectivity / synchrony
PLV_Alpha_F5_POz,0.0,Functional connectivity / synchrony
PLV_Alpha_F5_Oz,0.0,Functional connectivity / synchrony
PLV_Alpha_F5_Iz,0.0,Functional connectivity / synchrony
PLV_Alpha_F5_PO8,0.0,Functional connectivity / synchrony
PLV_Alpha_F5_PO3,0.0,Functional connectivity / synchrony
PLV_Alpha_F5_PO7,0.0,Functional connectivity / synchrony
PLV_Alpha_F5_P9,0.0,Functional connectivity / synchrony
PLV_Alpha_F5_P7,0.0,Functional connectivity / synchrony
PLV_Alpha_F5_P5,0.0,Functional connectivity / synchrony
PLV_Alpha_F5_P3,0.0,Functional connectivity / synchrony
PLV_Alpha_F5_P1,0.0,Functional connectivity / synchrony
PLV_Alpha_F5_CP1,0.0,Functional connectivity / synchrony
PLV_Alpha_F5_CP3,0.0,Functional connectivity / synchrony
PLV_Alpha_F5_CP5,0.0,Functional connectivity / synchrony
PLV_Alpha_F5_TP7,0.0,Functional connectivity / synchrony
PLV_Alpha_F5_O1,0.0,Functional connectivity / synchrony
PLV_Alpha_F5_P10,0.0,Functional connectivity / synchrony
PLV_Alpha_F5_P8,0.0,Functional connectivity / synchrony
PLV_Alpha_F5_P6,0.0,Functional connectivity / synchrony
PLV_Alpha_F5_P4,0.0,Functional connectivity / synchrony
PLV_Alpha_F5_P2,0.0,Functional connectivity / synchrony
PLV_Alpha_F5_CP2,0.0,Functional connectivity / synchrony
PLV_Alpha_F5_CP4,0.0,Functional connectivity / synchrony
PLV_Alpha_F5_CP6,0.0,Functional connectivity / synchrony
PLV_Alpha_F5_TP8,0.0,Functional connectivity / synchrony
PLV_Alpha_F5_T8,0.0,Functional connectivity / synchrony
PLV_Alpha_F5_C6,0.0,Functional connectivity / synchrony
PLV_Alpha_F5_Fz,0.0,Functional connectivity / synchrony
PLV_Alpha_F5_C2,0.0,Functional connectivity / synchrony
PLV_Alpha_F5_Cz,0.0,Functional connectivity / synchrony
PLV_Alpha_F5_FCz,0.0,Functional connectivity / synchrony
PLV_Alpha_F5_FC2,0.0,Functional connectivity / synchrony
PLV_Alpha_F5_FC4,0.0,Functional connectivity / synchrony
PLV_Alpha_F5_FC6,0.0,Functional connectivity / synchrony
PLV_Alpha_F5_FT8,0.0,Functional connectivity / synchrony
PLV_Alpha_F5_F8,0.0,Functional connectivity / synchrony
PLV_Alpha_F5_F6,0.0,Functional connectivity / synchrony
PLV_Alpha_F5_F4,0.0,Functional connectivity / synchrony
PLV_Alpha_F5_F2,0.0,Functional connectivity / synchrony
PLV_Alpha_F5_C4,0.0,Functional connectivity / synchrony
PLV_Alpha_FC5_FC3,0.0,Functional connectivity / synchrony
PLV_Alpha_FT7_O2,0.0,Functional connectivity / synchrony
PLV_Alpha_FT7_PO4,0.0,Functional connectivity / synchrony
PLV_Alpha_FT7_PO8,0.0,Functional connectivity / synchrony
PLV_Alpha_FT7_P10,0.0,Functional connectivity / synchrony
PLV_Alpha_FT7_P8,0.0,Functional connectivity / synchrony
PLV_Alpha_FT7_P6,0.0,Functional connectivity / synchrony
PLV_Alpha_FT7_P4,0.0,Functional connectivity / synchrony
PLV_Alpha_FT7_P2,0.0,Functional connectivity / synchrony
PLV_Alpha_FT7_CP2,0.0,Functional connectivity / synchrony
PLV_Alpha_F7_T8,0.0,Functional connectivity / synchrony
PLV_Alpha_FT7_CP6,0.0,Functional connectivity / synchrony
PLV_Alpha_FT7_TP8,0.0,Functional connectivity / synchrony
PLV_Alpha_FT7_T8,0.0,Functional connectivity / synchrony
PLV_Alpha_FT7_C6,0.0,Functional connectivity / synchrony
PLV_Alpha_FT7_C4,0.0,Functional connectivity / synchrony
PLV_Alpha_FT7_C2,0.0,Functional connectivity / synchrony
PLV_Alpha_FT7_Cz,0.0,Functional connectivity / synchrony
PLV_Alpha_FT7_FCz,0.0,Functional connectivity / synchrony
PLV_Alpha_FT7_FC2,0.0,Functional connectivity / synchrony
PLV_Alpha_FT7_FC4,0.0,Functional connectivity / synchrony
PLV_Alpha_FT7_FC6,0.0,Functional connectivity / synchrony
PLV_Alpha_FT7_CP4,0.0,Functional connectivity / synchrony
PLV_Alpha_FC5_Fpz,0.0,Functional connectivity / synchrony
PLV_Alpha_FC5_CPz,0.0,Functional connectivity / synchrony
PLV_Alpha_FC5_Pz,0.0,Functional connectivity / synchrony
PLV_Alpha_FC5_POz,0.0,Functional connectivity / synchrony
PLV_Alpha_FC5_Oz,0.0,Functional connectivity / synchrony
PLV_Alpha_FC5_Iz,0.0,Functional connectivity / synchrony
PLV_Alpha_FC5_O1,0.0,Functional connectivity / synchrony
PLV_Alpha_FC5_PO3,0.0,Functional connectivity / synchrony
PLV_Alpha_FC5_PO7,0.0,Functional connectivity / synchrony
PLV_Alpha_FC5_P9,0.0,Functional connectivity / synchrony
PLV_Alpha_FC5_FC1,0.0,Functional connectivity / synchrony
PLV_Alpha_FC5_P5,0.0,Functional connectivity / synchrony
PLV_Alpha_FC5_P3,0.0,Functional connectivity / synchrony
PLV_Alpha_FC5_P1,0.0,Functional connectivity / synchrony
PLV_Alpha_FC5_CP1,0.0,Functional connectivity / synchrony
PLV_Alpha_FC5_CP3,0.0,Functional connectivity / synchrony
PLV_Alpha_FC5_CP5,0.0,Functional connectivity / synchrony
PLV_Alpha_FC5_TP7,0.0,Functional connectivity / synchrony
PLV_Alpha_FC5_T7,0.0,Functional connectivity / synchrony
PLV_Alpha_FC5_C5,0.0,Functional connectivity / synchrony
PLV_Alpha_FC5_C3,0.0,Functional connectivity / synchrony
PLV_Alpha_FC5_C1,0.0,Functional connectivity / synchrony
PLV_Alpha_FC5_P7,0.0,Functional connectivity / synchrony
PLV_Alpha_FT7_CP3,0.0,Functional connectivity / synchrony
PLV_Alpha_FT7_CP5,0.0,Functional connectivity / synchrony
PLV_Alpha_FT7_TP7,0.0,Functional connectivity / synchrony
PLV_Alpha_FT7_T7,0.0,Functional connectivity / synchrony
PLV_Alpha_FT7_C5,0.0,Functional connectivity / synchrony
PLV_Alpha_FT7_C3,0.0,Functional connectivity / synchrony
PLV_Alpha_FT7_C1,0.0,Functional connectivity / synchrony
PLV_Alpha_FT7_FC1,0.0,Functional connectivity / synchrony
PLV_Alpha_FT7_FC3,0.0,Functional connectivity / synchrony
PLV_Alpha_FT7_FC5,0.0,Functional connectivity / synchrony
PLV_Alpha_FT7_FT8,0.0,Functional connectivity / synchrony
PLV_Alpha_F7_PO4,0.0,Functional connectivity / synchrony
PLV_Alpha_F7_PO8,0.0,Functional connectivity / synchrony
PLV_Alpha_F7_P10,0.0,Functional connectivity / synchrony
PLV_Alpha_F7_P8,0.0,Functional connectivity / synchrony
PLV_Alpha_F7_P6,0.0,Functional connectivity / synchrony
PLV_Alpha_F7_P4,0.0,Functional connectivity / synchrony
PLV_Alpha_F7_P2,0.0,Functional connectivity / synchrony
PLV_Alpha_F7_CP2,0.0,Functional connectivity / synchrony
PLV_Alpha_F7_CP4,0.0,Functional connectivity / synchrony
PLV_Alpha_F7_CP6,0.0,Functional connectivity / synchrony
PLV_Alpha_F7_TP8,0.0,Functional connectivity / synchrony
PLV_Alpha_F7_O2,0.0,Functional connectivity / synchrony
PLV_Alpha_FT7_F8,0.0,Functional connectivity / synchrony
PLV_Alpha_FT7_F6,0.0,Functional connectivity / synchrony
PLV_Alpha_FT7_F4,0.0,Functional connectivity / synchrony
PLV_Alpha_FT7_F2,0.0,Functional connectivity / synchrony
PLV_Alpha_FT7_Fz,0.0,Functional connectivity / synchrony
PLV_Alpha_FT7_AFz,0.0,Functional connectivity / synchrony
PLV_Alpha_FT7_AF4,0.0,Functional connectivity / synchrony
PLV_Alpha_FT7_AF8,0.0,Functional connectivity / synchrony
PLV_Alpha_FT7_Fp2,0.0,Functional connectivity / synchrony
PLV_Alpha_FT7_Fpz,0.0,Functional connectivity / synchrony
PLV_Alpha_FT7_CPz,0.0,Functional connectivity / synchrony
PLV_Alpha_FT7_CP1,0.0,Functional connectivity / synchrony
PLV_Alpha_FT7_POz,0.0,Functional connectivity / synchrony
PLV_Alpha_FT7_Oz,0.0,Functional connectivity / synchrony
PLV_Alpha_FT7_Iz,0.0,Functional connectivity / synchrony
PLV_Alpha_FT7_O1,0.0,Functional connectivity / synchrony
PLV_Alpha_FT7_PO3,0.0,Functional connectivity / synchrony
PLV_Alpha_FT7_PO7,0.0,Functional connectivity / synchrony
PLV_Alpha_FT7_P9,0.0,Functional connectivity / synchrony
PLV_Alpha_FT7_P7,0.0,Functional connectivity / synchrony
PLV_Alpha_FT7_P5,0.0,Functional connectivity / synchrony
PLV_Alpha_FT7_P3,0.0,Functional connectivity / synchrony
PLV_Alpha_FT7_P1,0.0,Functional connectivity / synchrony
PLV_Alpha_FT7_Pz,0.0,Functional connectivity / synchrony
PLV_Alpha_CP3_PO3,0.0,Functional connectivity / synchrony
PLV_Alpha_CP3_PO7,0.0,Functional connectivity / synchrony
PLV_Alpha_CP3_P9,0.0,Functional connectivity / synchrony
PLV_Alpha_CP3_P7,0.0,Functional connectivity / synchrony
PLV_Alpha_CP3_P5,0.0,Functional connectivity / synchrony
PLV_Alpha_CP3_P3,0.0,Functional connectivity / synchrony
PLV_Alpha_CP3_P1,0.0,Functional connectivity / synchrony
PLV_Alpha_CP3_CP1,0.0,Functional connectivity / synchrony
PLV_Alpha_CP5_O2,0.0,Functional connectivity / synchrony
PLV_Alpha_CP5_PO4,0.0,Functional connectivity / synchrony
PLV_Alpha_C1_P10,0.0,Functional connectivity / synchrony
PLV_Alpha_CP5_P10,0.0,Functional connectivity / synchrony
PLV_Alpha_CP5_P8,0.0,Functional connectivity / synchrony
PLV_Alpha_CP5_P6,0.0,Functional connectivity / synchrony
PLV_Alpha_CP5_P4,0.0,Functional connectivity / synchrony
PLV_Alpha_CP5_P2,0.0,Functional connectivity / synchrony
PLV_Alpha_CP5_CP2,0.0,Functional connectivity / synchrony
PLV_Alpha_CP5_CP4,0.0,Functional connectivity / synchrony
PLV_Alpha_CP5_CP6,0.0,Functional connectivity / synchrony
PLV_Alpha_CP5_TP8,0.0,Functional connectivity / synchrony
PLV_Alpha_CP5_T8,0.0,Functional connectivity / synchrony
PLV_Alpha_CP5_C6,0.0,Functional connectivity / synchrony
PLV_Alpha_CP5_PO8,0.0,Functional connectivity / synchrony
PLV_Alpha_CP3_C2,0.0,Functional connectivity / synchrony
PLV_Alpha_CP3_Cz,0.0,Functional connectivity / synchrony
PLV_Alpha_CP3_FCz,0.0,Functional connectivity / synchrony
PLV_Alpha_CP3_FC2,0.0,Functional connectivity / synchrony
PLV_Alpha_CP3_FC4,0.0,Functional connectivity / synchrony
PLV_Alpha_CP3_FC6,0.0,Functional connectivity / synchrony
PLV_Theta_PO4_O2,0.0,Functional connectivity / synchrony
PLV_Alpha_CP3_F8,0.0,Functional connectivity / synchrony
PLV_Alpha_CP3_F6,0.0,Functional connectivity / synchrony
PLV_Alpha_CP3_F4,0.0,Functional connectivity / synchrony
PLV_Alpha_CP3_O1,0.0,Functional connectivity / synchrony
PLV_Alpha_CP3_Fz,0.0,Functional connectivity / synchrony
PLV_Alpha_CP3_AFz,0.0,Functional connectivity / synchrony
PLV_Alpha_CP3_AF4,0.0,Functional connectivity / synchrony
PLV_Alpha_CP3_AF8,0.0,Functional connectivity / synchrony
PLV_Alpha_CP3_Fp2,0.0,Functional connectivity / synchrony
PLV_Alpha_CP3_Fpz,0.0,Functional connectivity / synchrony
PLV_Alpha_CP3_CPz,0.0,Functional connectivity / synchrony
PLV_Alpha_CP3_Pz,0.0,Functional connectivity / synchrony
PLV_Alpha_CP3_POz,0.0,Functional connectivity / synchrony
PLV_Alpha_CP3_Oz,0.0,Functional connectivity / synchrony
PLV_Alpha_CP3_Iz,0.0,Functional connectivity / synchrony
PLV_Alpha_CP3_F2,0.0,Functional connectivity / synchrony
PLV_Alpha_CP5_PO7,0.0,Functional connectivity / synchrony
PLV_Alpha_CP5_P9,0.0,Functional connectivity / synchrony
PLV_Alpha_CP5_P7,0.0,Functional connectivity / synchrony
PLV_Alpha_CP5_P5,0.0,Functional connectivity / synchrony
PLV_Alpha_CP5_P3,0.0,Functional connectivity / synchrony
PLV_Alpha_CP5_P1,0.0,Functional connectivity / synchrony
PLV_Alpha_CP5_CP1,0.0,Functional connectivity / synchrony
PLV_Alpha_CP5_CP3,0.0,Functional connectivity / synchrony
PLV_Alpha_TP7_O2,0.0,Functional connectivity / synchrony
PLV_Alpha_TP7_PO4,0.0,Functional connectivity / synchrony
PLV_Alpha_CP5_C4,0.0,Functional connectivity / synchrony
PLV_Alpha_TP7_P10,0.0,Functional connectivity / synchrony
PLV_Alpha_TP7_P8,0.0,Functional connectivity / synchrony
PLV_Alpha_TP7_P6,0.0,Functional connectivity / synchrony
PLV_Alpha_TP7_P4,0.0,Functional connectivity / synchrony
PLV_Alpha_TP7_P2,0.0,Functional connectivity / synchrony
PLV_Alpha_TP7_CP2,0.0,Functional connectivity / synchrony
PLV_Alpha_TP7_CP4,0.0,Functional connectivity / synchrony
PLV_Alpha_TP7_CP6,0.0,Functional connectivity / synchrony
PLV_Alpha_TP7_TP8,0.0,Functional connectivity / synchrony
PLV_Alpha_TP7_T8,0.0,Functional connectivity / synchrony
PLV_Alpha_TP7_C6,0.0,Functional connectivity / synchrony
PLV_Alpha_TP7_PO8,0.0,Functional connectivity / synchrony
PLV_Alpha_CP5_C2,0.0,Functional connectivity / synchrony
PLV_Alpha_CP5_Cz,0.0,Functional connectivity / synchrony
PLV_Alpha_CP5_FCz,0.0,Functional connectivity / synchrony
PLV_Alpha_CP5_FC2,0.0,Functional connectivity / synchrony
PLV_Alpha_CP5_FC4,0.0,Functional connectivity / synchrony
PLV_Alpha_CP5_FC6,0.0,Functional connectivity / synchrony
PLV_Alpha_CP5_FT8,0.0,Functional connectivity / synchrony
PLV_Alpha_CP5_F8,0.0,Functional connectivity / synchrony
PLV_Alpha_CP5_F6,0.0,Functional connectivity / synchrony
PLV_Alpha_CP5_F4,0.0,Functional connectivity / synchrony
PLV_Alpha_CP5_F2,0.0,Functional connectivity / synchrony
PLV_Alpha_CP5_PO3,0.0,Functional connectivity / synchrony
PLV_Alpha_CP5_AFz,0.0,Functional connectivity / synchrony
PLV_Alpha_CP5_AF4,0.0,Functional connectivity / synchrony
PLV_Alpha_CP5_AF8,0.0,Functional connectivity / synchrony
PLV_Alpha_CP5_Fp2,0.0,Functional connectivity / synchrony
PLV_Alpha_CP5_Fpz,0.0,Functional connectivity / synchrony
PLV_Alpha_CP5_CPz,0.0,Functional connectivity / synchrony
PLV_Alpha_CP5_Pz,0.0,Functional connectivity / synchrony
PLV_Alpha_CP5_POz,0.0,Functional connectivity / synchrony
PLV_Alpha_CP5_Oz,0.0,Functional connectivity / synchrony
PLV_Alpha_CP5_Iz,0.0,Functional connectivity / synchrony
PLV_Alpha_CP5_O1,0.0,Functional connectivity / synchrony
PLV_Alpha_CP5_Fz,0.0,Functional connectivity / synchrony
PLV_Alpha_P1_POz,0.0,Functional connectivity / synchrony
PLV_Alpha_P1_Oz,0.0,Functional connectivity / synchrony
PLV_Alpha_P1_Iz,0.0,Functional connectivity / synchrony
PLV_Alpha_P1_O1,0.0,Functional connectivity / synchrony
PLV_Alpha_P1_PO3,0.0,Functional connectivity / synchrony
PLV_Alpha_P1_PO7,0.0,Functional connectivity / synchrony
PLV_Alpha_P1_P9,0.0,Functional connectivity / synchrony
PLV_Alpha_P1_P7,0.0,Functional connectivity / synchrony
PLV_Alpha_P1_P5,0.0,Functional connectivity / synchrony
PLV_Alpha_P1_P3,0.0,Functional connectivity / synchrony
PLV_Alpha_CP3_C4,0.0,Functional connectivity / synchrony
PLV_Alpha_CP1_PO4,0.0,Functional connectivity / synchrony
PLV_Alpha_CP1_PO8,0.0,Functional connectivity / synchrony
PLV_Alpha_CP1_P10,0.0,Functional connectivity / synchrony
PLV_Alpha_CP1_P8,0.0,Functional connectivity / synchrony
PLV_Alpha_CP1_P6,0.0,Functional connectivity / synchrony
PLV_Alpha_CP1_P4,0.0,Functional connectivity / synchrony
PLV_Alpha_CP1_P2,0.0,Functional connectivity / synchrony
PLV_Alpha_CP1_CP2,0.0,Functional connectivity / synchrony
PLV_Alpha_CP1_CP4,0.0,Functional connectivity / synchrony
PLV_Alpha_CP1_CP6,0.0,Functional connectivity / synchrony
PLV_Alpha_CP1_TP8,0.0,Functional connectivity / synchrony
PLV_Alpha_CP1_O2,0.0,Functional connectivity / synchrony
PLV_Alpha_P1_TP8,0.0,Functional connectivity / synchrony
PLV_Alpha_P1_T8,0.0,Functional connectivity / synchrony
PLV_Alpha_P1_C6,0.0,Functional connectivity / synchrony
PLV_Alpha_P1_C4,0.0,Functional connectivity / synchrony
PLV_Alpha_P1_C2,0.0,Functional connectivity / synchrony
PLV_Alpha_P1_Cz,0.0,Functional connectivity / synchrony
PLV_Alpha_P1_FCz,0.0,Functional connectivity / synchrony
PLV_Alpha_P1_FC2,0.0,Functional connectivity / synchrony
PLV_Alpha_P1_FC4,0.0,Functional connectivity / synchrony
PLV_Alpha_P1_FC6,0.0,Functional connectivity / synchrony
PLV_Alpha_P1_Pz,0.0,Functional connectivity / synchrony
PLV_Alpha_P1_F8,0.0,Functional connectivity / synchrony
PLV_Alpha_P1_F6,0.0,Functional connectivity / synchrony
PLV_Alpha_P1_F4,0.0,Functional connectivity / synchrony
PLV_Alpha_P1_F2,0.0,Functional connectivity / synchrony
PLV_Alpha_P1_Fz,0.0,Functional connectivity / synchrony
PLV_Alpha_P1_AFz,0.0,Functional connectivity / synchrony
PLV_Alpha_P1_AF4,0.0,Functional connectivity / synchrony
PLV_Alpha_P1_AF8,0.0,Functional connectivity / synchrony
PLV_Alpha_P1_Fp2,0.0,Functional connectivity / synchrony
PLV_Alpha_P1_Fpz,0.0,Functional connectivity / synchrony
PLV_Alpha_P1_CPz,0.0,Functional connectivity / synchrony
PLV_Alpha_P1_FT8,0.0,Functional connectivity / synchrony
PLV_Alpha_CP1_O1,0.0,Functional connectivity / synchrony
PLV_Alpha_CP1_PO3,0.0,Functional connectivity / synchrony
PLV_Alpha_CP1_PO7,0.0,Functional connectivity / synchrony
PLV_Alpha_CP1_P9,0.0,Functional connectivity / synchrony
PLV_Alpha_CP1_P7,0.0,Functional connectivity / synchrony
PLV_Alpha_CP1_P5,0.0,Functional connectivity / synchrony
PLV_Alpha_CP1_P3,0.0,Functional connectivity / synchrony
PLV_Alpha_CP1_P1,0.0,Functional connectivity / synchrony
PLV_Alpha_CP3_O2,0.0,Functional connectivity / synchrony
PLV_Alpha_CP3_PO4,0.0,Functional connectivity / synchrony
PLV_Alpha_CP1_T8,0.0,Functional connectivity / synchrony
PLV_Alpha_CP3_P10,0.0,Functional connectivity / synchrony
PLV_Alpha_CP3_P8,0.0,Functional connectivity / synchrony
PLV_Alpha_CP3_P6,0.0,Functional connectivity / synchrony
PLV_Alpha_CP3_P4,0.0,Functional connectivity / synchrony
PLV_Alpha_CP3_P2,0.0,Functional connectivity / synchrony
PLV_Alpha_CP3_CP2,0.0,Functional connectivity / synchrony
PLV_Alpha_CP3_CP4,0.0,Functional connectivity / synchrony
PLV_Alpha_CP3_CP6,0.0,Functional connectivity / synchrony
PLV_Alpha_CP3_TP8,0.0,Functional connectivity / synchrony
PLV_Alpha_CP3_T8,0.0,Functional connectivity / synchrony
PLV_Alpha_CP3_C6,0.0,Functional connectivity / synchrony
PLV_Alpha_CP3_PO8,0.0,Functional connectivity / synchrony
PLV_Alpha_CP1_C6,0.0,Functional connectivity / synchrony
PLV_Alpha_CP1_C4,0.0,Functional connectivity / synchrony
PLV_Alpha_CP1_C2,0.0,Functional connectivity / synchrony
PLV_Alpha_CP1_Cz,0.0,Functional connectivity / synchrony
PLV_Alpha_CP1_FCz,0.0,Functional connectivity / synchrony
PLV_Alpha_CP1_FC2,0.0,Functional connectivity / synchrony
PLV_Alpha_CP1_FC4,0.0,Functional connectivity / synchrony
PLV_Alpha_CP1_FC6,0.0,Functional connectivity / synchrony
PLV_Alpha_CP1_FT8,0.0,Functional connectivity / synchrony
PLV_Alpha_CP1_F8,0.0,Functional connectivity / synchrony
PLV_Alpha_CP1_F6,0.0,Functional connectivity / synchrony
PLV_Alpha_CP1_Iz,0.0,Functional connectivity / synchrony
PLV_Alpha_CP1_F2,0.0,Functional connectivity / synchrony
PLV_Alpha_CP1_Fz,0.0,Functional connectivity / synchrony
PLV_Alpha_CP1_AFz,0.0,Functional connectivity / synchrony
PLV_Alpha_CP1_AF4,0.0,Functional connectivity / synchrony
PLV_Alpha_CP1_AF8,0.0,Functional connectivity / synchrony
PLV_Alpha_CP1_Fp2,0.0,Functional connectivity / synchrony
PLV_Alpha_CP1_Fpz,0.0,Functional connectivity / synchrony
PLV_Alpha_CP1_CPz,0.0,Functional connectivity / synchrony
PLV_Alpha_CP1_Pz,0.0,Functional connectivity / synchrony
PLV_Alpha_CP1_POz,0.0,Functional connectivity / synchrony
PLV_Alpha_CP1_Oz,0.0,Functional connectivity / synchrony
PLV_Alpha_CP1_F4,0.0,Functional connectivity / synchrony
PLV_Alpha_C5_POz,0.0,Functional connectivity / synchrony
PLV_Alpha_C5_Oz,0.0,Functional connectivity / synchrony
PLV_Alpha_C5_Iz,0.0,Functional connectivity / synchrony
PLV_Alpha_C5_O1,0.0,Functional connectivity / synchrony
PLV_Alpha_C5_PO3,0.0,Functional connectivity / synchrony
PLV_Alpha_C5_PO7,0.0,Functional connectivity / synchrony
PLV_Alpha_C5_P9,0.0,Functional connectivity / synchrony
PLV_Alpha_C5_P7,0.0,Functional connectivity / synchrony
PLV_Alpha_C5_P5,0.0,Functional connectivity / synchrony
PLV_Alpha_C5_P3,0.0,Functional connectivity / synchrony
PLV_Alpha_TP7_C4,0.0,Functional connectivity / synchrony
PLV_Alpha_C5_CP1,0.0,Functional connectivity / synchrony
PLV_Alpha_C5_CP3,0.0,Functional connectivity / synchrony
PLV_Alpha_C5_CP5,0.0,Functional connectivity / synchrony
PLV_Alpha_C5_TP7,0.0,Functional connectivity / synchrony
PLV_Alpha_C5_T7,0.0,Functional connectivity / synchrony
PLV_Alpha_C3_O2,0.0,Functional connectivity / synchrony
PLV_Alpha_C3_PO4,0.0,Functional connectivity / synchrony
PLV_Alpha_C3_PO8,0.0,Functional connectivity / synchrony
PLV_Alpha_C3_P10,0.0,Functional connectivity / synchrony
PLV_Alpha_C3_P8,0.0,Functional connectivity / synchrony
PLV_Alpha_C3_P6,0.0,Functional connectivity / synchrony
PLV_Alpha_C5_P1,0.0,Functional connectivity / synchrony
PLV_Alpha_C5_TP8,0.0,Functional connectivity / synchrony
PLV_Alpha_C5_T8,0.0,Functional connectivity / synchrony
PLV_Alpha_C5_C6,0.0,Functional connectivity / synchrony
PLV_Alpha_C5_C4,0.0,Functional connectivity / synchrony
PLV_Alpha_C5_C2,0.0,Functional connectivity / synchrony
PLV_Alpha_C5_Cz,0.0,Functional connectivity / synchrony
PLV_Alpha_C5_FCz,0.0,Functional connectivity / synchrony
PLV_Alpha_C5_FC2,0.0,Functional connectivity / synchrony
PLV_Alpha_C5_FC4,0.0,Functional connectivity / synchrony
PLV_Alpha_C5_FC6,0.0,Functional connectivity / synchrony
PLV_Alpha_C5_Pz,0.0,Functional connectivity / synchrony
PLV_Alpha_C5_F8,0.0,Functional connectivity / synchrony
PLV_Alpha_C5_F6,0.0,Functional connectivity / synchrony
PLV_Alpha_C5_F4,0.0,Functional connectivity / synchrony
PLV_Alpha_C5_F2,0.0,Functional connectivity / synchrony
PLV_Alpha_C5_Fz,0.0,Functional connectivity / synchrony
PLV_Alpha_C5_AFz,0.0,Functional connectivity / synchrony
PLV_Alpha_C5_AF4,0.0,Functional connectivity / synchrony
PLV_Alpha_C5_AF8,0.0,Functional connectivity / synchrony
PLV_Alpha_C5_Fp2,0.0,Functional connectivity / synchrony
PLV_Alpha_C5_Fpz,0.0,Functional connectivity / synchrony
PLV_Alpha_C5_CPz,0.0,Functional connectivity / synchrony
PLV_Alpha_C5_FT8,0.0,Functional connectivity / synchrony
PLV_Alpha_C3_CPz,0.0,Functional connectivity / synchrony
PLV_Alpha_C3_Pz,0.0,Functional connectivity / synchrony
PLV_Alpha_C3_POz,0.0,Functional connectivity / synchrony
PLV_Alpha_C3_Oz,0.0,Functional connectivity / synchrony
PLV_Alpha_C3_Iz,0.0,Functional connectivity / synchrony
PLV_Alpha_C3_O1,0.0,Functional connectivity / synchrony
PLV_Alpha_C3_PO3,0.0,Functional connectivity / synchrony
PLV_Alpha_C3_PO7,0.0,Functional connectivity / synchrony
PLV_Alpha_C3_P9,0.0,Functional connectivity / synchrony
PLV_Alpha_C3_P7,0.0,Functional connectivity / synchrony
PLV_Alpha_C3_P4,0.0,Functional connectivity / synchrony
PLV_Alpha_C3_P3,0.0,Functional connectivity / synchrony
PLV_Alpha_C3_P1,0.0,Functional connectivity / synchrony
PLV_Alpha_C3_CP1,0.0,Functional connectivity / synchrony
PLV_Alpha_C3_CP3,0.0,Functional connectivity / synchrony
PLV_Alpha_C3_CP5,0.0,Functional connectivity / synchrony
PLV_Alpha_C3_TP7,0.0,Functional connectivity / synchrony
PLV_Alpha_C3_T7,0.0,Functional connectivity / synchrony
PLV_Alpha_C3_C5,0.0,Functional connectivity / synchrony
PLV_Alpha_C1_O2,0.0,Functional connectivity / synchrony
PLV_Alpha_C1_PO4,0.0,Functional connectivity / synchrony
PLV_Alpha_C1_PO8,0.0,Functional connectivity / synchrony
PLV_Alpha_C3_P5,0.0,Functional connectivity / synchrony
PLV_Alpha_C3_P2,0.0,Functional connectivity / synchrony
PLV_Alpha_C3_CP2,0.0,Functional connectivity / synchrony
PLV_Alpha_C3_CP4,0.0,Functional connectivity / synchrony
PLV_Alpha_C3_CP6,0.0,Functional connectivity / synchrony
PLV_Alpha_C3_TP8,0.0,Functional connectivity / synchrony
PLV_Alpha_C3_T8,0.0,Functional connectivity / synchrony
PLV_Alpha_C3_C6,0.0,Functional connectivity / synchrony
PLV_Alpha_C3_C4,0.0,Functional connectivity / synchrony
PLV_Alpha_C3_C2,0.0,Functional connectivity / synchrony
PLV_Alpha_C3_Cz,0.0,Functional connectivity / synchrony
PLV_Alpha_C3_FC2,0.0,Functional connectivity / synchrony
PLV_Alpha_C3_Fpz,0.0,Functional connectivity / synchrony
PLV_Alpha_C3_FC6,0.0,Functional connectivity / synchrony
PLV_Alpha_C3_FT8,0.0,Functional connectivity / synchrony
PLV_Alpha_C3_F8,0.0,Functional connectivity / synchrony
PLV_Alpha_C3_F6,0.0,Functional connectivity / synchrony
PLV_Alpha_C3_F4,0.0,Functional connectivity / synchrony
PLV_Alpha_C3_F2,0.0,Functional connectivity / synchrony
PLV_Alpha_C3_Fz,0.0,Functional connectivity / synchrony
PLV_Alpha_C3_AFz,0.0,Functional connectivity / synchrony
PLV_Alpha_C3_AF4,0.0,Functional connectivity / synchrony
PLV_Alpha_C3_AF8,0.0,Functional connectivity / synchrony
PLV_Alpha_C3_Fp2,0.0,Functional connectivity / synchrony
PLV_Alpha_C3_FC4,0.0,Functional connectivity / synchrony
PLV_Alpha_TP7_PO3,0.0,Functional connectivity / synchrony
PLV_Alpha_TP7_PO7,0.0,Functional connectivity / synchrony
PLV_Alpha_TP7_P9,0.0,Functional connectivity / synchrony
PLV_Alpha_TP7_P7,0.0,Functional connectivity / synchrony
PLV_Alpha_TP7_P5,0.0,Functional connectivity / synchrony
PLV_Alpha_TP7_P3,0.0,Functional connectivity / synchrony
PLV_Alpha_TP7_P1,0.0,Functional connectivity / synchrony
PLV_Alpha_TP7_CP1,0.0,Functional connectivity / synchrony
PLV_Alpha_TP7_CP3,0.0,Functional connectivity / synchrony
PLV_Alpha_TP7_CP5,0.0,Functional connectivity / synchrony
PLV_Alpha_C5_CP6,0.0,Functional connectivity / synchrony
PLV_Alpha_T7_PO4,0.0,Functional connectivity / synchrony
PLV_Alpha_T7_PO8,0.0,Functional connectivity / synchrony
PLV_Alpha_T7_P10,0.0,Functional connectivity / synchrony
PLV_Alpha_T7_P8,0.0,Functional connectivity / synchrony
PLV_Alpha_T7_P6,0.0,Functional connectivity / synchrony
PLV_Alpha_T7_P4,0.0,Functional connectivity / synchrony
PLV_Alpha_T7_P2,0.0,Functional connectivity / synchrony
PLV_Alpha_T7_CP2,0.0,Functional connectivity / synchrony
PLV_Alpha_T7_CP4,0.0,Functional connectivity / synchrony
PLV_Alpha_T7_CP6,0.0,Functional connectivity / synchrony
PLV_Alpha_T7_TP8,0.0,Functional connectivity / synchrony
PLV_Alpha_T7_O2,0.0,Functional connectivity / synchrony
PLV_Alpha_TP7_C2,0.0,Functional connectivity / synchrony
PLV_Alpha_TP7_Cz,0.0,Functional connectivity / synchrony
PLV_Alpha_TP7_FCz,0.0,Functional connectivity / synchrony
PLV_Alpha_TP7_FC2,0.0,Functional connectivity / synchrony
PLV_Alpha_TP7_FC4,0.0,Functional connectivity / synchrony
PLV_Alpha_TP7_FC6,0.0,Functional connectivity / synchrony
PLV_Alpha_TP7_FT8,0.0,Functional connectivity / synchrony
PLV_Alpha_TP7_F8,0.0,Functional connectivity / synchrony
PLV_Alpha_TP7_F6,0.0,Functional connectivity / synchrony
PLV_Alpha_TP7_F4,0.0,Functional connectivity / synchrony
PLV_Alpha_TP7_O1,0.0,Functional connectivity / synchrony
PLV_Alpha_TP7_Fz,0.0,Functional connectivity / synchrony
PLV_Alpha_TP7_AFz,0.0,Functional connectivity / synchrony
PLV_Alpha_TP7_AF4,0.0,Functional connectivity / synchrony
PLV_Alpha_TP7_AF8,0.0,Functional connectivity / synchrony
PLV_Alpha_TP7_Fp2,0.0,Functional connectivity / synchrony
PLV_Alpha_TP7_Fpz,0.0,Functional connectivity / synchrony
PLV_Alpha_TP7_CPz,0.0,Functional connectivity / synchrony
PLV_Alpha_TP7_Pz,0.0,Functional connectivity / synchrony
PLV_Alpha_TP7_POz,0.0,Functional connectivity / synchrony
PLV_Alpha_TP7_Oz,0.0,Functional connectivity / synchrony
PLV_Alpha_TP7_Iz,0.0,Functional connectivity / synchrony
PLV_Alpha_TP7_F2,0.0,Functional connectivity / synchrony
PLV_Alpha_T7_O1,0.0,Functional connectivity / synchrony
PLV_Alpha_T7_PO3,0.0,Functional connectivity / synchrony
PLV_Alpha_T7_PO7,0.0,Functional connectivity / synchrony
PLV_Alpha_T7_P9,0.0,Functional connectivity / synchrony
PLV_Alpha_T7_P7,0.0,Functional connectivity / synchrony
PLV_Alpha_T7_P5,0.0,Functional connectivity / synchrony
PLV_Alpha_T7_P3,0.0,Functional connectivity / synchrony
PLV_Alpha_T7_P1,0.0,Functional connectivity / synchrony
PLV_Alpha_T7_CP1,0.0,Functional connectivity / synchrony
PLV_Alpha_T7_CP3,0.0,Functional connectivity / synchrony
PLV_Alpha_T7_T8,0.0,Functional connectivity / synchrony
PLV_Alpha_T7_TP7,0.0,Functional connectivity / synchrony
PLV_Alpha_C5_O2,0.0,Functional connectivity / synchrony
PLV_Alpha_C5_PO4,0.0,Functional connectivity / synchrony
PLV_Alpha_C5_PO8,0.0,Functional connectivity / synchrony
PLV_Alpha_C5_P10,0.0,Functional connectivity / synchrony
PLV_Alpha_C5_P8,0.0,Functional connectivity / synchrony
PLV_Alpha_C5_P6,0.0,Functional connectivity / synchrony
PLV_Alpha_C5_P4,0.0,Functional connectivity / synchrony
PLV_Alpha_C5_P2,0.0,Functional connectivity / synchrony
PLV_Alpha_C5_CP2,0.0,Functional connectivity / synchrony
PLV_Alpha_C5_CP4,0.0,Functional connectivity / synchrony
PLV_Alpha_T7_CP5,0.0,Functional connectivity / synchrony
PLV_Alpha_T7_C6,0.0,Functional connectivity / synchrony
PLV_Alpha_T7_C4,0.0,Functional connectivity / synchrony
PLV_Alpha_T7_C2,0.0,Functional connectivity / synchrony
PLV_Alpha_T7_Cz,0.0,Functional connectivity / synchrony
PLV_Alpha_T7_FCz,0.0,Functional connectivity / synchrony
PLV_Alpha_T7_FC2,0.0,Functional connectivity / synchrony
PLV_Alpha_T7_FC4,0.0,Functional connectivity / synchrony
PLV_Alpha_T7_FC6,0.0,Functional connectivity / synchrony
PLV_Alpha_T7_FT8,0.0,Functional connectivity / synchrony
PLV_Alpha_T7_F8,0.0,Functional connectivity / synchrony
PLV_Alpha_T7_F6,0.0,Functional connectivity / synchrony
PLV_Alpha_T7_Iz,0.0,Functional connectivity / synchrony
PLV_Alpha_T7_F2,0.0,Functional connectivity / synchrony
PLV_Alpha_T7_Fz,0.0,Functional connectivity / synchrony
PLV_Alpha_T7_AFz,0.0,Functional connectivity / synchrony
PLV_Alpha_T7_AF4,0.0,Functional connectivity / synchrony
PLV_Alpha_T7_AF8,0.0,Functional connectivity / synchrony
PLV_Alpha_T7_Fp2,0.0,Functional connectivity / synchrony
PLV_Alpha_T7_Fpz,0.0,Functional connectivity / synchrony
PLV_Alpha_T7_CPz,0.0,Functional connectivity / synchrony
PLV_Alpha_T7_Pz,0.0,Functional connectivity / synchrony
PLV_Alpha_T7_POz,0.0,Functional connectivity / synchrony
PLV_Alpha_T7_Oz,0.0,Functional connectivity / synchrony
PLV_Alpha_T7_F4,0.0,Functional connectivity / synchrony
P6_Gamma_Rel,0.0,Band-power features
P6_Gamma_Abs,0.0,Band-power features
P6_Beta_Rel,0.0,Band-power features
P6_Beta_Abs,0.0,Band-power features
P6_Alpha_Abs,0.0,Band-power features
P6_Theta_Rel,0.0,Band-power features
P6_Theta_Abs,0.0,Band-power features
P6_Delta_Rel,0.0,Band-power features
P6_Delta_Abs,0.0,Band-power features
P4_DominantFreq,0.0,Spectral summary features
PLV_Alpha_F5_T7,0.0,Functional connectivity / synchrony
P4_DifferentialEntropyStd,0.0,Entropy and complexity
P4_SpectralEntropy,0.0,Entropy and complexity
P4_ShannonEntropy,0.0,Entropy and complexity
P4_HjorthComplexity,0.0,Hjorth features
P4_HjorthMobility,0.0,Hjorth features
P4_Skewness,0.0,Time-domain statistics
P4_Kurtosis,0.0,Time-domain statistics
P4_Peak2Peak,0.0,Time-domain statistics
P4_Energy,0.0,Time-domain statistics
P4_Variance,0.0,Time-domain statistics
P4_RMS,0.0,Time-domain statistics
P4_TotalPower,0.0,Spectral summary features
P8_Delta_Abs,0.0,Band-power features
P6_DominantFreq,0.0,Spectral summary features
P6_TotalPower,0.0,Spectral summary features
P6_DifferentialEntropyStd,0.0,Entropy and complexity
P6_SpectralEntropy,0.0,Entropy and complexity
P6_ShannonEntropy,0.0,Entropy and complexity
P6_HjorthComplexity,0.0,Hjorth features
P6_HjorthMobility,0.0,Hjorth features
P6_Skewness,0.0,Time-domain statistics
P6_Kurtosis,0.0,Time-domain statistics
P6_Alpha_Var,0.0,Oscillatory-envelope dynamics
P6_Energy,0.0,Time-domain statistics
P6_Variance,0.0,Time-domain statistics
P6_RMS,0.0,Time-domain statistics
P6_Mean,0.0,Time-domain statistics
P6_Envelope_Sync,0.0,Functional connectivity / synchrony
P6_Theta_Bursts,0.0,Oscillatory-envelope dynamics
P6_Theta_CV,0.0,Oscillatory-envelope dynamics
P6_Theta_Var,0.0,Oscillatory-envelope dynamics
P6_Theta_Mean,0.0,Oscillatory-envelope dynamics
P6_Alpha_Bursts,0.0,Oscillatory-envelope dynamics
P6_Alpha_CV,0.0,Oscillatory-envelope dynamics
P6_Peak2Peak,0.0,Time-domain statistics
P2_HjorthMobility,0.0,Hjorth features
P2_Skewness,0.0,Time-domain statistics
P2_Kurtosis,0.0,Time-domain statistics
P2_Peak2Peak,0.0,Time-domain statistics
P2_Energy,0.0,Time-domain statistics
P2_Variance,0.0,Time-domain statistics
P2_RMS,0.0,Time-domain statistics
P2_Mean,0.0,Time-domain statistics
P2_Envelope_Sync,0.0,Functional connectivity / synchrony
P2_Theta_Bursts,0.0,Oscillatory-envelope dynamics
P4_Mean,0.0,Time-domain statistics
P2_Theta_Var,0.0,Oscillatory-envelope dynamics
P2_Theta_Mean,0.0,Oscillatory-envelope dynamics
P2_Alpha_Bursts,0.0,Oscillatory-envelope dynamics
P2_Alpha_CV,0.0,Oscillatory-envelope dynamics
P2_Gamma_Rel,0.0,Band-power features
P2_Gamma_Abs,0.0,Band-power features
P2_Beta_Rel,0.0,Band-power features
P2_Beta_Abs,0.0,Band-power features
P2_Theta_Rel,0.0,Band-power features
P2_Theta_Abs,0.0,Band-power features
P2_Delta_Rel,0.0,Band-power features
P2_Theta_CV,0.0,Oscillatory-envelope dynamics
P4_Envelope_Sync,0.0,Functional connectivity / synchrony
P4_Theta_Bursts,0.0,Oscillatory-envelope dynamics
P4_Theta_CV,0.0,Oscillatory-envelope dynamics
P4_Theta_Var,0.0,Oscillatory-envelope dynamics
P4_Theta_Mean,0.0,Oscillatory-envelope dynamics
P4_Alpha_Bursts,0.0,Oscillatory-envelope dynamics
P4_Alpha_CV,0.0,Oscillatory-envelope dynamics
P4_Alpha_Var,0.0,Oscillatory-envelope dynamics
P4_Gamma_Rel,0.0,Band-power features
P4_Gamma_Abs,0.0,Band-power features
P2_HjorthComplexity,0.0,Hjorth features
P4_Beta_Abs,0.0,Band-power features
P4_Alpha_Abs,0.0,Band-power features
P4_Theta_Rel,0.0,Band-power features
P4_Theta_Abs,0.0,Band-power features
P4_Delta_Rel,0.0,Band-power features
P4_Delta_Abs,0.0,Band-power features
P2_DominantFreq,0.0,Spectral summary features
P2_TotalPower,0.0,Spectral summary features
P2_DifferentialEntropyStd,0.0,Entropy and complexity
P2_SpectralEntropy,0.0,Entropy and complexity
P2_ShannonEntropy,0.0,Entropy and complexity
P4_Beta_Rel,0.0,Band-power features
PO8_Beta_Rel,0.0,Band-power features
PO8_Beta_Abs,0.0,Band-power features
PO8_Alpha_Abs,0.0,Band-power features
PO8_Theta_Rel,0.0,Band-power features
PO8_Theta_Abs,0.0,Band-power features
PO8_Delta_Rel,0.0,Band-power features
PO8_Delta_Abs,0.0,Band-power features
P10_DominantFreq,0.0,Spectral summary features
P10_TotalPower,0.0,Spectral summary features
P10_DifferentialEntropyStd,0.0,Entropy and complexity
P8_Delta_Rel,0.0,Band-power features
P10_ShannonEntropy,0.0,Entropy and complexity
P10_HjorthComplexity,0.0,Hjorth features
P10_HjorthMobility,0.0,Hjorth features
P10_Skewness,0.0,Time-domain statistics
P10_Kurtosis,0.0,Time-domain statistics
P10_Peak2Peak,0.0,Time-domain statistics
P10_Energy,0.0,Time-domain statistics
P10_Variance,0.0,Time-domain statistics
P10_RMS,0.0,Time-domain statistics
P10_Mean,0.0,Time-domain statistics
P10_Envelope_Sync,0.0,Functional connectivity / synchrony
P10_SpectralEntropy,0.0,Entropy and complexity
PO8_TotalPower,0.0,Spectral summary features
PO8_DifferentialEntropyStd,0.0,Entropy and complexity
PO8_SpectralEntropy,0.0,Entropy and complexity
PO8_ShannonEntropy,0.0,Entropy and complexity
PO8_HjorthComplexity,0.0,Hjorth features
PO8_HjorthMobility,0.0,Hjorth features
PO8_Skewness,0.0,Time-domain statistics
PO8_Kurtosis,0.0,Time-domain statistics
PO8_Peak2Peak,0.0,Time-domain statistics
PO8_Energy,0.0,Time-domain statistics
PO8_Gamma_Abs,0.0,Band-power features
PO8_RMS,0.0,Time-domain statistics
PO8_Mean,0.0,Time-domain statistics
PO8_Envelope_Sync,0.0,Functional connectivity / synchrony
PO8_Theta_Bursts,0.0,Oscillatory-envelope dynamics
PO8_Theta_CV,0.0,Oscillatory-envelope dynamics
PO8_Theta_Var,0.0,Oscillatory-envelope dynamics
PO8_Theta_Mean,0.0,Oscillatory-envelope dynamics
PO8_Alpha_Bursts,0.0,Oscillatory-envelope dynamics
PO8_Alpha_CV,0.0,Oscillatory-envelope dynamics
PO8_Alpha_Var,0.0,Oscillatory-envelope dynamics
PO8_Gamma_Rel,0.0,Band-power features
PO8_Variance,0.0,Time-domain statistics
P8_Skewness,0.0,Time-domain statistics
P8_Kurtosis,0.0,Time-domain statistics
P8_Peak2Peak,0.0,Time-domain statistics
P8_Energy,0.0,Time-domain statistics
P8_Variance,0.0,Time-domain statistics
P8_RMS,0.0,Time-domain statistics
P8_Mean,0.0,Time-domain statistics
P8_Envelope_Sync,0.0,Functional connectivity / synchrony
P8_Theta_Bursts,0.0,Oscillatory-envelope dynamics
P8_Theta_CV,0.0,Oscillatory-envelope dynamics
P10_Theta_Bursts,0.0,Oscillatory-envelope dynamics
P8_Theta_Mean,0.0,Oscillatory-envelope dynamics
P8_Alpha_Bursts,0.0,Oscillatory-envelope dynamics
P8_Alpha_CV,0.0,Oscillatory-envelope dynamics
P8_Alpha_Var,0.0,Oscillatory-envelope dynamics
P8_Gamma_Rel,0.0,Band-power features
P8_Gamma_Abs,0.0,Band-power features
P8_Beta_Rel,0.0,Band-power features
P8_Beta_Abs,0.0,Band-power features
P8_Alpha_Abs,0.0,Band-power features
P8_Theta_Rel,0.0,Band-power features
P8_Theta_Abs,0.0,Band-power features
P8_Theta_Var,0.0,Oscillatory-envelope dynamics
P10_Theta_CV,0.0,Oscillatory-envelope dynamics
P10_Theta_Var,0.0,Oscillatory-envelope dynamics
P10_Theta_Mean,0.0,Oscillatory-envelope dynamics
P10_Alpha_Bursts,0.0,Oscillatory-envelope dynamics
P10_Alpha_CV,0.0,Oscillatory-envelope dynamics
P10_Alpha_Var,0.0,Oscillatory-envelope dynamics
P10_Alpha_Mean,0.0,Oscillatory-envelope dynamics
P10_Gamma_Rel,0.0,Band-power features
P10_Gamma_Abs,0.0,Band-power features
P10_Beta_Rel,0.0,Band-power features
P10_Beta_Abs,0.0,Band-power features
P8_HjorthMobility,0.0,Hjorth features
P10_Alpha_Abs,0.0,Band-power features
P10_Theta_Rel,0.0,Band-power features
P10_Theta_Abs,0.0,Band-power features
P10_Delta_Rel,0.0,Band-power features
P10_Delta_Abs,0.0,Band-power features
P8_DominantFreq,0.0,Spectral summary features
P8_TotalPower,0.0,Spectral summary features
P8_DifferentialEntropyStd,0.0,Entropy and complexity
P8_SpectralEntropy,0.0,Entropy and complexity
P8_ShannonEntropy,0.0,Entropy and complexity
P8_HjorthComplexity,0.0,Hjorth features
P10_Alpha_Rel,0.0,Band-power features
TP8_Beta_Rel,0.0,Band-power features
TP8_Beta_Abs,0.0,Band-power features
TP8_Alpha_Abs,0.0,Band-power features
TP8_Theta_Rel,0.0,Band-power features
TP8_Theta_Abs,0.0,Band-power features
TP8_Delta_Rel,0.0,Band-power features
TP8_Delta_Abs,0.0,Band-power features
T8_DominantFreq,0.0,Spectral summary features
T8_TotalPower,0.0,Spectral summary features
T8_DifferentialEntropyStd,0.0,Entropy and complexity
P2_Delta_Abs,0.0,Band-power features
T8_ShannonEntropy,0.0,Entropy and complexity
T8_HjorthComplexity,0.0,Hjorth features
T8_HjorthMobility,0.0,Hjorth features
T8_Skewness,0.0,Time-domain statistics
T8_Kurtosis,0.0,Time-domain statistics
T8_Peak2Peak,0.0,Time-domain statistics
T8_Energy,0.0,Time-domain statistics
T8_Variance,0.0,Time-domain statistics
T8_RMS,0.0,Time-domain statistics
T8_Mean,0.0,Time-domain statistics
T8_Envelope_Sync,0.0,Functional connectivity / synchrony
T8_SpectralEntropy,0.0,Entropy and complexity
TP8_TotalPower,0.0,Spectral summary features
TP8_DifferentialEntropyStd,0.0,Entropy and complexity
TP8_SpectralEntropy,0.0,Entropy and complexity
TP8_ShannonEntropy,0.0,Entropy and complexity
TP8_HjorthComplexity,0.0,Hjorth features
TP8_HjorthMobility,0.0,Hjorth features
TP8_Skewness,0.0,Time-domain statistics
TP8_Kurtosis,0.0,Time-domain statistics
TP8_Peak2Peak,0.0,Time-domain statistics
TP8_Energy,0.0,Time-domain statistics
TP8_Gamma_Abs,0.0,Band-power features
TP8_RMS,0.0,Time-domain statistics
TP8_Mean,0.0,Time-domain statistics
TP8_Envelope_Sync,0.0,Functional connectivity / synchrony
TP8_Theta_Bursts,0.0,Oscillatory-envelope dynamics
TP8_Theta_CV,0.0,Oscillatory-envelope dynamics
TP8_Theta_Var,0.0,Oscillatory-envelope dynamics
TP8_Theta_Mean,0.0,Oscillatory-envelope dynamics
TP8_Alpha_Bursts,0.0,Oscillatory-envelope dynamics
TP8_Alpha_CV,0.0,Oscillatory-envelope dynamics
TP8_Alpha_Var,0.0,Oscillatory-envelope dynamics
TP8_Gamma_Rel,0.0,Band-power features
TP8_Variance,0.0,Time-domain statistics
C6_Peak2Peak,0.0,Time-domain statistics
C6_Energy,0.0,Time-domain statistics
C6_Variance,0.0,Time-domain statistics
C6_RMS,0.0,Time-domain statistics
C6_Mean,0.0,Time-domain statistics
C6_Envelope_Sync,0.0,Functional connectivity / synchrony
C6_Theta_Bursts,0.0,Oscillatory-envelope dynamics
C6_Theta_CV,0.0,Oscillatory-envelope dynamics
C6_Theta_Var,0.0,Oscillatory-envelope dynamics
C6_Theta_Mean,0.0,Oscillatory-envelope dynamics
T8_Theta_Bursts,0.0,Oscillatory-envelope dynamics
C6_Alpha_CV,0.0,Oscillatory-envelope dynamics
C6_Alpha_Var,0.0,Oscillatory-envelope dynamics
C6_Gamma_Rel,0.0,Band-power features
C6_Gamma_Abs,0.0,Band-power features
C6_Beta_Abs,0.0,Band-power features
C6_Alpha_Abs,0.0,Band-power features
C6_Theta_Rel,0.0,Band-power features
C6_Theta_Abs,0.0,Band-power features
C6_Delta_Rel,0.0,Band-power features
C6_Delta_Abs,0.0,Band-power features
C4_DominantFreq,0.0,Spectral summary features
C6_Alpha_Bursts,0.0,Oscillatory-envelope dynamics
T8_Theta_CV,0.0,Oscillatory-envelope dynamics
T8_Theta_Var,0.0,Oscillatory-envelope dynamics
T8_Theta_Mean,0.0,Oscillatory-envelope dynamics
T8_Alpha_Bursts,0.0,Oscillatory-envelope dynamics
T8_Alpha_CV,0.0,Oscillatory-envelope dynamics
T8_Alpha_Var,0.0,Oscillatory-envelope dynamics
T8_Gamma_Rel,0.0,Band-power features
T8_Gamma_Abs,0.0,Band-power features
T8_Beta_Rel,0.0,Band-power features
T8_Beta_Abs,0.0,Band-power features
T8_Alpha_Abs,0.0,Band-power features
C6_Kurtosis,0.0,Time-domain statistics
T8_Theta_Abs,0.0,Band-power features
T8_Delta_Rel,0.0,Band-power features
T8_Delta_Abs,0.0,Band-power features
C6_DominantFreq,0.0,Spectral summary features
C6_TotalPower,0.0,Spectral summary features
C6_DifferentialEntropyStd,0.0,Entropy and complexity
C6_SpectralEntropy,0.0,Entropy and complexity
C6_ShannonEntropy,0.0,Entropy and complexity
C6_HjorthComplexity,0.0,Hjorth features
C6_HjorthMobility,0.0,Hjorth features
C6_Skewness,0.0,Time-domain statistics
T8_Theta_Rel,0.0,Band-power features
CP2_Gamma_Abs,0.0,Band-power features
CP2_Beta_Abs,0.0,Band-power features
CP2_Alpha_Abs,0.0,Band-power features
CP2_Theta_Rel,0.0,Band-power features
CP2_Theta_Abs,0.0,Band-power features
CP2_Delta_Rel,0.0,Band-power features
CP2_Delta_Abs,0.0,Band-power features
CP4_DominantFreq,0.0,Spectral summary features
CP4_TotalPower,0.0,Spectral summary features
CP4_DifferentialEntropyStd,0.0,Entropy and complexity
TP8_DominantFreq,0.0,Spectral summary features
CP4_ShannonEntropy,0.0,Entropy and complexity
CP4_HjorthComplexity,0.0,Hjorth features
CP4_HjorthMobility,0.0,Hjorth features
CP4_Skewness,0.0,Time-domain statistics
CP4_Kurtosis,0.0,Time-domain statistics
CP4_Peak2Peak,0.0,Time-domain statistics
CP4_Energy,0.0,Time-domain statistics
CP4_Variance,0.0,Time-domain statistics
CP4_RMS,0.0,Time-domain statistics
CP4_Mean,0.0,Time-domain statistics
CP4_Envelope_Sync,0.0,Functional connectivity / synchrony
CP4_SpectralEntropy,0.0,Entropy and complexity
CP2_DominantFreq,0.0,Spectral summary features
CP2_TotalPower,0.0,Spectral summary features
CP2_DifferentialEntropyStd,0.0,Entropy and complexity
CP2_SpectralEntropy,0.0,Entropy and complexity
CP2_ShannonEntropy,0.0,Entropy and complexity
CP2_HjorthComplexity,0.0,Hjorth features
CP2_HjorthMobility,0.0,Hjorth features
CP2_Skewness,0.0,Time-domain statistics
CP2_Kurtosis,0.0,Time-domain statistics
CP2_Peak2Peak,0.0,Time-domain statistics
CP2_Gamma_Rel,0.0,Band-power features
CP2_Variance,0.0,Time-domain statistics
CP2_RMS,0.0,Time-domain statistics
CP2_Mean,0.0,Time-domain statistics
CP2_Envelope_Sync,0.0,Functional connectivity / synchrony
CP2_Theta_Bursts,0.0,Oscillatory-envelope dynamics
CP2_Theta_CV,0.0,Oscillatory-envelope dynamics
CP2_Theta_Var,0.0,Oscillatory-envelope dynamics
CP2_Theta_Mean,0.0,Oscillatory-envelope dynamics
CP2_Alpha_Bursts,0.0,Oscillatory-envelope dynamics
CP2_Alpha_CV,0.0,Oscillatory-envelope dynamics
CP2_Alpha_Var,0.0,Oscillatory-envelope dynamics
CP2_Energy,0.0,Time-domain statistics
CP6_Peak2Peak,0.0,Time-domain statistics
CP6_Energy,0.0,Time-domain statistics
CP6_Variance,0.0,Time-domain statistics
CP6_RMS,0.0,Time-domain statistics
CP6_Mean,0.0,Time-domain statistics
CP6_Envelope_Sync,0.0,Functional connectivity / synchrony
CP6_Theta_Bursts,0.0,Oscillatory-envelope dynamics
CP6_Theta_CV,0.0,Oscillatory-envelope dynamics
CP6_Theta_Var,0.0,Oscillatory-envelope dynamics
CP6_Theta_Mean,0.0,Oscillatory-envelope dynamics
CP4_Theta_Bursts,0.0,Oscillatory-envelope dynamics
CP6_Alpha_CV,0.0,Oscillatory-envelope dynamics
CP6_Alpha_Var,0.0,Oscillatory-envelope dynamics
CP6_Gamma_Rel,0.0,Band-power features
CP6_Gamma_Abs,0.0,Band-power features
CP6_Beta_Rel,0.0,Band-power features
CP6_Beta_Abs,0.0,Band-power features
CP6_Alpha_Abs,0.0,Band-power features
CP6_Theta_Rel,0.0,Band-power features
CP6_Theta_Abs,0.0,Band-power features
CP6_Delta_Rel,0.0,Band-power features
CP6_Delta_Abs,0.0,Band-power features
CP6_Alpha_Bursts,0.0,Oscillatory-envelope dynamics
CP4_Theta_CV,0.0,Oscillatory-envelope dynamics
CP4_Theta_Var,0.0,Oscillatory-envelope dynamics
CP4_Theta_Mean,0.0,Oscillatory-envelope dynamics
CP4_Alpha_Bursts,0.0,Oscillatory-envelope dynamics
CP4_Alpha_CV,0.0,Oscillatory-envelope dynamics
CP4_Alpha_Var,0.0,Oscillatory-envelope dynamics
CP4_Gamma_Rel,0.0,Band-power features
CP4_Gamma_Abs,0.0,Band-power features
CP4_Beta_Rel,0.0,Band-power features
CP4_Beta_Abs,0.0,Band-power features
CP4_Alpha_Abs,0.0,Band-power features
CP6_Kurtosis,0.0,Time-domain statistics
CP4_Theta_Abs,0.0,Band-power features
CP4_Delta_Rel,0.0,Band-power features
CP4_Delta_Abs,0.0,Band-power features
CP6_DominantFreq,0.0,Spectral summary features
CP6_TotalPower,0.0,Spectral summary features
CP6_DifferentialEntropyStd,0.0,Entropy and complexity
CP6_SpectralEntropy,0.0,Entropy and complexity
CP6_ShannonEntropy,0.0,Entropy and complexity
CP6_HjorthComplexity,0.0,Hjorth features
CP6_HjorthMobility,0.0,Hjorth features
CP6_Skewness,0.0,Time-domain statistics
CP4_Theta_Rel,0.0,Band-power features
PLV_Alpha_F1_C5,0.0,Functional connectivity / synchrony
PLV_Alpha_F1_C3,0.0,Functional connectivity / synchrony
PLV_Alpha_F1_C1,0.0,Functional connectivity / synchrony
PLV_Alpha_F1_FC1,0.0,Functional connectivity / synchrony
PLV_Alpha_F1_FC3,0.0,Functional connectivity / synchrony
PLV_Alpha_F1_FC5,0.0,Functional connectivity / synchrony
PLV_Alpha_F1_FT7,0.0,Functional connectivity / synchrony
PLV_Alpha_F1_F7,0.0,Functional connectivity / synchrony
PLV_Alpha_F1_F5,0.0,Functional connectivity / synchrony
PLV_Alpha_F1_F3,0.0,Functional connectivity / synchrony
PO8_DominantFreq,0.0,Spectral summary features
PLV_Alpha_AF3_PO4,0.0,Functional connectivity / synchrony
PLV_Alpha_AF3_PO8,0.0,Functional connectivity / synchrony
PLV_Alpha_AF3_P10,0.0,Functional connectivity / synchrony
PLV_Alpha_AF3_P8,0.0,Functional connectivity / synchrony
PLV_Alpha_AF3_P6,0.0,Functional connectivity / synchrony
PLV_Alpha_AF3_P4,0.0,Functional connectivity / synchrony
PLV_Alpha_AF3_P2,0.0,Functional connectivity / synchrony
PLV_Alpha_AF3_CP2,0.0,Functional connectivity / synchrony
PLV_Alpha_AF3_CP4,0.0,Functional connectivity / synchrony
PLV_Alpha_AF3_CP6,0.0,Functional connectivity / synchrony
PLV_Alpha_AF3_TP8,0.0,Functional connectivity / synchrony
PLV_Alpha_AF3_O2,0.0,Functional connectivity / synchrony
PLV_Alpha_F1_AFz,0.0,Functional connectivity / synchrony
PLV_Alpha_F1_AF4,0.0,Functional connectivity / synchrony
PLV_Alpha_F1_AF8,0.0,Functional connectivity / synchrony
PLV_Alpha_F1_Fp2,0.0,Functional connectivity / synchrony
PLV_Alpha_F1_Fpz,0.0,Functional connectivity / synchrony
PLV_Alpha_F1_CPz,0.0,Functional connectivity / synchrony
PLV_Alpha_F1_Pz,0.0,Functional connectivity / synchrony
PLV_Alpha_F1_POz,0.0,Functional connectivity / synchrony
PLV_Alpha_F1_Oz,0.0,Functional connectivity / synchrony
PLV_Alpha_F1_Iz,0.0,Functional connectivity / synchrony
PLV_Alpha_F1_T7,0.0,Functional connectivity / synchrony
PLV_Alpha_F1_PO3,0.0,Functional connectivity / synchrony
PLV_Alpha_F1_PO7,0.0,Functional connectivity / synchrony
PLV_Alpha_F1_P9,0.0,Functional connectivity / synchrony
PLV_Alpha_F1_P7,0.0,Functional connectivity / synchrony
PLV_Alpha_F1_P5,0.0,Functional connectivity / synchrony
PLV_Alpha_F1_P3,0.0,Functional connectivity / synchrony
PLV_Alpha_F1_P1,0.0,Functional connectivity / synchrony
PLV_Alpha_F1_CP1,0.0,Functional connectivity / synchrony
PLV_Alpha_F1_CP3,0.0,Functional connectivity / synchrony
PLV_Alpha_F1_CP5,0.0,Functional connectivity / synchrony
PLV_Alpha_F1_TP7,0.0,Functional connectivity / synchrony
PLV_Alpha_F1_O1,0.0,Functional connectivity / synchrony
PLV_Alpha_AF3_O1,0.0,Functional connectivity / synchrony
PLV_Alpha_AF3_PO3,0.0,Functional connectivity / synchrony
PLV_Alpha_AF3_PO7,0.0,Functional connectivity / synchrony
PLV_Alpha_AF3_P9,0.0,Functional connectivity / synchrony
PLV_Alpha_AF3_P7,0.0,Functional connectivity / synchrony
PLV_Alpha_AF3_P5,0.0,Functional connectivity / synchrony
PLV_Alpha_AF3_P3,0.0,Functional connectivity / synchrony
PLV_Alpha_AF3_P1,0.0,Functional connectivity / synchrony
PLV_Alpha_AF3_CP1,0.0,Functional connectivity / synchrony
PLV_Alpha_AF3_CP3,0.0,Functional connectivity / synchrony
PLV_Alpha_AF3_T8,0.0,Functional connectivity / synchrony
PLV_Alpha_AF3_TP7,0.0,Functional connectivity / synchrony
PLV_Alpha_AF3_T7,0.0,Functional connectivity / synchrony
PLV_Alpha_AF3_C5,0.0,Functional connectivity / synchrony
PLV_Alpha_AF3_C3,0.0,Functional connectivity / synchrony
PLV_Alpha_AF3_C1,0.0,Functional connectivity / synchrony
PLV_Alpha_AF3_FC1,0.0,Functional connectivity / synchrony
PLV_Alpha_AF3_FC3,0.0,Functional connectivity / synchrony
PLV_Alpha_AF3_FC5,0.0,Functional connectivity / synchrony
PLV_Alpha_AF3_FT7,0.0,Functional connectivity / synchrony
PLV_Alpha_AF3_F7,0.0,Functional connectivity / synchrony
PLV_Alpha_AF3_F5,0.0,Functional connectivity / synchrony
PLV_Alpha_AF3_CP5,0.0,Functional connectivity / synchrony
PLV_Alpha_AF3_C6,0.0,Functional connectivity / synchrony
PLV_Alpha_AF3_C4,0.0,Functional connectivity / synchrony
PLV_Alpha_AF3_C2,0.0,Functional connectivity / synchrony
PLV_Alpha_AF3_Cz,0.0,Functional connectivity / synchrony
PLV_Alpha_AF3_FCz,0.0,Functional connectivity / synchrony
PLV_Alpha_AF3_FC2,0.0,Functional connectivity / synchrony
PLV_Alpha_AF3_FC4,0.0,Functional connectivity / synchrony
PLV_Alpha_AF3_FC6,0.0,Functional connectivity / synchrony
PLV_Alpha_AF3_FT8,0.0,Functional connectivity / synchrony
PLV_Alpha_AF3_F8,0.0,Functional connectivity / synchrony
PLV_Alpha_AF3_F6,0.0,Functional connectivity / synchrony
PLV_Alpha_AF3_Iz,0.0,Functional connectivity / synchrony
PLV_Alpha_AF3_F2,0.0,Functional connectivity / synchrony
PLV_Alpha_AF3_Fz,0.0,Functional connectivity / synchrony
PLV_Alpha_AF3_AFz,0.0,Functional connectivity / synchrony
PLV_Alpha_AF3_AF4,0.0,Functional connectivity / synchrony
PLV_Alpha_AF3_AF8,0.0,Functional connectivity / synchrony
PLV_Alpha_AF3_Fp2,0.0,Functional connectivity / synchrony
PLV_Alpha_AF3_Fpz,0.0,Functional connectivity / synchrony
PLV_Alpha_AF3_CPz,0.0,Functional connectivity / synchrony
PLV_Alpha_AF3_Pz,0.0,Functional connectivity / synchrony
PLV_Alpha_AF3_POz,0.0,Functional connectivity / synchrony
PLV_Alpha_AF3_Oz,0.0,Functional connectivity / synchrony
PLV_Alpha_AF3_F4,0.0,Functional connectivity / synchrony
PLV_Alpha_F3_Cz,0.0,Functional connectivity / synchrony
PLV_Alpha_F3_FCz,0.0,Functional connectivity / synchrony
PLV_Alpha_F3_FC2,0.0,Functional connectivity / synchrony
PLV_Alpha_F3_FC4,0.0,Functional connectivity / synchrony
PLV_Alpha_F3_FC6,0.0,Functional connectivity / synchrony
PLV_Alpha_F3_FT8,0.0,Functional connectivity / synchrony
PLV_Alpha_F3_F8,0.0,Functional connectivity / synchrony
PLV_Alpha_F3_F6,0.0,Functional connectivity / synchrony
PLV_Alpha_F3_F4,0.0,Functional connectivity / synchrony
PLV_Alpha_F3_F2,0.0,Functional connectivity / synchrony
PLV_Alpha_F1_Fz,0.0,Functional connectivity / synchrony
PLV_Alpha_F3_AFz,0.0,Functional connectivity / synchrony
PLV_Alpha_F3_AF4,0.0,Functional connectivity / synchrony
PLV_Alpha_F3_AF8,0.0,Functional connectivity / synchrony
PLV_Alpha_F3_Fp2,0.0,Functional connectivity / synchrony
PLV_Alpha_F3_Fpz,0.0,Functional connectivity / synchrony
PLV_Alpha_F3_CPz,0.0,Functional connectivity / synchrony
PLV_Alpha_F3_Pz,0.0,Functional connectivity / synchrony
PLV_Alpha_F3_POz,0.0,Functional connectivity / synchrony
PLV_Alpha_F3_Oz,0.0,Functional connectivity / synchrony
PLV_Alpha_F3_Iz,0.0,Functional connectivity / synchrony
PLV_Alpha_F3_O1,0.0,Functional connectivity / synchrony
PLV_Alpha_F3_Fz,0.0,Functional connectivity / synchrony
PLV_Alpha_F5_C3,0.0,Functional connectivity / synchrony
PLV_Alpha_F5_C1,0.0,Functional connectivity / synchrony
PLV_Alpha_F5_FC1,0.0,Functional connectivity / synchrony
PLV_Alpha_F5_FC3,0.0,Functional connectivity / synchrony
PLV_Alpha_F5_FC5,0.0,Functional connectivity / synchrony
PLV_Alpha_F5_FT7,0.0,Functional connectivity / synchrony
PLV_Alpha_F5_F7,0.0,Functional connectivity / synchrony
PLV_Alpha_F3_O2,0.0,Functional connectivity / synchrony
PLV_Alpha_F3_PO4,0.0,Functional connectivity / synchrony
PLV_Alpha_F3_PO8,0.0,Functional connectivity / synchrony
PLV_Alpha_F3_C2,0.0,Functional connectivity / synchrony
PLV_Alpha_F3_P8,0.0,Functional connectivity / synchrony
PLV_Alpha_F3_P6,0.0,Functional connectivity / synchrony
PLV_Alpha_F3_P4,0.0,Functional connectivity / synchrony
PLV_Alpha_F3_P2,0.0,Functional connectivity / synchrony
PLV_Alpha_F3_CP2,0.0,Functional connectivity / synchrony
PLV_Alpha_F3_CP4,0.0,Functional connectivity / synchrony
PLV_Alpha_F3_CP6,0.0,Functional connectivity / synchrony
PLV_Alpha_F3_TP8,0.0,Functional connectivity / synchrony
PLV_Alpha_F3_T8,0.0,Functional connectivity / synchrony
PLV_Alpha_F3_C6,0.0,Functional connectivity / synchrony
PLV_Alpha_F3_C4,0.0,Functional connectivity / synchrony
PLV_Alpha_F3_P10,0.0,Functional connectivity / synchrony
PLV_Alpha_F1_P8,0.0,Functional connectivity / synchrony
PLV_Alpha_F1_P6,0.0,Functional connectivity / synchrony
PLV_Alpha_F1_P4,0.0,Functional connectivity / synchrony
PLV_Alpha_F1_P2,0.0,Functional connectivity / synchrony
PLV_Alpha_F1_CP2,0.0,Functional connectivity / synchrony
PLV_Alpha_F1_CP4,0.0,Functional connectivity / synchrony
PLV_Alpha_F1_CP6,0.0,Functional connectivity / synchrony
PLV_Alpha_F1_TP8,0.0,Functional connectivity / synchrony
PLV_Alpha_F1_T8,0.0,Functional connectivity / synchrony
PLV_Alpha_F1_C6,0.0,Functional connectivity / synchrony
PLV_Alpha_F3_PO3,0.0,Functional connectivity / synchrony
PLV_Alpha_F1_C2,0.0,Functional connectivity / synchrony
PLV_Alpha_F1_Cz,0.0,Functional connectivity / synchrony
PLV_Alpha_F1_FCz,0.0,Functional connectivity / synchrony
PLV_Alpha_F1_FC2,0.0,Functional connectivity / synchrony
PLV_Alpha_F1_FC4,0.0,Functional connectivity / synchrony
PLV_Alpha_F1_FC6,0.0,Functional connectivity / synchrony
PLV_Alpha_F1_FT8,0.0,Functional connectivity / synchrony
PLV_Alpha_F1_F8,0.0,Functional connectivity / synchrony
PLV_Alpha_F1_F6,0.0,Functional connectivity / synchrony
PLV_Alpha_F1_F4,0.0,Functional connectivity / synchrony
PLV_Alpha_F1_F2,0.0,Functional connectivity / synchrony
PLV_Alpha_F1_C4,0.0,Functional connectivity / synchrony
PLV_Alpha_F3_PO7,0.0,Functional connectivity / synchrony
PLV_Alpha_F3_P9,0.0,Functional connectivity / synchrony
PLV_Alpha_F3_P7,0.0,Functional connectivity / synchrony
PLV_Alpha_F3_P5,0.0,Functional connectivity / synchrony
PLV_Alpha_F3_P3,0.0,Functional connectivity / synchrony
PLV_Alpha_F3_P1,0.0,Functional connectivity / synchrony
PLV_Alpha_F3_CP1,0.0,Functional connectivity / synchrony
PLV_Alpha_F3_CP3,0.0,Functional connectivity / synchrony
PLV_Alpha_F3_CP5,0.0,Functional connectivity / synchrony
PLV_Alpha_F3_TP7,0.0,Functional connectivity / synchrony
PLV_Alpha_F3_T7,0.0,Functional connectivity / synchrony
PLV_Alpha_F1_P10,0.0,Functional connectivity / synchrony
PLV_Alpha_F3_C3,0.0,Functional connectivity / synchrony
PLV_Alpha_F3_C1,0.0,Functional connectivity / synchrony
PLV_Alpha_F3_FC1,0.0,Functional connectivity / synchrony
PLV_Alpha_F3_FC3,0.0,Functional connectivity / synchrony
PLV_Alpha_F3_FC5,0.0,Functional connectivity / synchrony
PLV_Alpha_F3_FT7,0.0,Functional connectivity / synchrony
PLV_Alpha_F3_F7,0.0,Functional connectivity / synchrony
PLV_Alpha_F3_F5,0.0,Functional connectivity / synchrony
PLV_Alpha_F1_O2,0.0,Functional connectivity / synchrony
PLV_Alpha_F1_PO4,0.0,Functional connectivity / synchrony
PLV_Alpha_F1_PO8,0.0,Functional connectivity / synchrony
PLV_Alpha_F3_C5,0.0,Functional connectivity / synchrony
PLV_Alpha_Fp1_FC3,0.0,Functional connectivity / synchrony
PLV_Alpha_Fp1_FC5,0.0,Functional connectivity / synchrony
PLV_Alpha_Fp1_FT7,0.0,Functional connectivity / synchrony
PLV_Alpha_Fp1_F7,0.0,Functional connectivity / synchrony
PLV_Alpha_Fp1_F5,0.0,Functional connectivity / synchrony
PLV_Alpha_Fp1_F3,0.0,Functional connectivity / synchrony
PLV_Alpha_Fp1_F1,0.0,Functional connectivity / synchrony
PLV_Alpha_Fp1_AF3,0.0,Functional connectivity / synchrony
PLV_Alpha_Fp1_AF7,0.0,Functional connectivity / synchrony
O2_DominantFreq,0.0,Spectral summary features
PLV_Alpha_AF3_F3,0.0,Functional connectivity / synchrony
O2_DifferentialEntropyStd,0.0,Entropy and complexity
O2_SpectralEntropy,0.0,Entropy and complexity
O2_ShannonEntropy,0.0,Entropy and complexity
O2_HjorthComplexity,0.0,Hjorth features
O2_HjorthMobility,0.0,Hjorth features
O2_Skewness,0.0,Time-domain statistics
O2_Kurtosis,0.0,Time-domain statistics
O2_Peak2Peak,0.0,Time-domain statistics
O2_Energy,0.0,Time-domain statistics
O2_Variance,0.0,Time-domain statistics
O2_RMS,0.0,Time-domain statistics
O2_TotalPower,0.0,Spectral summary features
PLV_Alpha_Fp1_Fpz,0.0,Functional connectivity / synchrony
PLV_Alpha_Fp1_CPz,0.0,Functional connectivity / synchrony
PLV_Alpha_Fp1_Pz,0.0,Functional connectivity / synchrony
PLV_Alpha_Fp1_POz,0.0,Functional connectivity / synchrony
PLV_Alpha_Fp1_Oz,0.0,Functional connectivity / synchrony
PLV_Alpha_Fp1_Iz,0.0,Functional connectivity / synchrony
PLV_Alpha_Fp1_O1,0.0,Functional connectivity / synchrony
PLV_Alpha_Fp1_PO3,0.0,Functional connectivity / synchrony
PLV_Alpha_Fp1_PO7,0.0,Functional connectivity / synchrony
PLV_Alpha_Fp1_P9,0.0,Functional connectivity / synchrony
PLV_Alpha_Fp1_FC1,0.0,Functional connectivity / synchrony
PLV_Alpha_Fp1_P5,0.0,Functional connectivity / synchrony
PLV_Alpha_Fp1_P3,0.0,Functional connectivity / synchrony
PLV_Alpha_Fp1_P1,0.0,Functional connectivity / synchrony
PLV_Alpha_Fp1_CP1,0.0,Functional connectivity / synchrony
PLV_Alpha_Fp1_CP3,0.0,Functional connectivity / synchrony
PLV_Alpha_Fp1_CP5,0.0,Functional connectivity / synchrony
PLV_Alpha_Fp1_TP7,0.0,Functional connectivity / synchrony
PLV_Alpha_Fp1_T7,0.0,Functional connectivity / synchrony
PLV_Alpha_Fp1_C5,0.0,Functional connectivity / synchrony
PLV_Alpha_Fp1_C3,0.0,Functional connectivity / synchrony
PLV_Alpha_Fp1_C1,0.0,Functional connectivity / synchrony
PLV_Alpha_Fp1_P7,0.0,Functional connectivity / synchrony
PO4_Skewness,0.0,Time-domain statistics
PO4_Kurtosis,0.0,Time-domain statistics
PO4_Peak2Peak,0.0,Time-domain statistics
PO4_Energy,0.0,Time-domain statistics
PO4_Variance,0.0,Time-domain statistics
PO4_RMS,0.0,Time-domain statistics
PO4_Mean,0.0,Time-domain statistics
PO4_Envelope_Sync,0.0,Functional connectivity / synchrony
PO4_Theta_Bursts,0.0,Oscillatory-envelope dynamics
PO4_Theta_CV,0.0,Oscillatory-envelope dynamics
O2_Mean,0.0,Time-domain statistics
PO4_Theta_Mean,0.0,Oscillatory-envelope dynamics
PO4_Alpha_Bursts,0.0,Oscillatory-envelope dynamics
PO4_Alpha_CV,0.0,Oscillatory-envelope dynamics
PO4_Alpha_Var,0.0,Oscillatory-envelope dynamics
PO4_Gamma_Rel,0.0,Band-power features
PO4_Gamma_Abs,0.0,Band-power features
PO4_Beta_Abs,0.0,Band-power features
PO4_Theta_Rel,0.0,Band-power features
PO4_Theta_Abs,0.0,Band-power features
PO4_Delta_Rel,0.0,Band-power features
PO4_Delta_Abs,0.0,Band-power features
PO4_Theta_Var,0.0,Oscillatory-envelope dynamics
O2_Envelope_Sync,0.0,Functional connectivity / synchrony
O2_Theta_Bursts,0.0,Oscillatory-envelope dynamics
O2_Theta_CV,0.0,Oscillatory-envelope dynamics
O2_Theta_Var,0.0,Oscillatory-envelope dynamics
O2_Theta_Mean,0.0,Oscillatory-envelope dynamics
O2_Alpha_Bursts,0.0,Oscillatory-envelope dynamics
O2_Alpha_CV,0.0,Oscillatory-envelope dynamics
O2_Alpha_Var,0.0,Oscillatory-envelope dynamics
O2_Gamma_Rel,0.0,Band-power features
O2_Gamma_Abs,0.0,Band-power features
O2_Beta_Rel,0.0,Band-power features
PO4_HjorthMobility,0.0,Hjorth features
O2_Alpha_Abs,0.0,Band-power features
O2_Theta_Rel,0.0,Band-power features
O2_Theta_Abs,0.0,Band-power features
O2_Delta_Rel,0.0,Band-power features
O2_Delta_Abs,0.0,Band-power features
PO4_DominantFreq,0.0,Spectral summary features
PO4_TotalPower,0.0,Spectral summary features
PO4_DifferentialEntropyStd,0.0,Entropy and complexity
PO4_SpectralEntropy,0.0,Entropy and complexity
PO4_ShannonEntropy,0.0,Entropy and complexity
PO4_HjorthComplexity,0.0,Hjorth features
O2_Beta_Abs,0.0,Band-power features
PLV_Alpha_AF7_F8,0.0,Functional connectivity / synchrony
PLV_Alpha_AF7_F6,0.0,Functional connectivity / synchrony
PLV_Alpha_AF7_F4,0.0,Functional connectivity / synchrony
PLV_Alpha_AF7_F2,0.0,Functional connectivity / synchrony
PLV_Alpha_AF7_Fz,0.0,Functional connectivity / synchrony
PLV_Alpha_AF7_AFz,0.0,Functional connectivity / synchrony
PLV_Alpha_AF7_AF4,0.0,Functional connectivity / synchrony
PLV_Alpha_AF7_AF8,0.0,Functional connectivity / synchrony
PLV_Alpha_AF7_Fp2,0.0,Functional connectivity / synchrony
PLV_Alpha_AF7_Fpz,0.0,Functional connectivity / synchrony
PLV_Alpha_Fp1_Fp2,0.0,Functional connectivity / synchrony
PLV_Alpha_AF7_Pz,0.0,Functional connectivity / synchrony
PLV_Alpha_AF7_POz,0.0,Functional connectivity / synchrony
PLV_Alpha_AF7_Oz,0.0,Functional connectivity / synchrony
PLV_Alpha_AF7_Iz,0.0,Functional connectivity / synchrony
PLV_Alpha_AF7_O1,0.0,Functional connectivity / synchrony
PLV_Alpha_AF7_PO3,0.0,Functional connectivity / synchrony
PLV_Alpha_AF7_PO7,0.0,Functional connectivity / synchrony
PLV_Alpha_AF7_P9,0.0,Functional connectivity / synchrony
PLV_Alpha_AF7_P7,0.0,Functional connectivity / synchrony
PLV_Alpha_AF7_P5,0.0,Functional connectivity / synchrony
PLV_Alpha_AF7_P3,0.0,Functional connectivity / synchrony
PLV_Alpha_AF7_CPz,0.0,Functional connectivity / synchrony
PLV_Alpha_AF3_F1,0.0,Functional connectivity / synchrony
PLV_Alpha_AF7_O2,0.0,Functional connectivity / synchrony
PLV_Alpha_AF7_PO4,0.0,Functional connectivity / synchrony
PLV_Alpha_AF7_PO8,0.0,Functional connectivity / synchrony
PLV_Alpha_AF7_P10,0.0,Functional connectivity / synchrony
PLV_Alpha_AF7_P8,0.0,Functional connectivity / synchrony
PLV_Alpha_AF7_P6,0.0,Functional connectivity / synchrony
PLV_Alpha_AF7_P4,0.0,Functional connectivity / synchrony
PLV_Alpha_AF7_P2,0.0,Functional connectivity / synchrony
PLV_Alpha_AF7_CP2,0.0,Functional connectivity / synchrony
PLV_Alpha_AF7_FT8,0.0,Functional connectivity / synchrony
PLV_Alpha_AF7_CP6,0.0,Functional connectivity / synchrony
PLV_Alpha_AF7_TP8,0.0,Functional connectivity / synchrony
PLV_Alpha_AF7_T8,0.0,Functional connectivity / synchrony
PLV_Alpha_AF7_C6,0.0,Functional connectivity / synchrony
PLV_Alpha_AF7_C4,0.0,Functional connectivity / synchrony
PLV_Alpha_AF7_C2,0.0,Functional connectivity / synchrony
PLV_Alpha_AF7_Cz,0.0,Functional connectivity / synchrony
PLV_Alpha_AF7_FCz,0.0,Functional connectivity / synchrony
PLV_Alpha_AF7_FC2,0.0,Functional connectivity / synchrony
PLV_Alpha_AF7_FC4,0.0,Functional connectivity / synchrony
PLV_Alpha_AF7_FC6,0.0,Functional connectivity / synchrony
PLV_Alpha_AF7_CP4,0.0,Functional connectivity / synchrony
PLV_Alpha_Fp1_CP2,0.0,Functional connectivity / synchrony
PLV_Alpha_Fp1_CP4,0.0,Functional connectivity / synchrony
PLV_Alpha_Fp1_CP6,0.0,Functional connectivity / synchrony
PLV_Alpha_Fp1_TP8,0.0,Functional connectivity / synchrony
PLV_Alpha_Fp1_T8,0.0,Functional connectivity / synchrony
PLV_Alpha_Fp1_C6,0.0,Functional connectivity / synchrony
PLV_Alpha_Fp1_C4,0.0,Functional connectivity / synchrony
PLV_Alpha_Fp1_C2,0.0,Functional connectivity / synchrony
PLV_Alpha_Fp1_Cz,0.0,Functional connectivity / synchrony
PLV_Alpha_Fp1_FCz,0.0,Functional connectivity / synchrony
PLV_Alpha_AF7_P1,0.0,Functional connectivity / synchrony
PLV_Alpha_Fp1_FC4,0.0,Functional connectivity / synchrony
PLV_Alpha_Fp1_FC6,0.0,Functional connectivity / synchrony
PLV_Alpha_Fp1_FT8,0.0,Functional connectivity / synchrony
PLV_Alpha_Fp1_F8,0.0,Functional connectivity / synchrony
PLV_Alpha_Fp1_F6,0.0,Functional connectivity / synchrony
PLV_Alpha_Fp1_F4,0.0,Functional connectivity / synchrony
PLV_Alpha_Fp1_F2,0.0,Functional connectivity / synchrony
PLV_Alpha_Fp1_Fz,0.0,Functional connectivity / synchrony
PLV_Alpha_Fp1_AFz,0.0,Functional connectivity / synchrony
PLV_Alpha_Fp1_AF4,0.0,Functional connectivity / synchrony
PLV_Alpha_Fp1_AF8,0.0,Functional connectivity / synchrony
PLV_Alpha_Fp1_FC2,0.0,Functional connectivity / synchrony
PLV_Alpha_AF7_CP1,0.0,Functional connectivity / synchrony
PLV_Alpha_AF7_CP3,0.0,Functional connectivity / synchrony
PLV_Alpha_AF7_CP5,0.0,Functional connectivity / synchrony
PLV_Alpha_AF7_TP7,0.0,Functional connectivity / synchrony
PLV_Alpha_AF7_T7,0.0,Functional connectivity / synchrony
PLV_Alpha_AF7_C3,0.0,Functional connectivity / synchrony
PLV_Alpha_AF7_C1,0.0,Functional connectivity / synchrony
PLV_Alpha_AF7_FC1,0.0,Functional connectivity / synchrony
PLV_Alpha_AF7_FC3,0.0,Functional connectivity / synchrony
PLV_Alpha_AF7_FC5,0.0,Functional connectivity / synchrony
PLV_Alpha_AF7_FT7,0.0,Functional connectivity / synchrony
PLV_Alpha_Fp1_P2,0.0,Functional connectivity / synchrony
PLV_Alpha_AF7_F5,0.0,Functional connectivity / synchrony
PLV_Alpha_AF7_F3,0.0,Functional connectivity / synchrony
PLV_Alpha_AF7_F1,0.0,Functional connectivity / synchrony
PLV_Alpha_AF7_AF3,0.0,Functional connectivity / synchrony
PLV_Alpha_Fp1_O2,0.0,Functional connectivity / synchrony
PLV_Alpha_Fp1_PO4,0.0,Functional connectivity / synchrony
PLV_Alpha_Fp1_PO8,0.0,Functional connectivity / synchrony
PLV_Alpha_Fp1_P10,0.0,Functional connectivity / synchrony
PLV_Alpha_Fp1_P8,0.0,Functional connectivity / synchrony
PLV_Alpha_Fp1_P6,0.0,Functional connectivity / synchrony
PLV_Alpha_Fp1_P4,0.0,Functional connectivity / synchrony
PLV_Alpha_AF7_F7,0.0,Functional connectivity / synchrony
